Country,Code,Date,demand_twh,demand_gwh,demand_kwh_per_capita,demand_yoy_change_twh,demand_yoy_change_pct,demand_yoy_change_kwh_per_capita,demand_ytd_twh,demand_ytd_kwh_per_capita
Egypt,EGY,1/1/16,14.15,14150,139.21,,,,14.15,139.21
Egypt,EGY,2/1/16,13.2,13200,129.86,,,,27.35,269.07
Egypt,EGY,3/1/16,14.08,14080,138.52,,,,41.43,407.6
Egypt,EGY,4/1/16,14.56,14560,143.24,,,,55.99,550.84
Egypt,EGY,5/1/16,15.94,15940,156.82,,,,71.93,707.66
Egypt,EGY,6/1/16,17.71,17710,174.23,,,,89.64,881.89
Egypt,EGY,7/1/16,18,18000,177.09,,,,107.64,1058.98
Egypt,EGY,8/1/16,18.72,18720,184.17,,,,126.36,1243.15
Egypt,EGY,9/1/16,16.78,16780,165.08,,,,143.14,1408.23
Egypt,EGY,10/1/16,15.95,15950,156.92,,,,159.09,1565.15
Egypt,EGY,11/1/16,13.99,13990,137.64,,,,173.08,1702.79
Egypt,EGY,12/1/16,14.43,14430,141.96,,,,187.51,1844.75
Egypt,EGY,1/1/17,14.95,14950,144.17,0.8,5.65,7.71,14.95,144.17
Egypt,EGY,2/1/17,12.02,12020,115.92,-1.18,-8.94,-11.38,26.97,260.09
Egypt,EGY,3/1/17,14.51,14510,139.93,0.43,3.05,4.15,41.48,400.02
Egypt,EGY,4/1/17,14.24,14240,137.32,-0.32,-2.2,-3.09,55.72,537.34
Egypt,EGY,5/1/17,16.46,16460,158.73,0.52,3.26,5.01,72.18,696.07
Egypt,EGY,6/1/17,17.44,17440,168.18,-0.27,-1.52,-2.6,89.62,864.26
Egypt,EGY,7/1/17,19.66,19660,189.59,1.66,9.22,16.01,109.28,1053.85
Egypt,EGY,8/1/17,19.89,19890,191.81,1.17,6.25,11.28,129.17,1245.66
Egypt,EGY,9/1/17,17.14,17140,165.29,0.36,2.15,3.47,146.31,1410.95
Egypt,EGY,10/1/17,15.78,15780,152.18,-0.17,-1.07,-1.64,162.09,1563.13
Egypt,EGY,11/1/17,14.29,14290,137.81,0.3,2.14,2.89,176.38,1700.93
Egypt,EGY,12/1/17,14.88,14880,143.5,0.45,3.12,4.34,191.26,1844.43
Egypt,EGY,1/1/18,14.92,14920,141.18,-0.03,-0.2,-0.28,14.92,141.18
Egypt,EGY,2/1/18,13.42,13420,126.98,1.4,11.65,13.25,28.34,268.16
Egypt,EGY,3/1/18,15.14,15140,143.26,0.63,4.34,5.96,43.48,411.42
Egypt,EGY,4/1/18,15.07,15070,142.6,0.83,5.83,7.85,58.55,554.02
Egypt,EGY,5/1/18,17.73,17730,167.77,1.27,7.72,12.02,76.28,721.79
Egypt,EGY,6/1/18,18.22,18220,172.4,0.78,4.47,7.38,94.5,894.19
Egypt,EGY,7/1/18,19.72,19720,186.6,0.06,0.31,0.57,114.22,1080.79
Egypt,EGY,8/1/18,19.89,19890,188.21,0,0,0,134.11,1269
Egypt,EGY,9/1/18,18.43,18430,174.39,1.29,7.53,12.21,152.54,1443.39
Egypt,EGY,10/1/18,16.77,16770,158.68,0.99,6.27,9.37,169.31,1602.07
Egypt,EGY,11/1/18,14.48,14480,137.01,0.19,1.33,1.8,183.79,1739.09
Egypt,EGY,12/1/18,15.02,15020,142.12,0.14,0.94,1.32,198.81,1881.21
Egypt,EGY,1/1/19,15.28,15280,142.07,0.36,2.41,3.35,15.28,142.07
Egypt,EGY,2/1/19,13.8,13800,128.31,0.38,2.83,3.53,29.08,270.38
Egypt,EGY,3/1/19,15.09,15090,140.3,-0.05,-0.33,-0.46,44.17,410.68
Egypt,EGY,4/1/19,14.73,14730,136.96,-0.34,-2.26,-3.16,58.9,547.64
Egypt,EGY,5/1/19,17.54,17540,163.08,-0.19,-1.07,-1.77,76.44,710.72
Egypt,EGY,6/1/19,18.68,18680,173.68,0.46,2.52,4.28,95.12,884.4
Egypt,EGY,7/1/19,20.46,20460,190.23,0.74,3.75,6.88,115.58,1074.63
Egypt,EGY,8/1/19,14.88,14880,138.35,-5.01,-25.19,-46.58,130.46,1212.98
Egypt,EGY,9/1/19,18.43,18430,171.36,0,0,0,148.89,1384.34
Egypt,EGY,10/1/19,16.85,16850,156.67,0.08,0.48,0.74,165.74,1541.01
Egypt,EGY,11/1/19,14.7,14700,136.68,0.22,1.52,2.05,180.44,1677.68
Egypt,EGY,12/1/19,14.73,14730,136.96,-0.29,-1.93,-2.7,195.17,1814.64
Egypt,EGY,1/1/20,15.23,15230,139.32,-0.05,-0.33,-0.46,15.23,139.32
Egypt,EGY,2/1/20,14.48,14480,132.46,0.68,4.93,6.22,29.71,271.78
Egypt,EGY,3/1/20,14.44,14440,132.1,-0.65,-4.31,-5.95,44.15,403.88
Egypt,EGY,4/1/20,14.09,14090,128.89,-0.64,-4.34,-5.85,58.24,532.77
Egypt,EGY,5/1/20,16.07,16070,147.01,-1.47,-8.38,-13.45,74.31,679.78
Egypt,EGY,6/1/20,17.11,17110,156.52,-1.57,-8.4,-14.36,91.42,836.3
Egypt,EGY,7/1/20,19.14,19140,175.09,-1.32,-6.45,-12.08,110.56,1011.39
Egypt,EGY,8/1/20,20,20000,182.96,5.12,34.41,46.84,130.56,1194.35
Egypt,EGY,9/1/20,19.54,19540,178.75,1.11,6.02,10.15,150.1,1373.1
Egypt,EGY,10/1/20,17.78,17780,162.65,0.93,5.52,8.51,167.88,1535.75
Egypt,EGY,11/1/20,14.67,14670,134.2,-0.03,-0.2,-0.27,182.55,1669.94
Egypt,EGY,12/1/20,15.03,15030,137.49,0.3,2.04,2.74,197.58,1807.44
Egypt,EGY,1/1/21,15.17,15170,136.72,-0.06,-0.39,-0.54,15.17,136.72
Egypt,EGY,2/1/21,13.96,13960,125.81,-0.52,-3.59,-4.69,29.13,262.53
Egypt,EGY,3/1/21,15.74,15740,141.86,1.3,9,11.72,44.87,404.39
Egypt,EGY,4/1/21,15.95,15950,143.75,1.86,13.2,16.76,60.82,548.14
Egypt,EGY,5/1/21,18.09,18090,163.04,2.02,12.57,18.21,78.91,711.18
Egypt,EGY,6/1/21,18.82,18820,169.62,1.71,9.99,15.41,97.73,880.79
Egypt,EGY,7/1/21,21.21,21210,191.16,2.07,10.82,18.66,118.94,1071.95
Egypt,EGY,8/1/21,21.49,21490,193.68,1.49,7.45,13.43,140.43,1265.63
Egypt,EGY,9/1/21,19.39,19390,174.75,-0.15,-0.77,-1.35,159.82,1440.38
Egypt,EGY,10/1/21,17.28,17280,155.74,-0.5,-2.81,-4.51,177.1,1596.11
Egypt,EGY,11/1/21,15.84,15840,142.76,1.17,7.98,10.54,192.94,1738.87
Egypt,EGY,12/1/21,15.85,15850,142.85,0.82,5.46,7.39,208.79,1881.72
Egypt,EGY,1/1/22,16.21,16210,143.94,1.04,6.86,9.23,16.21,143.94
Egypt,EGY,2/1/22,14.72,14720,130.71,0.76,5.44,6.75,30.93,274.65
Egypt,EGY,3/1/22,16.52,16520,146.69,0.78,4.96,6.93,47.45,421.34
Egypt,EGY,4/1/22,16.66,16660,147.93,0.71,4.45,6.3,64.11,569.27
Egypt,EGY,5/1/22,17.68,17680,156.99,-0.41,-2.27,-3.64,81.79,726.26
Egypt,EGY,6/1/22,20.23,20230,179.63,1.41,7.49,12.52,102.02,905.89
Egypt,EGY,7/1/22,21.25,21250,188.69,0.04,0.19,0.36,123.27,1094.59
Egypt,EGY,8/1/22,22.47,22470,199.52,0.98,4.56,8.7,145.74,1294.11
Egypt,EGY,9/1/22,20.17,20170,179.1,0.78,4.02,6.93,165.91,1473.21
Egypt,EGY,10/1/22,17.88,17880,158.77,0.6,3.47,5.33,183.79,1631.98
Egypt,EGY,11/1/22,16.12,16120,143.14,0.28,1.77,2.49,199.91,1775.12
Egypt,EGY,12/1/22,16.26,16260,144.38,0.41,2.59,3.64,216.17,1919.5
Egypt,EGY,1/1/23,16.12,16120,140.74,-0.09,-0.56,-0.79,16.12,140.74
Egypt,EGY,2/1/23,15.02,15020,131.14,0.3,2.04,2.62,31.14,271.88
Egypt,EGY,3/1/23,16.7,16700,145.81,0.18,1.09,1.57,47.84,417.69
Egypt,EGY,4/1/23,16,16000,139.69,-0.66,-3.96,-5.76,63.84,557.38
Egypt,EGY,5/1/23,18.08,18080,157.85,0.4,2.26,3.49,81.92,715.23
Egypt,EGY,6/1/23,19.99,19990,174.53,-0.24,-1.19,-2.1,101.91,889.76
Egypt,EGY,7/1/23,22.9,22900,199.94,1.65,7.76,14.41,124.81,1089.7
Egypt,EGY,8/1/23,22.89,22890,199.85,0.42,1.87,3.67,147.7,1289.55
Egypt,EGY,9/1/23,21.31,21310,186.06,1.14,5.65,9.95,169.01,1475.61
Egypt,EGY,10/1/23,19.11,19110,166.85,1.23,6.88,10.74,188.12,1642.45
Egypt,EGY,11/1/23,16.9,16900,147.55,0.78,4.84,6.81,205.02,1790
Egypt,EGY,12/1/23,16.49,16490,143.97,0.23,1.41,2.01,221.51,1933.98
Egypt,EGY,1/1/24,16.69,16690,143.22,0.57,3.54,4.89,16.69,143.22
Egypt,EGY,2/1/24,16,16000,137.29,0.98,6.52,8.41,32.69,280.51
Egypt,EGY,3/1/24,17.4,17400,149.31,0.7,4.19,6.01,50.09,429.82
Egypt,EGY,4/1/24,17.3,17300,148.45,1.3,8.13,11.16,67.39,578.27
Egypt,EGY,5/1/24,19.8,19800,169.9,1.72,9.51,14.76,87.19,748.17
Egypt,EGY,6/1/24,22.21,22210,190.58,2.22,11.11,19.05,109.4,938.75
Egypt,EGY,7/1/24,25.31,25310,217.18,2.41,10.52,20.68,134.71,1155.93
Egypt,EGY,8/1/24,25.3,25300,217.1,2.41,10.53,20.68,160.01,1373.03
Egypt,EGY,9/1/24,22.61,22610,194.01,1.3,6.1,11.16,182.62,1567.04
Egypt,EGY,10/1/24,19.51,19510,167.41,0.4,2.09,3.43,202.13,1734.46
Egypt,EGY,11/1/24,16.9,16900,145.02,0,0,0,219.03,1879.47
Egypt,EGY,12/1/24,17.5,17500,150.17,1.01,6.12,8.67,236.53,2029.64
Egypt,EGY,1/1/25,17.81,17810,150.47,1.12,6.71,9.46,17.81,150.47
Egypt,EGY,2/1/25,16.51,16510,139.48,0.51,3.19,4.31,34.32,289.95
Egypt,EGY,3/1/25,18.3,18300,154.61,0.9,5.17,7.6,52.62,444.55
Kenya,KEN,1/1/19,0.98,980,19.14,,,,0.98,19.14
Kenya,KEN,2/1/19,0.89,890,17.38,,,,1.87,36.52
Kenya,KEN,3/1/19,1,1000,19.53,,,,2.87,56.05
Kenya,KEN,4/1/19,0.95,950,18.55,,,,3.82,74.61
Kenya,KEN,5/1/19,0.97,970,18.94,,,,4.79,93.55
Kenya,KEN,6/1/19,0.95,950,18.55,,,,5.74,112.1
Kenya,KEN,7/1/19,0.99,990,19.33,,,,6.73,131.44
Kenya,KEN,8/1/19,0.99,990,19.33,,,,7.72,150.77
Kenya,KEN,9/1/19,0.95,950,18.55,,,,8.67,169.33
Kenya,KEN,10/1/19,0.99,990,19.33,,,,9.66,188.66
Kenya,KEN,11/1/19,0.99,990,19.33,,,,10.65,208
Kenya,KEN,12/1/19,0.96,960,18.75,,,,11.61,226.75
Kenya,KEN,1/1/20,1.01,1010,19.34,0.03,3.06,0.57,1.01,19.34
Kenya,KEN,2/1/20,0.95,950,18.19,0.06,6.74,1.15,1.96,37.54
Kenya,KEN,3/1/20,0.99,990,18.96,-0.01,-1,-0.19,2.95,56.49
Kenya,KEN,4/1/20,0.85,850,16.28,-0.1,-10.53,-1.92,3.8,72.77
Kenya,KEN,5/1/20,0.9,900,17.24,-0.07,-7.22,-1.34,4.7,90.01
Kenya,KEN,6/1/20,0.92,920,17.62,-0.03,-3.16,-0.57,5.62,107.63
Kenya,KEN,7/1/20,0.98,980,18.77,-0.01,-1.01,-0.19,6.6,126.39
Kenya,KEN,8/1/20,0.99,990,18.96,0,0,0,7.59,145.35
Kenya,KEN,9/1/20,0.99,990,18.96,0.04,4.21,0.77,8.58,164.31
Kenya,KEN,10/1/20,1.03,1030,19.73,0.04,4.04,0.77,9.61,184.04
Kenya,KEN,11/1/20,1.02,1020,19.53,0.03,3.03,0.57,10.63,203.57
Kenya,KEN,12/1/20,1.02,1020,19.53,0.06,6.25,1.15,11.65,223.11
Kenya,KEN,1/1/21,1.03,1030,19.35,0.02,1.98,0.38,1.03,19.35
Kenya,KEN,2/1/21,0.94,940,17.66,-0.01,-1.05,-0.19,1.97,37.02
Kenya,KEN,3/1/21,1.06,1060,19.92,0.07,7.07,1.32,3.03,56.93
Kenya,KEN,4/1/21,0.97,970,18.23,0.12,14.12,2.25,4,75.16
Kenya,KEN,5/1/21,1.04,1040,19.54,0.14,15.56,2.63,5.04,94.7
Kenya,KEN,6/1/21,1.02,1020,19.17,0.1,10.87,1.88,6.06,113.87
Kenya,KEN,7/1/21,1.07,1070,20.11,0.09,9.18,1.69,7.13,133.97
Kenya,KEN,8/1/21,1.06,1060,19.92,0.07,7.07,1.32,8.19,153.89
Kenya,KEN,9/1/21,1.04,1040,19.54,0.05,5.05,0.94,9.23,173.43
Kenya,KEN,10/1/21,1.07,1070,20.11,0.04,3.88,0.75,10.3,193.54
Kenya,KEN,11/1/21,1.06,1060,19.92,0.04,3.92,0.75,11.36,213.46
Kenya,KEN,12/1/21,1.04,1040,19.54,0.02,1.96,0.38,12.4,233
Kenya,KEN,1/1/22,1.06,1060,19.54,0.03,2.91,0.55,1.06,19.54
Kenya,KEN,2/1/22,0.94,940,17.33,0,0,0,2,36.86
Kenya,KEN,3/1/22,1.09,1090,20.09,0.03,2.83,0.55,3.09,56.96
Kenya,KEN,4/1/22,1.04,1040,19.17,0.07,7.22,1.29,4.13,76.13
Kenya,KEN,5/1/22,1.08,1080,19.91,0.04,3.85,0.74,5.21,96.03
Kenya,KEN,6/1/22,1.06,1060,19.54,0.04,3.92,0.74,6.27,115.57
Kenya,KEN,7/1/22,1.12,1120,20.64,0.05,4.67,0.92,7.39,136.21
Kenya,KEN,8/1/22,1.11,1110,20.46,0.05,4.72,0.92,8.5,156.67
Kenya,KEN,9/1/22,1.1,1100,20.28,0.06,5.77,1.11,9.6,176.95
Kenya,KEN,10/1/22,1.12,1120,20.64,0.05,4.67,0.92,10.72,197.59
Kenya,KEN,11/1/22,1.1,1100,20.28,0.04,3.77,0.74,11.82,217.87
Kenya,KEN,12/1/22,1.11,1110,20.46,0.07,6.73,1.29,12.93,238.33
Kenya,KEN,1/1/23,1.14,1140,20.6,0.08,7.55,1.45,1.14,20.6
Kenya,KEN,2/1/23,1.03,1030,18.61,0.09,9.57,1.63,2.17,39.21
Kenya,KEN,3/1/23,1.12,1120,20.24,0.03,2.75,0.54,3.29,59.45
Kenya,KEN,4/1/23,1.08,1080,19.52,0.04,3.85,0.72,4.37,78.97
Kenya,KEN,5/1/23,1.12,1120,20.24,0.04,3.7,0.72,5.49,99.21
Kenya,KEN,6/1/23,1.09,1090,19.7,0.03,2.83,0.54,6.58,118.9
Kenya,KEN,7/1/23,1.16,1160,20.96,0.04,3.57,0.72,7.74,139.87
Kenya,KEN,8/1/23,1.15,1150,20.78,0.04,3.6,0.72,8.89,160.65
Kenya,KEN,9/1/23,1.12,1120,20.24,0.02,1.82,0.36,10.01,180.89
Kenya,KEN,10/1/23,1.14,1140,20.6,0.02,1.79,0.36,11.15,201.49
Kenya,KEN,11/1/23,1.13,1130,20.42,0.03,2.73,0.54,12.28,221.9
Kenya,KEN,12/1/23,1.1,1100,19.88,-0.01,-0.9,-0.18,13.38,241.78
Kenya,KEN,1/1/24,1.17,1170,20.73,0.03,2.63,0.53,1.17,20.73
Kenya,KEN,2/1/24,1.12,1120,19.85,0.09,8.74,1.59,2.29,40.58
Kenya,KEN,3/1/24,1.17,1170,20.73,0.05,4.46,0.89,3.46,61.31
Kenya,KEN,4/1/24,1.12,1120,19.85,0.04,3.7,0.71,4.58,81.16
Kenya,KEN,5/1/24,1.14,1140,20.2,0.02,1.79,0.35,5.72,101.36
Kenya,KEN,6/1/24,1.13,1130,20.02,0.04,3.67,0.71,6.85,121.38
Kenya,KEN,7/1/24,1.2,1200,21.26,0.04,3.45,0.71,8.05,142.65
Kenya,KEN,8/1/24,1.21,1210,21.44,0.06,5.22,1.06,9.26,164.09
Kenya,KEN,9/1/24,1.17,1170,20.73,0.05,4.46,0.89,10.43,184.82
Kenya,KEN,10/1/24,1.23,1230,21.8,0.09,7.89,1.59,11.66,206.62
Kenya,KEN,11/1/24,1.2,1200,21.26,0.07,6.19,1.24,12.86,227.88
Kenya,KEN,12/1/24,1.18,1180,20.91,0.08,7.27,1.42,14.04,248.79
Kenya,KEN,1/1/25,1.22,1220,21.21,0.05,4.27,0.87,1.22,21.21
Kenya,KEN,2/1/25,1.13,1130,19.64,0.01,0.89,0.17,2.35,40.85
Kenya,KEN,3/1/25,1.23,1230,21.38,0.06,5.13,1.04,3.58,62.23
Kenya,KEN,4/1/25,1.19,1190,20.68,0.07,6.25,1.22,4.77,82.91
Kenya,KEN,5/1/25,1.24,1240,21.55,0.1,8.77,1.74,6.01,104.46
Morocco,MAR,7/1/16,3.02,3020,86.23,,,,3.02,86.23
Morocco,MAR,8/1/16,3.1,3100,88.51,,,,6.12,174.74
Morocco,MAR,9/1/16,2.64,2640,75.38,,,,8.76,250.12
Morocco,MAR,10/1/16,2.61,2610,74.52,,,,11.37,324.64
Morocco,MAR,11/1/16,2.4,2400,68.53,,,,13.77,393.16
Morocco,MAR,12/1/16,2.48,2480,70.81,,,,16.25,463.97
Morocco,MAR,1/1/17,2.6,2600,73.35,,,,2.6,73.35
Morocco,MAR,2/1/17,2.34,2340,66.02,,,,4.94,139.37
Morocco,MAR,3/1/17,2.72,2720,76.74,,,,7.66,216.1
Morocco,MAR,4/1/17,2.67,2670,75.32,,,,10.33,291.43
Morocco,MAR,5/1/17,2.98,2980,84.07,,,,13.31,375.5
Morocco,MAR,6/1/17,2.92,2920,82.38,,,,16.23,457.87
Morocco,MAR,7/1/17,3.13,3130,88.3,0.11,3.64,3.1,19.36,546.18
Morocco,MAR,8/1/17,3.17,3170,89.43,0.07,2.26,1.97,22.53,635.61
Morocco,MAR,9/1/17,2.85,2850,80.4,0.21,7.95,5.92,25.38,716.01
Morocco,MAR,10/1/17,2.84,2840,80.12,0.23,8.81,6.49,28.22,796.13
Morocco,MAR,11/1/17,2.66,2660,75.04,0.26,10.83,7.34,30.88,871.17
Morocco,MAR,12/1/17,2.67,2670,75.32,0.19,7.66,5.36,33.55,946.5
Morocco,MAR,1/1/18,2.69,2690,75.06,0.09,3.46,2.51,2.69,75.06
Morocco,MAR,2/1/18,2.42,2420,67.52,0.08,3.42,2.23,5.11,142.58
Morocco,MAR,3/1/18,2.79,2790,77.85,0.07,2.57,1.95,7.9,220.43
Morocco,MAR,4/1/18,2.72,2720,75.89,0.05,1.87,1.4,10.62,296.32
Morocco,MAR,5/1/18,2.83,2830,78.96,-0.15,-5.03,-4.19,13.45,375.28
Morocco,MAR,6/1/18,2.8,2800,78.13,-0.12,-4.11,-3.35,16.25,453.41
Morocco,MAR,7/1/18,3.2,3200,89.29,0.07,2.24,1.95,19.45,542.69
Morocco,MAR,8/1/18,3.14,3140,87.61,-0.03,-0.95,-0.84,22.59,630.3
Morocco,MAR,9/1/18,3.04,3040,84.82,0.19,6.67,5.3,25.63,715.13
Morocco,MAR,10/1/18,2.97,2970,82.87,0.13,4.58,3.63,28.6,798
Morocco,MAR,11/1/18,2.67,2670,74.5,0.01,0.38,0.28,31.27,872.49
Morocco,MAR,12/1/18,2.8,2800,78.13,0.13,4.87,3.63,34.07,950.62
Morocco,MAR,1/1/19,2.89,2890,79.81,0.2,7.43,5.52,2.89,79.81
Morocco,MAR,2/1/19,2.61,2610,72.08,0.19,7.85,5.25,5.5,151.89
Morocco,MAR,3/1/19,2.96,2960,81.74,0.17,6.09,4.69,8.46,233.63
Morocco,MAR,4/1/19,2.95,2950,81.47,0.23,8.46,6.35,11.41,315.1
Morocco,MAR,5/1/19,3.21,3210,88.65,0.38,13.43,10.49,14.62,403.75
Morocco,MAR,6/1/19,3.05,3050,84.23,0.25,8.93,6.9,17.67,487.97
Morocco,MAR,7/1/19,3.38,3380,93.34,0.18,5.63,4.97,21.05,581.32
Morocco,MAR,8/1/19,3.31,3310,91.41,0.17,5.41,4.69,24.36,672.73
Morocco,MAR,9/1/19,3.14,3140,86.71,0.1,3.29,2.76,27.5,759.44
Morocco,MAR,10/1/19,3.07,3070,84.78,0.1,3.37,2.76,30.57,844.22
Morocco,MAR,11/1/19,2.79,2790,77.05,0.12,4.49,3.31,33.36,921.27
Morocco,MAR,12/1/19,2.87,2870,79.26,0.07,2.5,1.93,36.23,1000.53
Morocco,MAR,1/1/20,2.96,2960,80.91,0.07,2.42,1.91,2.96,80.91
Morocco,MAR,2/1/20,2.83,2830,77.36,0.22,8.43,6.01,5.79,158.27
Morocco,MAR,3/1/20,2.93,2930,80.09,-0.03,-1.01,-0.82,8.72,238.35
Morocco,MAR,4/1/20,2.62,2620,71.62,-0.33,-11.19,-9.02,11.34,309.97
Morocco,MAR,5/1/20,2.87,2870,78.45,-0.34,-10.59,-9.29,14.21,388.42
Morocco,MAR,6/1/20,3.01,3010,82.28,-0.04,-1.31,-1.09,17.22,470.69
Morocco,MAR,7/1/20,3.48,3480,95.12,0.1,2.96,2.73,20.7,565.82
Morocco,MAR,8/1/20,3.28,3280,89.66,-0.03,-0.91,-0.82,23.98,655.47
Morocco,MAR,9/1/20,3.21,3210,87.74,0.07,2.23,1.91,27.19,743.22
Morocco,MAR,10/1/20,3.09,3090,84.46,0.02,0.65,0.55,30.28,827.68
Morocco,MAR,11/1/20,2.85,2850,77.9,0.06,2.15,1.64,33.13,905.58
Morocco,MAR,12/1/20,2.95,2950,80.64,0.08,2.79,2.19,36.08,986.22
Morocco,MAR,1/1/21,3.04,3040,82.26,0.08,2.7,2.16,3.04,82.26
Morocco,MAR,2/1/21,2.67,2670,72.25,-0.16,-5.65,-4.33,5.71,154.51
Morocco,MAR,3/1/21,3.15,3150,85.24,0.22,7.51,5.95,8.86,239.75
Morocco,MAR,4/1/21,2.99,2990,80.91,0.37,14.12,10.01,11.85,320.67
Morocco,MAR,5/1/21,3.16,3160,85.51,0.29,10.1,7.85,15.01,406.18
Morocco,MAR,6/1/21,3.32,3320,89.84,0.31,10.3,8.39,18.33,496.02
Morocco,MAR,7/1/21,3.55,3550,96.06,0.07,2.01,1.89,21.88,592.08
Morocco,MAR,8/1/21,3.12,3120,84.43,-0.16,-4.88,-4.33,25,676.51
Morocco,MAR,9/1/21,3.06,3060,82.8,-0.15,-4.67,-4.06,28.06,759.31
Morocco,MAR,10/1/21,2.95,2950,79.83,-0.14,-4.53,-3.79,31.01,839.14
Morocco,MAR,11/1/21,2.99,2990,80.91,0.14,4.91,3.79,34,920.05
Morocco,MAR,12/1/21,3.09,3090,83.62,0.14,4.75,3.79,37.09,1003.67
Morocco,MAR,1/1/22,3.08,3080,82.51,0.04,1.32,1.07,3.08,82.51
Morocco,MAR,2/1/22,2.81,2810,75.28,0.14,5.24,3.75,5.89,157.79
Morocco,MAR,3/1/22,3.05,3050,81.71,-0.1,-3.17,-2.68,8.94,239.49
Morocco,MAR,4/1/22,3.07,3070,82.24,0.08,2.68,2.14,12.01,321.73
Morocco,MAR,5/1/22,3.28,3280,87.87,0.12,3.8,3.21,15.29,409.6
Morocco,MAR,6/1/22,3.39,3390,90.81,0.07,2.11,1.88,18.68,500.41
Morocco,MAR,7/1/22,3.65,3650,97.78,0.1,2.82,2.68,22.33,598.19
Morocco,MAR,8/1/22,3.72,3720,99.65,0.6,19.23,16.07,26.05,697.85
Morocco,MAR,9/1/22,3.38,3380,90.55,0.32,10.46,8.57,29.43,788.39
Morocco,MAR,10/1/22,3.22,3220,86.26,0.27,9.15,7.23,32.65,874.65
Morocco,MAR,11/1/22,3.03,3030,81.17,0.04,1.34,1.07,35.68,955.82
Morocco,MAR,12/1/22,2.98,2980,79.83,-0.11,-3.56,-2.95,38.66,1035.65
Morocco,MAR,1/1/23,3.06,3060,81.14,-0.02,-0.65,-0.53,3.06,81.14
Morocco,MAR,2/1/23,2.89,2890,76.63,0.08,2.85,2.12,5.95,157.77
Morocco,MAR,3/1/23,3.21,3210,85.12,0.16,5.25,4.24,9.16,242.89
Morocco,MAR,4/1/23,3.19,3190,84.59,0.12,3.91,3.18,12.35,327.48
Morocco,MAR,5/1/23,3.4,3400,90.16,0.12,3.66,3.18,15.75,417.63
Morocco,MAR,6/1/23,3.42,3420,90.69,0.03,0.88,0.8,19.17,508.32
Morocco,MAR,7/1/23,3.9,3900,103.41,0.25,6.85,6.63,23.07,611.73
Morocco,MAR,8/1/23,3.99,3990,105.8,0.27,7.26,7.16,27.06,717.53
Morocco,MAR,9/1/23,3.48,3480,92.28,0.1,2.96,2.65,30.54,809.81
Morocco,MAR,10/1/23,3.47,3470,92.01,0.25,7.76,6.63,34.01,901.82
Morocco,MAR,11/1/23,3.23,3230,85.65,0.2,6.6,5.3,37.24,987.47
Morocco,MAR,12/1/23,3.32,3320,88.03,0.34,11.41,9.02,40.56,1075.51
Morocco,MAR,1/1/24,3.3,3300,86.66,0.24,7.84,6.3,3.3,86.66
Morocco,MAR,2/1/24,3.1,3100,81.4,0.21,7.27,5.51,6.4,168.06
Morocco,MAR,3/1/24,3.41,3410,89.55,0.2,6.23,5.25,9.81,257.61
Morocco,MAR,4/1/24,3.24,3240,85.08,0.05,1.57,1.31,13.05,342.69
Morocco,MAR,5/1/24,3.6,3600,94.53,0.2,5.88,5.25,16.65,437.22
Morocco,MAR,6/1/24,3.48,3480,91.38,0.06,1.75,1.58,20.13,528.61
Morocco,MAR,7/1/24,4.11,4110,107.93,0.21,5.38,5.51,24.24,636.53
Morocco,MAR,8/1/24,4.19,4190,110.03,0.2,5.01,5.25,28.43,746.56
Morocco,MAR,9/1/24,3.7,3700,97.16,0.22,6.32,5.78,32.13,843.72
Morocco,MAR,10/1/24,3.61,3610,94.8,0.14,4.03,3.68,35.74,938.52
Morocco,MAR,11/1/24,3.43,3430,90.07,0.2,6.19,5.25,39.17,1028.59
Morocco,MAR,12/1/24,3.51,3510,92.17,0.19,5.72,4.99,42.68,1120.76
Morocco,MAR,1/1/25,3.6,3600,93.67,0.3,9.09,7.81,3.6,93.67
Morocco,MAR,2/1/25,3.22,3220,83.79,0.12,3.87,3.12,6.82,177.46
Morocco,MAR,3/1/25,3.45,3450,89.77,0.04,1.17,1.04,10.27,267.23
Nigeria,NGA,1/1/19,1.52,1520,7.26,,,,1.52,7.26
Nigeria,NGA,2/1/19,1.72,1720,8.21,,,,3.24,15.47
Nigeria,NGA,3/1/19,2.03,2030,9.69,,,,5.27,25.16
Nigeria,NGA,4/1/19,0.88,880,4.2,,,,6.15,29.36
Nigeria,NGA,5/1/19,2.14,2140,10.22,,,,8.29,39.57
Nigeria,NGA,6/1/19,2.21,2210,10.55,,,,10.5,50.12
Nigeria,NGA,7/1/19,2.2,2200,10.5,,,,12.7,60.62
Nigeria,NGA,8/1/19,2.13,2130,10.17,,,,14.83,70.79
Nigeria,NGA,9/1/19,1.9,1900,9.07,,,,16.73,79.86
Nigeria,NGA,10/1/19,2.02,2020,9.64,,,,18.75,89.5
Nigeria,NGA,11/1/19,2.23,2230,10.65,,,,20.98,100.15
Nigeria,NGA,12/1/19,2.24,2240,10.69,,,,23.22,110.84
Nigeria,NGA,1/1/20,2.17,2170,10.14,0.65,42.76,3.04,2.17,10.14
Nigeria,NGA,2/1/20,2.18,2180,10.19,0.46,26.74,2.15,4.35,20.33
Nigeria,NGA,3/1/20,1.29,1290,6.03,-0.74,-36.45,-3.46,5.64,26.36
Nigeria,NGA,4/1/20,2.25,2250,10.51,1.37,155.68,6.4,7.89,36.87
Nigeria,NGA,5/1/20,2.44,2440,11.4,0.3,14.02,1.4,10.33,48.27
Nigeria,NGA,6/1/20,1.91,1910,8.93,-0.3,-13.57,-1.4,12.24,57.2
Nigeria,NGA,7/1/20,2.15,2150,10.05,-0.05,-2.27,-0.23,14.39,67.24
Nigeria,NGA,8/1/20,2.18,2180,10.19,0.05,2.35,0.23,16.57,77.43
Nigeria,NGA,9/1/20,2.13,2130,9.95,0.23,12.11,1.07,18.7,87.38
Nigeria,NGA,10/1/20,2.53,2530,11.82,0.51,25.25,2.38,21.23,99.21
Nigeria,NGA,11/1/20,2.77,2770,12.94,0.54,24.22,2.52,24,112.15
Nigeria,NGA,12/1/20,2.93,2930,13.69,0.69,30.8,3.22,26.93,125.84
Nigeria,NGA,1/1/21,2.96,2960,13.55,0.79,36.41,3.62,2.96,13.55
Nigeria,NGA,2/1/21,2.51,2510,11.49,0.33,15.14,1.51,5.47,25.03
Nigeria,NGA,3/1/21,2.56,2560,11.71,1.27,98.45,5.81,8.03,36.75
Nigeria,NGA,4/1/21,2.38,2380,10.89,0.13,5.78,0.59,10.41,47.64
Nigeria,NGA,5/1/21,2.32,2320,10.62,-0.12,-4.92,-0.55,12.73,58.25
Nigeria,NGA,6/1/21,2.12,2120,9.7,0.21,10.99,0.96,14.85,67.95
Nigeria,NGA,7/1/21,2.11,2110,9.66,-0.04,-1.86,-0.18,16.96,77.61
Nigeria,NGA,8/1/21,2.49,2490,11.39,0.31,14.22,1.42,19.45,89
Nigeria,NGA,9/1/21,2.23,2230,10.2,0.1,4.69,0.46,21.68,99.21
Nigeria,NGA,10/1/21,2.44,2440,11.17,-0.09,-3.56,-0.41,24.12,110.37
Nigeria,NGA,11/1/21,2.64,2640,12.08,-0.13,-4.69,-0.59,26.76,122.46
Nigeria,NGA,12/1/21,2.77,2770,12.68,-0.16,-5.46,-0.73,29.53,135.13
Nigeria,NGA,1/1/22,2.71,2710,12.14,-0.25,-8.45,-1.12,2.71,12.14
Nigeria,NGA,2/1/22,2.44,2440,10.93,-0.07,-2.79,-0.31,5.15,23.08
Nigeria,NGA,3/1/22,2.35,2350,10.53,-0.21,-8.2,-0.94,7.5,33.61
Nigeria,NGA,4/1/22,2.32,2320,10.4,-0.06,-2.52,-0.27,9.82,44.01
Nigeria,NGA,5/1/22,2.23,2230,9.99,-0.09,-3.88,-0.4,12.05,54
Nigeria,NGA,6/1/22,1.88,1880,8.42,-0.24,-11.32,-1.08,13.93,62.42
Nigeria,NGA,7/1/22,2.49,2490,11.16,0.38,18.01,1.7,16.42,73.58
Nigeria,NGA,8/1/22,2.66,2660,11.92,0.17,6.83,0.76,19.08,85.5
Nigeria,NGA,9/1/22,2.59,2590,11.61,0.36,16.14,1.61,21.67,97.11
Nigeria,NGA,10/1/22,2.63,2630,11.79,0.19,7.79,0.85,24.3,108.89
Nigeria,NGA,11/1/22,2.82,2820,12.64,0.18,6.82,0.81,27.12,121.53
Nigeria,NGA,12/1/22,3.05,3050,13.67,0.28,10.11,1.25,30.17,135.2
Nigeria,NGA,1/1/23,2.77,2770,12.16,0.06,2.21,0.26,2.77,12.16
Nigeria,NGA,2/1/23,2.81,2810,12.33,0.37,15.16,1.62,5.58,24.49
Nigeria,NGA,3/1/23,3.06,3060,13.43,0.71,30.21,3.12,8.64,37.91
Nigeria,NGA,4/1/23,2.79,2790,12.24,0.47,20.26,2.06,11.43,50.16
Nigeria,NGA,5/1/23,2.8,2800,12.29,0.57,25.56,2.5,14.23,62.44
Nigeria,NGA,6/1/23,2.49,2490,10.93,0.61,32.45,2.68,16.72,73.37
Nigeria,NGA,7/1/23,2.75,2750,12.07,0.26,10.44,1.14,19.47,85.44
Nigeria,NGA,8/1/23,2.73,2730,11.98,0.07,2.63,0.31,22.2,97.42
Nigeria,NGA,9/1/23,2.53,2530,11.1,-0.06,-2.32,-0.26,24.73,108.52
Nigeria,NGA,10/1/23,3.06,3060,13.43,0.43,16.35,1.89,27.79,121.95
Nigeria,NGA,11/1/23,3.05,3050,13.38,0.23,8.16,1.01,30.84,135.33
Nigeria,NGA,12/1/23,3,3000,13.16,-0.05,-1.64,-0.22,33.84,148.5
Nigeria,NGA,1/1/24,2.79,2790,11.99,0.02,0.72,0.09,2.79,11.99
Nigeria,NGA,2/1/24,2.5,2500,10.74,-0.31,-11.03,-1.33,5.29,22.74
Nigeria,NGA,3/1/24,2.9,2900,12.46,-0.16,-5.23,-0.69,8.19,35.2
Nigeria,NGA,4/1/24,2.36,2360,10.14,-0.43,-15.41,-1.85,10.55,45.34
Nigeria,NGA,5/1/24,2.64,2640,11.35,-0.16,-5.71,-0.69,13.19,56.69
Nigeria,NGA,6/1/24,2.29,2290,9.84,-0.2,-8.03,-0.86,15.48,66.53
Nigeria,NGA,7/1/24,2.6,2600,11.17,-0.15,-5.45,-0.64,18.08,77.7
Nigeria,NGA,8/1/24,2.64,2640,11.35,-0.09,-3.3,-0.39,20.72,89.05
Nigeria,NGA,9/1/24,2.81,2810,12.08,0.28,11.07,1.2,23.53,101.13
Nigeria,NGA,10/1/24,2.53,2530,10.87,-0.53,-17.32,-2.28,26.06,112
Nigeria,NGA,11/1/24,2.59,2590,11.13,-0.46,-15.08,-1.98,28.65,123.13
Nigeria,NGA,12/1/24,2.81,2810,12.08,-0.19,-6.33,-0.82,31.46,135.21
Nigeria,NGA,1/1/25,2.92,2920,12.29,0.13,4.66,0.55,2.92,12.29
Nigeria,NGA,2/1/25,2.83,2830,11.91,0.33,13.2,1.39,5.75,24.21
Nigeria,NGA,3/1/25,3.37,3370,14.19,0.47,16.21,1.98,9.12,38.4
Nigeria,NGA,4/1/25,2.95,2950,12.42,0.59,25,2.48,12.07,50.82
Nigeria,NGA,5/1/25,3.14,3140,13.22,0.5,18.94,2.11,15.21,64.03
Nigeria,NGA,6/1/25,2.27,2270,9.56,-0.02,-0.87,-0.08,17.48,73.59
Nigeria,NGA,7/1/25,2.84,2840,11.96,0.24,9.23,1.01,20.32,85.55
South Africa,ZAF,1/1/18,20.75,20750,354.02,,,,20.75,354.02
South Africa,ZAF,2/1/18,19.18,19180,327.23,,,,39.93,681.25
South Africa,ZAF,3/1/18,21.15,21150,360.84,,,,61.08,1042.09
South Africa,ZAF,4/1/18,20.09,20090,342.76,,,,81.17,1384.85
South Africa,ZAF,5/1/18,21.97,21970,374.83,,,,103.14,1759.68
South Africa,ZAF,6/1/18,21.57,21570,368.01,,,,124.71,2127.68
South Africa,ZAF,7/1/18,22.32,22320,380.8,,,,147.03,2508.49
South Africa,ZAF,8/1/18,21.8,21800,371.93,,,,168.83,2880.42
South Africa,ZAF,9/1/18,20.5,20500,349.75,,,,189.33,3230.17
South Africa,ZAF,10/1/18,21.52,21520,367.15,,,,210.85,3597.32
South Africa,ZAF,11/1/18,20.75,20750,354.02,,,,231.6,3951.34
South Africa,ZAF,12/1/18,20.13,20130,343.44,,,,251.73,4294.78
South Africa,ZAF,1/1/19,20.75,20750,348.23,0,0,0,20.75,348.23
South Africa,ZAF,2/1/19,18.93,18930,317.68,-0.25,-1.3,-4.2,39.68,665.91
South Africa,ZAF,3/1/19,20.51,20510,344.2,-0.64,-3.03,-10.74,60.19,1010.1
South Africa,ZAF,4/1/19,20.31,20310,340.84,0.22,1.1,3.69,80.5,1350.95
South Africa,ZAF,5/1/19,21.67,21670,363.66,-0.3,-1.37,-5.03,102.17,1714.61
South Africa,ZAF,6/1/19,21.39,21390,358.97,-0.18,-0.83,-3.02,123.56,2073.58
South Africa,ZAF,7/1/19,22.09,22090,370.71,-0.23,-1.03,-3.86,145.65,2444.29
South Africa,ZAF,8/1/19,20.9,20900,350.74,-0.9,-4.13,-15.1,166.55,2795.03
South Africa,ZAF,9/1/19,20.35,20350,341.51,-0.15,-0.73,-2.52,186.9,3136.54
South Africa,ZAF,10/1/19,21.11,21110,354.27,-0.41,-1.91,-6.88,208.01,3490.81
South Africa,ZAF,11/1/19,20.2,20200,338.99,-0.55,-2.65,-9.23,228.21,3829.8
South Africa,ZAF,12/1/19,19.27,19270,323.39,-0.86,-4.27,-14.43,247.48,4153.19
South Africa,ZAF,1/1/20,20.08,20080,331.56,-0.67,-3.23,-11.06,20.08,331.56
South Africa,ZAF,2/1/20,19.03,19030,314.22,0.1,0.53,1.65,39.11,645.78
South Africa,ZAF,3/1/20,19.65,19650,324.46,-0.86,-4.19,-14.2,58.76,970.24
South Africa,ZAF,4/1/20,15.89,15890,262.37,-4.42,-21.76,-72.98,74.65,1232.61
South Africa,ZAF,5/1/20,18.95,18950,312.9,-2.72,-12.55,-44.91,93.6,1545.51
South Africa,ZAF,6/1/20,20.42,20420,337.17,-0.97,-4.53,-16.02,114.02,1882.69
South Africa,ZAF,7/1/20,21.33,21330,352.2,-0.76,-3.44,-12.55,135.35,2234.89
South Africa,ZAF,8/1/20,20.77,20770,342.95,-0.13,-0.62,-2.15,156.12,2577.84
South Africa,ZAF,9/1/20,19.85,19850,327.76,-0.5,-2.46,-8.26,175.97,2905.6
South Africa,ZAF,10/1/20,20.58,20580,339.81,-0.53,-2.51,-8.75,196.55,3245.41
South Africa,ZAF,11/1/20,19.68,19680,324.95,-0.52,-2.57,-8.59,216.23,3570.37
South Africa,ZAF,12/1/20,19.52,19520,322.31,0.25,1.3,4.13,235.75,3892.68
South Africa,ZAF,1/1/21,19.57,19570,318.2,-0.51,-2.54,-8.29,19.57,318.2
South Africa,ZAF,2/1/21,18.33,18330,298.04,-0.7,-3.68,-11.38,37.9,616.23
South Africa,ZAF,3/1/21,20.15,20150,327.63,0.5,2.54,8.13,58.05,943.86
South Africa,ZAF,4/1/21,19.73,19730,320.8,3.84,24.17,62.44,77.78,1264.66
South Africa,ZAF,5/1/21,21.12,21120,343.4,2.17,11.45,35.28,98.9,1608.06
South Africa,ZAF,6/1/21,20.84,20840,338.85,0.42,2.06,6.83,119.74,1946.91
South Africa,ZAF,7/1/21,21.94,21940,356.73,0.61,2.86,9.92,141.68,2303.64
South Africa,ZAF,8/1/21,21.22,21220,345.03,0.45,2.17,7.32,162.9,2648.67
South Africa,ZAF,9/1/21,19.88,19880,323.24,0.03,0.15,0.49,182.78,2971.91
South Africa,ZAF,10/1/21,19.83,19830,322.43,-0.75,-3.64,-12.19,202.61,3294.33
South Africa,ZAF,11/1/21,19.25,19250,312.99,-0.43,-2.18,-6.99,221.86,3607.33
South Africa,ZAF,12/1/21,19.01,19010,309.09,-0.51,-2.61,-8.29,240.87,3916.42
South Africa,ZAF,1/1/22,19.5,19500,312.61,-0.07,-0.36,-1.12,19.5,312.61
South Africa,ZAF,2/1/22,18.27,18270,292.89,-0.06,-0.33,-0.96,37.77,605.5
South Africa,ZAF,3/1/22,20.02,20020,320.94,-0.13,-0.65,-2.08,57.79,926.44
South Africa,ZAF,4/1/22,19.32,19320,309.72,-0.41,-2.08,-6.57,77.11,1236.17
South Africa,ZAF,5/1/22,20.54,20540,329.28,-0.58,-2.75,-9.3,97.65,1565.45
South Africa,ZAF,6/1/22,20.47,20470,328.16,-0.37,-1.78,-5.93,118.12,1893.6
South Africa,ZAF,7/1/22,20.38,20380,326.72,-1.56,-7.11,-25.01,138.5,2220.32
South Africa,ZAF,8/1/22,20.83,20830,333.93,-0.39,-1.84,-6.25,159.33,2554.25
South Africa,ZAF,9/1/22,18.37,18370,294.49,-1.51,-7.6,-24.21,177.7,2848.74
South Africa,ZAF,10/1/22,19.33,19330,309.88,-0.5,-2.52,-8.02,197.03,3158.63
South Africa,ZAF,11/1/22,18.8,18800,301.39,-0.45,-2.34,-7.21,215.83,3460.01
South Africa,ZAF,12/1/22,17.55,17550,281.35,-1.46,-7.68,-23.41,233.38,3741.36
South Africa,ZAF,1/1/23,18.04,18040,285.39,-1.46,-7.49,-23.1,18.04,285.39
South Africa,ZAF,2/1/23,16.63,16630,263.08,-1.64,-8.98,-25.94,34.67,548.47
South Africa,ZAF,3/1/23,19.04,19040,301.21,-0.98,-4.9,-15.5,53.71,849.68
South Africa,ZAF,4/1/23,17.64,17640,279.06,-1.68,-8.7,-26.58,71.35,1128.73
South Africa,ZAF,5/1/23,18.9,18900,298.99,-1.64,-7.98,-25.94,90.25,1427.73
South Africa,ZAF,6/1/23,19.81,19810,313.39,-0.66,-3.22,-10.44,110.06,1741.11
South Africa,ZAF,7/1/23,19.95,19950,315.6,-0.43,-2.11,-6.8,130.01,2056.72
South Africa,ZAF,8/1/23,19.62,19620,310.38,-1.21,-5.81,-19.14,149.63,2367.1
South Africa,ZAF,9/1/23,18.17,18170,287.44,-0.2,-1.09,-3.16,167.8,2654.54
South Africa,ZAF,10/1/23,19.55,19550,309.27,0.22,1.14,3.48,187.35,2963.82
South Africa,ZAF,11/1/23,18.32,18320,289.82,-0.48,-2.55,-7.59,205.67,3253.63
South Africa,ZAF,12/1/23,18.32,18320,289.82,0.77,4.39,12.18,223.99,3543.45
South Africa,ZAF,1/1/24,18.3,18300,285.91,0.26,1.44,4.06,18.3,285.91
South Africa,ZAF,2/1/24,17.47,17470,272.94,0.84,5.05,13.12,35.77,558.84
South Africa,ZAF,3/1/24,19.02,19020,297.15,-0.02,-0.11,-0.31,54.79,856
South Africa,ZAF,4/1/24,18.8,18800,293.72,1.16,6.58,18.12,73.59,1149.71
South Africa,ZAF,5/1/24,19.93,19930,311.37,1.03,5.45,16.09,93.52,1461.09
South Africa,ZAF,6/1/24,20.61,20610,322,0.8,4.04,12.5,114.13,1783.08
South Africa,ZAF,7/1/24,21.3,21300,332.78,1.35,6.77,21.09,135.43,2115.86
South Africa,ZAF,8/1/24,20.51,20510,320.43,0.89,4.54,13.9,155.94,2436.29
South Africa,ZAF,9/1/24,19.27,19270,301.06,1.1,6.05,17.19,175.21,2737.35
South Africa,ZAF,10/1/24,19.65,19650,307,0.1,0.51,1.56,194.86,3044.35
South Africa,ZAF,11/1/24,18.86,18860,294.65,0.54,2.95,8.44,213.72,3339
South Africa,ZAF,12/1/24,18.25,18250,285.12,-0.07,-0.38,-1.09,231.97,3624.12
South Africa,ZAF,1/1/25,18.53,18530,286.19,0.23,1.26,3.55,18.53,286.19
South Africa,ZAF,2/1/25,16.92,16920,261.32,-0.55,-3.15,-8.49,35.45,547.51
South Africa,ZAF,3/1/25,18.81,18810,290.51,-0.21,-1.1,-3.24,54.26,838.03
South Africa,ZAF,4/1/25,18.31,18310,282.79,-0.49,-2.61,-7.57,72.57,1120.82
South Africa,ZAF,5/1/25,19.82,19820,306.11,-0.11,-0.55,-1.7,92.39,1426.93
Tunisia,TUN,1/1/20,1.59,1590,132.79,,,,1.59,132.79
Tunisia,TUN,2/1/20,1.51,1510,126.11,,,,3.1,258.89
Tunisia,TUN,3/1/20,1.4,1400,116.92,,,,4.5,375.81
Tunisia,TUN,4/1/20,1.16,1160,96.88,,,,5.66,472.69
Tunisia,TUN,5/1/20,1.48,1480,123.6,,,,7.14,596.29
Tunisia,TUN,6/1/20,1.77,1770,147.82,,,,8.91,744.11
Tunisia,TUN,7/1/20,2.19,2190,182.89,,,,11.1,927
Tunisia,TUN,8/1/20,2.35,2350,196.26,,,,13.45,1123.26
Tunisia,TUN,9/1/20,1.61,1610,134.46,,,,15.06,1257.71
Tunisia,TUN,10/1/20,1.47,1470,122.76,,,,16.53,1380.48
Tunisia,TUN,11/1/20,1.39,1390,116.08,,,,17.92,1496.56
Tunisia,TUN,12/1/20,1.53,1530,127.78,,,,19.45,1624.34
Tunisia,TUN,1/1/21,1.61,1610,133.63,0.02,1.26,1.66,1.61,133.63
Tunisia,TUN,2/1/21,1.44,1440,119.52,-0.07,-4.64,-5.81,3.05,253.14
Tunisia,TUN,3/1/21,1.56,1560,129.48,0.16,11.43,13.28,4.61,382.62
Tunisia,TUN,4/1/21,1.48,1480,122.84,0.32,27.59,26.56,6.09,505.45
Tunisia,TUN,5/1/21,1.52,1520,126.16,0.04,2.7,3.32,7.61,631.61
Tunisia,TUN,6/1/21,1.73,1730,143.59,-0.04,-2.26,-3.32,9.34,775.19
Tunisia,TUN,7/1/21,2.11,2110,175.12,-0.08,-3.65,-6.64,11.45,950.32
Tunisia,TUN,8/1/21,2.25,2250,186.74,-0.1,-4.26,-8.3,13.7,1137.06
Tunisia,TUN,9/1/21,1.79,1790,148.56,0.18,11.18,14.94,15.49,1285.63
Tunisia,TUN,10/1/21,1.46,1460,121.18,-0.01,-0.68,-0.83,16.95,1406.8
Tunisia,TUN,11/1/21,1.44,1440,119.52,0.05,3.6,4.15,18.39,1526.32
Tunisia,TUN,12/1/21,1.49,1490,123.67,-0.04,-2.61,-3.32,19.88,1649.98
Tunisia,TUN,1/1/22,1.48,1480,122.12,-0.13,-8.07,-10.73,1.48,122.12
Tunisia,TUN,2/1/22,1.3,1300,107.27,-0.14,-9.72,-11.55,2.78,229.39
Tunisia,TUN,3/1/22,1.41,1410,116.34,-0.15,-9.62,-12.38,4.19,345.73
Tunisia,TUN,4/1/22,1.42,1420,117.17,-0.06,-4.05,-4.95,5.61,462.9
Tunisia,TUN,5/1/22,1.51,1510,124.59,-0.01,-0.66,-0.83,7.12,587.49
Tunisia,TUN,6/1/22,1.88,1880,155.12,0.15,8.67,12.38,9,742.62
Tunisia,TUN,7/1/22,2.17,2170,179.05,0.06,2.84,4.95,11.17,921.67
Tunisia,TUN,8/1/22,2.2,2200,181.53,-0.05,-2.22,-4.13,13.37,1103.2
Tunisia,TUN,9/1/22,1.84,1840,151.82,0.05,2.79,4.13,15.21,1255.02
Tunisia,TUN,10/1/22,1.41,1410,116.34,-0.05,-3.42,-4.13,16.62,1371.37
Tunisia,TUN,11/1/22,1.27,1270,104.79,-0.17,-11.81,-14.03,17.89,1476.16
Tunisia,TUN,12/1/22,1.34,1340,110.57,-0.15,-10.07,-12.38,19.23,1586.73
Tunisia,TUN,1/1/23,1.51,1510,123.77,0.03,2.03,2.46,1.51,123.77
Tunisia,TUN,2/1/23,1.35,1350,110.65,0.05,3.85,4.1,2.86,234.42
Tunisia,TUN,3/1/23,1.39,1390,113.93,-0.02,-1.42,-1.64,4.25,348.35
Tunisia,TUN,4/1/23,1.28,1280,104.91,-0.14,-9.86,-11.48,5.53,453.26
Tunisia,TUN,5/1/23,1.28,1280,104.91,-0.23,-15.23,-18.85,6.81,558.18
Tunisia,TUN,6/1/23,1.54,1540,126.23,-0.34,-18.09,-27.87,8.35,684.4
Tunisia,TUN,7/1/23,2.49,2490,204.09,0.32,14.75,26.23,10.84,888.5
Tunisia,TUN,8/1/23,2.18,2180,178.68,-0.02,-0.91,-1.64,13.02,1067.18
Tunisia,TUN,9/1/23,1.85,1850,151.63,0.01,0.54,0.82,14.87,1218.81
Tunisia,TUN,10/1/23,1.58,1580,129.5,0.17,12.06,13.93,16.45,1348.32
Tunisia,TUN,11/1/23,1.29,1290,105.73,0.02,1.57,1.64,17.74,1454.05
Tunisia,TUN,12/1/23,1.32,1320,108.19,-0.02,-1.49,-1.64,19.06,1562.24
Tunisia,TUN,1/1/24,1.39,1390,113.22,-0.12,-7.95,-9.77,1.39,113.22
Tunisia,TUN,2/1/24,1.24,1240,101,-0.11,-8.15,-8.96,2.63,214.22
Tunisia,TUN,3/1/24,1.38,1380,112.4,-0.01,-0.72,-0.81,4.01,326.62
Tunisia,TUN,4/1/24,1.29,1290,105.07,0.01,0.78,0.81,5.3,431.7
Tunisia,TUN,5/1/24,1.41,1410,114.85,0.13,10.16,10.59,6.71,546.55
Tunisia,TUN,6/1/24,1.71,1710,139.28,0.17,11.04,13.85,8.42,685.83
Tunisia,TUN,7/1/24,2.24,2240,182.45,-0.25,-10.04,-20.36,10.66,868.28
Tunisia,TUN,8/1/24,2.29,2290,186.53,0.11,5.05,8.96,12.95,1054.81
Tunisia,TUN,9/1/24,1.71,1710,139.28,-0.14,-7.57,-11.4,14.66,1194.09
Tunisia,TUN,10/1/24,1.4,1400,114.03,-0.18,-11.39,-14.66,16.06,1308.13
Tunisia,TUN,11/1/24,1.17,1170,95.3,-0.12,-9.3,-9.77,17.23,1403.43
Tunisia,TUN,12/1/24,1.37,1370,111.59,0.05,3.79,4.07,18.6,1515.02
Armenia,ARM,1/1/19,0.61,610,210.06,,,,0.61,210.06
Armenia,ARM,2/1/19,0.57,570,196.28,,,,1.18,406.34
Armenia,ARM,3/1/19,0.63,630,216.94,,,,1.81,623.28
Armenia,ARM,4/1/19,0.6,600,206.61,,,,2.41,829.9
Armenia,ARM,5/1/19,0.58,580,199.73,,,,2.99,1029.62
Armenia,ARM,6/1/19,0.64,640,220.39,,,,3.63,1250.01
Armenia,ARM,7/1/19,0.66,660,227.28,,,,4.29,1477.29
Armenia,ARM,8/1/19,0.71,710,244.49,,,,5,1721.78
Armenia,ARM,9/1/19,0.65,650,223.83,,,,5.65,1945.61
Armenia,ARM,10/1/19,0.61,610,210.06,,,,6.26,2155.67
Armenia,ARM,11/1/19,0.61,610,210.06,,,,6.87,2365.73
Armenia,ARM,12/1/19,0.76,760,261.71,,,,7.63,2627.44
Armenia,ARM,1/1/20,0.72,720,249.06,0.11,18.03,38.05,0.72,249.06
Armenia,ARM,2/1/20,0.73,730,252.52,0.16,28.07,55.35,1.45,501.58
Armenia,ARM,3/1/20,0.61,610,211.01,-0.02,-3.17,-6.92,2.06,712.58
Armenia,ARM,4/1/20,0.59,590,204.09,-0.01,-1.67,-3.46,2.65,916.67
Armenia,ARM,5/1/20,0.57,570,197.17,-0.01,-1.72,-3.46,3.22,1113.84
Armenia,ARM,6/1/20,0.56,560,193.71,-0.08,-12.5,-27.67,3.78,1307.56
Armenia,ARM,7/1/20,0.65,650,224.84,-0.01,-1.52,-3.46,4.43,1532.4
Armenia,ARM,8/1/20,0.66,660,228.3,-0.05,-7.04,-17.3,5.09,1760.7
Armenia,ARM,9/1/20,0.62,620,214.47,-0.03,-4.62,-10.38,5.71,1975.17
Armenia,ARM,10/1/20,0.61,610,211.01,0,0,0,6.32,2186.18
Armenia,ARM,11/1/20,0.64,640,221.39,0.03,4.92,10.38,6.96,2407.56
Armenia,ARM,12/1/20,0.73,730,252.52,-0.03,-3.95,-10.38,7.69,2660.08
Armenia,ARM,1/1/21,0.74,740,257.81,0.02,2.78,6.97,0.74,257.81
Armenia,ARM,2/1/21,0.62,620,216,-0.11,-15.07,-38.32,1.36,473.81
Armenia,ARM,3/1/21,0.72,720,250.84,0.11,18.03,38.32,2.08,724.65
Armenia,ARM,4/1/21,0.65,650,226.45,0.06,10.17,20.9,2.73,951.1
Armenia,ARM,5/1/21,0.55,550,191.61,-0.02,-3.51,-6.97,3.28,1142.72
Armenia,ARM,6/1/21,0.51,510,177.68,-0.05,-8.93,-17.42,3.79,1320.4
Armenia,ARM,7/1/21,0.63,630,219.49,-0.02,-3.08,-6.97,4.42,1539.88
Armenia,ARM,8/1/21,0.58,580,202.07,-0.08,-12.12,-27.87,5,1741.95
Armenia,ARM,9/1/21,0.55,550,191.61,-0.07,-11.29,-24.39,5.55,1933.56
Armenia,ARM,10/1/21,0.58,580,202.07,-0.03,-4.92,-10.45,6.13,2135.63
Armenia,ARM,11/1/21,0.69,690,240.39,0.05,7.81,17.42,6.82,2376.02
Armenia,ARM,12/1/21,0.82,820,285.68,0.09,12.33,31.36,7.64,2661.7
Armenia,ARM,1/1/22,0.82,820,284.64,0.08,10.81,27.77,0.82,284.64
Armenia,ARM,2/1/22,0.72,720,249.92,0.1,16.13,34.71,1.54,534.56
Armenia,ARM,3/1/22,0.75,750,260.34,0.03,4.17,10.41,2.29,794.9
Armenia,ARM,4/1/22,0.62,620,215.21,-0.03,-4.62,-10.41,2.91,1010.11
Armenia,ARM,5/1/22,0.62,620,215.21,0.07,12.73,24.3,3.53,1225.32
Armenia,ARM,6/1/22,0.69,690,239.51,0.18,35.29,62.48,4.22,1464.83
Armenia,ARM,7/1/22,0.73,730,253.39,0.1,15.87,34.71,4.95,1718.22
Armenia,ARM,8/1/22,0.75,750,260.34,0.17,29.31,59.01,5.7,1978.56
Armenia,ARM,9/1/22,0.66,660,229.1,0.11,20,38.18,6.36,2207.66
Armenia,ARM,10/1/22,0.68,680,236.04,0.1,17.24,34.71,7.04,2443.7
Armenia,ARM,11/1/22,0.73,730,253.39,0.04,5.8,13.88,7.77,2697.09
Armenia,ARM,12/1/22,0.84,840,291.58,0.02,2.44,6.94,8.61,2988.67
Armenia,ARM,1/1/23,0.84,840,285.39,0.02,2.44,6.79,0.84,285.39
Armenia,ARM,2/1/23,0.75,750,254.81,0.03,4.17,10.19,1.59,540.19
Armenia,ARM,3/1/23,0.68,680,231.03,-0.07,-9.33,-23.78,2.27,771.22
Armenia,ARM,4/1/23,0.63,630,214.04,0.01,1.61,3.4,2.9,985.26
Armenia,ARM,5/1/23,0.65,650,220.83,0.03,4.84,10.19,3.55,1206.09
Armenia,ARM,6/1/23,0.66,660,224.23,-0.03,-4.35,-10.19,4.21,1430.32
Armenia,ARM,7/1/23,0.64,640,217.44,-0.09,-12.33,-30.58,4.85,1647.76
Armenia,ARM,8/1/23,0.79,790,268.4,0.04,5.33,13.59,5.64,1916.16
Armenia,ARM,9/1/23,0.65,650,220.83,-0.01,-1.52,-3.4,6.29,2136.99
Armenia,ARM,10/1/23,0.6,600,203.85,-0.08,-11.76,-27.18,6.89,2340.84
Armenia,ARM,11/1/23,0.7,700,237.82,-0.03,-4.11,-10.19,7.59,2578.66
Armenia,ARM,12/1/23,0.8,800,271.8,-0.04,-4.76,-13.59,8.39,2850.45
Armenia,ARM,1/1/24,0.86,860,289.19,0.02,2.38,6.73,0.86,289.19
Armenia,ARM,2/1/24,0.83,830,279.1,0.08,10.67,26.9,1.69,568.29
Armenia,ARM,3/1/24,0.71,710,238.75,0.03,4.41,10.09,2.4,807.04
Armenia,ARM,4/1/24,0.66,660,221.94,0.03,4.76,10.09,3.06,1028.97
Armenia,ARM,5/1/24,0.67,670,225.3,0.02,3.08,6.73,3.73,1254.27
Armenia,ARM,6/1/24,0.67,670,225.3,0.01,1.52,3.36,4.4,1479.57
Armenia,ARM,7/1/24,0.79,790,265.65,0.15,23.44,50.44,5.19,1745.22
Armenia,ARM,8/1/24,0.79,790,265.65,0,0,0,5.98,2010.87
Armenia,ARM,9/1/24,0.61,610,205.12,-0.04,-6.15,-13.45,6.59,2215.99
Armenia,ARM,10/1/24,0.65,650,218.57,0.05,8.33,16.81,7.24,2434.56
Armenia,ARM,11/1/24,0.65,650,218.57,-0.05,-7.14,-16.81,7.89,2653.14
Armenia,ARM,12/1/24,0.86,860,289.19,0.06,7.5,20.18,8.75,2942.32
Armenia,ARM,1/1/25,0.81,810,274.36,-0.05,-5.81,-16.94,0.81,274.36
Armenia,ARM,2/1/25,0.81,810,274.36,-0.02,-2.41,-6.77,1.62,548.71
Armenia,ARM,3/1/25,0.79,790,267.58,0.08,11.27,27.1,2.41,816.3
Azerbaijan,AZE,1/1/19,2.14,2140,211.66,,,,2.14,211.66
Azerbaijan,AZE,2/1/19,1.96,1960,193.86,,,,4.1,405.52
Azerbaijan,AZE,3/1/19,2.1,2100,207.7,,,,6.2,613.22
Azerbaijan,AZE,4/1/19,1.85,1850,182.98,,,,8.05,796.2
Azerbaijan,AZE,5/1/19,1.72,1720,170.12,,,,9.77,966.32
Azerbaijan,AZE,6/1/19,1.93,1930,190.89,,,,11.7,1157.21
Azerbaijan,AZE,7/1/19,2.16,2160,213.64,,,,13.86,1370.85
Azerbaijan,AZE,8/1/19,2.17,2170,214.63,,,,16.03,1585.48
Azerbaijan,AZE,9/1/19,1.73,1730,171.11,,,,17.76,1756.59
Azerbaijan,AZE,10/1/19,1.77,1770,175.07,,,,19.53,1931.66
Azerbaijan,AZE,11/1/19,2.07,2070,204.74,,,,21.6,2136.39
Azerbaijan,AZE,12/1/19,2.36,2360,233.42,,,,23.96,2369.81
Azerbaijan,AZE,1/1/20,2.14,2140,210.18,0,0,0,2.14,210.18
Azerbaijan,AZE,2/1/20,2.13,2130,209.2,0.17,8.67,16.7,4.27,419.38
Azerbaijan,AZE,3/1/20,2.09,2090,205.27,-0.01,-0.48,-0.98,6.36,624.65
Azerbaijan,AZE,4/1/20,1.71,1710,167.95,-0.14,-7.57,-13.75,8.07,792.6
Azerbaijan,AZE,5/1/20,1.7,1700,166.97,-0.02,-1.16,-1.96,9.77,959.56
Azerbaijan,AZE,6/1/20,1.95,1950,191.52,0.02,1.04,1.96,11.72,1151.08
Azerbaijan,AZE,7/1/20,2.2,2200,216.07,0.04,1.85,3.93,13.92,1367.16
Azerbaijan,AZE,8/1/20,1.96,1960,192.5,-0.21,-9.68,-20.63,15.88,1559.66
Azerbaijan,AZE,9/1/20,1.71,1710,167.95,-0.02,-1.16,-1.96,17.59,1727.61
Azerbaijan,AZE,10/1/20,1.69,1690,165.98,-0.08,-4.52,-7.86,19.28,1893.59
Azerbaijan,AZE,11/1/20,1.92,1920,188.57,-0.15,-7.25,-14.73,21.2,2082.17
Azerbaijan,AZE,12/1/20,2.18,2180,214.11,-0.18,-7.63,-17.68,23.38,2296.28
Azerbaijan,AZE,1/1/21,2.17,2170,212.03,0.03,1.4,2.93,2.17,212.03
Azerbaijan,AZE,2/1/21,2,2000,195.42,-0.13,-6.1,-12.7,4.17,407.45
Azerbaijan,AZE,3/1/21,2.16,2160,211.05,0.07,3.35,6.84,6.33,618.5
Azerbaijan,AZE,4/1/21,1.83,1830,178.81,0.12,7.02,11.73,8.16,797.31
Azerbaijan,AZE,5/1/21,1.79,1790,174.9,0.09,5.29,8.79,9.95,972.21
Azerbaijan,AZE,6/1/21,2.09,2090,204.21,0.14,7.18,13.68,12.04,1176.42
Azerbaijan,AZE,7/1/21,2.46,2460,240.37,0.26,11.82,25.4,14.5,1416.79
Azerbaijan,AZE,8/1/21,2.56,2560,250.14,0.6,30.61,58.63,17.06,1666.93
Azerbaijan,AZE,9/1/21,1.86,1860,181.74,0.15,8.77,14.66,18.92,1848.67
Azerbaijan,AZE,10/1/21,1.97,1970,192.49,0.28,16.57,27.36,20.89,2041.16
Azerbaijan,AZE,11/1/21,2.22,2220,216.92,0.3,15.63,29.31,23.11,2258.07
Azerbaijan,AZE,12/1/21,2.2,2200,214.96,0.02,0.92,1.95,25.31,2473.03
Azerbaijan,AZE,1/1/22,2.13,2130,206.89,-0.04,-1.84,-3.89,2.13,206.89
Azerbaijan,AZE,2/1/22,1.91,1910,185.52,-0.09,-4.5,-8.74,4.04,392.41
Azerbaijan,AZE,3/1/22,2.11,2110,204.95,-0.05,-2.31,-4.86,6.15,597.36
Azerbaijan,AZE,4/1/22,1.86,1860,180.66,0.03,1.64,2.91,8.01,778.02
Azerbaijan,AZE,5/1/22,1.82,1820,176.78,0.03,1.68,2.91,9.83,954.8
Azerbaijan,AZE,6/1/22,2.02,2020,196.21,-0.07,-3.35,-6.8,11.85,1151.01
Azerbaijan,AZE,7/1/22,2.24,2240,217.58,-0.22,-8.94,-21.37,14.09,1368.59
Azerbaijan,AZE,8/1/22,2.28,2280,221.46,-0.28,-10.94,-27.2,16.37,1590.05
Azerbaijan,AZE,9/1/22,1.85,1850,179.69,-0.01,-0.54,-0.97,18.22,1769.74
Azerbaijan,AZE,10/1/22,1.78,1780,172.89,-0.19,-9.64,-18.46,20,1942.63
Azerbaijan,AZE,11/1/22,1.87,1870,181.64,-0.35,-15.77,-34,21.87,2124.27
Azerbaijan,AZE,12/1/22,2.08,2080,202.03,-0.12,-5.45,-11.66,23.95,2326.3
Azerbaijan,AZE,1/1/23,2.06,2060,199.65,-0.07,-3.29,-6.78,2.06,199.65
Azerbaijan,AZE,2/1/23,1.9,1900,184.14,-0.01,-0.52,-0.97,3.96,383.79
Azerbaijan,AZE,3/1/23,1.98,1980,191.89,-0.13,-6.16,-12.6,5.94,575.68
Azerbaijan,AZE,4/1/23,1.9,1900,184.14,0.04,2.15,3.88,7.84,759.82
Azerbaijan,AZE,5/1/23,1.84,1840,178.33,0.02,1.1,1.94,9.68,938.15
Azerbaijan,AZE,6/1/23,1.92,1920,186.08,-0.1,-4.95,-9.69,11.6,1124.23
Azerbaijan,AZE,7/1/23,2.25,2250,218.06,0.01,0.45,0.97,13.85,1342.29
Azerbaijan,AZE,8/1/23,2.49,2490,241.32,0.21,9.21,20.35,16.34,1583.61
Azerbaijan,AZE,9/1/23,1.82,1820,176.39,-0.03,-1.62,-2.91,18.16,1760
Azerbaijan,AZE,10/1/23,1.8,1800,174.45,0.02,1.12,1.94,19.96,1934.45
Azerbaijan,AZE,11/1/23,1.87,1870,181.23,0,0,0,21.83,2115.68
Azerbaijan,AZE,12/1/23,2.1,2100,203.52,0.02,0.96,1.94,23.93,2319.2
Azerbaijan,AZE,1/1/24,2.15,2150,208,0.09,4.37,8.71,2.15,208
Azerbaijan,AZE,2/1/24,2,2000,193.49,0.1,5.26,9.67,4.15,401.49
Azerbaijan,AZE,3/1/24,2,2000,193.49,0.02,1.01,1.93,6.15,594.97
Azerbaijan,AZE,4/1/24,1.84,1840,178.01,-0.06,-3.16,-5.8,7.99,772.98
Azerbaijan,AZE,5/1/24,1.76,1760,170.27,-0.08,-4.35,-7.74,9.75,943.25
Azerbaijan,AZE,6/1/24,2.07,2070,200.26,0.15,7.81,14.51,11.82,1143.51
Azerbaijan,AZE,7/1/24,2.79,2790,269.91,0.54,24,52.24,14.61,1413.42
Azerbaijan,AZE,8/1/24,2.07,2070,200.26,-0.42,-16.87,-40.63,16.68,1613.68
Azerbaijan,AZE,9/1/24,2.13,2130,206.06,0.31,17.03,29.99,18.81,1819.75
Azerbaijan,AZE,10/1/24,1.88,1880,181.88,0.08,4.44,7.74,20.69,2001.63
Azerbaijan,AZE,11/1/24,1.91,1910,184.78,0.04,2.14,3.87,22.6,2186.41
Azerbaijan,AZE,12/1/24,2.15,2150,208,0.05,2.38,4.84,24.75,2394.4
Azerbaijan,AZE,1/1/25,2.06,2060,198.12,-0.09,-4.19,-8.66,2.06,198.12
Azerbaijan,AZE,2/1/25,2.1,2100,201.97,0.1,5,9.62,4.16,400.09
Azerbaijan,AZE,3/1/25,2.11,2110,202.93,0.11,5.5,10.58,6.27,603.02
Bangladesh,BGD,1/1/19,4.86,4860,29.47,,,,4.86,29.47
Bangladesh,BGD,2/1/19,4.61,4610,27.95,,,,9.47,57.42
Bangladesh,BGD,3/1/19,5.88,5880,35.66,,,,15.35,93.08
Bangladesh,BGD,4/1/19,6.22,6220,37.72,,,,21.57,130.8
Bangladesh,BGD,5/1/19,7.2,7200,43.66,,,,28.77,174.46
Bangladesh,BGD,6/1/19,6.88,6880,41.72,,,,35.65,216.17
Bangladesh,BGD,7/1/19,7.32,7320,44.39,,,,42.97,260.56
Bangladesh,BGD,8/1/19,7.33,7330,44.45,,,,50.3,305.01
Bangladesh,BGD,9/1/19,7.45,7450,45.18,,,,57.75,350.18
Bangladesh,BGD,10/1/19,6.55,6550,39.72,,,,64.3,389.9
Bangladesh,BGD,11/1/19,5.27,5270,31.96,,,,69.57,421.86
Bangladesh,BGD,12/1/19,4.87,4870,29.53,,,,74.44,451.39
Bangladesh,BGD,1/1/20,5.08,5080,30.55,0.22,4.53,1.32,5.08,30.55
Bangladesh,BGD,2/1/20,5.08,5080,30.55,0.47,10.2,2.83,10.16,61.1
Bangladesh,BGD,3/1/20,5.93,5930,35.66,0.05,0.85,0.3,16.09,96.75
Bangladesh,BGD,4/1/20,5.23,5230,31.45,-0.99,-15.92,-5.95,21.32,128.2
Bangladesh,BGD,5/1/20,5.93,5930,35.66,-1.27,-17.64,-7.64,27.25,163.86
Bangladesh,BGD,6/1/20,6.83,6830,41.07,-0.05,-0.73,-0.3,34.08,204.93
Bangladesh,BGD,7/1/20,7.42,7420,44.62,0.1,1.37,0.6,41.5,249.55
Bangladesh,BGD,8/1/20,7.42,7420,44.62,0.09,1.23,0.54,48.92,294.17
Bangladesh,BGD,9/1/20,7.45,7450,44.8,0,0,0,56.37,338.97
Bangladesh,BGD,10/1/20,7.5,7500,45.1,0.95,14.5,5.71,63.87,384.07
Bangladesh,BGD,11/1/20,5.55,5550,33.37,0.28,5.31,1.68,69.42,417.44
Bangladesh,BGD,12/1/20,5.2,5200,31.27,0.33,6.78,1.98,74.62,448.71
Bangladesh,BGD,1/1/21,5.44,5440,32.45,0.36,7.09,2.15,5.44,32.45
Bangladesh,BGD,2/1/21,5.21,5210,31.07,0.13,2.56,0.78,10.65,63.52
Bangladesh,BGD,3/1/21,6.49,6490,38.71,0.56,9.44,3.34,17.14,102.23
Bangladesh,BGD,4/1/21,7.91,7910,47.18,2.68,51.24,15.98,25.05,149.41
Bangladesh,BGD,5/1/21,7.55,7550,45.03,1.62,27.32,9.66,32.6,194.44
Bangladesh,BGD,6/1/21,7.58,7580,45.21,0.75,10.98,4.47,40.18,239.65
Bangladesh,BGD,7/1/21,7.48,7480,44.61,0.06,0.81,0.36,47.66,284.27
Bangladesh,BGD,8/1/21,8.18,8180,48.79,0.76,10.24,4.53,55.84,333.06
Bangladesh,BGD,9/1/21,8.13,8130,48.49,0.68,9.13,4.06,63.97,381.55
Bangladesh,BGD,10/1/21,7.87,7870,46.94,0.37,4.93,2.21,71.84,428.49
Bangladesh,BGD,11/1/21,5.84,5840,34.83,0.29,5.23,1.73,77.68,463.32
Bangladesh,BGD,12/1/21,5.52,5520,32.92,0.32,6.15,1.91,83.2,496.25
Bangladesh,BGD,1/1/22,5.83,5830,34.42,0.39,7.17,2.3,5.83,34.42
Bangladesh,BGD,2/1/22,5.34,5340,31.53,0.13,2.5,0.77,11.17,65.94
Bangladesh,BGD,3/1/22,7.75,7750,45.75,1.26,19.41,7.44,18.92,111.7
Bangladesh,BGD,4/1/22,8.69,8690,51.3,0.78,9.86,4.6,27.61,163
Bangladesh,BGD,5/1/22,7.82,7820,46.17,0.27,3.58,1.59,35.43,209.17
Bangladesh,BGD,6/1/22,8.37,8370,49.41,0.79,10.42,4.66,43.8,258.58
Bangladesh,BGD,7/1/22,8.5,8500,50.18,1.02,13.64,6.02,52.3,308.76
Bangladesh,BGD,8/1/22,8.71,8710,51.42,0.53,6.48,3.13,61.01,360.19
Bangladesh,BGD,9/1/22,8.43,8430,49.77,0.3,3.69,1.77,69.44,409.95
Bangladesh,BGD,10/1/22,7.48,7480,44.16,-0.39,-4.96,-2.3,76.92,454.11
Bangladesh,BGD,11/1/22,6.35,6350,37.49,0.51,8.73,3.01,83.27,491.6
Bangladesh,BGD,12/1/22,5.63,5630,33.24,0.11,1.99,0.65,88.9,524.84
Bangladesh,BGD,1/1/23,6.57,6570,38.32,0.74,12.69,4.32,6.57,38.32
Bangladesh,BGD,2/1/23,6.56,6560,38.26,1.22,22.85,7.12,13.13,76.57
Bangladesh,BGD,3/1/23,7.76,7760,45.26,0.01,0.13,0.06,20.89,121.83
Bangladesh,BGD,4/1/23,8.38,8380,48.87,-0.31,-3.57,-1.81,29.27,170.7
Bangladesh,BGD,5/1/23,8.51,8510,49.63,0.69,8.82,4.02,37.78,220.33
Bangladesh,BGD,6/1/23,8.22,8220,47.94,-0.15,-1.79,-0.87,46,268.27
Bangladesh,BGD,7/1/23,9.28,9280,54.12,0.78,9.18,4.55,55.28,322.39
Bangladesh,BGD,8/1/23,9.95,9950,58.03,1.24,14.24,7.23,65.23,380.42
Bangladesh,BGD,9/1/23,9.77,9770,56.98,1.34,15.9,7.81,75,437.4
Bangladesh,BGD,10/1/23,9.12,9120,53.19,1.64,21.93,9.56,84.12,490.59
Bangladesh,BGD,11/1/23,7.42,7420,43.27,1.07,16.85,6.24,91.54,533.86
Bangladesh,BGD,12/1/23,5.58,5580,32.54,-0.05,-0.89,-0.29,97.12,566.41
Bangladesh,BGD,1/1/24,7.09,7090,40.85,0.52,7.91,3,7.09,40.85
Bangladesh,BGD,2/1/24,7.12,7120,41.02,0.56,8.54,3.23,14.21,81.87
Bangladesh,BGD,3/1/24,8.52,8520,49.09,0.76,9.79,4.38,22.73,130.96
Bangladesh,BGD,4/1/24,9.98,9980,57.5,1.6,19.09,9.22,32.71,188.46
Bangladesh,BGD,5/1/24,10.2,10200,58.77,1.69,19.86,9.74,42.91,247.23
Bangladesh,BGD,6/1/24,10,10000,57.62,1.78,21.65,10.26,52.91,304.85
Bangladesh,BGD,7/1/24,9.67,9670,55.71,0.39,4.2,2.25,62.58,360.56
Bangladesh,BGD,8/1/24,9.19,9190,52.95,-0.76,-7.64,-4.38,71.77,413.51
Bangladesh,BGD,9/1/24,9.24,9240,53.24,-0.53,-5.42,-3.05,81.01,466.75
Bangladesh,BGD,10/1/24,8.89,8890,51.22,-0.23,-2.52,-1.33,89.9,517.97
Bangladesh,BGD,11/1/24,8.09,8090,46.61,0.67,9.03,3.86,97.99,564.58
Bangladesh,BGD,12/1/24,7.08,7080,40.79,1.5,26.88,8.64,105.07,605.37
Bangladesh,BGD,1/1/25,7.77,7770,44.23,0.68,9.59,3.87,7.77,44.23
Bangladesh,BGD,2/1/25,7.82,7820,44.51,0.7,9.83,3.98,15.59,88.74
Bangladesh,BGD,3/1/25,9.29,9290,52.88,0.77,9.04,4.38,24.88,141.62
Bangladesh,BGD,4/1/25,9.56,9560,54.41,-0.42,-4.21,-2.39,34.44,196.03
Bangladesh,BGD,5/1/25,9.47,9470,53.9,-0.73,-7.16,-4.16,43.91,249.93
Bangladesh,BGD,6/1/25,9.4,9400,53.5,-0.6,-6,-3.42,53.31,303.44
China,CHN,1/1/15,431.9,431900,309.36,,,,431.9,309.36
China,CHN,2/1/15,431.24,431240,308.88,,,,863.14,618.24
China,CHN,3/1/15,456.71,456710,327.13,,,,1319.85,945.36
China,CHN,4/1/15,449.55,449550,322,,,,1769.4,1267.36
China,CHN,5/1/15,461.01,461010,330.21,,,,2230.41,1597.57
China,CHN,6/1/15,477.83,477830,342.25,,,,2708.24,1939.82
China,CHN,7/1/15,509.78,509780,365.14,,,,3218.02,2304.96
China,CHN,8/1/15,517.17,517170,370.43,,,,3735.19,2675.39
China,CHN,9/1/15,457.15,457150,327.44,,,,4192.34,3002.83
China,CHN,10/1/15,448.72,448720,321.4,,,,4641.06,3324.23
China,CHN,11/1/15,467.65,467650,334.96,,,,5108.71,3659.19
China,CHN,12/1/15,496.49,496490,355.62,,,,5605.2,4014.81
China,CHN,1/1/16,438.7,438700,312.45,6.8,1.57,4.84,438.7,312.45
China,CHN,2/1/16,438.74,438740,312.48,7.5,1.74,5.34,877.44,624.94
China,CHN,3/1/16,483.49,483490,344.35,26.78,5.86,19.07,1360.93,969.29
China,CHN,4/1/16,453.7,453700,323.14,4.15,0.92,2.96,1814.63,1292.43
China,CHN,5/1/16,473.59,473590,337.3,12.58,2.73,8.96,2288.22,1629.73
China,CHN,6/1/16,497.11,497110,354.05,19.28,4.03,13.73,2785.33,1983.78
China,CHN,7/1/16,558.88,558880,398.05,49.1,9.63,34.97,3344.21,2381.83
China,CHN,8/1/16,569.7,569700,405.75,52.53,10.16,37.41,3913.91,2787.59
China,CHN,9/1/16,497.63,497630,354.42,40.48,8.85,28.83,4411.54,3142.01
China,CHN,10/1/16,494.85,494850,352.44,46.13,10.28,32.85,4906.39,3494.46
China,CHN,11/1/16,511.28,511280,364.15,43.63,9.33,31.07,5417.67,3858.6
China,CHN,12/1/16,540.75,540750,385.14,44.26,8.91,31.52,5958.42,4243.74
China,CHN,1/1/17,473.62,473620,335.34,34.92,7.96,24.72,473.62,335.34
China,CHN,2/1/17,473.17,473170,335.02,34.43,7.85,24.38,946.79,670.36
China,CHN,3/1/17,520.42,520420,368.48,36.93,7.64,26.15,1467.21,1038.84
China,CHN,4/1/17,482.27,482270,341.47,28.57,6.3,20.23,1949.48,1380.31
China,CHN,5/1/17,500.95,500950,354.69,27.36,5.78,19.37,2450.43,1735
China,CHN,6/1/17,524.56,524560,371.41,27.45,5.52,19.44,2974.99,2106.41
China,CHN,7/1/17,609.93,609930,431.85,51.05,9.13,36.15,3584.92,2538.27
China,CHN,8/1/17,601.8,601800,426.1,32.1,5.63,22.73,4186.72,2964.36
China,CHN,9/1/17,529.44,529440,374.86,31.81,6.39,22.52,4716.16,3339.23
China,CHN,10/1/17,514.46,514460,364.26,19.61,3.96,13.88,5230.62,3703.49
China,CHN,11/1/17,541.91,541910,383.69,30.63,5.99,21.69,5772.53,4087.18
China,CHN,12/1/17,589.8,589800,417.6,49.05,9.07,34.73,6362.33,4504.78
China,CHN,1/1/18,536.24,536240,377.9,62.62,13.22,44.13,536.24,377.9
China,CHN,2/1/18,536.46,536460,378.05,63.29,13.38,44.6,1072.7,755.95
China,CHN,3/1/18,546.2,546200,384.92,25.78,4.95,18.17,1618.9,1140.87
China,CHN,4/1/18,533.7,533700,376.11,51.43,10.66,36.24,2152.6,1516.97
China,CHN,5/1/18,567.4,567400,399.86,66.45,13.26,46.83,2720,1916.83
China,CHN,6/1/18,577.3,577300,406.83,52.74,10.05,37.17,3297.3,2323.66
China,CHN,7/1/18,662.33,662330,466.75,52.4,8.59,36.93,3959.63,2790.42
China,CHN,8/1/18,665.32,665320,468.86,63.52,10.56,44.76,4624.95,3259.28
China,CHN,9/1/18,572.61,572610,403.53,43.17,8.15,30.42,5197.56,3662.81
China,CHN,10/1/18,558.16,558160,393.34,43.7,8.49,30.8,5755.72,4056.15
China,CHN,11/1/18,573.78,573780,404.35,31.87,5.88,22.46,6329.5,4460.5
China,CHN,12/1/18,639.76,639760,450.85,49.96,8.47,35.21,6969.26,4911.35
China,CHN,1/1/19,565.83,565830,397.49,29.59,5.52,20.79,565.83,397.49
China,CHN,2/1/19,563.93,563930,396.15,27.47,5.12,19.3,1129.76,793.64
China,CHN,3/1/19,588.08,588080,413.12,41.88,7.67,29.42,1717.84,1206.76
China,CHN,4/1/19,563.08,563080,395.55,29.38,5.5,20.64,2280.92,1602.31
China,CHN,5/1/19,579.16,579160,406.85,11.76,2.07,8.26,2860.08,2009.16
China,CHN,6/1/19,601.26,601260,422.38,23.96,4.15,16.83,3461.34,2431.54
China,CHN,7/1/19,677.57,677570,475.98,15.24,2.3,10.71,4138.91,2907.52
China,CHN,8/1/19,687.89,687890,483.23,22.57,3.39,15.86,4826.8,3390.75
China,CHN,9/1/19,609.62,609620,428.25,37.01,6.46,26,5436.42,3819
China,CHN,10/1/19,593.02,593020,416.59,34.86,6.25,24.49,6029.44,4235.59
China,CHN,11/1/19,610.76,610760,429.05,36.98,6.44,25.98,6640.2,4664.63
China,CHN,12/1/19,675.9,675900,474.81,36.14,5.65,25.39,7316.1,5139.44
China,CHN,1/1/20,527.46,527460,369.86,-38.37,-6.78,-26.91,527.46,369.86
China,CHN,2/1/20,526.79,526790,369.39,-37.14,-6.59,-26.04,1054.25,739.25
China,CHN,3/1/20,568.74,568740,398.81,-19.34,-3.29,-13.56,1622.99,1138.05
China,CHN,4/1/20,571.17,571170,400.51,8.09,1.44,5.67,2194.16,1538.56
China,CHN,5/1/20,610.14,610140,427.84,30.98,5.35,21.72,2804.3,1966.4
China,CHN,6/1/20,648.28,648280,454.58,47.02,7.82,32.97,3452.58,2420.98
China,CHN,7/1/20,702.57,702570,492.65,25,3.69,17.53,4155.15,2913.63
China,CHN,8/1/20,748.65,748650,524.96,60.76,8.83,42.61,4903.8,3438.58
China,CHN,9/1/20,655.02,655020,459.31,45.4,7.45,31.83,5558.82,3897.89
China,CHN,10/1/20,631.7,631700,442.95,38.68,6.52,27.12,6190.52,4340.84
China,CHN,11/1/20,662.93,662930,464.85,52.17,8.54,36.58,6853.45,4805.7
China,CHN,12/1/20,750.01,750010,525.91,74.11,10.96,51.97,7603.46,5331.61
China,CHN,1/1/21,644.37,644370,451.73,116.91,22.16,81.96,644.37,451.73
China,CHN,2/1/21,644.35,644350,451.72,117.56,22.32,82.41,1288.72,903.45
China,CHN,3/1/21,682.81,682810,478.68,114.07,20.06,79.97,1971.53,1382.13
China,CHN,4/1/21,649.31,649310,455.2,78.14,13.68,54.78,2620.84,1837.33
China,CHN,5/1/21,678.68,678680,475.79,68.54,11.23,48.05,3299.52,2313.12
China,CHN,6/1/21,711.76,711760,498.98,63.48,9.79,44.5,4011.28,2812.09
China,CHN,7/1/21,784.7,784700,550.11,82.13,11.69,57.58,4795.98,3362.2
China,CHN,8/1/21,764.58,764580,536.01,15.93,2.13,11.17,5560.56,3898.21
China,CHN,9/1/21,698.7,698700,489.82,43.68,6.67,30.62,6259.26,4388.03
China,CHN,10/1/21,665.44,665440,466.5,33.74,5.34,23.65,6924.7,4854.53
China,CHN,11/1/21,679.85,679850,476.61,16.92,2.55,11.86,7604.55,5331.14
China,CHN,12/1/21,748.15,748150,524.49,-1.86,-0.25,-1.3,8352.7,5855.63
China,CHN,1/1/22,680.56,680560,477.53,36.19,5.62,25.39,680.56,477.53
China,CHN,2/1/22,679.62,679620,476.87,35.27,5.47,24.75,1360.18,954.39
China,CHN,3/1/22,695.87,695870,488.27,13.06,1.91,9.16,2056.05,1442.66
China,CHN,4/1/22,639.27,639270,448.55,-10.04,-1.55,-7.04,2695.32,1891.21
China,CHN,5/1/22,673,673000,472.22,-5.68,-0.84,-3.99,3368.32,2363.43
China,CHN,6/1/22,739.41,739410,518.82,27.65,3.88,19.4,4107.73,2882.25
China,CHN,7/1/22,835.9,835900,586.52,51.2,6.52,35.93,4943.63,3468.78
China,CHN,8/1/22,855.16,855160,600.04,90.58,11.85,63.56,5798.79,4068.81
China,CHN,9/1/22,710.57,710570,498.58,11.87,1.7,8.33,6509.36,4567.39
China,CHN,10/1/22,688.99,688990,483.44,23.55,3.54,16.52,7198.35,5050.84
China,CHN,11/1/22,691.44,691440,485.16,11.59,1.7,8.13,7889.79,5536
China,CHN,12/1/22,785.56,785560,551.2,37.41,5,26.25,8675.35,6087.2
China,CHN,1/1/23,702.83,702830,494.05,22.27,3.27,15.65,702.83,494.05
China,CHN,2/1/23,701.14,701140,492.87,21.52,3.17,15.13,1403.97,986.92
China,CHN,3/1/23,746.58,746580,524.81,50.71,7.29,35.65,2150.55,1511.73
China,CHN,4/1/23,691.32,691320,485.96,52.05,8.14,36.59,2841.87,1997.69
China,CHN,5/1/23,726.04,726040,510.37,53.04,7.88,37.28,3567.91,2508.06
China,CHN,6/1/23,777.47,777470,546.52,38.06,5.15,26.75,4345.38,3054.58
China,CHN,7/1/23,886.53,886530,623.18,50.63,6.06,35.59,5231.91,3677.76
China,CHN,8/1/23,883.88,883880,621.32,28.72,3.36,20.19,6115.79,4299.08
China,CHN,9/1/23,782.28,782280,549.9,71.71,10.09,50.41,6898.07,4848.99
China,CHN,10/1/23,744.75,744750,523.52,55.76,8.09,39.2,7642.82,5372.51
China,CHN,11/1/23,774.46,774460,544.41,83.02,12.01,58.36,8417.28,5916.91
China,CHN,12/1/23,867.91,867910,610.1,82.35,10.48,57.89,9285.19,6527.01
China,CHN,1/1/24,778.79,778790,548.71,75.96,10.81,53.52,778.79,548.71
China,CHN,2/1/24,774.8,774800,545.9,73.66,10.51,51.9,1553.59,1094.6
China,CHN,3/1/24,789.33,789330,556.13,42.75,5.73,30.12,2342.92,1650.73
China,CHN,4/1/24,734.92,734920,517.8,43.6,6.31,30.72,3077.84,2168.53
China,CHN,5/1/24,772.07,772070,543.97,46.03,6.34,32.43,3849.91,2712.5
China,CHN,6/1/24,821.33,821330,578.68,43.86,5.64,30.9,4671.24,3291.18
China,CHN,7/1/24,938.52,938520,661.25,51.99,5.86,36.63,5609.76,3952.43
China,CHN,8/1/24,964.93,964930,679.85,81.05,9.17,57.1,6574.69,4632.28
China,CHN,9/1/24,851.73,851730,600.1,69.45,8.88,48.93,7426.42,5232.38
China,CHN,10/1/24,778.88,778880,548.77,34.13,4.58,24.05,8205.3,5781.15
China,CHN,11/1/24,792.82,792820,558.59,18.36,2.37,12.94,8998.12,6339.74
China,CHN,12/1/24,890.51,890510,627.42,22.6,2.6,15.92,9888.63,6967.16
China,CHN,1/1/25,791.3,791300,558.79,12.51,1.61,8.83,791.3,558.79
China,CHN,2/1/25,790.76,790760,558.41,15.96,2.06,11.27,1582.06,1117.2
China,CHN,3/1/25,832.66,832660,588,43.33,5.49,30.6,2414.72,1705.19
China,CHN,4/1/25,774.55,774550,546.96,39.63,5.39,27.99,3189.27,2252.15
China,CHN,5/1/25,808.6,808600,571,36.53,4.73,25.8,3997.87,2823.16
China,CHN,6/1/25,872.86,872860,616.38,51.53,6.27,36.39,4870.73,3439.54
Georgia,GEO,1/1/10,0.83,830,213.04,,,,0.83,213.04
Georgia,GEO,2/1/10,0.75,750,192.51,,,,1.58,405.55
Georgia,GEO,3/1/10,0.81,810,207.91,,,,2.39,613.46
Georgia,GEO,4/1/10,0.71,710,182.24,,,,3.1,795.7
Georgia,GEO,5/1/10,0.67,670,171.97,,,,3.77,967.68
Georgia,GEO,6/1/10,0.63,630,161.71,,,,4.4,1129.39
Georgia,GEO,7/1/10,0.69,690,177.11,,,,5.09,1306.49
Georgia,GEO,8/1/10,0.65,650,166.84,,,,5.74,1473.34
Georgia,GEO,9/1/10,0.66,660,169.41,,,,6.4,1642.74
Georgia,GEO,10/1/10,0.7,700,179.68,,,,7.1,1822.42
Georgia,GEO,11/1/10,0.77,770,197.64,,,,7.87,2020.06
Georgia,GEO,12/1/10,0.85,850,218.18,,,,8.72,2238.24
Georgia,GEO,1/1/11,0.92,920,237.8,0.09,10.84,23.26,0.92,237.8
Georgia,GEO,2/1/11,0.85,850,219.71,0.1,13.33,25.85,1.77,457.52
Georgia,GEO,3/1/11,0.87,870,224.88,0.06,7.41,15.51,2.64,682.4
Georgia,GEO,4/1/11,0.8,800,206.79,0.09,12.68,23.26,3.44,889.18
Georgia,GEO,5/1/11,0.72,720,186.11,0.05,7.46,12.92,4.16,1075.29
Georgia,GEO,6/1/11,0.68,680,175.77,0.05,7.94,12.92,4.84,1251.06
Georgia,GEO,7/1/11,0.73,730,188.69,0.04,5.8,10.34,5.57,1439.75
Georgia,GEO,8/1/11,0.73,730,188.69,0.08,12.31,20.68,6.3,1628.45
Georgia,GEO,9/1/11,0.69,690,178.35,0.03,4.55,7.75,6.99,1806.8
Georgia,GEO,10/1/11,0.77,770,199.03,0.07,10,18.09,7.76,2005.83
Georgia,GEO,11/1/11,0.9,900,232.64,0.13,16.88,33.6,8.66,2238.47
Georgia,GEO,12/1/11,0.96,960,248.14,0.11,12.94,28.43,9.62,2486.61
Georgia,GEO,1/1/12,0.96,960,250.05,0.04,4.35,10.42,0.96,250.05
Georgia,GEO,2/1/12,0.91,910,237.03,0.06,7.06,15.63,1.87,487.08
Georgia,GEO,3/1/12,0.96,960,250.05,0.09,10.34,23.44,2.83,737.13
Georgia,GEO,4/1/12,0.72,720,187.54,-0.08,-10,-20.84,3.55,924.67
Georgia,GEO,5/1/12,0.7,700,182.33,-0.02,-2.78,-5.21,4.25,1107
Georgia,GEO,6/1/12,0.73,730,190.14,0.05,7.35,13.02,4.98,1297.14
Georgia,GEO,7/1/12,0.78,780,203.17,0.05,6.85,13.02,5.76,1500.31
Georgia,GEO,8/1/12,0.77,770,200.56,0.04,5.48,10.42,6.53,1700.87
Georgia,GEO,9/1/12,0.73,730,190.14,0.04,5.8,10.42,7.26,1891.01
Georgia,GEO,10/1/12,0.76,760,197.96,-0.01,-1.3,-2.6,8.02,2088.97
Georgia,GEO,11/1/12,0.81,810,210.98,-0.09,-10,-23.44,8.83,2299.95
Georgia,GEO,12/1/12,0.95,950,247.45,-0.01,-1.04,-2.6,9.78,2547.4
Georgia,GEO,1/1/13,0.99,990,259.9,0.03,3.13,7.88,0.99,259.9
Georgia,GEO,2/1/13,0.83,830,217.9,-0.08,-8.79,-21,1.82,477.8
Georgia,GEO,3/1/13,0.9,900,236.28,-0.06,-6.25,-15.75,2.72,714.08
Georgia,GEO,4/1/13,0.8,800,210.02,0.08,11.11,21,3.52,924.1
Georgia,GEO,5/1/13,0.71,710,186.39,0.01,1.43,2.63,4.23,1110.49
Georgia,GEO,6/1/13,0.74,740,194.27,0.01,1.37,2.63,4.97,1304.76
Georgia,GEO,7/1/13,0.82,820,215.27,0.04,5.13,10.5,5.79,1520.04
Georgia,GEO,8/1/13,0.81,810,212.65,0.04,5.19,10.5,6.6,1732.68
Georgia,GEO,9/1/13,0.75,750,196.9,0.02,2.74,5.25,7.35,1929.58
Georgia,GEO,10/1/13,0.84,840,220.52,0.08,10.53,21,8.19,2150.1
Georgia,GEO,11/1/13,0.84,840,220.52,0.03,3.7,7.88,9.03,2370.63
Georgia,GEO,12/1/13,1.04,1040,273.03,0.09,9.47,23.63,10.07,2643.66
Georgia,GEO,1/1/14,1.02,1020,268.92,0.03,3.03,7.91,1.02,268.92
Georgia,GEO,2/1/14,0.9,900,237.28,0.07,8.43,18.46,1.92,506.21
Georgia,GEO,3/1/14,0.91,910,239.92,0.01,1.11,2.64,2.83,746.13
Georgia,GEO,4/1/14,0.82,820,216.19,0.02,2.5,5.27,3.65,962.32
Georgia,GEO,5/1/14,0.8,800,210.92,0.09,12.68,23.73,4.45,1173.24
Georgia,GEO,6/1/14,0.78,780,205.65,0.04,5.41,10.55,5.23,1378.88
Georgia,GEO,7/1/14,0.85,850,224.1,0.03,3.66,7.91,6.08,1602.99
Georgia,GEO,8/1/14,0.9,900,237.28,0.09,11.11,23.73,6.98,1840.27
Georgia,GEO,9/1/14,0.81,810,213.56,0.06,8,15.82,7.79,2053.83
Georgia,GEO,10/1/14,0.85,850,224.1,0.01,1.19,2.64,8.64,2277.93
Georgia,GEO,11/1/14,0.95,950,250.47,0.11,13.1,29,9.59,2528.4
Georgia,GEO,12/1/14,1.04,1040,274.2,0,0,0,10.63,2802.59
Georgia,GEO,1/1/15,1.06,1060,279.57,0.04,3.92,10.55,1.06,279.57
Georgia,GEO,2/1/15,0.91,910,240.01,0.01,1.11,2.64,1.97,519.57
Georgia,GEO,3/1/15,0.98,980,258.47,0.07,7.69,18.46,2.95,778.04
Georgia,GEO,4/1/15,0.9,900,237.37,0.08,9.76,21.1,3.85,1015.41
Georgia,GEO,5/1/15,0.86,860,226.82,0.06,7.5,15.82,4.71,1242.23
Georgia,GEO,6/1/15,0.83,830,218.91,0.05,6.41,13.19,5.54,1461.14
Georgia,GEO,7/1/15,0.88,880,232.09,0.03,3.53,7.91,6.42,1693.23
Georgia,GEO,8/1/15,0.88,880,232.09,-0.02,-2.22,-5.27,7.3,1925.32
Georgia,GEO,9/1/15,0.8,800,210.99,-0.01,-1.23,-2.64,8.1,2136.32
Georgia,GEO,10/1/15,0.83,830,218.91,-0.02,-2.35,-5.27,8.93,2355.22
Georgia,GEO,11/1/15,0.91,910,240.01,-0.04,-4.21,-10.55,9.84,2595.23
Georgia,GEO,12/1/15,1.06,1060,279.57,0.02,1.92,5.27,10.9,2874.8
Georgia,GEO,1/1/16,1.06,1060,279.53,0,0,0,1.06,279.53
Georgia,GEO,2/1/16,0.93,930,245.25,0.02,2.2,5.27,1.99,524.78
Georgia,GEO,3/1/16,0.98,980,258.43,0,0,0,2.97,783.22
Georgia,GEO,4/1/16,0.89,890,234.7,-0.01,-1.11,-2.64,3.86,1017.92
Georgia,GEO,5/1/16,0.88,880,232.06,0.02,2.33,5.27,4.74,1249.98
Georgia,GEO,6/1/16,0.88,880,232.06,0.05,6.02,13.19,5.62,1482.04
Georgia,GEO,7/1/16,0.94,940,247.89,0.06,6.82,15.82,6.56,1729.93
Georgia,GEO,8/1/16,0.93,930,245.25,0.05,5.68,13.19,7.49,1975.18
Georgia,GEO,9/1/16,0.82,820,216.24,0.02,2.5,5.27,8.31,2191.42
Georgia,GEO,10/1/16,0.92,920,242.61,0.09,10.84,23.73,9.23,2434.03
Georgia,GEO,11/1/16,1,1000,263.71,0.09,9.89,23.73,10.23,2697.74
Georgia,GEO,12/1/16,1.22,1220,321.72,0.16,15.09,42.19,11.45,3019.47
Georgia,GEO,1/1/17,1.14,1140,300.56,0.08,7.55,21.09,1.14,300.56
Georgia,GEO,2/1/17,1.06,1060,279.47,0.13,13.98,34.27,2.2,580.04
Georgia,GEO,3/1/17,1.05,1050,276.84,0.07,7.14,18.46,3.25,856.87
Georgia,GEO,4/1/17,0.97,970,255.74,0.08,8.99,21.09,4.22,1112.62
Georgia,GEO,5/1/17,0.89,890,234.65,0.01,1.14,2.64,5.11,1347.27
Georgia,GEO,6/1/17,0.91,910,239.92,0.03,3.41,7.91,6.02,1587.19
Georgia,GEO,7/1/17,1.03,1030,271.56,0.09,9.57,23.73,7.05,1858.76
Georgia,GEO,8/1/17,1.07,1070,282.11,0.14,15.05,36.91,8.12,2140.86
Georgia,GEO,9/1/17,0.96,960,253.11,0.14,17.07,36.91,9.08,2393.97
Georgia,GEO,10/1/17,0.99,990,261.02,0.07,7.61,18.46,10.07,2654.99
Georgia,GEO,11/1/17,1.08,1080,284.75,0.08,8,21.09,11.15,2939.73
Georgia,GEO,12/1/17,1.21,1210,319.02,-0.01,-0.82,-2.64,12.36,3258.75
Georgia,GEO,1/1/18,1.22,1220,321.49,0.08,7.02,21.08,1.22,321.49
Georgia,GEO,2/1/18,1.1,1100,289.86,0.04,3.77,10.54,2.32,611.35
Georgia,GEO,3/1/18,1.15,1150,303.04,0.1,9.52,26.35,3.47,914.39
Georgia,GEO,4/1/18,1.02,1020,268.78,0.05,5.15,13.18,4.49,1183.17
Georgia,GEO,5/1/18,1.01,1010,266.15,0.12,13.48,31.62,5.5,1449.32
Georgia,GEO,6/1/18,1.02,1020,268.78,0.11,12.09,28.99,6.52,1718.1
Georgia,GEO,7/1/18,1.14,1140,300.4,0.11,10.68,28.99,7.66,2018.51
Georgia,GEO,8/1/18,1.09,1090,287.23,0.02,1.87,5.27,8.75,2305.74
Georgia,GEO,9/1/18,0.99,990,260.88,0.03,3.13,7.91,9.74,2566.62
Georgia,GEO,10/1/18,1.02,1020,268.78,0.03,3.03,7.91,10.76,2835.4
Georgia,GEO,11/1/18,1.12,1120,295.13,0.04,3.7,10.54,11.88,3130.53
Georgia,GEO,12/1/18,1.21,1210,318.85,0,0,0,13.09,3449.38
Georgia,GEO,1/1/19,1.19,1190,313.43,-0.03,-2.46,-7.9,1.19,313.43
Georgia,GEO,2/1/19,1.08,1080,284.46,-0.02,-1.82,-5.27,2.27,597.88
Georgia,GEO,3/1/19,1.19,1190,313.43,0.04,3.48,10.54,3.46,911.31
Georgia,GEO,4/1/19,1.05,1050,276.55,0.03,2.94,7.9,4.51,1187.87
Georgia,GEO,5/1/19,1.03,1030,271.29,0.02,1.98,5.27,5.54,1459.15
Georgia,GEO,6/1/19,1.11,1110,292.36,0.09,8.82,23.7,6.65,1751.51
Georgia,GEO,7/1/19,1.14,1140,300.26,0,0,0,7.79,2051.77
Georgia,GEO,8/1/19,1.14,1140,300.26,0.05,4.59,13.17,8.93,2352.03
Georgia,GEO,9/1/19,1.02,1020,268.65,0.03,3.03,7.9,9.95,2620.68
Georgia,GEO,10/1/19,0.99,990,260.75,-0.03,-2.94,-7.9,10.94,2881.43
Georgia,GEO,11/1/19,1.11,1110,292.36,-0.01,-0.89,-2.63,12.05,3173.79
Georgia,GEO,12/1/19,1.23,1230,323.96,0.02,1.65,5.27,13.28,3497.76
Georgia,GEO,1/1/20,1.24,1240,326.69,0.05,4.2,13.17,1.24,326.69
Georgia,GEO,2/1/20,1.17,1170,308.25,0.09,8.33,23.71,2.41,634.93
Georgia,GEO,3/1/20,1.09,1090,287.17,-0.1,-8.4,-26.35,3.5,922.1
Georgia,GEO,4/1/20,0.98,980,258.19,-0.07,-6.67,-18.44,4.48,1180.29
Georgia,GEO,5/1/20,0.92,920,242.38,-0.11,-10.68,-28.98,5.4,1422.67
Georgia,GEO,6/1/20,0.94,940,247.65,-0.17,-15.32,-44.79,6.34,1670.32
Georgia,GEO,7/1/20,1,1000,263.46,-0.14,-12.28,-36.88,7.34,1933.78
Georgia,GEO,8/1/20,1,1000,263.46,-0.14,-12.28,-36.88,8.34,2197.23
Georgia,GEO,9/1/20,0.96,960,252.92,-0.06,-5.88,-15.81,9.3,2450.15
Georgia,GEO,10/1/20,0.98,980,258.19,-0.01,-1.01,-2.63,10.28,2708.34
Georgia,GEO,11/1/20,0.89,890,234.48,-0.22,-19.82,-57.96,11.17,2942.82
Georgia,GEO,12/1/20,1.27,1270,334.59,0.04,3.25,10.54,12.44,3277.41
Georgia,GEO,1/1/21,1.22,1220,322.03,-0.02,-1.61,-5.28,1.22,322.03
Georgia,GEO,2/1/21,1.1,1100,290.36,-0.07,-5.98,-18.48,2.32,612.39
Georgia,GEO,3/1/21,1.27,1270,335.23,0.18,16.51,47.51,3.59,947.62
Georgia,GEO,4/1/21,1.09,1090,287.72,0.11,11.22,29.04,4.68,1235.33
Georgia,GEO,5/1/21,1.09,1090,287.72,0.17,18.48,44.87,5.77,1523.05
Georgia,GEO,6/1/21,1.13,1130,298.28,0.19,20.21,50.15,6.9,1821.33
Georgia,GEO,7/1/21,1.2,1200,316.75,0.2,20,52.79,8.1,2138.08
Georgia,GEO,8/1/21,1.21,1210,319.39,0.21,21,55.43,9.31,2457.47
Georgia,GEO,9/1/21,1.11,1110,293,0.15,15.63,39.59,10.42,2750.47
Georgia,GEO,10/1/21,1.2,1200,316.75,0.22,22.45,58.07,11.62,3067.22
Georgia,GEO,11/1/21,1.26,1260,332.59,0.37,41.57,97.67,12.88,3399.81
Georgia,GEO,12/1/21,1.41,1410,372.18,0.14,11.02,36.95,14.29,3771.99
Georgia,GEO,1/1/22,1.43,1430,376.83,0.21,17.21,55.34,1.43,376.83
Georgia,GEO,2/1/22,1.25,1250,329.4,0.15,13.64,39.53,2.68,706.23
Georgia,GEO,3/1/22,1.41,1410,371.56,0.14,11.02,36.89,4.09,1077.8
Georgia,GEO,4/1/22,1.2,1200,316.22,0.11,10.09,28.99,5.29,1394.02
Georgia,GEO,5/1/22,1.2,1200,316.22,0.11,10.09,28.99,6.49,1710.24
Georgia,GEO,6/1/22,1.14,1140,300.41,0.01,0.88,2.64,7.63,2010.66
Georgia,GEO,7/1/22,1.2,1200,316.22,0,0,0,8.83,2326.88
Georgia,GEO,8/1/22,1.26,1260,332.04,0.05,4.13,13.18,10.09,2658.92
Georgia,GEO,9/1/22,1.11,1110,292.51,0,0,0,11.2,2951.42
Georgia,GEO,10/1/22,1.12,1120,295.14,-0.08,-6.67,-21.08,12.32,3246.57
Georgia,GEO,11/1/22,1.2,1200,316.22,-0.06,-4.76,-15.81,13.52,3562.79
Georgia,GEO,12/1/22,1.34,1340,353.12,-0.07,-4.96,-18.45,14.86,3915.91
Georgia,GEO,1/1/23,1.36,1360,357.19,-0.07,-4.9,-18.38,1.36,357.19
Georgia,GEO,2/1/23,1.2,1200,315.17,-0.05,-4,-13.13,2.56,672.36
Georgia,GEO,3/1/23,1.17,1170,307.29,-0.24,-17.02,-63.03,3.73,979.65
Georgia,GEO,4/1/23,1.08,1080,283.65,-0.12,-10,-31.52,4.81,1263.3
Georgia,GEO,5/1/23,1.08,1080,283.65,-0.12,-10,-31.52,5.89,1546.95
Georgia,GEO,6/1/23,1.03,1030,270.52,-0.11,-9.65,-28.89,6.92,1817.47
Georgia,GEO,7/1/23,1.16,1160,304.66,-0.04,-3.33,-10.51,8.08,2122.13
Georgia,GEO,8/1/23,1.26,1260,330.93,0,0,0,9.34,2453.06
Georgia,GEO,9/1/23,0.99,990,260.01,-0.12,-10.81,-31.52,10.33,2713.07
Georgia,GEO,10/1/23,1.05,1050,275.77,-0.07,-6.25,-18.38,11.38,2988.85
Georgia,GEO,11/1/23,1.08,1080,283.65,-0.12,-10,-31.52,12.46,3272.5
Georgia,GEO,12/1/23,1.28,1280,336.18,-0.06,-4.48,-15.76,13.74,3608.68
Georgia,GEO,1/1/24,1.33,1330,349.29,-0.03,-2.21,-7.88,1.33,349.29
Georgia,GEO,2/1/24,1.19,1190,312.53,-0.01,-0.83,-2.63,2.52,661.82
Georgia,GEO,3/1/24,1.24,1240,325.66,0.07,5.98,18.38,3.76,987.48
Georgia,GEO,4/1/24,1.03,1030,270.51,-0.05,-4.63,-13.13,4.79,1257.99
Georgia,GEO,5/1/24,1.1,1100,288.89,0.02,1.85,5.25,5.89,1546.88
Georgia,GEO,6/1/24,1.16,1160,304.65,0.13,12.62,34.14,7.05,1851.53
Georgia,GEO,7/1/24,1.31,1310,344.04,0.15,12.93,39.39,8.36,2195.57
Georgia,GEO,8/1/24,1.31,1310,344.04,0.05,3.97,13.13,9.67,2539.61
Georgia,GEO,9/1/24,1.16,1160,304.65,0.17,17.17,44.65,10.83,2844.26
Georgia,GEO,10/1/24,1.15,1150,302.02,0.1,9.52,26.26,11.98,3146.28
Georgia,GEO,11/1/24,1.16,1160,304.65,0.08,7.41,21.01,13.14,3450.93
Georgia,GEO,12/1/24,1.16,1160,304.65,-0.12,-9.38,-31.52,14.3,3755.58
Georgia,GEO,1/1/25,1.25,1250,328.37,-0.08,-6.02,-21.02,1.25,328.37
Georgia,GEO,2/1/25,1.25,1250,328.37,0.06,5.04,15.76,2.5,656.74
Georgia,GEO,3/1/25,1.27,1270,333.62,0.03,2.42,7.88,3.77,990.37
Georgia,GEO,4/1/25,1.17,1170,307.36,0.14,13.59,36.78,4.94,1297.72
Georgia,GEO,5/1/25,1.12,1120,294.22,0.02,1.82,5.25,6.06,1591.94
Georgia,GEO,6/1/25,1.12,1120,294.22,-0.04,-3.45,-10.51,7.18,1886.16
India,IND,1/1/19,109.52,109520,78.85,,,,109.52,78.85
India,IND,2/1/19,99.98,99980,71.98,,,,209.5,150.82
India,IND,3/1/19,116.03,116030,83.53,,,,325.53,234.36
India,IND,4/1/19,118.25,118250,85.13,,,,443.78,319.49
India,IND,5/1/19,128.39,128390,92.43,,,,572.17,411.92
India,IND,6/1/19,125.91,125910,90.65,,,,698.08,502.57
India,IND,7/1/19,123.91,123910,89.21,,,,821.99,591.77
India,IND,8/1/19,120.26,120260,86.58,,,,942.25,678.35
India,IND,9/1/19,115.18,115180,82.92,,,,1057.43,761.27
India,IND,10/1/19,105.83,105830,76.19,,,,1163.26,837.46
India,IND,11/1/19,101.78,101780,73.27,,,,1265.04,910.74
India,IND,12/1/19,109.37,109370,78.74,,,,1374.41,989.47
India,IND,1/1/20,113.14,113140,80.66,3.62,3.31,2.58,113.14,80.66
India,IND,2/1/20,111.55,111550,79.53,11.57,11.57,8.25,224.69,160.19
India,IND,3/1/20,106.64,106640,76.03,-9.39,-8.09,-6.69,331.33,236.22
India,IND,4/1/20,91.28,91280,65.08,-26.97,-22.81,-19.23,422.61,301.3
India,IND,5/1/20,109.54,109540,78.1,-18.85,-14.68,-13.44,532.15,379.4
India,IND,6/1/20,113.46,113460,80.89,-12.45,-9.89,-8.88,645.61,460.29
India,IND,7/1/20,120.8,120800,86.12,-3.11,-2.51,-2.22,766.41,546.41
India,IND,8/1/20,118.11,118110,84.21,-2.15,-1.79,-1.53,884.52,630.62
India,IND,9/1/20,120.81,120810,86.13,5.63,4.89,4.01,1005.33,716.75
India,IND,10/1/20,117.77,117770,83.96,11.94,11.28,8.51,1123.1,800.72
India,IND,11/1/20,105.28,105280,75.06,3.5,3.44,2.5,1228.38,875.78
India,IND,12/1/20,114.77,114770,81.83,5.4,4.94,3.85,1343.15,957.6
India,IND,1/1/21,119.11,119110,84.22,5.97,5.28,4.22,119.11,84.22
India,IND,2/1/21,111.58,111580,78.9,0.03,0.03,0.02,230.69,163.12
India,IND,3/1/21,130.46,130460,92.25,23.82,22.34,16.84,361.15,255.37
India,IND,4/1/21,125.97,125970,89.08,34.69,38,24.53,487.12,344.45
India,IND,5/1/21,117.37,117370,82.99,7.83,7.15,5.54,604.49,427.44
India,IND,6/1/21,122.68,122680,86.75,9.22,8.13,6.52,727.17,514.19
India,IND,7/1/21,134.19,134190,94.89,13.39,11.08,9.47,861.36,609.08
India,IND,8/1/21,137.36,137360,97.13,19.25,16.3,13.61,998.72,706.21
India,IND,9/1/21,122.24,122240,86.44,1.43,1.18,1.01,1120.96,792.65
India,IND,10/1/21,121.8,121800,86.13,4.03,3.42,2.85,1242.76,878.77
India,IND,11/1/21,107.63,107630,76.11,2.35,2.23,1.66,1350.39,954.88
India,IND,12/1/21,118.5,118500,83.79,3.73,3.25,2.64,1468.89,1038.67
India,IND,1/1/22,120.13,120130,84.28,1.02,0.86,0.72,120.13,84.28
India,IND,2/1/22,116.66,116660,81.84,5.08,4.55,3.56,236.79,166.12
India,IND,3/1/22,138.51,138510,97.17,8.05,6.17,5.65,375.3,263.29
India,IND,4/1/22,141.12,141120,99,15.15,12.03,10.63,516.42,362.29
India,IND,5/1/22,145.16,145160,101.84,27.79,23.68,19.5,661.58,464.13
India,IND,6/1/22,143.19,143190,100.45,20.51,16.72,14.39,804.77,564.58
India,IND,7/1/22,137.59,137590,96.53,3.4,2.53,2.39,942.36,661.11
India,IND,8/1/22,139.17,139170,97.63,1.81,1.32,1.27,1081.53,758.74
India,IND,9/1/22,136.43,136430,95.71,14.19,11.61,9.95,1217.96,854.46
India,IND,10/1/22,123.31,123310,86.51,1.51,1.24,1.06,1341.27,940.96
India,IND,11/1/22,121.36,121360,85.14,13.73,12.76,9.63,1462.63,1026.1
India,IND,12/1/22,130.36,130360,91.45,11.86,10.01,8.32,1592.99,1117.56
India,IND,1/1/23,135.3,135300,94.08,15.17,12.63,10.55,135.3,94.08
India,IND,2/1/23,126.08,126080,87.67,9.42,8.07,6.55,261.38,181.76
India,IND,3/1/23,134.92,134920,93.82,-3.59,-2.59,-2.5,396.3,275.58
India,IND,4/1/23,139.06,139060,96.7,-2.06,-1.46,-1.43,535.36,372.28
India,IND,5/1/23,145.83,145830,101.41,0.67,0.46,0.47,681.19,473.68
India,IND,6/1/23,148.44,148440,103.22,5.25,3.67,3.65,829.63,576.91
India,IND,7/1/23,147.58,147580,102.62,9.99,7.26,6.95,977.21,679.53
India,IND,8/1/23,159.37,159370,110.82,20.2,14.51,14.05,1136.58,790.35
India,IND,9/1/23,148.83,148830,103.49,12.4,9.09,8.62,1285.41,893.84
India,IND,10/1/23,147.96,147960,102.89,24.65,19.99,17.14,1433.37,996.73
India,IND,11/1/23,127.78,127780,88.86,6.42,5.29,4.46,1561.15,1085.59
India,IND,12/1/23,131.45,131450,91.41,1.09,0.84,0.76,1692.6,1176.99
India,IND,1/1/24,142.31,142310,98.08,7.01,5.18,4.83,142.31,98.08
India,IND,2/1/24,134.82,134820,92.92,8.74,6.93,6.02,277.13,191
India,IND,3/1/24,147.01,147010,101.32,12.09,8.96,8.33,424.14,292.32
India,IND,4/1/24,152.94,152940,105.41,13.88,9.98,9.57,577.08,397.73
India,IND,5/1/24,165.83,165830,114.29,20,13.71,13.78,742.91,512.02
India,IND,6/1/24,161.3,161300,111.17,12.86,8.66,8.86,904.21,623.19
India,IND,7/1/24,159.32,159320,109.8,11.74,7.96,8.09,1063.53,732.99
India,IND,8/1/24,153.74,153740,105.96,-5.63,-3.53,-3.88,1217.27,838.95
India,IND,9/1/24,149.84,149840,103.27,1.01,0.68,0.7,1367.11,942.22
India,IND,10/1/24,150.37,150370,103.64,2.41,1.63,1.66,1517.48,1045.86
India,IND,11/1/24,133.51,133510,92.02,5.73,4.48,3.95,1650.99,1137.88
India,IND,12/1/24,139.72,139720,96.3,8.27,6.29,5.7,1790.71,1234.17
India,IND,1/1/25,145.94,145940,99.69,3.63,2.55,2.48,145.94,99.69
India,IND,2/1/25,140.01,140010,95.64,5.19,3.85,3.55,285.95,195.34
India,IND,3/1/25,158.54,158540,108.3,11.53,7.84,7.88,444.49,303.64
India,IND,4/1/25,155.86,155860,106.47,2.92,1.91,1.99,600.35,410.11
India,IND,5/1/25,157.9,157900,107.86,-7.93,-4.78,-5.42,758.25,517.98
India,IND,6/1/25,157.97,157970,107.91,-3.33,-2.06,-2.27,916.22,625.89
Japan,JPN,4/1/18,70.74,70740,557.39,,,,70.74,557.39
Japan,JPN,5/1/18,72.35,72350,570.08,,,,143.09,1127.47
Japan,JPN,6/1/18,75.08,75080,591.59,,,,218.17,1719.05
Japan,JPN,7/1/18,91.24,91240,718.92,,,,309.41,2437.97
Japan,JPN,8/1/18,91.03,91030,717.26,,,,400.44,3155.23
Japan,JPN,9/1/18,76.52,76520,602.93,,,,476.96,3758.17
Japan,JPN,10/1/18,73.04,73040,575.51,,,,550,4333.68
Japan,JPN,11/1/18,74.16,74160,584.34,,,,624.16,4918.01
Japan,JPN,12/1/18,85.88,85880,676.68,,,,710.04,5594.7
Japan,JPN,1/1/19,89.75,89750,708.37,,,,89.75,708.37
Japan,JPN,2/1/19,80.66,80660,636.63,,,,170.41,1345
Japan,JPN,3/1/19,80.31,80310,633.86,,,,250.72,1978.86
Japan,JPN,4/1/19,72.62,72620,573.17,1.88,2.66,14.84,323.34,2552.03
Japan,JPN,5/1/19,70.66,70660,557.7,-1.69,-2.34,-13.34,394,3109.73
Japan,JPN,6/1/19,72.65,72650,573.41,-2.43,-3.24,-19.18,466.65,3683.14
Japan,JPN,7/1/19,82.11,82110,648.07,-9.13,-10.01,-72.06,548.76,4331.21
Japan,JPN,8/1/19,88.49,88490,698.43,-2.54,-2.79,-20.05,637.25,5029.64
Japan,JPN,9/1/19,79.08,79080,624.16,2.56,3.35,20.21,716.33,5653.79
Japan,JPN,10/1/19,72.99,72990,576.09,-0.05,-0.07,-0.39,789.32,6229.88
Japan,JPN,11/1/19,72.95,72950,575.77,-1.21,-1.63,-9.55,862.27,6805.66
Japan,JPN,12/1/19,83.46,83460,658.73,-2.42,-2.82,-19.1,945.73,7464.38
Japan,JPN,1/1/20,85.41,85410,676.22,-4.34,-4.84,-34.36,85.41,676.22
Japan,JPN,2/1/20,80.6,80600,638.14,-0.06,-0.07,-0.48,166.01,1314.36
Japan,JPN,3/1/20,78.12,78120,618.5,-2.19,-2.73,-17.34,244.13,1932.86
Japan,JPN,4/1/20,69.47,69470,550.02,-3.15,-4.34,-24.94,313.6,2482.88
Japan,JPN,5/1/20,64.43,64430,510.11,-6.23,-8.82,-49.33,378.03,2992.99
Japan,JPN,6/1/20,70.82,70820,560.71,-1.83,-2.52,-14.49,448.85,3553.7
Japan,JPN,7/1/20,77.2,77200,611.22,-4.91,-5.98,-38.87,526.05,4164.92
Japan,JPN,8/1/20,88.59,88590,701.4,0.1,0.11,0.79,614.64,4866.32
Japan,JPN,9/1/20,77.3,77300,612.01,-1.78,-2.25,-14.09,691.94,5478.33
Japan,JPN,10/1/20,70.45,70450,557.78,-2.54,-3.48,-20.11,762.39,6036.1
Japan,JPN,11/1/20,72.01,72010,570.13,-0.94,-1.29,-7.44,834.4,6606.23
Japan,JPN,12/1/20,87.03,87030,689.05,3.57,4.28,28.26,921.43,7295.28
Japan,JPN,1/1/21,92.19,92190,733.54,6.78,7.94,53.95,92.19,733.54
Japan,JPN,2/1/21,78.57,78570,625.16,-2.03,-2.52,-16.15,170.76,1358.7
Japan,JPN,3/1/21,78.08,78080,621.27,-0.04,-0.05,-0.32,248.84,1979.96
Japan,JPN,4/1/21,70.92,70920,564.29,1.45,2.09,11.54,319.76,2544.26
Japan,JPN,5/1/21,70.27,70270,559.12,5.84,9.06,46.47,390.03,3103.38
Japan,JPN,6/1/21,73.11,73110,581.72,2.29,3.23,18.22,463.14,3685.1
Japan,JPN,7/1/21,85.46,85460,679.99,8.26,10.7,65.72,548.6,4365.09
Japan,JPN,8/1/21,86.89,86890,691.36,-1.7,-1.92,-13.53,635.49,5056.45
Japan,JPN,9/1/21,75.17,75170,598.11,-2.13,-2.76,-16.95,710.66,5654.56
Japan,JPN,10/1/21,74.85,74850,595.56,4.4,6.25,35.01,785.51,6250.13
Japan,JPN,11/1/21,74.7,74700,594.37,2.69,3.74,21.4,860.21,6844.5
Japan,JPN,12/1/21,87.56,87560,696.7,0.53,0.61,4.22,947.77,7541.2
Japan,JPN,1/1/22,94.08,94080,752.65,1.89,2.05,15.12,94.08,752.65
Japan,JPN,2/1/22,86.01,86010,688.09,7.44,9.47,59.52,180.09,1440.74
Japan,JPN,3/1/22,80.59,80590,644.73,2.51,3.21,20.08,260.68,2085.47
Japan,JPN,4/1/22,70.47,70470,563.77,-0.45,-0.63,-3.6,331.15,2649.24
Japan,JPN,5/1/22,68.61,68610,548.89,-1.66,-2.36,-13.28,399.76,3198.13
Japan,JPN,6/1/22,75.24,75240,601.93,2.13,2.91,17.04,475,3800.06
Japan,JPN,7/1/22,86.9,86900,695.21,1.44,1.68,11.52,561.9,4495.27
Japan,JPN,8/1/22,88.18,88180,705.45,1.29,1.48,10.32,650.08,5200.72
Japan,JPN,9/1/22,78.37,78370,626.97,3.2,4.26,25.6,728.45,5827.69
Japan,JPN,10/1/22,71.19,71190,569.53,-3.66,-4.89,-29.28,799.64,6397.22
Japan,JPN,11/1/22,70.63,70630,565.05,-4.07,-5.45,-32.56,870.27,6962.27
Japan,JPN,12/1/22,85.69,85690,685.53,-1.87,-2.14,-14.96,955.96,7647.8
Japan,JPN,1/1/23,88.56,88560,712.06,-5.52,-5.87,-44.38,88.56,712.06
Japan,JPN,2/1/23,79.5,79500,639.22,-6.51,-7.57,-52.34,168.06,1351.28
Japan,JPN,3/1/23,74.43,74430,598.45,-6.16,-7.64,-49.53,242.49,1949.73
Japan,JPN,4/1/23,67.36,67360,541.61,-3.11,-4.41,-25.01,309.85,2491.34
Japan,JPN,5/1/23,67.83,67830,545.38,-0.78,-1.14,-6.27,377.68,3036.72
Japan,JPN,6/1/23,73,73000,586.95,-2.24,-2.98,-18.01,450.68,3623.67
Japan,JPN,7/1/23,86.93,86930,698.96,0.03,0.03,0.24,537.61,4322.63
Japan,JPN,8/1/23,90.96,90960,731.36,2.78,3.15,22.35,628.57,5053.99
Japan,JPN,9/1/23,82.39,82390,662.45,4.02,5.13,32.32,710.96,5716.45
Japan,JPN,10/1/23,69.82,69820,561.38,-1.37,-1.92,-11.02,780.78,6277.83
Japan,JPN,11/1/23,72.23,72230,580.76,1.6,2.27,12.86,853.01,6858.59
Japan,JPN,12/1/23,82.99,82990,667.28,-2.7,-3.15,-21.71,936,7525.87
Japan,JPN,1/1/24,85.03,85030,687.09,-3.53,-3.99,-28.52,85.03,687.09
Japan,JPN,2/1/24,81.27,81270,656.71,1.77,2.23,14.3,166.3,1343.81
Japan,JPN,3/1/24,80.59,80590,651.22,6.16,8.28,49.78,246.89,1995.02
Japan,JPN,4/1/24,67.3,67300,543.83,-0.06,-0.09,-0.48,314.19,2538.85
Japan,JPN,5/1/24,67.27,67270,543.58,-0.56,-0.83,-4.53,381.46,3082.43
Japan,JPN,6/1/24,71.18,71180,575.18,-1.82,-2.49,-14.71,452.64,3657.61
Japan,JPN,7/1/24,89.18,89180,720.63,2.25,2.59,18.18,541.82,4378.24
Japan,JPN,8/1/24,90.74,90740,733.23,-0.22,-0.24,-1.78,632.56,5111.47
Japan,JPN,9/1/24,83.2,83200,672.31,0.81,0.98,6.55,715.76,5783.78
Japan,JPN,10/1/24,72.89,72890,589,3.07,4.4,24.81,788.65,6372.77
Japan,JPN,11/1/24,70.27,70270,567.82,-1.96,-2.71,-15.84,858.92,6940.6
Japan,JPN,12/1/24,83.31,83310,673.2,0.32,0.39,2.59,942.23,7613.8
Japan,JPN,1/1/25,88.16,88160,716.15,3.13,3.68,25.43,88.16,716.15
Japan,JPN,2/1/25,83.59,83590,679.02,2.32,2.85,18.85,171.75,1395.17
Japan,JPN,3/1/25,79.66,79660,647.1,-0.93,-1.15,-7.55,251.41,2042.27
Japan,JPN,4/1/25,68.6,68600,557.26,1.3,1.93,10.56,320.01,2599.53
Japan,JPN,5/1/25,67.28,67280,546.53,0.01,0.01,0.08,387.29,3146.06
Japan,JPN,6/1/25,75.06,75060,609.73,3.88,5.45,31.52,462.35,3755.8
Kazakhstan,KAZ,1/1/18,9.78,9780,516.57,,,,9.78,516.57
Kazakhstan,KAZ,2/1/18,9.78,9780,516.57,,,,19.56,1033.13
Kazakhstan,KAZ,3/1/18,9.78,9780,516.57,,,,29.34,1549.7
Kazakhstan,KAZ,4/1/18,8.6,8600,454.24,,,,37.94,2003.94
Kazakhstan,KAZ,5/1/18,8.6,8600,454.24,,,,46.54,2458.18
Kazakhstan,KAZ,6/1/18,8.09,8090,427.3,,,,54.63,2885.48
Kazakhstan,KAZ,7/1/18,8.09,8090,427.3,,,,62.72,3312.79
Kazakhstan,KAZ,8/1/18,8.09,8090,427.3,,,,70.81,3740.09
Kazakhstan,KAZ,9/1/18,8.09,8090,427.3,,,,78.9,4167.39
Kazakhstan,KAZ,10/1/18,8.68,8680,458.47,,,,87.58,4625.86
Kazakhstan,KAZ,11/1/18,9.27,9270,489.63,,,,96.85,5115.49
Kazakhstan,KAZ,12/1/18,9.98,9980,527.13,,,,106.83,5642.62
Kazakhstan,KAZ,1/1/19,9.96,9960,518.49,0.18,1.84,9.37,9.96,518.49
Kazakhstan,KAZ,2/1/19,8.92,8920,464.35,-0.86,-8.79,-44.77,18.88,982.84
Kazakhstan,KAZ,3/1/19,9.14,9140,475.8,-0.64,-6.54,-33.32,28.02,1458.65
Kazakhstan,KAZ,4/1/19,8.17,8170,425.31,-0.43,-5,-22.38,36.19,1883.95
Kazakhstan,KAZ,5/1/19,7.93,7930,412.81,-0.67,-7.79,-34.88,44.12,2296.77
Kazakhstan,KAZ,6/1/19,7.81,7810,406.57,-0.28,-3.46,-14.58,51.93,2703.34
Kazakhstan,KAZ,7/1/19,8.47,8470,440.93,0.38,4.7,19.78,60.4,3144.26
Kazakhstan,KAZ,8/1/19,8.3,8300,432.08,0.21,2.6,10.93,68.7,3576.34
Kazakhstan,KAZ,9/1/19,8.03,8030,418.02,-0.06,-0.74,-3.12,76.73,3994.36
Kazakhstan,KAZ,10/1/19,9.17,9170,477.37,0.49,5.65,25.51,85.9,4471.72
Kazakhstan,KAZ,11/1/19,9.78,9780,509.12,0.51,5.5,26.55,95.68,4980.84
Kazakhstan,KAZ,12/1/19,10.33,10330,537.75,0.35,3.51,18.22,106.01,5518.59
Kazakhstan,KAZ,1/1/20,10.27,10270,527.15,0.31,3.11,15.91,10.27,527.15
Kazakhstan,KAZ,2/1/20,9.61,9610,493.27,0.69,7.74,35.42,19.88,1020.42
Kazakhstan,KAZ,3/1/20,9.58,9580,491.73,0.44,4.81,22.58,29.46,1512.16
Kazakhstan,KAZ,4/1/20,8.17,8170,419.36,0,0,0,37.63,1931.52
Kazakhstan,KAZ,5/1/20,7.96,7960,408.58,0.03,0.38,1.54,45.59,2340.1
Kazakhstan,KAZ,6/1/20,7.93,7930,407.04,0.12,1.54,6.16,53.52,2747.14
Kazakhstan,KAZ,7/1/20,7.98,7980,409.61,-0.49,-5.79,-25.15,61.5,3156.74
Kazakhstan,KAZ,8/1/20,8.04,8040,412.69,-0.26,-3.13,-13.35,69.54,3569.43
Kazakhstan,KAZ,9/1/20,8.24,8240,422.95,0.21,2.62,10.78,77.78,3992.38
Kazakhstan,KAZ,10/1/20,9.44,9440,484.55,0.27,2.94,13.86,87.22,4476.93
Kazakhstan,KAZ,11/1/20,10.44,10440,535.88,0.66,6.75,33.88,97.66,5012.81
Kazakhstan,KAZ,12/1/20,10.44,10440,535.88,0.11,1.06,5.65,108.1,5548.68
Kazakhstan,KAZ,1/1/21,10.19,10190,516.12,-0.08,-0.78,-4.05,10.19,516.12
Kazakhstan,KAZ,2/1/21,10.19,10190,516.12,0.58,6.04,29.38,20.38,1032.23
Kazakhstan,KAZ,3/1/21,10.38,10380,525.74,0.8,8.35,40.52,30.76,1557.97
Kazakhstan,KAZ,4/1/21,9.26,9260,469.01,1.09,13.34,55.21,40.02,2026.99
Kazakhstan,KAZ,5/1/21,8.77,8770,444.19,0.81,10.18,41.03,48.79,2471.18
Kazakhstan,KAZ,6/1/21,8.53,8530,432.04,0.6,7.57,30.39,57.32,2903.22
Kazakhstan,KAZ,7/1/21,8.94,8940,452.8,0.96,12.03,48.62,66.26,3356.02
Kazakhstan,KAZ,8/1/21,8.79,8790,445.21,0.75,9.33,37.99,75.05,3801.23
Kazakhstan,KAZ,9/1/21,8.79,8790,445.21,0.55,6.67,27.86,83.84,4246.44
Kazakhstan,KAZ,10/1/21,9.89,9890,500.92,0.45,4.77,22.79,93.73,4747.36
Kazakhstan,KAZ,11/1/21,10.36,10360,524.73,-0.08,-0.77,-4.05,104.09,5272.09
Kazakhstan,KAZ,12/1/21,10.36,10360,524.73,-0.08,-0.77,-4.05,114.45,5796.82
Kazakhstan,KAZ,1/1/22,10.59,10590,528.59,0.4,3.93,19.97,10.59,528.59
Kazakhstan,KAZ,2/1/22,9.83,9830,490.65,-0.36,-3.53,-17.97,20.42,1019.24
Kazakhstan,KAZ,3/1/22,9.57,9570,477.67,-0.81,-7.8,-40.43,29.99,1496.91
Kazakhstan,KAZ,4/1/22,9.57,9570,477.67,0.31,3.35,15.47,39.56,1974.58
Kazakhstan,KAZ,5/1/22,8.57,8570,427.76,-0.2,-2.28,-9.98,48.13,2402.34
Kazakhstan,KAZ,6/1/22,8.27,8270,412.79,-0.26,-3.05,-12.98,56.4,2815.13
Kazakhstan,KAZ,7/1/22,8.85,8850,441.74,-0.09,-1.01,-4.49,65.25,3256.87
Kazakhstan,KAZ,8/1/22,8.85,8850,441.74,0.06,0.68,2.99,74.1,3698.6
Kazakhstan,KAZ,9/1/22,8.85,8850,441.74,0.06,0.68,2.99,82.95,4140.34
Kazakhstan,KAZ,10/1/22,8.85,8850,441.74,-1.04,-10.52,-51.91,91.8,4582.07
Kazakhstan,KAZ,11/1/22,10.57,10570,527.59,0.21,2.03,10.48,102.37,5109.66
Kazakhstan,KAZ,12/1/22,10.57,10570,527.59,0.21,2.03,10.48,112.94,5637.25
Kazakhstan,KAZ,1/1/23,10.84,10840,533.2,0.25,2.36,12.3,10.84,533.2
Kazakhstan,KAZ,2/1/23,9.88,9880,485.98,0.05,0.51,2.46,20.72,1019.18
Kazakhstan,KAZ,3/1/23,10.32,10320,507.62,0.75,7.84,36.89,31.04,1526.8
Kazakhstan,KAZ,4/1/23,9.23,9230,454.01,-0.34,-3.55,-16.72,40.27,1980.81
Kazakhstan,KAZ,5/1/23,8.74,8740,429.9,0.17,1.98,8.36,49.01,2410.71
Kazakhstan,KAZ,6/1/23,8.49,8490,417.61,0.22,2.66,10.82,57.5,2828.32
Kazakhstan,KAZ,7/1/23,8.6,8600,423.02,-0.25,-2.82,-12.3,66.1,3251.34
Kazakhstan,KAZ,8/1/23,8.37,8370,411.7,-0.48,-5.42,-23.61,74.47,3663.04
Kazakhstan,KAZ,9/1/23,8.69,8690,427.45,-0.16,-1.81,-7.87,83.16,4090.49
Kazakhstan,KAZ,10/1/23,8.69,8690,427.45,-0.16,-1.81,-7.87,91.85,4517.93
Kazakhstan,KAZ,11/1/23,10.48,10480,515.49,-0.09,-0.85,-4.43,102.33,5033.42
Kazakhstan,KAZ,12/1/23,10.48,10480,515.49,-0.09,-0.85,-4.43,112.81,5548.92
Kazakhstan,KAZ,1/1/24,11.13,11130,540.49,0.29,2.68,14.08,11.13,540.49
Kazakhstan,KAZ,2/1/24,10.39,10390,504.55,0.51,5.16,24.77,21.52,1045.04
Kazakhstan,KAZ,3/1/24,10.86,10860,527.37,0.54,5.23,26.22,32.38,1572.41
Kazakhstan,KAZ,4/1/24,9.6,9600,466.19,0.37,4.01,17.97,41.98,2038.6
Kazakhstan,KAZ,5/1/24,9.49,9490,460.85,0.75,8.58,36.42,51.47,2499.44
Kazakhstan,KAZ,6/1/24,8.73,8730,423.94,0.24,2.83,11.65,60.2,2923.38
Kazakhstan,KAZ,7/1/24,9.05,9050,439.48,0.45,5.23,21.85,69.25,3362.86
Kazakhstan,KAZ,8/1/24,9.05,9050,439.48,0.68,8.12,33.02,78.3,3802.34
Kazakhstan,KAZ,9/1/24,8.46,8460,410.83,-0.23,-2.65,-11.17,86.76,4213.16
Kazakhstan,KAZ,10/1/24,9.8,9800,475.9,1.11,12.77,53.9,96.56,4689.06
Kazakhstan,KAZ,11/1/24,10.23,10230,496.78,-0.25,-2.39,-12.14,106.79,5185.84
Kazakhstan,KAZ,12/1/24,11.16,11160,541.94,0.68,6.49,33.02,117.95,5727.79
Kazakhstan,KAZ,1/1/25,11.56,11560,554.6,0.43,3.86,20.63,11.56,554.6
Kazakhstan,KAZ,2/1/25,10.48,10480,502.79,0.09,0.87,4.32,22.04,1057.39
Kazakhstan,KAZ,3/1/25,11.45,11450,549.32,0.59,5.43,28.31,33.49,1606.71
Kazakhstan,KAZ,4/1/25,9.71,9710,465.85,0.11,1.15,5.28,43.2,2072.56
Kazakhstan,KAZ,5/1/25,9.82,9820,471.12,0.33,3.48,15.83,53.02,2543.68
Kyrgyzstan,KGZ,1/1/19,1.8,1800,277.18,,,,1.8,277.18
Kyrgyzstan,KGZ,2/1/19,1.63,1630,251,,,,3.43,528.18
Kyrgyzstan,KGZ,3/1/19,1.4,1400,215.58,,,,4.83,743.76
Kyrgyzstan,KGZ,4/1/19,1.04,1040,160.15,,,,5.87,903.91
Kyrgyzstan,KGZ,5/1/19,0.96,960,147.83,,,,6.83,1051.73
Kyrgyzstan,KGZ,6/1/19,0.86,860,132.43,,,,7.69,1184.16
Kyrgyzstan,KGZ,7/1/19,0.98,980,150.91,,,,8.67,1335.07
Kyrgyzstan,KGZ,8/1/19,0.92,920,141.67,,,,9.59,1476.74
Kyrgyzstan,KGZ,9/1/19,0.7,700,107.79,,,,10.29,1584.53
Kyrgyzstan,KGZ,10/1/19,0.98,980,150.91,,,,11.27,1735.44
Kyrgyzstan,KGZ,11/1/19,1.64,1640,252.54,,,,12.91,1987.98
Kyrgyzstan,KGZ,12/1/19,1.94,1940,298.74,,,,14.85,2286.71
Kyrgyzstan,KGZ,1/1/20,1.91,1910,286.61,0.11,6.11,16.51,1.91,286.61
Kyrgyzstan,KGZ,2/1/20,1.66,1660,249.09,0.03,1.84,4.5,3.57,535.7
Kyrgyzstan,KGZ,3/1/20,1.41,1410,211.58,0.01,0.71,1.5,4.98,747.28
Kyrgyzstan,KGZ,4/1/20,0.98,980,147.06,-0.06,-5.77,-9,5.96,894.34
Kyrgyzstan,KGZ,5/1/20,0.83,830,124.55,-0.13,-13.54,-19.51,6.79,1018.89
Kyrgyzstan,KGZ,6/1/20,0.86,860,129.05,0,0,0,7.65,1147.94
Kyrgyzstan,KGZ,7/1/20,0.94,940,141.05,-0.04,-4.08,-6,8.59,1288.99
Kyrgyzstan,KGZ,8/1/20,0.88,880,132.05,-0.04,-4.35,-6,9.47,1421.04
Kyrgyzstan,KGZ,9/1/20,0.71,710,106.54,0.01,1.43,1.5,10.18,1527.58
Kyrgyzstan,KGZ,10/1/20,1.1,1100,165.06,0.12,12.24,18.01,11.28,1692.64
Kyrgyzstan,KGZ,11/1/20,1.79,1790,268.6,0.15,9.15,22.51,13.07,1961.24
Kyrgyzstan,KGZ,12/1/20,2.15,2150,322.62,0.21,10.82,31.51,15.22,2283.87
Kyrgyzstan,KGZ,1/1/21,2.16,2160,316.69,0.25,13.09,36.65,2.16,316.69
Kyrgyzstan,KGZ,2/1/21,1.69,1690,247.78,0.03,1.81,4.4,3.85,564.48
Kyrgyzstan,KGZ,3/1/21,1.52,1520,222.86,0.11,7.8,16.13,5.37,787.33
Kyrgyzstan,KGZ,4/1/21,0.95,950,139.29,-0.03,-3.06,-4.4,6.32,926.62
Kyrgyzstan,KGZ,5/1/21,0.99,990,145.15,0.16,19.28,23.46,7.31,1071.77
Kyrgyzstan,KGZ,6/1/21,1.18,1180,173.01,0.32,37.21,46.92,8.49,1244.78
Kyrgyzstan,KGZ,7/1/21,0.67,670,98.23,-0.27,-28.72,-39.59,9.16,1343.01
Kyrgyzstan,KGZ,8/1/21,0.62,620,90.9,-0.26,-29.55,-38.12,9.78,1433.92
Kyrgyzstan,KGZ,9/1/21,0.5,500,73.31,-0.21,-29.58,-30.79,10.28,1507.23
Kyrgyzstan,KGZ,10/1/21,0.91,910,133.42,-0.19,-17.27,-27.86,11.19,1640.65
Kyrgyzstan,KGZ,11/1/21,1.46,1460,214.06,-0.33,-18.44,-48.38,12.65,1854.71
Kyrgyzstan,KGZ,12/1/21,1.97,1970,288.84,-0.18,-8.37,-26.39,14.62,2143.54
Kyrgyzstan,KGZ,1/1/22,1.74,1740,250.15,-0.42,-19.44,-60.38,1.74,250.15
Kyrgyzstan,KGZ,2/1/22,1.5,1500,215.65,-0.19,-11.24,-27.32,3.24,465.8
Kyrgyzstan,KGZ,3/1/22,1.19,1190,171.08,-0.33,-21.71,-47.44,4.43,636.88
Kyrgyzstan,KGZ,4/1/22,0.62,620,89.13,-0.33,-34.74,-47.44,5.05,726.01
Kyrgyzstan,KGZ,5/1/22,1.01,1010,145.2,0.02,2.02,2.88,6.06,871.22
Kyrgyzstan,KGZ,6/1/22,1.32,1320,189.77,0.14,11.86,20.13,7.38,1060.99
Kyrgyzstan,KGZ,7/1/22,0.61,610,87.7,-0.06,-8.96,-8.63,7.99,1148.68
Kyrgyzstan,KGZ,8/1/22,0.56,560,80.51,-0.06,-9.68,-8.63,8.55,1229.19
Kyrgyzstan,KGZ,9/1/22,0.46,460,66.13,-0.04,-8,-5.75,9.01,1295.32
Kyrgyzstan,KGZ,10/1/22,0.89,890,127.95,-0.02,-2.2,-2.88,9.9,1423.27
Kyrgyzstan,KGZ,11/1/22,1.72,1720,247.28,0.26,17.81,37.38,11.62,1670.55
Kyrgyzstan,KGZ,12/1/22,2.39,2390,343.6,0.42,21.32,60.38,14.01,2014.15
Kyrgyzstan,KGZ,1/1/23,2.46,2460,347.78,0.72,41.38,101.79,2.46,347.78
Kyrgyzstan,KGZ,2/1/23,2.01,2010,284.16,0.51,34,72.1,4.47,631.93
Kyrgyzstan,KGZ,3/1/23,1.08,1080,152.68,-0.11,-9.24,-15.55,5.55,784.62
Kyrgyzstan,KGZ,4/1/23,0.72,720,101.79,0.1,16.13,14.14,6.27,886.4
Kyrgyzstan,KGZ,5/1/23,0.76,760,107.44,-0.25,-24.75,-35.34,7.03,993.85
Kyrgyzstan,KGZ,6/1/23,0.9,900,127.24,-0.42,-31.82,-59.38,7.93,1121.08
Kyrgyzstan,KGZ,7/1/23,0.61,610,86.24,0,0,0,8.54,1207.32
Kyrgyzstan,KGZ,8/1/23,0.57,570,80.58,0.01,1.79,1.41,9.11,1287.9
Kyrgyzstan,KGZ,9/1/23,0.45,450,63.62,-0.01,-2.17,-1.41,9.56,1351.52
Kyrgyzstan,KGZ,10/1/23,0.85,850,120.17,-0.04,-4.49,-5.65,10.41,1471.69
Kyrgyzstan,KGZ,11/1/23,0.97,970,137.13,-0.75,-43.6,-106.03,11.38,1608.82
Kyrgyzstan,KGZ,12/1/23,1.56,1560,220.54,-0.83,-34.73,-117.34,12.94,1829.36
Kyrgyzstan,KGZ,1/1/24,1.83,1830,254.66,-0.63,-25.61,-87.67,1.83,254.66
Kyrgyzstan,KGZ,2/1/24,1.83,1830,254.66,-0.18,-8.96,-25.05,3.66,509.32
Kyrgyzstan,KGZ,3/1/24,1.59,1590,221.26,0.51,47.22,70.97,5.25,730.59
Kyrgyzstan,KGZ,4/1/24,0.76,760,105.76,0.04,5.56,5.57,6.01,836.35
Kyrgyzstan,KGZ,5/1/24,0.73,730,101.59,-0.03,-3.95,-4.17,6.74,937.93
Kyrgyzstan,KGZ,6/1/24,1.21,1210,168.38,0.31,34.44,43.14,7.95,1106.32
Malaysia,MYS,1/1/18,12.98,12980,394.4,,,,12.98,394.4
Malaysia,MYS,2/1/18,11.94,11940,362.8,,,,24.92,757.19
Malaysia,MYS,3/1/18,13.77,13770,418.4,,,,38.69,1175.59
Malaysia,MYS,4/1/18,13.41,13410,407.46,,,,52.1,1583.06
Malaysia,MYS,5/1/18,13.78,13780,418.7,,,,65.88,2001.76
Malaysia,MYS,6/1/18,13.19,13190,400.78,,,,79.07,2402.54
Malaysia,MYS,7/1/18,14.08,14080,427.82,,,,93.15,2830.36
Malaysia,MYS,8/1/18,14.17,14170,430.56,,,,107.32,3260.92
Malaysia,MYS,9/1/18,13.2,13200,401.08,,,,120.52,3662
Malaysia,MYS,10/1/18,13.89,13890,422.05,,,,134.41,4084.04
Malaysia,MYS,11/1/18,13.38,13380,406.55,,,,147.79,4490.6
Malaysia,MYS,12/1/18,13.56,13560,412.02,,,,161.35,4902.62
Malaysia,MYS,1/1/19,14,14000,418.65,1.02,7.86,30.5,14,418.65
Malaysia,MYS,2/1/19,12.32,12320,368.41,0.38,3.18,11.36,26.32,787.07
Malaysia,MYS,3/1/19,14.45,14450,432.11,0.68,4.94,20.33,40.77,1219.18
Malaysia,MYS,4/1/19,14.23,14230,425.53,0.82,6.11,24.52,55,1644.71
Malaysia,MYS,5/1/19,14.52,14520,434.2,0.74,5.37,22.13,69.52,2078.91
Malaysia,MYS,6/1/19,13.43,13430,401.61,0.24,1.82,7.18,82.95,2480.52
Malaysia,MYS,7/1/19,14.34,14340,428.82,0.26,1.85,7.77,97.29,2909.34
Malaysia,MYS,8/1/19,14.26,14260,426.43,0.09,0.64,2.69,111.55,3335.77
Malaysia,MYS,9/1/19,13.87,13870,414.77,0.67,5.08,20.04,125.42,3750.53
Malaysia,MYS,10/1/19,13.98,13980,418.05,0.09,0.65,2.69,139.4,4168.59
Malaysia,MYS,11/1/19,13.6,13600,406.69,0.22,1.64,6.58,153,4575.28
Malaysia,MYS,12/1/19,13.71,13710,409.98,0.15,1.11,4.49,166.71,4985.26
Malaysia,MYS,1/1/20,14.01,14010,413.4,0.01,0.07,0.3,14.01,413.4
Malaysia,MYS,2/1/20,13.36,13360,394.22,1.04,8.44,30.69,27.37,807.62
Malaysia,MYS,3/1/20,13.32,13320,393.04,-1.13,-7.82,-33.34,40.69,1200.66
Malaysia,MYS,4/1/20,11.51,11510,339.63,-2.72,-19.11,-80.26,52.2,1540.3
Malaysia,MYS,5/1/20,13.07,13070,385.66,-1.45,-9.99,-42.79,65.27,1925.96
Malaysia,MYS,6/1/20,13.11,13110,386.84,-0.32,-2.38,-9.44,78.38,2312.8
Malaysia,MYS,7/1/20,13.68,13680,403.66,-0.66,-4.6,-19.48,92.06,2716.47
Malaysia,MYS,8/1/20,14.05,14050,414.58,-0.21,-1.47,-6.2,106.11,3131.05
Malaysia,MYS,9/1/20,12.34,12340,364.12,-1.53,-11.03,-45.15,118.45,3495.17
Malaysia,MYS,10/1/20,14.09,14090,415.76,0.11,0.79,3.25,132.54,3910.93
Malaysia,MYS,11/1/20,13.25,13250,390.98,-0.35,-2.57,-10.33,145.79,4301.91
Malaysia,MYS,12/1/20,13.65,13650,402.78,-0.06,-0.44,-1.77,159.44,4704.69
Malaysia,MYS,1/1/21,13.36,13360,389.7,-0.65,-4.64,-18.96,13.36,389.7
Malaysia,MYS,2/1/21,12.6,12600,367.54,-0.76,-5.69,-22.17,25.96,757.24
Malaysia,MYS,3/1/21,14.62,14620,426.46,1.3,9.76,37.92,40.58,1183.7
Malaysia,MYS,4/1/21,14.22,14220,414.79,2.71,23.54,79.05,54.8,1598.49
Malaysia,MYS,5/1/21,14.25,14250,415.67,1.18,9.03,34.42,69.05,2014.15
Malaysia,MYS,6/1/21,12.49,12490,364.33,-0.62,-4.73,-18.09,81.54,2378.48
Malaysia,MYS,7/1/21,13.03,13030,380.08,-0.65,-4.75,-18.96,94.57,2758.56
Malaysia,MYS,8/1/21,13.39,13390,390.58,-0.66,-4.7,-19.25,107.96,3149.14
Malaysia,MYS,9/1/21,13.58,13580,396.12,1.24,10.05,36.17,121.54,3545.26
Malaysia,MYS,10/1/21,14.66,14660,427.62,0.57,4.05,16.63,136.2,3972.88
Malaysia,MYS,11/1/21,13.79,13790,402.25,0.54,4.08,15.75,149.99,4375.13
Malaysia,MYS,12/1/21,14.27,14270,416.25,0.62,4.54,18.09,164.26,4791.38
Malaysia,MYS,1/1/22,14.3,14300,412.16,0.94,7.04,27.09,14.3,412.16
Malaysia,MYS,2/1/22,13.1,13100,377.57,0.5,3.97,14.41,27.4,789.73
Malaysia,MYS,3/1/22,14.77,14770,425.7,0.15,1.03,4.32,42.17,1215.43
Malaysia,MYS,4/1/22,14.46,14460,416.77,0.24,1.69,6.92,56.63,1632.2
Malaysia,MYS,5/1/22,14.72,14720,424.26,0.47,3.3,13.55,71.35,2056.46
Malaysia,MYS,6/1/22,14.44,14440,416.19,1.95,15.61,56.2,85.79,2472.65
Malaysia,MYS,7/1/22,14.77,14770,425.7,1.74,13.35,50.15,100.56,2898.36
Malaysia,MYS,8/1/22,14.69,14690,423.4,1.3,9.71,37.47,115.25,3321.76
Malaysia,MYS,9/1/22,14.17,14170,408.41,0.59,4.34,17.01,129.42,3730.17
Malaysia,MYS,10/1/22,14.36,14360,413.89,-0.3,-2.05,-8.65,143.78,4144.05
Malaysia,MYS,11/1/22,13.96,13960,402.36,0.17,1.23,4.9,157.74,4546.41
Malaysia,MYS,12/1/22,14.02,14020,404.09,-0.25,-1.75,-7.21,171.76,4950.5
Malaysia,MYS,1/1/23,13.9,13900,395.71,-0.4,-2.8,-11.39,13.9,395.71
Malaysia,MYS,2/1/23,12.93,12930,368.1,-0.17,-1.3,-4.84,26.83,763.82
Malaysia,MYS,3/1/23,14.71,14710,418.77,-0.06,-0.41,-1.71,41.54,1182.59
Malaysia,MYS,4/1/23,14.21,14210,404.54,-0.25,-1.73,-7.12,55.75,1587.13
Malaysia,MYS,5/1/23,15.55,15550,442.69,0.83,5.64,23.63,71.3,2029.82
Malaysia,MYS,6/1/23,14.73,14730,419.34,0.29,2.01,8.26,86.03,2449.16
Malaysia,MYS,7/1/23,15.01,15010,427.32,0.24,1.62,6.83,101.04,2876.48
Malaysia,MYS,8/1/23,15.14,15140,431.02,0.45,3.06,12.81,116.18,3307.49
Malaysia,MYS,9/1/23,14.61,14610,415.93,0.44,3.11,12.53,130.79,3723.42
Malaysia,MYS,10/1/23,15.41,15410,438.7,1.05,7.31,29.89,146.2,4162.12
Malaysia,MYS,11/1/23,14.54,14540,413.93,0.58,4.15,16.51,160.74,4576.06
Malaysia,MYS,12/1/23,14.57,14570,414.79,0.55,3.92,15.66,175.31,4990.85
Malaysia,MYS,1/1/24,15.15,15150,426.07,1.25,8.99,35.15,15.15,426.07
Malaysia,MYS,2/1/24,14.49,14490,407.51,1.56,12.06,43.87,29.64,833.57
Malaysia,MYS,3/1/24,16.13,16130,453.63,1.42,9.65,39.94,45.77,1287.2
Malaysia,MYS,4/1/24,15.5,15500,435.91,1.29,9.08,36.28,61.27,1723.11
Malaysia,MYS,5/1/24,16.35,16350,459.82,0.8,5.14,22.5,77.62,2182.93
Malaysia,MYS,6/1/24,15.02,15020,422.41,0.29,1.97,8.16,92.64,2605.34
Malaysia,MYS,7/1/24,15.95,15950,448.57,0.94,6.26,26.44,108.59,3053.91
Malaysia,MYS,8/1/24,15.96,15960,448.85,0.82,5.42,23.06,124.55,3502.76
Malaysia,MYS,9/1/24,15.09,15090,424.38,0.48,3.29,13.5,139.64,3927.14
Malaysia,MYS,10/1/24,15.8,15800,444.35,0.39,2.53,10.97,155.44,4371.49
Malaysia,MYS,11/1/24,15.02,15020,422.41,0.48,3.3,13.5,170.46,4793.9
Malaysia,MYS,12/1/24,15.19,15190,427.19,0.62,4.26,17.44,185.65,5221.09
Malaysia,MYS,1/1/25,14.98,14980,416.37,-0.17,-1.12,-4.73,14.98,416.37
Malaysia,MYS,2/1/25,14.12,14120,392.46,-0.37,-2.55,-10.28,29.1,808.83
Malaysia,MYS,3/1/25,15.87,15870,441.11,-0.26,-1.61,-7.23,44.97,1249.94
Malaysia,MYS,4/1/25,15.38,15380,427.49,-0.12,-0.77,-3.34,60.35,1677.42
Malaysia,MYS,5/1/25,16.51,16510,458.89,0.16,0.98,4.45,76.86,2136.32
Malaysia,MYS,6/1/25,15.56,15560,432.49,0.54,3.6,15.01,92.42,2568.81
Malaysia,MYS,7/1/25,16.35,16350,454.45,0.4,2.51,11.12,108.77,3023.25
Mongolia,MNG,1/1/00,0.24,240,97.75,,,,0.24,97.75
Mongolia,MNG,2/1/00,0.22,220,89.61,,,,0.46,187.36
Mongolia,MNG,3/1/00,0.22,220,89.61,,,,0.68,276.97
Mongolia,MNG,4/1/00,0.19,190,77.39,,,,0.87,354.35
Mongolia,MNG,5/1/00,0.17,170,69.24,,,,1.04,423.59
Mongolia,MNG,6/1/00,0.15,150,61.1,,,,1.19,484.69
Mongolia,MNG,7/1/00,0.15,150,61.1,,,,1.34,545.78
Mongolia,MNG,8/1/00,0.16,160,65.17,,,,1.5,610.95
Mongolia,MNG,9/1/00,0.16,160,65.17,,,,1.66,676.12
Mongolia,MNG,10/1/00,0.2,200,81.46,,,,1.86,757.58
Mongolia,MNG,11/1/00,0.22,220,89.61,,,,2.08,847.19
Mongolia,MNG,12/1/00,0.23,230,93.68,,,,2.31,940.87
Mongolia,MNG,1/1/01,0.24,240,96.86,0,0,0,0.24,96.86
Mongolia,MNG,2/1/01,0.21,210,84.76,-0.01,-4.55,-4.04,0.45,181.62
Mongolia,MNG,3/1/01,0.22,220,88.79,0,0,0,0.67,270.41
Mongolia,MNG,4/1/01,0.18,180,72.65,-0.01,-5.26,-4.04,0.85,343.06
Mongolia,MNG,5/1/01,0.18,180,72.65,0.01,5.88,4.04,1.03,415.71
Mongolia,MNG,6/1/01,0.16,160,64.58,0.01,6.67,4.04,1.19,480.28
Mongolia,MNG,7/1/01,0.16,160,64.58,0.01,6.67,4.04,1.35,544.86
Mongolia,MNG,8/1/01,0.14,140,56.5,-0.02,-12.5,-8.07,1.49,601.36
Mongolia,MNG,9/1/01,0.17,170,68.61,0.01,6.25,4.04,1.66,669.98
Mongolia,MNG,10/1/01,0.21,210,84.76,0.01,5,4.04,1.87,754.73
Mongolia,MNG,11/1/01,0.21,210,84.76,-0.01,-4.55,-4.04,2.08,839.49
Mongolia,MNG,12/1/01,0.27,270,108.97,0.04,17.39,16.14,2.35,948.46
Mongolia,MNG,1/1/02,0.25,250,100,0.01,4.17,4,0.25,100
Mongolia,MNG,2/1/02,0.21,210,84,0,0,0,0.46,183.99
Mongolia,MNG,3/1/02,0.22,220,88,0,0,0,0.68,271.99
Mongolia,MNG,4/1/02,0.2,200,80,0.02,11.11,8,0.88,351.99
Mongolia,MNG,5/1/02,0.19,190,76,0.01,5.56,4,1.07,427.99
Mongolia,MNG,6/1/02,0.16,160,64,0,0,0,1.23,491.98
Mongolia,MNG,7/1/02,0.17,170,68,0.01,6.25,4,1.4,559.98
Mongolia,MNG,8/1/02,0.17,170,68,0.03,21.43,12,1.57,627.98
Mongolia,MNG,9/1/02,0.18,180,72,0.01,5.88,4,1.75,699.98
Mongolia,MNG,10/1/02,0.22,220,88,0.01,4.76,4,1.97,787.97
Mongolia,MNG,11/1/02,0.24,240,96,0.03,14.29,12,2.21,883.97
Mongolia,MNG,12/1/02,0.26,260,104,-0.01,-3.7,-4,2.47,987.97
Mongolia,MNG,1/1/03,0.26,260,103.1,0.01,4,3.97,0.26,103.1
Mongolia,MNG,2/1/03,0.22,220,87.24,0.01,4.76,3.97,0.48,190.34
Mongolia,MNG,3/1/03,0.2,200,79.31,-0.02,-9.09,-7.93,0.68,269.65
Mongolia,MNG,4/1/03,0.23,230,91.2,0.03,15,11.9,0.91,360.85
Mongolia,MNG,5/1/03,0.2,200,79.31,0.01,5.26,3.97,1.11,440.16
Mongolia,MNG,6/1/03,0.17,170,67.41,0.01,6.25,3.97,1.28,507.57
Mongolia,MNG,7/1/03,0.17,170,67.41,0,0,0,1.45,574.99
Mongolia,MNG,8/1/03,0.16,160,63.45,-0.01,-5.88,-3.97,1.61,638.43
Mongolia,MNG,9/1/03,0.19,190,75.34,0.01,5.56,3.97,1.8,713.78
Mongolia,MNG,10/1/03,0.22,220,87.24,0,0,0,2.02,801.02
Mongolia,MNG,11/1/03,0.24,240,95.17,0,0,0,2.26,896.19
Mongolia,MNG,12/1/03,0.27,270,107.07,0.01,3.85,3.97,2.53,1003.25
Mongolia,MNG,1/1/04,0.26,260,102.25,0,0,0,0.26,102.25
Mongolia,MNG,2/1/04,0.23,230,90.45,0.01,4.55,3.93,0.49,192.7
Mongolia,MNG,3/1/04,0.24,240,94.38,0.04,20,15.73,0.73,287.09
Mongolia,MNG,4/1/04,0.22,220,86.52,-0.01,-4.35,-3.93,0.95,373.61
Mongolia,MNG,5/1/04,0.22,220,86.52,0.02,10,7.87,1.17,460.12
Mongolia,MNG,6/1/04,0.22,220,86.52,0.05,29.41,19.66,1.39,546.64
Mongolia,MNG,7/1/04,0.18,180,70.79,0.01,5.88,3.93,1.57,617.43
Mongolia,MNG,8/1/04,0.19,190,74.72,0.03,18.75,11.8,1.76,692.15
Mongolia,MNG,9/1/04,0.2,200,78.65,0.01,5.26,3.93,1.96,770.81
Mongolia,MNG,10/1/04,0.24,240,94.38,0.02,9.09,7.87,2.2,865.19
Mongolia,MNG,11/1/04,0.2,200,78.65,-0.04,-16.67,-15.73,2.4,943.85
Mongolia,MNG,12/1/04,0.28,280,110.12,0.01,3.7,3.93,2.68,1053.96
Mongolia,MNG,1/1/05,0.28,280,109.23,0.02,7.69,7.8,0.28,109.23
Mongolia,MNG,2/1/05,0.25,250,97.52,0.02,8.7,7.8,0.53,206.75
Mongolia,MNG,3/1/05,0.25,250,97.52,0.01,4.17,3.9,0.78,304.28
Mongolia,MNG,4/1/05,0.23,230,89.72,0.01,4.55,3.9,1.01,394
Mongolia,MNG,5/1/05,0.22,220,85.82,0,0,0,1.23,479.82
Mongolia,MNG,6/1/05,0.2,200,78.02,-0.02,-9.09,-7.8,1.43,557.84
Mongolia,MNG,7/1/05,0.2,200,78.02,0.02,11.11,7.8,1.63,635.86
Mongolia,MNG,8/1/05,0.18,180,70.22,-0.01,-5.26,-3.9,1.81,706.08
Mongolia,MNG,9/1/05,0.24,240,93.62,0.04,20,15.6,2.05,799.7
Mongolia,MNG,10/1/05,0.25,250,97.52,0.01,4.17,3.9,2.3,897.22
Mongolia,MNG,11/1/05,0.25,250,97.52,0.05,25,19.5,2.55,994.75
Mongolia,MNG,12/1/05,0.29,290,113.13,0.01,3.57,3.9,2.84,1107.88
Mongolia,MNG,1/1/06,0.28,280,108.33,0,0,0,0.28,108.33
Mongolia,MNG,2/1/06,0.25,250,96.72,0,0,0,0.53,205.05
Mongolia,MNG,3/1/06,0.26,260,100.59,0.01,4,3.87,0.79,305.64
Mongolia,MNG,4/1/06,0.24,240,92.85,0.01,4.35,3.87,1.03,398.49
Mongolia,MNG,5/1/06,0.23,230,88.98,0.01,4.55,3.87,1.26,487.47
Mongolia,MNG,6/1/06,0.21,210,81.25,0.01,5,3.87,1.47,568.72
Mongolia,MNG,7/1/06,0.21,210,81.25,0.01,5,3.87,1.68,649.96
Mongolia,MNG,8/1/06,0.22,220,85.11,0.04,22.22,15.48,1.9,735.08
Mongolia,MNG,9/1/06,0.23,230,88.98,-0.01,-4.17,-3.87,2.13,824.06
Mongolia,MNG,10/1/06,0.26,260,100.59,0.01,4,3.87,2.39,924.65
Mongolia,MNG,11/1/06,0.26,260,100.59,0.01,4,3.87,2.65,1025.24
Mongolia,MNG,12/1/06,0.29,290,112.2,0,0,0,2.94,1137.44
Mongolia,MNG,1/1/07,0.29,290,111.2,0.01,3.57,3.83,0.29,111.2
Mongolia,MNG,2/1/07,0.25,250,95.86,0,0,0,0.54,207.06
Mongolia,MNG,3/1/07,0.26,260,99.69,0,0,0,0.8,306.75
Mongolia,MNG,4/1/07,0.26,260,99.69,0.02,8.33,7.67,1.06,406.45
Mongolia,MNG,5/1/07,0.24,240,92.03,0.01,4.35,3.83,1.3,498.47
Mongolia,MNG,6/1/07,0.23,230,88.19,0.02,9.52,7.67,1.53,586.66
Mongolia,MNG,7/1/07,0.22,220,84.36,0.01,4.76,3.83,1.75,671.02
Mongolia,MNG,8/1/07,0.22,220,84.36,0,0,0,1.97,755.38
Mongolia,MNG,9/1/07,0.24,240,92.03,0.01,4.35,3.83,2.21,847.4
Mongolia,MNG,10/1/07,0.27,270,103.53,0.01,3.85,3.83,2.48,950.93
Mongolia,MNG,11/1/07,0.29,290,111.2,0.03,11.54,11.5,2.77,1062.13
Mongolia,MNG,12/1/07,0.32,320,122.7,0.03,10.34,11.5,3.09,1184.83
Mongolia,MNG,1/1/08,0.33,330,125.26,0.04,13.79,15.18,0.33,125.26
Mongolia,MNG,2/1/08,0.3,300,113.88,0.05,20,18.98,0.63,239.14
Mongolia,MNG,3/1/08,0.29,290,110.08,0.03,11.54,11.39,0.92,349.22
Mongolia,MNG,4/1/08,0.27,270,102.49,0.01,3.85,3.8,1.19,451.71
Mongolia,MNG,5/1/08,0.26,260,98.69,0.02,8.33,7.59,1.45,550.41
Mongolia,MNG,6/1/08,0.24,240,91.1,0.01,4.35,3.8,1.69,641.51
Mongolia,MNG,7/1/08,0.22,220,83.51,0,0,0,1.91,725.02
Mongolia,MNG,8/1/08,0.25,250,94.9,0.03,13.64,11.39,2.16,819.91
Mongolia,MNG,9/1/08,0.26,260,98.69,0.02,8.33,7.59,2.42,918.61
Mongolia,MNG,10/1/08,0.3,300,113.88,0.03,11.11,11.39,2.72,1032.49
Mongolia,MNG,11/1/08,0.31,310,117.67,0.02,6.9,7.59,3.03,1150.16
Mongolia,MNG,12/1/08,0.34,340,129.06,0.02,6.25,7.59,3.37,1279.22
Mongolia,MNG,1/1/09,0.33,330,123.81,0,0,0,0.33,123.81
Mongolia,MNG,2/1/09,0.33,330,123.81,0.03,10,11.26,0.66,247.62
Mongolia,MNG,3/1/09,0.31,310,116.31,0.02,6.9,7.5,0.97,363.93
Mongolia,MNG,4/1/09,0.27,270,101.3,0,0,0,1.24,465.23
Mongolia,MNG,5/1/09,0.27,270,101.3,0.01,3.85,3.75,1.51,566.53
Mongolia,MNG,6/1/09,0.23,230,86.29,-0.01,-4.17,-3.75,1.74,652.83
Mongolia,MNG,7/1/09,0.22,220,82.54,0,0,0,1.96,735.37
Mongolia,MNG,8/1/09,0.25,250,93.8,0,0,0,2.21,829.17
Mongolia,MNG,9/1/09,0.26,260,97.55,0,0,0,2.47,926.71
Mongolia,MNG,10/1/09,0.26,260,97.55,-0.04,-13.33,-15.01,2.73,1024.26
Mongolia,MNG,11/1/09,0.31,310,116.31,0,0,0,3.04,1140.57
Mongolia,MNG,12/1/09,0.35,350,131.32,0.01,2.94,3.75,3.39,1271.89
Mongolia,MNG,1/1/10,0.35,350,129.55,0.02,6.06,7.4,0.35,129.55
Mongolia,MNG,2/1/10,0.31,310,114.74,-0.02,-6.06,-7.4,0.66,244.29
Mongolia,MNG,3/1/10,0.34,340,125.85,0.03,9.68,11.1,1,370.13
Mongolia,MNG,4/1/10,0.3,300,111.04,0.03,11.11,11.1,1.3,481.17
Mongolia,MNG,5/1/10,0.28,280,103.64,0.01,3.7,3.7,1.58,584.81
Mongolia,MNG,6/1/10,0.26,260,96.23,0.03,13.04,11.1,1.84,681.05
Mongolia,MNG,7/1/10,0.26,260,96.23,0.04,18.18,14.81,2.1,777.28
Mongolia,MNG,8/1/10,0.27,270,99.94,0.02,8,7.4,2.37,877.22
Mongolia,MNG,9/1/10,0.27,270,99.94,0.01,3.85,3.7,2.64,977.15
Mongolia,MNG,10/1/10,0.31,310,114.74,0.05,19.23,18.51,2.95,1091.89
Mongolia,MNG,11/1/10,0.34,340,125.85,0.03,9.68,11.1,3.29,1217.74
Mongolia,MNG,12/1/10,0.38,380,140.65,0.03,8.57,11.1,3.67,1358.39
Mongolia,MNG,1/1/11,0.38,380,138.42,0.03,8.57,10.93,0.38,138.42
Mongolia,MNG,2/1/11,0.32,320,116.57,0.01,3.23,3.64,0.7,254.99
Mongolia,MNG,3/1/11,0.35,350,127.5,0.01,2.94,3.64,1.05,382.49
Mongolia,MNG,4/1/11,0.32,320,116.57,0.02,6.67,7.29,1.37,499.06
Mongolia,MNG,5/1/11,0.3,300,109.28,0.02,7.14,7.29,1.67,608.34
Mongolia,MNG,6/1/11,0.31,310,112.93,0.05,19.23,18.21,1.98,721.26
Mongolia,MNG,7/1/11,0.25,250,91.07,-0.01,-3.85,-3.64,2.23,812.33
Mongolia,MNG,8/1/11,0.26,260,94.71,-0.01,-3.7,-3.64,2.49,907.04
Mongolia,MNG,9/1/11,0.28,280,102,0.01,3.7,3.64,2.77,1009.04
Mongolia,MNG,10/1/11,0.34,340,123.85,0.03,9.68,10.93,3.11,1132.89
Mongolia,MNG,11/1/11,0.38,380,138.42,0.04,11.76,14.57,3.49,1271.32
Mongolia,MNG,12/1/11,0.41,410,149.35,0.03,7.89,10.93,3.9,1420.67
Mongolia,MNG,1/1/12,0.41,410,146.67,0.03,7.89,10.73,0.41,146.67
Mongolia,MNG,2/1/12,0.37,370,132.36,0.05,15.63,17.89,0.78,279.02
Mongolia,MNG,3/1/12,0.37,370,132.36,0.02,5.71,7.15,1.15,411.38
Mongolia,MNG,4/1/12,0.33,330,118.05,0.01,3.13,3.58,1.48,529.43
Mongolia,MNG,5/1/12,0.29,290,103.74,-0.01,-3.33,-3.58,1.77,633.17
Mongolia,MNG,6/1/12,0.28,280,100.16,-0.03,-9.68,-10.73,2.05,733.33
Mongolia,MNG,7/1/12,0.27,270,96.59,0.02,8,7.15,2.32,829.92
Mongolia,MNG,8/1/12,0.28,280,100.16,0.02,7.69,7.15,2.6,930.08
Mongolia,MNG,9/1/12,0.31,310,110.89,0.03,10.71,10.73,2.91,1040.97
Mongolia,MNG,10/1/12,0.36,360,128.78,0.02,5.88,7.15,3.27,1169.75
Mongolia,MNG,11/1/12,0.39,390,139.51,0.01,2.63,3.58,3.66,1309.27
Mongolia,MNG,12/1/12,0.43,430,153.82,0.02,4.88,7.15,4.09,1463.09
Mongolia,MNG,1/1/13,0.44,440,154.28,0.03,7.32,10.52,0.44,154.28
Mongolia,MNG,2/1/13,0.39,390,136.75,0.02,5.41,7.01,0.83,291.04
Mongolia,MNG,3/1/13,0.39,390,136.75,0.02,5.41,7.01,1.22,427.79
Mongolia,MNG,4/1/13,0.36,360,126.23,0.03,9.09,10.52,1.58,554.02
Mongolia,MNG,5/1/13,0.33,330,115.71,0.04,13.79,14.03,1.91,669.73
Mongolia,MNG,6/1/13,0.29,290,101.69,0.01,3.57,3.51,2.2,771.42
Mongolia,MNG,7/1/13,0.27,270,94.67,0,0,0,2.47,866.1
Mongolia,MNG,8/1/13,0.28,280,98.18,0,0,0,2.75,964.28
Mongolia,MNG,9/1/13,0.31,310,108.7,0,0,0,3.06,1072.98
Mongolia,MNG,10/1/13,0.39,390,136.75,0.03,8.33,10.52,3.45,1209.73
Mongolia,MNG,11/1/13,0.4,400,140.26,0.01,2.56,3.51,3.85,1349.99
Mongolia,MNG,12/1/13,0.47,470,164.8,0.04,9.3,14.03,4.32,1514.79
Mongolia,MNG,1/1/14,0.47,470,161.34,0.03,6.82,10.3,0.47,161.34
Mongolia,MNG,2/1/14,0.41,410,140.75,0.02,5.13,6.87,0.88,302.09
Mongolia,MNG,3/1/14,0.42,420,144.18,0.03,7.69,10.3,1.3,446.27
Mongolia,MNG,4/1/14,0.36,360,123.58,0,0,0,1.66,569.85
Mongolia,MNG,5/1/14,0.35,350,120.15,0.02,6.06,6.87,2.01,690
Mongolia,MNG,6/1/14,0.28,280,96.12,-0.01,-3.45,-3.43,2.29,786.12
Mongolia,MNG,7/1/14,0.31,310,106.42,0.04,14.81,13.73,2.6,892.54
Mongolia,MNG,8/1/14,0.33,330,113.28,0.05,17.86,17.16,2.93,1005.82
Mongolia,MNG,9/1/14,0.35,350,120.15,0.04,12.9,13.73,3.28,1125.97
Mongolia,MNG,10/1/14,0.41,410,140.75,0.02,5.13,6.87,3.69,1266.72
Mongolia,MNG,11/1/14,0.44,440,151.04,0.04,10,13.73,4.13,1417.76
Mongolia,MNG,12/1/14,0.5,500,171.64,0.03,6.38,10.3,4.63,1589.4
Mongolia,MNG,1/1/15,0.49,490,164.62,0.02,4.26,6.72,0.49,164.62
Mongolia,MNG,2/1/15,0.43,430,144.46,0.02,4.88,6.72,0.92,309.08
Mongolia,MNG,3/1/15,0.45,450,151.18,0.03,7.14,10.08,1.37,460.27
Mongolia,MNG,4/1/15,0.36,360,120.95,0,0,0,1.73,581.21
Mongolia,MNG,5/1/15,0.35,350,117.59,0,0,0,2.08,698.8
Mongolia,MNG,6/1/15,0.31,310,104.15,0.03,10.71,10.08,2.39,802.95
Mongolia,MNG,7/1/15,0.32,320,107.51,0.01,3.23,3.36,2.71,910.46
Mongolia,MNG,8/1/15,0.32,320,107.51,-0.01,-3.03,-3.36,3.03,1017.96
Mongolia,MNG,9/1/15,0.36,360,120.95,0.01,2.86,3.36,3.39,1138.91
Mongolia,MNG,10/1/15,0.42,420,141.1,0.01,2.44,3.36,3.81,1280.01
Mongolia,MNG,11/1/15,0.46,460,154.54,0.02,4.55,6.72,4.27,1434.56
Mongolia,MNG,12/1/15,0.51,510,171.34,0.01,2,3.36,4.78,1605.9
Mongolia,MNG,1/1/16,0.51,510,167.72,0.02,4.08,6.58,0.51,167.72
Mongolia,MNG,2/1/16,0.45,450,147.99,0.02,4.65,6.58,0.96,315.71
Mongolia,MNG,3/1/16,0.44,440,144.7,-0.01,-2.22,-3.29,1.4,460.4
Mongolia,MNG,4/1/16,0.39,390,128.26,0.03,8.33,9.87,1.79,588.66
Mongolia,MNG,5/1/16,0.36,360,118.39,0.01,2.86,3.29,2.15,707.05
Mongolia,MNG,6/1/16,0.34,340,111.81,0.03,9.68,9.87,2.49,818.86
Mongolia,MNG,7/1/16,0.32,320,105.24,0,0,0,2.81,924.1
Mongolia,MNG,8/1/16,0.35,350,115.1,0.03,9.38,9.87,3.16,1039.2
Mongolia,MNG,9/1/16,0.35,350,115.1,-0.01,-2.78,-3.29,3.51,1154.3
Mongolia,MNG,10/1/16,0.44,440,144.7,0.02,4.76,6.58,3.95,1299
Mongolia,MNG,11/1/16,0.48,480,157.85,0.02,4.35,6.58,4.43,1456.85
Mongolia,MNG,12/1/16,0.52,520,171.01,0.01,1.96,3.29,4.95,1627.86
Mongolia,MNG,1/1/17,0.55,550,177.17,0.04,7.84,12.89,0.55,177.17
Mongolia,MNG,2/1/17,0.47,470,151.4,0.02,4.44,6.44,1.02,328.57
Mongolia,MNG,3/1/17,0.48,480,154.62,0.04,9.09,12.89,1.5,483.19
Mongolia,MNG,4/1/17,0.43,430,138.51,0.04,10.26,12.89,1.93,621.71
Mongolia,MNG,5/1/17,0.41,410,132.07,0.05,13.89,16.11,2.34,753.78
Mongolia,MNG,6/1/17,0.37,370,119.19,0.03,8.82,9.66,2.71,872.97
Mongolia,MNG,7/1/17,0.35,350,112.74,0.03,9.38,9.66,3.06,985.71
Mongolia,MNG,8/1/17,0.36,360,115.97,0.01,2.86,3.22,3.42,1101.68
Mongolia,MNG,9/1/17,0.4,400,128.85,0.05,14.29,16.11,3.82,1230.53
Mongolia,MNG,10/1/17,0.48,480,154.62,0.04,9.09,12.89,4.3,1385.15
Mongolia,MNG,11/1/17,0.52,520,167.51,0.04,8.33,12.89,4.82,1552.65
Mongolia,MNG,12/1/17,0.57,570,183.61,0.05,9.62,16.11,5.39,1736.27
Mongolia,MNG,1/1/18,0.6,600,189.41,0.05,9.09,15.78,0.6,189.41
Mongolia,MNG,2/1/18,0.54,540,170.47,0.07,14.89,22.1,1.14,359.88
Mongolia,MNG,3/1/18,0.54,540,170.47,0.06,12.5,18.94,1.68,530.35
Mongolia,MNG,4/1/18,0.5,500,157.84,0.07,16.28,22.1,2.18,688.19
Mongolia,MNG,5/1/18,0.46,460,145.22,0.05,12.2,15.78,2.64,833.41
Mongolia,MNG,6/1/18,0.41,410,129.43,0.04,10.81,12.63,3.05,962.84
Mongolia,MNG,7/1/18,0.42,420,132.59,0.07,20,22.1,3.47,1095.43
Mongolia,MNG,8/1/18,0.42,420,132.59,0.06,16.67,18.94,3.89,1228.02
Mongolia,MNG,9/1/18,0.43,430,135.74,0.03,7.5,9.47,4.32,1363.76
Mongolia,MNG,10/1/18,0.54,540,170.47,0.06,12.5,18.94,4.86,1534.23
Mongolia,MNG,11/1/18,0.57,570,179.94,0.05,9.62,15.78,5.43,1714.17
Mongolia,MNG,12/1/18,0.63,630,198.88,0.06,10.53,18.94,6.06,1913.05
Mongolia,MNG,1/1/19,0.67,670,207.29,0.07,11.67,21.66,0.67,207.29
Mongolia,MNG,2/1/19,0.54,540,167.07,0,0,0,1.21,374.37
Mongolia,MNG,3/1/19,0.59,590,182.54,0.05,9.26,15.47,1.8,556.91
Mongolia,MNG,4/1/19,0.55,550,170.17,0.05,10,15.47,2.35,727.08
Mongolia,MNG,5/1/19,0.53,530,163.98,0.07,15.22,21.66,2.88,891.06
Mongolia,MNG,6/1/19,0.46,460,142.32,0.05,12.2,15.47,3.34,1033.38
Mongolia,MNG,7/1/19,0.45,450,139.23,0.03,7.14,9.28,3.79,1172.61
Mongolia,MNG,8/1/19,0.48,480,148.51,0.06,14.29,18.56,4.27,1321.12
Mongolia,MNG,9/1/19,0.52,520,160.89,0.09,20.93,27.85,4.79,1482
Mongolia,MNG,10/1/19,0.61,610,188.73,0.07,12.96,21.66,5.4,1670.74
Mongolia,MNG,11/1/19,0.65,650,201.11,0.08,14.04,24.75,6.05,1871.84
Mongolia,MNG,12/1/19,0.7,700,216.58,0.07,11.11,21.66,6.75,2088.42
Mongolia,MNG,1/1/20,0.7,700,212.71,0.03,4.48,9.12,0.7,212.71
Mongolia,MNG,2/1/20,0.61,610,185.37,0.07,12.96,21.27,1.31,398.08
Mongolia,MNG,3/1/20,0.61,610,185.37,0.02,3.39,6.08,1.92,583.45
Mongolia,MNG,4/1/20,0.53,530,161.06,-0.02,-3.64,-6.08,2.45,744.5
Mongolia,MNG,5/1/20,0.5,500,151.94,-0.03,-5.66,-9.12,2.95,896.44
Mongolia,MNG,6/1/20,0.47,470,142.82,0.01,2.17,3.04,3.42,1039.26
Mongolia,MNG,7/1/20,0.44,440,133.71,-0.01,-2.22,-3.04,3.86,1172.97
Mongolia,MNG,8/1/20,0.47,470,142.82,-0.01,-2.08,-3.04,4.33,1315.79
Mongolia,MNG,9/1/20,0.5,500,151.94,-0.02,-3.85,-6.08,4.83,1467.73
Mongolia,MNG,10/1/20,0.64,640,194.48,0.03,4.92,9.12,5.47,1662.21
Mongolia,MNG,11/1/20,0.65,650,197.52,0,0,0,6.12,1859.74
Mongolia,MNG,12/1/20,0.75,750,227.91,0.05,7.14,15.19,6.87,2087.64
Mongolia,MNG,1/1/21,0.78,780,233.56,0.08,11.43,23.95,0.78,233.56
Mongolia,MNG,2/1/21,0.67,670,200.62,0.06,9.84,17.97,1.45,434.17
Mongolia,MNG,3/1/21,0.71,710,212.6,0.1,16.39,29.94,2.16,646.77
Mongolia,MNG,4/1/21,0.64,640,191.64,0.11,20.75,32.94,2.8,838.41
Mongolia,MNG,5/1/21,0.61,610,182.65,0.11,22,32.94,3.41,1021.06
Mongolia,MNG,6/1/21,0.52,520,155.7,0.05,10.64,14.97,3.93,1176.76
Mongolia,MNG,7/1/21,0.49,490,146.72,0.05,11.36,14.97,4.42,1323.48
Mongolia,MNG,8/1/21,0.51,510,152.71,0.04,8.51,11.98,4.93,1476.19
Mongolia,MNG,9/1/21,0.57,570,170.68,0.07,14,20.96,5.5,1646.87
Mongolia,MNG,10/1/21,0.7,700,209.6,0.06,9.38,17.97,6.2,1856.47
Mongolia,MNG,11/1/21,0.76,760,227.57,0.11,16.92,32.94,6.96,2084.04
Mongolia,MNG,12/1/21,0.84,840,251.52,0.09,12,26.95,7.8,2335.56
Mongolia,MNG,1/1/22,0.81,810,239.22,0.03,3.85,8.86,0.81,239.22
Mongolia,MNG,2/1/22,0.72,720,212.64,0.05,7.46,14.77,1.53,451.86
Mongolia,MNG,3/1/22,0.75,750,221.5,0.04,5.63,11.81,2.28,673.36
Mongolia,MNG,4/1/22,0.66,660,194.92,0.02,3.13,5.91,2.94,868.28
Mongolia,MNG,5/1/22,0.6,600,177.2,-0.01,-1.64,-2.95,3.54,1045.48
Mongolia,MNG,6/1/22,0.54,540,159.48,0.02,3.85,5.91,4.08,1204.95
Mongolia,MNG,7/1/22,0.49,490,144.71,0,0,0,4.57,1349.67
Mongolia,MNG,8/1/22,0.52,520,153.57,0.01,1.96,2.95,5.09,1503.24
Mongolia,MNG,9/1/22,0.58,580,171.29,0.01,1.75,2.95,5.67,1674.53
Mongolia,MNG,10/1/22,0.69,690,203.78,-0.01,-1.43,-2.95,6.36,1878.31
Mongolia,MNG,11/1/22,0.75,750,221.5,-0.01,-1.32,-2.95,7.11,2099.81
Mongolia,MNG,12/1/22,0.84,840,248.08,0,0,0,7.95,2347.89
Mongolia,MNG,1/1/23,0.85,850,247.67,0.04,4.94,11.66,0.85,247.67
Mongolia,MNG,2/1/23,0.72,720,209.79,0,0,0,1.57,457.47
Mongolia,MNG,3/1/23,0.74,740,215.62,-0.01,-1.33,-2.91,2.31,673.09
Mongolia,MNG,4/1/23,0.7,700,203.97,0.04,6.06,11.66,3.01,877.06
Mongolia,MNG,5/1/23,0.62,620,180.66,0.02,3.33,5.83,3.63,1057.71
Mongolia,MNG,6/1/23,0.55,550,160.26,0.01,1.85,2.91,4.18,1217.97
Mongolia,MNG,7/1/23,0.54,540,157.35,0.05,10.2,14.57,4.72,1375.32
Mongolia,MNG,8/1/23,0.55,550,160.26,0.03,5.77,8.74,5.27,1535.58
Mongolia,MNG,9/1/23,0.61,610,177.74,0.03,5.17,8.74,5.88,1713.32
Mongolia,MNG,10/1/23,0.71,710,206.88,0.02,2.9,5.83,6.59,1920.2
Mongolia,MNG,11/1/23,0.79,790,230.19,0.04,5.33,11.66,7.38,2150.39
Mongolia,MNG,12/1/23,0.87,870,253.5,0.03,3.57,8.74,8.25,2403.9
Mongolia,MNG,1/1/24,0.87,870,250.32,0.02,2.35,5.75,0.87,250.32
Mongolia,MNG,2/1/24,0.8,800,230.18,0.08,11.11,23.02,1.67,480.5
Mongolia,MNG,3/1/24,0.86,860,247.44,0.12,16.22,34.53,2.53,727.94
Mongolia,MNG,4/1/24,0.71,710,204.28,0.01,1.43,2.88,3.24,932.23
Mongolia,MNG,5/1/24,0.63,630,181.27,0.01,1.61,2.88,3.87,1113.5
Mongolia,MNG,6/1/24,0.56,560,161.13,0.01,1.82,2.88,4.43,1274.62
Mongolia,MNG,7/1/24,0.56,560,161.13,0.02,3.7,5.75,4.99,1435.75
Mongolia,MNG,8/1/24,0.57,570,164,0.02,3.64,5.75,5.56,1599.75
Mongolia,MNG,9/1/24,0.64,640,184.14,0.03,4.92,8.63,6.2,1783.9
Mongolia,MNG,10/1/24,0.77,770,221.55,0.06,8.45,17.26,6.97,2005.44
Mongolia,MNG,11/1/24,0.84,840,241.69,0.05,6.33,14.39,7.81,2247.13
Mongolia,MNG,12/1/24,0.91,910,261.83,0.04,4.6,11.51,8.72,2508.96
Mongolia,MNG,1/1/25,0.9,900,255.89,0.03,3.45,8.53,0.9,255.89
Mongolia,MNG,2/1/25,0.86,860,244.52,0.06,7.5,17.06,1.76,500.41
Mongolia,MNG,3/1/25,0.89,890,253.05,0.03,3.49,8.53,2.65,753.46
Mongolia,MNG,4/1/25,0.8,800,227.46,0.09,12.68,25.59,3.45,980.92
Mongolia,MNG,5/1/25,0.75,750,213.24,0.12,19.05,34.12,4.2,1194.17
Mongolia,MNG,6/1/25,0.63,630,179.12,0.07,12.5,19.9,4.83,1373.29
Myanmar,MMR,2/1/04,0.36,360,7.65,,,,0.36,7.65
Myanmar,MMR,3/1/04,0.48,480,10.2,,,,0.84,17.85
Myanmar,MMR,4/1/04,0.39,390,8.29,,,,1.23,26.13
Myanmar,MMR,5/1/04,0.4,400,8.5,,,,1.63,34.63
Myanmar,MMR,6/1/04,0.41,410,8.71,,,,2.04,43.34
Myanmar,MMR,7/1/04,0.45,450,9.56,,,,2.49,52.9
Myanmar,MMR,8/1/04,0.41,410,8.71,,,,2.9,61.61
Myanmar,MMR,9/1/04,0.46,460,9.77,,,,3.36,71.38
Myanmar,MMR,10/1/04,0.45,450,9.56,,,,3.81,80.95
Myanmar,MMR,11/1/04,0.43,430,9.14,,,,4.24,90.08
Myanmar,MMR,12/1/04,0.5,500,10.62,,,,4.74,100.7
Myanmar,MMR,1/1/05,0.47,470,9.91,,,,0.47,9.91
Myanmar,MMR,2/1/05,0.47,470,9.91,0.11,30.56,2.32,0.94,19.82
Myanmar,MMR,3/1/05,0.49,490,10.33,0.01,2.08,0.21,1.43,30.14
Myanmar,MMR,4/1/05,0.44,440,9.28,0.05,12.82,1.05,1.87,39.42
Myanmar,MMR,5/1/05,0.45,450,9.49,0.05,12.5,1.05,2.32,48.91
Myanmar,MMR,6/1/05,0.47,470,9.91,0.06,14.63,1.26,2.79,58.81
Myanmar,MMR,7/1/05,0.52,520,10.96,0.07,15.56,1.48,3.31,69.77
Myanmar,MMR,8/1/05,0.57,570,12.02,0.16,39.02,3.37,3.88,81.79
Myanmar,MMR,9/1/05,0.54,540,11.38,0.08,17.39,1.69,4.42,93.17
Myanmar,MMR,10/1/05,0.58,580,12.23,0.13,28.89,2.74,5,105.4
Myanmar,MMR,11/1/05,0.54,540,11.38,0.11,25.58,2.32,5.54,116.78
Myanmar,MMR,12/1/05,0.47,470,9.91,-0.03,-6,-0.63,6.01,126.69
Myanmar,MMR,1/1/06,0.47,470,9.84,0,0,0,0.47,9.84
Myanmar,MMR,2/1/06,0.44,440,9.21,-0.03,-6.38,-0.63,0.91,19.04
Myanmar,MMR,3/1/06,0.48,480,10.04,-0.01,-2.04,-0.21,1.39,29.09
Myanmar,MMR,4/1/06,0.45,450,9.42,0.01,2.27,0.21,1.84,38.51
Myanmar,MMR,5/1/06,0.48,480,10.04,0.03,6.67,0.63,2.32,48.55
Myanmar,MMR,6/1/06,0.49,490,10.25,0.02,4.26,0.42,2.81,58.8
Myanmar,MMR,7/1/06,0.57,570,11.93,0.05,9.62,1.05,3.38,70.73
Myanmar,MMR,8/1/06,0.59,590,12.35,0.02,3.51,0.42,3.97,83.08
Myanmar,MMR,9/1/06,0.57,570,11.93,0.03,5.56,0.63,4.54,95.01
Myanmar,MMR,10/1/06,0.59,590,12.35,0.01,1.72,0.21,5.13,107.36
Myanmar,MMR,11/1/06,0.51,510,10.67,-0.03,-5.56,-0.63,5.64,118.03
Myanmar,MMR,12/1/06,0.47,470,9.84,0,0,0,6.11,127.86
Myanmar,MMR,1/1/07,0.46,460,9.56,-0.01,-2.13,-0.21,0.46,9.56
Myanmar,MMR,2/1/07,0.47,470,9.77,0.03,6.82,0.62,0.93,19.32
Myanmar,MMR,3/1/07,0.51,510,10.6,0.03,6.25,0.62,1.44,29.92
Myanmar,MMR,4/1/07,0.5,500,10.39,0.05,11.11,1.04,1.94,40.31
Myanmar,MMR,5/1/07,0.5,500,10.39,0.02,4.17,0.42,2.44,50.7
Myanmar,MMR,6/1/07,0.48,480,9.97,-0.01,-2.04,-0.21,2.92,60.68
Myanmar,MMR,7/1/07,0.58,580,12.05,0.01,1.75,0.21,3.5,72.73
Myanmar,MMR,8/1/07,0.59,590,12.26,0,0,0,4.09,84.99
Myanmar,MMR,9/1/07,0.62,620,12.88,0.05,8.77,1.04,4.71,97.87
Myanmar,MMR,10/1/07,0.64,640,13.3,0.05,8.47,1.04,5.35,111.17
Myanmar,MMR,11/1/07,0.6,600,12.47,0.09,17.65,1.87,5.95,123.64
Myanmar,MMR,12/1/07,0.57,570,11.84,0.1,21.28,2.08,6.52,135.48
Myanmar,MMR,1/1/08,0.5,500,10.33,0.04,8.7,0.83,0.5,10.33
Myanmar,MMR,2/1/08,0.46,460,9.51,-0.01,-2.13,-0.21,0.96,19.84
Myanmar,MMR,3/1/08,0.53,530,10.95,0.02,3.92,0.41,1.49,30.79
Myanmar,MMR,4/1/08,0.49,490,10.13,-0.01,-2,-0.21,1.98,40.92
Myanmar,MMR,5/1/08,0.42,420,8.68,-0.08,-16,-1.65,2.4,49.6
Myanmar,MMR,6/1/08,0.53,530,10.95,0.05,10.42,1.03,2.93,60.55
Myanmar,MMR,7/1/08,0.62,620,12.81,0.04,6.9,0.83,3.55,73.36
Myanmar,MMR,8/1/08,0.63,630,13.02,0.04,6.78,0.83,4.18,86.38
Myanmar,MMR,9/1/08,0.63,630,13.02,0.01,1.61,0.21,4.81,99.4
Myanmar,MMR,10/1/08,0.63,630,13.02,-0.01,-1.56,-0.21,5.44,112.42
Myanmar,MMR,11/1/08,0.6,600,12.4,0,0,0,6.04,124.82
Myanmar,MMR,12/1/08,0.52,520,10.75,-0.05,-8.77,-1.03,6.56,135.56
Myanmar,MMR,1/1/09,0.52,520,10.69,0.02,4,0.41,0.52,10.69
Myanmar,MMR,2/1/09,0.48,480,9.86,0.02,4.35,0.41,1,20.55
Myanmar,MMR,3/1/09,0.52,520,10.69,-0.01,-1.89,-0.21,1.52,31.24
Myanmar,MMR,4/1/09,0.5,500,10.28,0.01,2.04,0.21,2.02,41.51
Myanmar,MMR,5/1/09,0.52,520,10.69,0.1,23.81,2.06,2.54,52.2
Myanmar,MMR,6/1/09,0.45,450,9.25,-0.08,-15.09,-1.64,2.99,61.45
Myanmar,MMR,7/1/09,0.47,470,9.66,-0.15,-24.19,-3.08,3.46,71.1
Myanmar,MMR,8/1/09,0.54,540,11.1,-0.09,-14.29,-1.85,4,82.2
Myanmar,MMR,9/1/09,0.54,540,11.1,-0.09,-14.29,-1.85,4.54,93.3
Myanmar,MMR,10/1/09,0.55,550,11.3,-0.08,-12.7,-1.64,5.09,104.6
Myanmar,MMR,11/1/09,0.49,490,10.07,-0.11,-18.33,-2.26,5.58,114.67
Myanmar,MMR,12/1/09,0.43,430,8.84,-0.09,-17.31,-1.85,6.01,123.51
Myanmar,MMR,1/1/10,0.4,400,8.16,-0.12,-23.08,-2.45,0.4,8.16
Myanmar,MMR,2/1/10,0.42,420,8.57,-0.06,-12.5,-1.22,0.82,16.73
Myanmar,MMR,3/1/10,0.49,490,10,-0.03,-5.77,-0.61,1.31,26.72
Myanmar,MMR,4/1/10,0.51,510,10.4,0.01,2,0.2,1.82,37.12
Myanmar,MMR,5/1/10,0.48,480,9.79,-0.04,-7.69,-0.82,2.3,46.92
Myanmar,MMR,6/1/10,0.45,450,9.18,0,0,0,2.75,56.09
Myanmar,MMR,7/1/10,0.6,600,12.24,0.13,27.66,2.65,3.35,68.33
Myanmar,MMR,8/1/10,0.69,690,14.07,0.15,27.78,3.06,4.04,82.41
Myanmar,MMR,9/1/10,0.69,690,14.07,0.15,27.78,3.06,4.73,96.48
Myanmar,MMR,10/1/10,0.67,670,13.67,0.12,21.82,2.45,5.4,110.15
Myanmar,MMR,11/1/10,0.66,660,13.46,0.17,34.69,3.47,6.06,123.61
Myanmar,MMR,12/1/10,0.66,660,13.46,0.23,53.49,4.69,6.72,137.07
Myanmar,MMR,1/1/11,0.71,710,14.37,0.31,77.5,6.27,0.71,14.37
Myanmar,MMR,2/1/11,0.65,650,13.15,0.23,54.76,4.65,1.36,27.52
Myanmar,MMR,3/1/11,0.72,720,14.57,0.23,46.94,4.65,2.08,42.09
Myanmar,MMR,4/1/11,0.71,710,14.37,0.2,39.22,4.05,2.79,56.46
Myanmar,MMR,5/1/11,0.72,720,14.57,0.24,50,4.86,3.51,71.02
Myanmar,MMR,6/1/11,0.75,750,15.18,0.3,66.67,6.07,4.26,86.2
Myanmar,MMR,7/1/11,0.83,830,16.79,0.23,38.33,4.65,5.09,103
Myanmar,MMR,8/1/11,0.83,830,16.79,0.14,20.29,2.83,5.92,119.79
Myanmar,MMR,9/1/11,0.82,820,16.59,0.13,18.84,2.63,6.74,136.38
Myanmar,MMR,10/1/11,0.91,910,18.41,0.24,35.82,4.86,7.65,154.8
Myanmar,MMR,11/1/11,0.83,830,16.79,0.17,25.76,3.44,8.48,171.59
Myanmar,MMR,12/1/11,0.9,900,18.21,0.24,36.36,4.86,9.38,189.8
Myanmar,MMR,1/1/12,0.79,790,15.85,0.08,11.27,1.61,0.79,15.85
Myanmar,MMR,2/1/12,0.76,760,15.25,0.11,16.92,2.21,1.55,31.1
Myanmar,MMR,3/1/12,0.81,810,16.25,0.09,12.5,1.81,2.36,47.35
Myanmar,MMR,4/1/12,0.74,740,14.85,0.03,4.23,0.6,3.1,62.2
Myanmar,MMR,5/1/12,0.75,750,15.05,0.03,4.17,0.6,3.85,77.25
Myanmar,MMR,6/1/12,0.77,770,15.45,0.02,2.67,0.4,4.62,92.7
Myanmar,MMR,7/1/12,0.87,870,17.46,0.04,4.82,0.8,5.49,110.16
Myanmar,MMR,8/1/12,0.91,910,18.26,0.08,9.64,1.61,6.4,128.42
Myanmar,MMR,9/1/12,0.87,870,17.46,0.05,6.1,1,7.27,145.87
Myanmar,MMR,10/1/12,0.9,900,18.06,-0.01,-1.1,-0.2,8.17,163.93
Myanmar,MMR,11/1/12,0.84,840,16.85,0.01,1.2,0.2,9.01,180.79
Myanmar,MMR,12/1/12,0.8,800,16.05,-0.1,-11.11,-2.01,9.81,196.84
Myanmar,MMR,1/1/13,0.88,880,17.51,0.09,11.39,1.79,0.88,17.51
Myanmar,MMR,2/1/13,0.82,820,16.31,0.06,7.89,1.19,1.7,33.82
Myanmar,MMR,3/1/13,0.95,950,18.9,0.14,17.28,2.79,2.65,52.72
Myanmar,MMR,4/1/13,0.92,920,18.3,0.18,24.32,3.58,3.57,71.03
Myanmar,MMR,5/1/13,0.95,950,18.9,0.2,26.67,3.98,4.52,89.93
Myanmar,MMR,6/1/13,1,1000,19.9,0.23,29.87,4.58,5.52,109.82
Myanmar,MMR,7/1/13,1.13,1130,22.48,0.26,29.89,5.17,6.65,132.3
Myanmar,MMR,8/1/13,1.22,1220,24.27,0.31,34.07,6.17,7.87,156.58
Myanmar,MMR,9/1/13,1.21,1210,24.07,0.34,39.08,6.76,9.08,180.65
Myanmar,MMR,10/1/13,1.22,1220,24.27,0.32,35.56,6.37,10.3,204.92
Myanmar,MMR,11/1/13,1.14,1140,22.68,0.3,35.71,5.97,11.44,227.6
Myanmar,MMR,12/1/13,1.09,1090,21.69,0.29,36.25,5.77,12.53,249.29
Myanmar,MMR,1/1/14,1.05,1050,20.72,0.17,19.32,3.35,1.05,20.72
Myanmar,MMR,2/1/14,0.97,970,19.14,0.15,18.29,2.96,2.02,39.86
Myanmar,MMR,3/1/14,1.17,1170,23.09,0.22,23.16,4.34,3.19,62.94
Myanmar,MMR,4/1/14,1.15,1150,22.69,0.23,25,4.54,4.34,85.63
Myanmar,MMR,5/1/14,1.22,1220,24.07,0.27,28.42,5.33,5.56,109.7
Myanmar,MMR,6/1/14,1.16,1160,22.89,0.16,16,3.16,6.72,132.59
Myanmar,MMR,7/1/14,1.18,1180,23.28,0.05,4.42,0.99,7.9,155.88
Myanmar,MMR,8/1/14,1.19,1190,23.48,-0.03,-2.46,-0.59,9.09,179.36
Myanmar,MMR,9/1/14,1.2,1200,23.68,-0.01,-0.83,-0.2,10.29,203.03
Myanmar,MMR,10/1/14,1.25,1250,24.66,0.03,2.46,0.59,11.54,227.7
Myanmar,MMR,11/1/14,1.18,1180,23.28,0.04,3.51,0.79,12.72,250.98
Myanmar,MMR,12/1/14,1.17,1170,23.09,0.08,7.34,1.58,13.89,274.06
Myanmar,MMR,1/1/15,1.15,1150,22.51,0.1,9.52,1.96,1.15,22.51
Myanmar,MMR,2/1/15,1.05,1050,20.55,0.08,8.25,1.57,2.2,43.06
Myanmar,MMR,3/1/15,1.29,1290,25.25,0.12,10.26,2.35,3.49,68.31
Myanmar,MMR,4/1/15,1.25,1250,24.47,0.1,8.7,1.96,4.74,92.78
Myanmar,MMR,5/1/15,1.39,1390,27.21,0.17,13.93,3.33,6.13,119.99
Myanmar,MMR,6/1/15,1.31,1310,25.64,0.15,12.93,2.94,7.44,145.63
Myanmar,MMR,7/1/15,1.31,1310,25.64,0.13,11.02,2.54,8.75,171.27
Myanmar,MMR,8/1/15,1.33,1330,26.03,0.14,11.76,2.74,10.08,197.3
Myanmar,MMR,9/1/15,1.32,1320,25.84,0.12,10,2.35,11.4,223.14
Myanmar,MMR,10/1/15,1.37,1370,26.82,0.12,9.6,2.35,12.77,249.96
Myanmar,MMR,11/1/15,1.31,1310,25.64,0.13,11.02,2.54,14.08,275.6
Myanmar,MMR,12/1/15,1.31,1310,25.64,0.14,11.97,2.74,15.39,301.24
Myanmar,MMR,1/1/16,1.25,1250,24.27,0.1,8.7,1.94,1.25,24.27
Myanmar,MMR,2/1/16,1.25,1250,24.27,0.2,19.05,3.88,2.5,48.55
Myanmar,MMR,3/1/16,1.52,1520,29.52,0.23,17.83,4.47,4.02,78.06
Myanmar,MMR,4/1/16,1.43,1430,27.77,0.18,14.4,3.5,5.45,105.83
Myanmar,MMR,5/1/16,1.54,1540,29.91,0.15,10.79,2.91,6.99,135.74
Myanmar,MMR,6/1/16,1.44,1440,27.96,0.13,9.92,2.52,8.43,163.7
Myanmar,MMR,7/1/16,1.49,1490,28.93,0.18,13.74,3.5,9.92,192.64
Myanmar,MMR,8/1/16,1.51,1510,29.32,0.18,13.53,3.5,11.43,221.96
Myanmar,MMR,9/1/16,1.5,1500,29.13,0.18,13.64,3.5,12.93,251.09
Myanmar,MMR,10/1/16,1.54,1540,29.91,0.17,12.41,3.3,14.47,280.99
Myanmar,MMR,11/1/16,1.44,1440,27.96,0.13,9.92,2.52,15.91,308.96
Myanmar,MMR,12/1/16,1.5,1500,29.13,0.19,14.5,3.69,17.41,338.09
Myanmar,MMR,1/1/17,1.48,1480,28.52,0.23,18.4,4.43,1.48,28.52
Myanmar,MMR,2/1/17,1.38,1380,26.59,0.13,10.4,2.51,2.86,55.11
Myanmar,MMR,3/1/17,1.6,1600,30.83,0.08,5.26,1.54,4.46,85.94
Myanmar,MMR,4/1/17,1.52,1520,29.29,0.09,6.29,1.73,5.98,115.23
Myanmar,MMR,5/1/17,1.77,1770,34.11,0.23,14.94,4.43,7.75,149.34
Myanmar,MMR,6/1/17,1.65,1650,31.8,0.21,14.58,4.05,9.4,181.14
Myanmar,MMR,7/1/17,1.65,1650,31.8,0.16,10.74,3.08,11.05,212.93
Myanmar,MMR,8/1/17,1.73,1730,33.34,0.22,14.57,4.24,12.78,246.27
Myanmar,MMR,9/1/17,1.73,1730,33.34,0.23,15.33,4.43,14.51,279.6
Myanmar,MMR,10/1/17,1.73,1730,33.34,0.19,12.34,3.66,16.24,312.94
Myanmar,MMR,11/1/17,1.68,1680,32.37,0.24,16.67,4.62,17.92,345.31
Myanmar,MMR,12/1/17,1.63,1630,31.41,0.13,8.67,2.51,19.55,376.72
Myanmar,MMR,1/1/18,1.63,1630,31.18,0.15,10.14,2.87,1.63,31.18
Myanmar,MMR,2/1/18,1.54,1540,29.46,0.16,11.59,3.06,3.17,60.64
Myanmar,MMR,3/1/18,1.85,1850,35.39,0.25,15.63,4.78,5.02,96.04
Myanmar,MMR,4/1/18,1.79,1790,34.24,0.27,17.76,5.17,6.81,130.28
Myanmar,MMR,5/1/18,1.92,1920,36.73,0.15,8.47,2.87,8.73,167.01
Myanmar,MMR,6/1/18,1.78,1780,34.05,0.13,7.88,2.49,10.51,201.06
Myanmar,MMR,7/1/18,1.86,1860,35.58,0.21,12.73,4.02,12.37,236.65
Myanmar,MMR,8/1/18,1.89,1890,36.16,0.16,9.25,3.06,14.26,272.8
Myanmar,MMR,9/1/18,1.91,1910,36.54,0.18,10.4,3.44,16.17,309.34
Myanmar,MMR,10/1/18,1.94,1940,37.11,0.21,12.14,4.02,18.11,346.46
Myanmar,MMR,11/1/18,1.86,1860,35.58,0.18,10.71,3.44,19.97,382.04
Myanmar,MMR,12/1/18,1.86,1860,35.58,0.23,14.11,4.4,21.83,417.62
Myanmar,MMR,1/1/19,1.81,1810,34.38,0.18,11.04,3.42,1.81,34.38
Myanmar,MMR,2/1/19,1.71,1710,32.48,0.17,11.04,3.23,3.52,66.87
Myanmar,MMR,3/1/19,2.02,2020,38.37,0.17,9.19,3.23,5.54,105.24
Myanmar,MMR,4/1/19,2.01,2010,38.18,0.22,12.29,4.18,7.55,143.43
Myanmar,MMR,5/1/19,1.99,1990,37.8,0.07,3.65,1.33,9.54,181.23
Myanmar,MMR,6/1/19,1.89,1890,35.9,0.11,6.18,2.09,11.43,217.13
Myanmar,MMR,7/1/19,1.95,1950,37.04,0.09,4.84,1.71,13.38,254.18
Myanmar,MMR,8/1/19,1.94,1940,36.85,0.05,2.65,0.95,15.32,291.03
Myanmar,MMR,9/1/19,1.92,1920,36.47,0.01,0.52,0.19,17.24,327.5
Myanmar,MMR,10/1/19,2.06,2060,39.13,0.12,6.19,2.28,19.3,366.64
Myanmar,MMR,11/1/19,1.94,1940,36.85,0.08,4.3,1.52,21.24,403.49
Myanmar,MMR,12/1/19,1.81,1810,34.38,-0.05,-2.69,-0.95,23.05,437.87
Myanmar,MMR,1/1/20,1.83,1830,34.52,0.02,1.1,0.38,1.83,34.52
Myanmar,MMR,2/1/20,1.77,1770,33.39,0.06,3.51,1.13,3.6,67.9
Myanmar,MMR,3/1/20,2.07,2070,39.04,0.05,2.48,0.94,5.67,106.95
Myanmar,MMR,4/1/20,1.85,1850,34.89,-0.16,-7.96,-3.02,7.52,141.84
Myanmar,MMR,5/1/20,2.17,2170,40.93,0.18,9.05,3.4,9.69,182.77
Myanmar,MMR,6/1/20,2.04,2040,38.48,0.15,7.94,2.83,11.73,221.25
Myanmar,MMR,7/1/20,2.12,2120,39.99,0.17,8.72,3.21,13.85,261.24
Myanmar,MMR,8/1/20,2.08,2080,39.23,0.14,7.22,2.64,15.93,300.47
Myanmar,MMR,9/1/20,2.05,2050,38.67,0.13,6.77,2.45,17.98,339.14
Myanmar,MMR,10/1/20,1.99,1990,37.54,-0.07,-3.4,-1.32,19.97,376.68
Myanmar,MMR,11/1/20,1.95,1950,36.78,0.01,0.52,0.19,21.92,413.46
Myanmar,MMR,12/1/20,1.97,1970,37.16,0.16,8.84,3.02,23.89,450.61
Myanmar,MMR,1/1/21,1.94,1940,36.34,0.11,6.01,2.06,1.94,36.34
Myanmar,MMR,2/1/21,1.64,1640,30.72,-0.13,-7.34,-2.44,3.58,67.06
Myanmar,MMR,3/1/21,1.92,1920,35.96,-0.15,-7.25,-2.81,5.5,103.02
Myanmar,MMR,4/1/21,1.95,1950,36.53,0.1,5.41,1.87,7.45,139.55
Myanmar,MMR,5/1/21,2.27,2270,42.52,0.1,4.61,1.87,9.72,182.07
Myanmar,MMR,6/1/21,2.07,2070,38.77,0.03,1.47,0.56,11.79,220.84
Myanmar,MMR,7/1/21,1.95,1950,36.53,-0.17,-8.02,-3.18,13.74,257.37
Myanmar,MMR,8/1/21,2.01,2010,37.65,-0.07,-3.37,-1.31,15.75,295.02
Myanmar,MMR,9/1/21,2.03,2030,38.02,-0.02,-0.98,-0.37,17.78,333.04
Myanmar,MMR,10/1/21,2.13,2130,39.9,0.14,7.04,2.62,19.91,372.94
Myanmar,MMR,11/1/21,2.04,2040,38.21,0.09,4.62,1.69,21.95,411.15
Myanmar,MMR,12/1/21,1.91,1910,35.78,-0.06,-3.05,-1.12,23.86,446.92
Myanmar,MMR,1/1/22,1.79,1790,33.3,-0.15,-7.73,-2.79,1.79,33.3
Myanmar,MMR,2/1/22,1.54,1540,28.65,-0.1,-6.1,-1.86,3.33,61.95
Myanmar,MMR,3/1/22,1.64,1640,30.51,-0.28,-14.58,-5.21,4.97,92.45
Myanmar,MMR,4/1/22,1.73,1730,32.18,-0.22,-11.28,-4.09,6.7,124.64
Myanmar,MMR,5/1/22,1.8,1800,33.48,-0.47,-20.7,-8.74,8.5,158.12
Myanmar,MMR,6/1/22,1.84,1840,34.23,-0.23,-11.11,-4.28,10.34,192.35
Myanmar,MMR,7/1/22,2,2000,37.2,0.05,2.56,0.93,12.34,229.55
Myanmar,MMR,8/1/22,1.99,1990,37.02,-0.02,-1,-0.37,14.33,266.57
Myanmar,MMR,9/1/22,1.94,1940,36.09,-0.09,-4.43,-1.67,16.27,302.66
Myanmar,MMR,10/1/22,2.13,2130,39.62,0,0,0,18.4,342.28
Myanmar,MMR,11/1/22,1.78,1780,33.11,-0.26,-12.75,-4.84,20.18,375.39
Myanmar,MMR,12/1/22,1.7,1700,31.62,-0.21,-10.99,-3.91,21.88,407.02
Myanmar,MMR,1/1/23,1.52,1520,28.08,-0.27,-15.08,-4.99,1.52,28.08
Myanmar,MMR,2/1/23,1.43,1430,26.42,-0.11,-7.14,-2.03,2.95,54.49
Myanmar,MMR,3/1/23,1.7,1700,31.4,0.06,3.66,1.11,4.65,85.9
Myanmar,MMR,4/1/23,1.54,1540,28.45,-0.19,-10.98,-3.51,6.19,114.35
Myanmar,MMR,5/1/23,1.68,1680,31.03,-0.12,-6.67,-2.22,7.87,145.38
Pakistan,PAK,1/1/18,0.12,120,0.53,,,,0.12,0.53
Pakistan,PAK,2/1/18,0.11,110,0.48,,,,0.23,1.01
Pakistan,PAK,3/1/18,0.13,130,0.57,,,,0.36,1.59
Pakistan,PAK,4/1/18,0.13,130,0.57,,,,0.49,2.16
Pakistan,PAK,5/1/18,0.13,130,0.57,,,,0.62,2.73
Pakistan,PAK,6/1/18,0.12,120,0.53,,,,0.74,3.26
Pakistan,PAK,7/1/18,0.12,120,0.53,,,,0.86,3.79
Pakistan,PAK,8/1/18,0.13,130,0.57,,,,0.99,4.36
Pakistan,PAK,9/1/18,0.14,140,0.62,,,,1.13,4.98
Pakistan,PAK,10/1/18,0.16,160,0.71,,,,1.29,5.68
Pakistan,PAK,11/1/18,7.58,7580,33.4,,,,8.87,39.09
Pakistan,PAK,12/1/18,7.81,7810,34.42,,,,16.68,73.5
Pakistan,PAK,1/1/19,7.86,7860,34.06,7.74,6450,33.54,7.86,34.06
Pakistan,PAK,2/1/19,6.77,6770,29.33,6.66,6054.55,28.86,14.63,63.39
Pakistan,PAK,3/1/19,7.74,7740,33.54,7.61,5853.85,32.97,22.37,96.92
Pakistan,PAK,4/1/19,9.85,9850,42.68,9.72,7476.92,42.11,32.22,139.6
Pakistan,PAK,5/1/19,12.7,12700,55.03,12.57,9669.23,54.46,44.92,194.63
Pakistan,PAK,6/1/19,13.26,13260,57.45,13.14,10950,56.93,58.18,252.08
Pakistan,PAK,7/1/19,14.34,14340,62.13,14.22,11850,61.61,72.52,314.21
Pakistan,PAK,8/1/19,14.15,14150,61.31,14.02,10784.62,60.74,86.67,375.52
Pakistan,PAK,9/1/19,13.76,13760,59.62,13.62,9728.57,59.01,100.43,435.14
Pakistan,PAK,10/1/19,9.73,9730,42.16,9.57,5981.25,41.46,110.16,477.29
Pakistan,PAK,11/1/19,7.59,7590,32.89,0.01,0.13,0.04,117.75,510.18
Pakistan,PAK,12/1/19,7.73,7730,33.49,-0.08,-1.02,-0.35,125.48,543.67
Pakistan,PAK,1/1/20,7.97,7970,33.91,0.11,1.4,0.47,7.97,33.91
Pakistan,PAK,2/1/20,7.22,7220,30.72,0.45,6.65,1.91,15.19,64.64
Pakistan,PAK,3/1/20,7.11,7110,30.26,-0.63,-8.14,-2.68,22.3,94.89
Pakistan,PAK,4/1/20,8.6,8600,36.6,-1.25,-12.69,-5.32,30.9,131.49
Pakistan,PAK,5/1/20,12.24,12240,52.08,-0.46,-3.62,-1.96,43.14,183.57
Pakistan,PAK,6/1/20,13.5,13500,57.45,0.24,1.81,1.02,56.64,241.02
Pakistan,PAK,7/1/20,14.92,14920,63.49,0.58,4.04,2.47,71.56,304.51
Pakistan,PAK,8/1/20,15.49,15490,65.91,1.34,9.47,5.7,87.05,370.42
Pakistan,PAK,9/1/20,13.38,13380,56.94,-0.38,-2.76,-1.62,100.43,427.36
Pakistan,PAK,10/1/20,10.58,10580,45.02,0.85,8.74,3.62,111.01,472.38
Pakistan,PAK,11/1/20,7.12,7120,30.3,-0.47,-6.19,-2,118.13,502.68
Pakistan,PAK,12/1/20,8.21,8210,34.94,0.48,6.21,2.04,126.34,537.61
Pakistan,PAK,1/1/21,8.55,8550,35.7,0.58,7.28,2.42,8.55,35.7
Pakistan,PAK,2/1/21,7.64,7640,31.9,0.42,5.82,1.75,16.19,67.61
Pakistan,PAK,3/1/21,9.37,9370,39.13,2.26,31.79,9.44,25.56,106.73
Pakistan,PAK,4/1/21,10.88,10880,45.43,2.28,26.51,9.52,36.44,152.16
Pakistan,PAK,5/1/21,13.4,13400,55.96,1.16,9.48,4.84,49.84,208.12
Pakistan,PAK,6/1/21,14.74,14740,61.55,1.24,9.19,5.18,64.58,269.67
Pakistan,PAK,7/1/21,15.02,15020,62.72,0.1,0.67,0.42,79.6,332.39
Pakistan,PAK,8/1/21,16.47,16470,68.77,0.98,6.33,4.09,96.07,401.16
Pakistan,PAK,9/1/21,14.43,14430,60.26,1.05,7.85,4.38,110.5,461.42
Pakistan,PAK,10/1/21,11.57,11570,48.31,0.99,9.36,4.13,122.07,509.73
Pakistan,PAK,11/1/21,8.95,8950,37.37,1.83,25.7,7.64,131.02,547.11
Pakistan,PAK,12/1/21,9.18,9180,38.33,0.97,11.81,4.05,140.2,585.44
Pakistan,PAK,1/1/22,9.2,9200,37.75,0.65,7.6,2.67,9.2,37.75
Pakistan,PAK,2/1/22,8.61,8610,35.33,0.97,12.7,3.98,17.81,73.08
Pakistan,PAK,3/1/22,11.04,11040,45.3,1.67,17.82,6.85,28.85,118.38
Pakistan,PAK,4/1/22,13.54,13540,55.56,2.66,24.45,10.92,42.39,173.94
Pakistan,PAK,5/1/22,15.24,15240,62.54,1.84,13.73,7.55,57.63,236.48
Pakistan,PAK,6/1/22,14.39,14390,59.05,-0.35,-2.37,-1.44,72.02,295.53
Pakistan,PAK,7/1/22,14.67,14670,60.2,-0.35,-2.33,-1.44,86.69,355.72
Pakistan,PAK,8/1/22,14.54,14540,59.66,-1.93,-11.72,-7.92,101.23,415.39
Pakistan,PAK,9/1/22,13.5,13500,55.4,-0.93,-6.44,-3.82,114.73,470.78
Pakistan,PAK,10/1/22,11.4,11400,46.78,-0.17,-1.47,-0.7,126.13,517.56
Pakistan,PAK,11/1/22,8.98,8980,36.85,0.03,0.34,0.12,135.11,554.41
Pakistan,PAK,12/1/22,9.06,9060,37.18,-0.12,-1.31,-0.49,144.17,591.59
Pakistan,PAK,1/1/23,9.18,9180,37.09,-0.02,-0.22,-0.08,9.18,37.09
Pakistan,PAK,2/1/23,8.49,8490,34.3,-0.12,-1.39,-0.48,17.67,71.39
Pakistan,PAK,3/1/23,9.55,9550,38.59,-1.49,-13.5,-6.02,27.22,109.98
Pakistan,PAK,4/1/23,10.81,10810,43.68,-2.73,-20.16,-11.03,38.03,153.65
Pakistan,PAK,5/1/23,13.1,13100,52.93,-2.14,-14.04,-8.65,51.13,206.58
Pakistan,PAK,6/1/23,14.5,14500,58.58,0.11,0.76,0.44,65.63,265.17
Pakistan,PAK,7/1/23,15.64,15640,63.19,0.97,6.61,3.92,81.27,328.36
Pakistan,PAK,8/1/23,16.91,16910,68.32,2.37,16.3,9.58,98.18,396.68
Pakistan,PAK,9/1/23,14.35,14350,57.98,0.85,6.3,3.43,112.53,454.66
Pakistan,PAK,10/1/23,10.65,10650,43.03,-0.75,-6.58,-3.03,123.18,497.69
Pakistan,PAK,11/1/23,8.51,8510,34.38,-0.47,-5.23,-1.9,131.69,532.07
Pakistan,PAK,12/1/23,8.67,8670,35.03,-0.39,-4.3,-1.58,140.36,567.1
Pakistan,PAK,1/1/24,9.36,9360,37.25,0.18,1.96,0.72,9.36,37.25
Pakistan,PAK,2/1/24,8.27,8270,32.91,-0.22,-2.59,-0.88,17.63,70.16
Pakistan,PAK,3/1/24,9.37,9370,37.29,-0.18,-1.88,-0.72,27,107.45
Pakistan,PAK,4/1/24,9.99,9990,39.76,-0.82,-7.59,-3.26,36.99,147.21
Pakistan,PAK,5/1/24,14.09,14090,56.08,0.99,7.56,3.94,51.08,203.29
Pakistan,PAK,6/1/24,14.84,14840,59.06,0.34,2.34,1.35,65.92,262.35
Pakistan,PAK,7/1/24,16.31,16310,64.91,0.67,4.28,2.67,82.23,327.26
Pakistan,PAK,8/1/24,14.62,14620,58.18,-2.29,-13.54,-9.11,96.85,385.44
Pakistan,PAK,9/1/24,14.42,14420,57.39,0.07,0.49,0.28,111.27,442.83
Pakistan,PAK,10/1/24,12.42,12420,49.43,1.77,16.62,7.04,123.69,492.26
Pakistan,PAK,11/1/24,9.79,9790,38.96,1.28,15.04,5.09,133.48,531.22
Pakistan,PAK,12/1/24,10.08,10080,40.12,1.41,16.26,5.61,143.56,571.34
Pakistan,PAK,1/1/25,10.6,10600,41.53,1.24,13.25,4.86,10.6,41.53
Pakistan,PAK,2/1/25,9.29,9290,36.4,1.02,12.33,4,19.89,77.93
Pakistan,PAK,3/1/25,11.44,11440,44.82,2.07,22.09,8.11,31.33,122.76
Pakistan,PAK,4/1/25,13.55,13550,53.09,3.56,35.64,13.95,44.88,175.85
Pakistan,PAK,5/1/25,15.59,15590,61.08,1.5,10.65,5.88,60.47,236.93
Pakistan,PAK,6/1/25,16.38,16380,64.18,1.54,10.38,6.03,76.85,301.11
Philippines,PHL,1/1/17,6.82,6820,63.08,,,,6.82,63.08
Philippines,PHL,2/1/17,6.85,6850,63.36,,,,13.67,126.43
Philippines,PHL,3/1/17,6.74,6740,62.34,,,,20.41,188.77
Philippines,PHL,4/1/17,7.59,7590,70.2,,,,28,258.97
Philippines,PHL,5/1/17,8.04,8040,74.36,,,,36.04,333.33
Philippines,PHL,6/1/17,8.15,8150,75.38,,,,44.19,408.71
Philippines,PHL,7/1/17,7.5,7500,69.37,,,,51.69,478.08
Philippines,PHL,8/1/17,7.88,7880,72.88,,,,59.57,550.96
Philippines,PHL,9/1/17,7.9,7900,73.07,,,,67.47,624.03
Philippines,PHL,10/1/17,7.72,7720,71.4,,,,75.19,695.43
Philippines,PHL,11/1/17,7.73,7730,71.49,,,,82.92,766.93
Philippines,PHL,12/1/17,7.36,7360,68.07,,,,90.28,835
Philippines,PHL,1/1/18,7.33,7330,66.96,0.51,7.48,4.66,7.33,66.96
Philippines,PHL,2/1/18,7.63,7630,69.7,0.78,11.39,7.13,14.96,136.66
Philippines,PHL,3/1/18,7.2,7200,65.77,0.46,6.82,4.2,22.16,202.44
Philippines,PHL,4/1/18,8.04,8040,73.45,0.45,5.93,4.11,30.2,275.89
Philippines,PHL,5/1/18,8.46,8460,77.28,0.42,5.22,3.84,38.66,353.17
Philippines,PHL,6/1/18,8.36,8360,76.37,0.21,2.58,1.92,47.02,429.54
Philippines,PHL,7/1/18,7.9,7900,72.17,0.4,5.33,3.65,54.92,501.71
Philippines,PHL,8/1/18,8.19,8190,74.82,0.31,3.93,2.83,63.11,576.53
Philippines,PHL,9/1/18,8.19,8190,74.82,0.29,3.67,2.65,71.3,651.35
Philippines,PHL,10/1/18,8.33,8330,76.1,0.61,7.9,5.57,79.63,727.45
Philippines,PHL,11/1/18,8.25,8250,75.37,0.52,6.73,4.75,87.88,802.81
Philippines,PHL,12/1/18,7.82,7820,71.44,0.46,6.25,4.2,95.7,874.25
Philippines,PHL,1/1/19,7.49,7490,67.6,0.16,2.18,1.44,7.49,67.6
Philippines,PHL,2/1/19,7.63,7630,68.86,0,0,0,15.12,136.46
Philippines,PHL,3/1/19,7.52,7520,67.87,0.32,4.44,2.89,22.64,204.32
Philippines,PHL,4/1/19,8.72,8720,78.7,0.68,8.46,6.14,31.36,283.02
Philippines,PHL,5/1/19,9.04,9040,81.58,0.58,6.86,5.23,40.4,364.6
Philippines,PHL,6/1/19,9.37,9370,84.56,1.01,12.08,9.12,49.77,449.17
Philippines,PHL,7/1/19,8.63,8630,77.88,0.73,9.24,6.59,58.4,527.05
Philippines,PHL,8/1/19,8.64,8640,77.97,0.45,5.49,4.06,67.04,605.03
Philippines,PHL,9/1/19,8.68,8680,78.34,0.49,5.98,4.42,75.72,683.36
Philippines,PHL,10/1/19,9.04,9040,81.58,0.71,8.52,6.41,84.76,764.95
Philippines,PHL,11/1/19,8.76,8760,79.06,0.51,6.18,4.6,93.52,844.01
Philippines,PHL,12/1/19,8.02,8020,72.38,0.2,2.56,1.8,101.54,916.38
Philippines,PHL,1/1/20,8.1,8100,72.27,0.61,8.14,5.44,8.1,72.27
Philippines,PHL,2/1/20,8.24,8240,73.52,0.61,7.99,5.44,16.34,145.79
Philippines,PHL,3/1/20,7.84,7840,69.95,0.32,4.26,2.86,24.18,215.74
Philippines,PHL,4/1/20,7.15,7150,63.79,-1.57,-18,-14.01,31.33,279.53
Philippines,PHL,5/1/20,7.76,7760,69.24,-1.28,-14.16,-11.42,39.09,348.77
Philippines,PHL,6/1/20,8.68,8680,77.44,-0.69,-7.36,-6.16,47.77,426.21
Philippines,PHL,7/1/20,8.39,8390,74.86,-0.24,-2.78,-2.14,56.16,501.07
Philippines,PHL,8/1/20,8.2,8200,73.16,-0.44,-5.09,-3.93,64.36,574.23
Philippines,PHL,9/1/20,8.69,8690,77.53,0.01,0.12,0.09,73.05,651.76
Philippines,PHL,10/1/20,8.14,8140,72.63,-0.9,-9.96,-8.03,81.19,724.39
Philippines,PHL,11/1/20,8.01,8010,71.47,-0.75,-8.56,-6.69,89.2,795.85
Philippines,PHL,12/1/20,7.86,7860,70.13,-0.16,-2,-1.43,97.06,865.98
Philippines,PHL,1/1/21,7.56,7560,66.84,-0.54,-6.67,-4.77,7.56,66.84
Philippines,PHL,2/1/21,7.85,7850,69.41,-0.39,-4.73,-3.45,15.41,136.25
Philippines,PHL,3/1/21,7.82,7820,69.14,-0.02,-0.26,-0.18,23.23,205.39
Philippines,PHL,4/1/21,8.69,8690,76.83,1.54,21.54,13.62,31.92,282.23
Philippines,PHL,5/1/21,9.15,9150,80.9,1.39,17.91,12.29,41.07,363.13
Philippines,PHL,6/1/21,9.4,9400,83.11,0.72,8.29,6.37,50.47,446.24
Philippines,PHL,7/1/21,8.59,8590,75.95,0.2,2.38,1.77,59.06,522.19
Philippines,PHL,8/1/21,8.69,8690,76.83,0.49,5.98,4.33,67.75,599.02
Philippines,PHL,9/1/21,8.66,8660,76.57,-0.03,-0.35,-0.27,76.41,675.59
Philippines,PHL,10/1/21,8.74,8740,77.28,0.6,7.37,5.3,85.15,752.87
Philippines,PHL,11/1/21,9.04,9040,79.93,1.03,12.86,9.11,94.19,832.8
Philippines,PHL,12/1/21,8.04,8040,71.09,0.18,2.29,1.59,102.23,903.88
Philippines,PHL,1/1/22,7.58,7580,66.51,0.02,0.26,0.18,7.58,66.51
Philippines,PHL,2/1/22,8.56,8560,75.11,0.71,9.04,6.23,16.14,141.62
Philippines,PHL,3/1/22,8.37,8370,73.44,0.55,7.03,4.83,24.51,215.07
Philippines,PHL,4/1/22,9.08,9080,79.67,0.39,4.49,3.42,33.59,294.74
Philippines,PHL,5/1/22,9.41,9410,82.57,0.26,2.84,2.28,43,377.31
Philippines,PHL,6/1/22,9.75,9750,85.55,0.35,3.72,3.07,52.75,462.87
Philippines,PHL,7/1/22,9.05,9050,79.41,0.46,5.36,4.04,61.8,542.28
Philippines,PHL,8/1/22,9.16,9160,80.38,0.47,5.41,4.12,70.96,622.65
Philippines,PHL,9/1/22,9.16,9160,80.38,0.5,5.77,4.39,80.12,703.03
Philippines,PHL,10/1/22,9.14,9140,80.2,0.4,4.58,3.51,89.26,783.23
Philippines,PHL,11/1/22,9,9000,78.97,-0.04,-0.44,-0.35,98.26,862.2
Philippines,PHL,12/1/22,8.57,8570,75.2,0.53,6.59,4.65,106.83,937.4
Philippines,PHL,1/1/23,8.03,8030,69.89,0.45,5.94,3.92,8.03,69.89
Philippines,PHL,2/1/23,8.63,8630,75.11,0.07,0.82,0.61,16.66,145.01
Philippines,PHL,3/1/23,8.1,8100,70.5,-0.27,-3.23,-2.35,24.76,215.51
Philippines,PHL,4/1/23,9.66,9660,84.08,0.58,6.39,5.05,34.42,299.59
Philippines,PHL,5/1/23,10.04,10040,87.39,0.63,6.7,5.48,44.46,386.98
Philippines,PHL,6/1/23,10.06,10060,87.56,0.31,3.18,2.7,54.52,474.54
Philippines,PHL,7/1/23,9.53,9530,82.95,0.48,5.3,4.18,64.05,557.48
Philippines,PHL,8/1/23,9.84,9840,85.65,0.68,7.42,5.92,73.89,643.13
Philippines,PHL,9/1/23,9.75,9750,84.86,0.59,6.44,5.14,83.64,727.99
Philippines,PHL,10/1/23,9.6,9600,83.56,0.46,5.03,4,93.24,811.55
Philippines,PHL,11/1/23,9.64,9640,83.91,0.64,7.11,5.57,102.88,895.46
Philippines,PHL,12/1/23,9.19,9190,79.99,0.62,7.23,5.4,112.07,975.45
Philippines,PHL,1/1/24,9.12,9120,78.73,1.09,13.57,9.41,9.12,78.73
Philippines,PHL,2/1/24,9.26,9260,79.94,0.63,7.3,5.44,18.38,158.66
Philippines,PHL,3/1/24,9.18,9180,79.24,1.08,13.33,9.32,27.56,237.91
Philippines,PHL,4/1/24,10.67,10670,92.11,1.01,10.46,8.72,38.23,330.01
Philippines,PHL,5/1/24,11.26,11260,97.2,1.22,12.15,10.53,49.49,427.21
Philippines,PHL,6/1/24,10.94,10940,94.44,0.88,8.75,7.6,60.43,521.65
Philippines,PHL,7/1/24,10.06,10060,86.84,0.53,5.56,4.58,70.49,608.49
Philippines,PHL,8/1/24,10.56,10560,91.16,0.72,7.32,6.22,81.05,699.65
Philippines,PHL,9/1/24,10.22,10220,88.22,0.47,4.82,4.06,91.27,787.87
Philippines,PHL,10/1/24,10.11,10110,87.27,0.51,5.31,4.4,101.38,875.14
Philippines,PHL,11/1/24,10.22,10220,88.22,0.58,6.02,5.01,111.6,963.36
Philippines,PHL,12/1/24,9.57,9570,82.61,0.38,4.13,3.28,121.17,1045.98
Philippines,PHL,1/1/25,9.51,9510,81.43,0.39,4.28,3.34,9.51,81.43
Philippines,PHL,2/1/25,8.78,8780,75.18,-0.48,-5.18,-4.11,18.29,156.61
Philippines,PHL,3/1/25,10.32,10320,88.37,1.14,12.42,9.76,28.61,244.98
Philippines,PHL,4/1/25,10.77,10770,92.22,0.1,0.94,0.86,39.38,337.2
Philippines,PHL,5/1/25,11.33,11330,97.01,0.07,0.62,0.6,50.71,434.21
Philippines,PHL,6/1/25,10.32,10320,88.37,-0.62,-5.67,-5.31,61.03,522.58
Singapore,SGP,1/1/09,3.2,3200,644.05,,,,3.2,644.05
Singapore,SGP,2/1/09,3.04,3040,611.85,,,,6.24,1255.89
Singapore,SGP,3/1/09,3.34,3340,672.23,,,,9.58,1928.12
Singapore,SGP,4/1/09,3.39,3390,682.29,,,,12.97,2610.41
Singapore,SGP,5/1/09,3.56,3560,716.5,,,,16.53,3326.91
Singapore,SGP,6/1/09,3.57,3570,718.52,,,,20.1,4045.43
Singapore,SGP,7/1/09,3.65,3650,734.62,,,,23.75,4780.05
Singapore,SGP,8/1/09,3.66,3660,736.63,,,,27.41,5516.68
Singapore,SGP,9/1/09,3.58,3580,720.53,,,,30.99,6237.21
Singapore,SGP,10/1/09,3.72,3720,748.71,,,,34.71,6985.91
Singapore,SGP,11/1/09,3.49,3490,702.42,,,,38.2,7688.33
Singapore,SGP,12/1/09,3.61,3610,726.57,,,,41.81,8414.9
Singapore,SGP,1/1/10,3.65,3650,718.93,0.45,14.06,88.63,3.65,718.93
Singapore,SGP,2/1/10,3.37,3370,663.78,0.33,10.86,65,7.02,1382.7
Singapore,SGP,3/1/10,3.87,3870,762.26,0.53,15.87,104.39,10.89,2144.96
Singapore,SGP,4/1/10,3.8,3800,748.47,0.41,12.09,80.76,14.69,2893.44
Singapore,SGP,5/1/10,3.98,3980,783.93,0.42,11.8,82.73,18.67,3677.36
Singapore,SGP,6/1/10,3.74,3740,736.65,0.17,4.76,33.48,22.41,4414.02
Singapore,SGP,7/1/10,3.86,3860,760.29,0.21,5.75,41.36,26.27,5174.31
Singapore,SGP,8/1/10,3.86,3860,760.29,0.2,5.46,39.39,30.13,5934.6
Singapore,SGP,9/1/10,3.76,3760,740.59,0.18,5.03,35.45,33.89,6675.19
Singapore,SGP,10/1/10,3.93,3930,774.08,0.21,5.65,41.36,37.82,7449.27
Singapore,SGP,11/1/10,3.74,3740,736.65,0.25,7.16,49.24,41.56,8185.92
Singapore,SGP,12/1/10,3.8,3800,748.47,0.19,5.26,37.42,45.36,8934.39
Singapore,SGP,1/1/11,3.74,3740,721.7,0.09,2.47,17.37,3.74,721.7
Singapore,SGP,2/1/11,3.37,3370,650.3,0,0,0,7.11,1371.99
Singapore,SGP,3/1/11,3.85,3850,742.92,-0.02,-0.52,-3.86,10.96,2114.92
Singapore,SGP,4/1/11,3.77,3770,727.48,-0.03,-0.79,-5.79,14.73,2842.4
Singapore,SGP,5/1/11,4.13,4130,796.95,0.15,3.77,28.95,18.86,3639.35
Singapore,SGP,6/1/11,3.97,3970,766.08,0.23,6.15,44.38,22.83,4405.43
Singapore,SGP,7/1/11,4.04,4040,779.59,0.18,4.66,34.73,26.87,5185.02
Singapore,SGP,8/1/11,3.93,3930,758.36,0.07,1.81,13.51,30.8,5943.38
Singapore,SGP,9/1/11,3.87,3870,746.78,0.11,2.93,21.23,34.67,6690.16
Singapore,SGP,10/1/11,3.84,3840,740.99,-0.09,-2.29,-17.37,38.51,7431.15
Singapore,SGP,11/1/11,3.75,3750,723.63,0.01,0.27,1.93,42.26,8154.77
Singapore,SGP,12/1/11,3.75,3750,723.63,-0.05,-1.32,-9.65,46.01,8878.4
Singapore,SGP,1/1/12,3.76,3760,710.33,0.02,0.53,3.78,3.76,710.33
Singapore,SGP,2/1/12,3.66,3660,691.43,0.29,8.61,54.79,7.42,1401.76
Singapore,SGP,3/1/12,3.92,3920,740.55,0.07,1.82,13.22,11.34,2142.31
Singapore,SGP,4/1/12,3.85,3850,727.33,0.08,2.12,15.11,15.19,2869.64
Singapore,SGP,5/1/12,4.08,4080,770.78,-0.05,-1.21,-9.45,19.27,3640.42
Singapore,SGP,6/1/12,4,4000,755.67,0.03,0.76,5.67,23.27,4396.09
Singapore,SGP,7/1/12,4.03,4030,761.33,-0.01,-0.25,-1.89,27.3,5157.42
Singapore,SGP,8/1/12,4.04,4040,763.22,0.11,2.8,20.78,31.34,5920.65
Singapore,SGP,9/1/12,3.88,3880,733,0.01,0.26,1.89,35.22,6653.64
Singapore,SGP,10/1/12,4.04,4040,763.22,0.2,5.21,37.78,39.26,7416.87
Singapore,SGP,11/1/12,3.84,3840,725.44,0.09,2.4,17,43.1,8142.31
Singapore,SGP,12/1/12,3.85,3850,727.33,0.1,2.67,18.89,46.95,8869.64
Singapore,SGP,1/1/13,3.92,3920,727.87,0.16,4.26,29.71,3.92,727.87
Singapore,SGP,2/1/13,3.44,3440,638.74,-0.22,-6.01,-40.85,7.36,1366.61
Singapore,SGP,3/1/13,4.04,4040,750.15,0.12,3.06,22.28,11.4,2116.76
Singapore,SGP,4/1/13,4.03,4030,748.29,0.18,4.68,33.42,15.43,2865.05
Singapore,SGP,5/1/13,4.24,4240,787.29,0.16,3.92,29.71,19.67,3652.34
Singapore,SGP,6/1/13,4.04,4040,750.15,0.04,1,7.43,23.71,4402.49
Singapore,SGP,7/1/13,4.16,4160,772.43,0.13,3.23,24.14,27.87,5174.92
Singapore,SGP,8/1/13,4.17,4170,774.29,0.13,3.22,24.14,32.04,5949.21
Singapore,SGP,9/1/13,3.97,3970,737.15,0.09,2.32,16.71,36.01,6686.36
Singapore,SGP,10/1/13,4.08,4080,757.58,0.04,0.99,7.43,40.09,7443.94
Singapore,SGP,11/1/13,3.92,3920,727.87,0.08,2.08,14.85,44.01,8171.81
Singapore,SGP,12/1/13,3.95,3950,733.44,0.1,2.6,18.57,47.96,8905.25
Singapore,SGP,1/1/14,3.94,3940,721.89,0.02,0.51,3.66,3.94,721.89
Singapore,SGP,2/1/14,3.67,3670,672.42,0.23,6.69,42.14,7.61,1394.31
Singapore,SGP,3/1/14,4.16,4160,762.2,0.12,2.97,21.99,11.77,2156.51
Singapore,SGP,4/1/14,4.08,4080,747.54,0.05,1.24,9.16,15.85,2904.05
Singapore,SGP,5/1/14,4.27,4270,782.35,0.03,0.71,5.5,20.12,3686.4
Singapore,SGP,6/1/14,4.2,4200,769.53,0.16,3.96,29.32,24.32,4455.93
Singapore,SGP,7/1/14,4.33,4330,793.35,0.17,4.09,31.15,28.65,5249.27
Singapore,SGP,8/1/14,4.22,4220,773.19,0.05,1.2,9.16,32.87,6022.46
Singapore,SGP,9/1/14,4.17,4170,764.03,0.2,5.04,36.64,37.04,6786.49
Singapore,SGP,10/1/14,4.25,4250,778.69,0.17,4.17,31.15,41.29,7565.18
Singapore,SGP,11/1/14,3.97,3970,727.39,0.05,1.28,9.16,45.26,8292.57
Singapore,SGP,12/1/14,4.05,4050,742.04,0.1,2.53,18.32,49.31,9034.61
Singapore,SGP,1/1/15,4.12,4120,745.66,0.18,4.57,32.58,4.12,745.66
Singapore,SGP,2/1/15,3.67,3670,664.21,0,0,0,7.79,1409.87
Singapore,SGP,3/1/15,4.24,4240,767.37,0.08,1.92,14.48,12.03,2177.24
Singapore,SGP,4/1/15,4.18,4180,756.51,0.1,2.45,18.1,16.21,2933.76
Singapore,SGP,5/1/15,4.29,4290,776.42,0.02,0.47,3.62,20.5,3710.18
Singapore,SGP,6/1/15,4.21,4210,761.94,0.01,0.24,1.81,24.71,4472.12
Singapore,SGP,7/1/15,4.42,4420,799.95,0.09,2.08,16.29,29.13,5272.07
Singapore,SGP,8/1/15,4.31,4310,780.04,0.09,2.13,16.29,33.44,6052.12
Singapore,SGP,9/1/15,4.23,4230,765.56,0.06,1.44,10.86,37.67,6817.68
Singapore,SGP,10/1/15,4.39,4390,794.52,0.14,3.29,25.34,42.06,7612.2
Singapore,SGP,11/1/15,4.08,4080,738.42,0.11,2.77,19.91,46.14,8350.62
Singapore,SGP,12/1/15,4.14,4140,749.28,0.09,2.22,16.29,50.28,9099.89
Singapore,SGP,1/1/16,4.2,4200,752.97,0.08,1.94,14.34,4.2,752.97
Singapore,SGP,2/1/16,3.86,3860,692.01,0.19,5.18,34.06,8.06,1444.98
Singapore,SGP,3/1/16,4.31,4310,772.69,0.07,1.65,12.55,12.37,2217.67
Singapore,SGP,4/1/16,4.31,4310,772.69,0.13,3.11,23.31,16.68,2990.36
Singapore,SGP,5/1/16,4.43,4430,794.2,0.14,3.26,25.1,21.11,3784.56
Singapore,SGP,6/1/16,4.26,4260,763.72,0.05,1.19,8.96,25.37,4548.28
Singapore,SGP,7/1/16,4.37,4370,783.44,-0.05,-1.13,-8.96,29.74,5331.73
Singapore,SGP,8/1/16,4.47,4470,801.37,0.16,3.71,28.68,34.21,6133.1
Singapore,SGP,9/1/16,4.35,4350,779.86,0.12,2.84,21.51,38.56,6912.96
Singapore,SGP,10/1/16,4.44,4440,795.99,0.05,1.14,8.96,43,7708.95
Singapore,SGP,11/1/16,4.25,4250,761.93,0.17,4.17,30.48,47.25,8470.88
Singapore,SGP,12/1/16,4.36,4360,781.65,0.22,5.31,39.44,51.61,9252.54
Singapore,SGP,1/1/17,4.3,4300,767.3,0.1,2.38,17.84,4.3,767.3
Singapore,SGP,2/1/17,3.89,3890,694.14,0.03,0.78,5.35,8.19,1461.44
Singapore,SGP,3/1/17,4.35,4350,776.22,0.04,0.93,7.14,12.54,2237.66
Singapore,SGP,4/1/17,4.19,4190,747.67,-0.12,-2.78,-21.41,16.73,2985.32
Singapore,SGP,5/1/17,4.51,4510,804.77,0.08,1.81,14.28,21.24,3790.1
Singapore,SGP,6/1/17,4.38,4380,781.57,0.12,2.82,21.41,25.62,4571.67
Singapore,SGP,7/1/17,4.52,4520,806.56,0.15,3.43,26.77,30.14,5378.22
Singapore,SGP,8/1/17,4.55,4550,811.91,0.08,1.79,14.28,34.69,6190.13
Singapore,SGP,9/1/17,4.36,4360,778,0.01,0.23,1.78,39.05,6968.14
Singapore,SGP,10/1/17,4.5,4500,802.99,0.06,1.35,10.71,43.55,7771.12
Singapore,SGP,11/1/17,4.28,4280,763.73,0.03,0.71,5.35,47.83,8534.85
Singapore,SGP,12/1/17,4.38,4380,781.57,0.02,0.46,3.57,52.21,9316.43
Singapore,SGP,1/1/18,4.3,4300,763.17,0,0,0,4.3,763.17
Singapore,SGP,2/1/18,3.92,3920,695.73,0.03,0.77,5.32,8.22,1458.9
Singapore,SGP,3/1/18,4.48,4480,795.12,0.13,2.99,23.07,12.7,2254.02
Singapore,SGP,4/1/18,4.38,4380,777.37,0.19,4.53,33.72,17.08,3031.39
Singapore,SGP,5/1/18,4.62,4620,819.97,0.11,2.44,19.52,21.7,3851.36
Singapore,SGP,6/1/18,4.44,4440,788.02,0.06,1.37,10.65,26.14,4639.38
Singapore,SGP,7/1/18,4.57,4570,811.09,0.05,1.11,8.87,30.71,5450.48
Singapore,SGP,8/1/18,4.58,4580,812.87,0.03,0.66,5.32,35.29,6263.34
Singapore,SGP,9/1/18,4.32,4320,766.72,-0.04,-0.92,-7.1,39.61,7030.07
Singapore,SGP,10/1/18,4.54,4540,805.77,0.04,0.89,7.1,44.15,7835.84
Singapore,SGP,11/1/18,4.3,4300,763.17,0.02,0.47,3.55,48.45,8599.01
Singapore,SGP,12/1/18,4.42,4420,784.47,0.04,0.91,7.1,52.87,9383.48
Singapore,SGP,1/1/19,4.55,4550,802.53,0.25,5.81,44.1,4.55,802.53
Singapore,SGP,2/1/19,4.03,4030,710.81,0.11,2.81,19.4,8.58,1513.34
Singapore,SGP,3/1/19,4.55,4550,802.53,0.07,1.56,12.35,13.13,2315.88
Singapore,SGP,4/1/19,4.49,4490,791.95,0.11,2.51,19.4,17.62,3107.82
Singapore,SGP,5/1/19,4.71,4710,830.75,0.09,1.95,15.87,22.33,3938.58
Singapore,SGP,6/1/19,4.44,4440,783.13,0,0,0,26.77,4721.71
Singapore,SGP,7/1/19,4.66,4660,821.93,0.09,1.97,15.87,31.43,5543.64
Singapore,SGP,8/1/19,4.7,4700,828.99,0.12,2.62,21.17,36.13,6372.63
Singapore,SGP,9/1/19,4.58,4580,807.82,0.26,6.02,45.86,40.71,7180.45
Singapore,SGP,10/1/19,4.57,4570,806.06,0.03,0.66,5.29,45.28,7986.51
Singapore,SGP,11/1/19,4.43,4430,781.37,0.13,3.02,22.93,49.71,8767.88
Singapore,SGP,12/1/19,4.43,4430,781.37,0.01,0.23,1.76,54.14,9549.24
Singapore,SGP,1/1/20,4.55,4550,809.59,0,0,0,4.55,809.59
Singapore,SGP,2/1/20,4.33,4330,770.44,0.3,7.44,53.38,8.88,1580.03
Singapore,SGP,3/1/20,4.66,4660,829.16,0.11,2.42,19.57,13.54,2409.19
Singapore,SGP,4/1/20,4.24,4240,754.43,-0.25,-5.57,-44.48,17.78,3163.62
Singapore,SGP,5/1/20,4.33,4330,770.44,-0.38,-8.07,-67.61,22.11,3934.06
Singapore,SGP,6/1/20,4.29,4290,763.32,-0.15,-3.38,-26.69,26.4,4697.38
Singapore,SGP,7/1/20,4.42,4420,786.46,-0.24,-5.15,-42.7,30.82,5483.84
Singapore,SGP,8/1/20,4.48,4480,797.13,-0.22,-4.68,-39.14,35.3,6280.97
Singapore,SGP,9/1/20,4.32,4320,768.66,-0.26,-5.68,-46.26,39.62,7049.63
Singapore,SGP,10/1/20,4.54,4540,807.81,-0.03,-0.66,-5.34,44.16,7857.44
Singapore,SGP,11/1/20,4.37,4370,777.56,-0.06,-1.35,-10.68,48.53,8635
Singapore,SGP,12/1/20,4.55,4550,809.59,0.12,2.71,21.35,53.08,9444.59
Singapore,SGP,1/1/21,4.41,4410,795.13,-0.14,-3.08,-25.24,4.41,795.13
Singapore,SGP,2/1/21,4.11,4110,741.04,-0.22,-5.08,-39.67,8.52,1536.16
Singapore,SGP,3/1/21,4.73,4730,852.82,0.07,1.5,12.62,13.25,2388.98
Singapore,SGP,4/1/21,4.64,4640,836.6,0.4,9.43,72.12,17.89,3225.58
Singapore,SGP,5/1/21,4.8,4800,865.44,0.47,10.85,84.74,22.69,4091.02
Singapore,SGP,6/1/21,4.72,4720,851.02,0.43,10.02,77.53,27.41,4942.04
Singapore,SGP,7/1/21,4.8,4800,865.44,0.38,8.6,68.51,32.21,5807.49
Singapore,SGP,8/1/21,4.72,4720,851.02,0.24,5.36,43.27,36.93,6658.51
Singapore,SGP,9/1/21,4.64,4640,836.6,0.32,7.41,57.7,41.57,7495.1
Singapore,SGP,10/1/21,4.83,4830,870.85,0.29,6.39,52.29,46.4,8365.95
Singapore,SGP,11/1/21,4.61,4610,831.19,0.24,5.49,43.27,51.01,9197.14
Singapore,SGP,12/1/21,4.78,4780,861.84,0.23,5.05,41.47,55.79,10058.98
Singapore,SGP,1/1/22,4.78,4780,846.04,0.37,8.39,65.49,4.78,846.04
Singapore,SGP,2/1/22,4.28,4280,757.54,0.17,4.14,30.09,9.06,1603.57
Singapore,SGP,3/1/22,4.89,4890,865.51,0.16,3.38,28.32,13.95,2469.08
Singapore,SGP,4/1/22,4.72,4720,835.42,0.08,1.72,14.16,18.67,3304.49
Singapore,SGP,5/1/22,4.96,4960,877.89,0.16,3.33,28.32,23.63,4182.39
Singapore,SGP,6/1/22,4.74,4740,838.96,0.02,0.42,3.54,28.37,5021.35
Singapore,SGP,7/1/22,4.95,4950,876.12,0.15,3.13,26.55,33.32,5897.47
Singapore,SGP,8/1/22,4.92,4920,870.81,0.2,4.24,35.4,38.24,6768.29
Singapore,SGP,9/1/22,4.72,4720,835.42,0.08,1.72,14.16,42.96,7603.7
Singapore,SGP,10/1/22,4.78,4780,846.04,-0.05,-1.04,-8.85,47.74,8449.74
Singapore,SGP,11/1/22,4.69,4690,830.11,0.08,1.74,14.16,52.43,9279.84
Singapore,SGP,12/1/22,4.66,4660,824.8,-0.12,-2.51,-21.24,57.09,10104.64
Singapore,SGP,1/1/23,4.66,4660,804.96,-0.12,-2.51,-20.73,4.66,804.96
Singapore,SGP,2/1/23,4.25,4250,734.14,-0.03,-0.7,-5.18,8.91,1539.1
Singapore,SGP,3/1/23,4.73,4730,817.05,-0.16,-3.27,-27.64,13.64,2356.16
Singapore,SGP,4/1/23,4.76,4760,822.24,0.04,0.85,6.91,18.4,3178.39
Singapore,SGP,5/1/23,5.03,5030,868.88,0.07,1.41,12.09,23.43,4047.27
Singapore,SGP,6/1/23,4.8,4800,829.15,0.06,1.27,10.36,28.23,4876.41
Singapore,SGP,7/1/23,4.94,4940,853.33,-0.01,-0.2,-1.73,33.17,5729.74
Singapore,SGP,8/1/23,4.95,4950,855.06,0.03,0.61,5.18,38.12,6584.8
Singapore,SGP,9/1/23,4.78,4780,825.69,0.06,1.27,10.36,42.9,7410.49
Singapore,SGP,10/1/23,5.01,5010,865.42,0.23,4.81,39.73,47.91,8275.91
Singapore,SGP,11/1/23,4.74,4740,818.78,0.05,1.07,8.64,52.65,9094.69
Singapore,SGP,12/1/23,4.74,4740,818.78,0.08,1.72,13.82,57.39,9913.48
Singapore,SGP,1/1/24,4.81,4810,824.7,0.15,3.22,25.72,4.81,824.7
Singapore,SGP,2/1/24,4.57,4570,783.56,0.32,7.53,54.87,9.38,1608.26
Singapore,SGP,3/1/24,4.97,4970,852.14,0.24,5.07,41.15,14.35,2460.4
Singapore,SGP,4/1/24,5.01,5010,859,0.25,5.25,42.86,19.36,3319.39
Singapore,SGP,5/1/24,5.17,5170,886.43,0.14,2.78,24,24.53,4205.82
Singapore,SGP,6/1/24,4.91,4910,841.85,0.11,2.29,18.86,29.44,5047.67
Singapore,SGP,7/1/24,5.19,5190,889.86,0.25,5.06,42.86,34.63,5937.53
Singapore,SGP,8/1/24,5.13,5130,879.57,0.18,3.64,30.86,39.76,6817.1
Singapore,SGP,9/1/24,4.95,4950,848.71,0.17,3.56,29.15,44.71,7665.81
Singapore,SGP,10/1/24,5.1,5100,874.43,0.09,1.8,15.43,49.81,8540.24
Singapore,SGP,11/1/24,4.86,4860,833.28,0.12,2.53,20.57,54.67,9373.52
Singapore,SGP,12/1/24,4.95,4950,848.71,0.21,4.43,36.01,59.62,10222.22
Singapore,SGP,1/1/25,4.83,4830,822.72,0.02,0.42,3.41,4.83,822.72
Singapore,SGP,2/1/25,4.46,4460,759.7,-0.11,-2.41,-18.74,9.29,1582.42
Singapore,SGP,3/1/25,4.99,4990,849.98,0.02,0.4,3.41,14.28,2432.4
South Korea,KOR,1/1/19,52.47,52470,1013.56,,,,52.47,1013.56
South Korea,KOR,2/1/19,44.15,44150,852.85,,,,96.62,1866.41
South Korea,KOR,3/1/19,46.85,46850,905,,,,143.47,2771.41
South Korea,KOR,4/1/19,43.57,43570,841.64,,,,187.04,3613.06
South Korea,KOR,5/1/19,43.97,43970,849.37,,,,231.01,4462.43
South Korea,KOR,6/1/19,43.46,43460,839.52,,,,274.47,5301.94
South Korea,KOR,7/1/19,49.35,49350,953.3,,,,323.82,6255.24
South Korea,KOR,8/1/19,50.89,50890,983.04,,,,374.71,7238.28
South Korea,KOR,9/1/19,43.79,43790,845.89,,,,418.5,8084.18
South Korea,KOR,10/1/19,43.47,43470,839.71,,,,461.97,8923.89
South Korea,KOR,11/1/19,44.77,44770,864.82,,,,506.74,9788.71
South Korea,KOR,12/1/19,49.82,49820,962.37,,,,556.56,10751.08
South Korea,KOR,1/1/20,49.03,49030,945.46,-3.44,-6.56,-66.33,49.03,945.46
South Korea,KOR,2/1/20,45.86,45860,884.33,1.71,3.87,32.97,94.89,1829.79
South Korea,KOR,3/1/20,45.63,45630,879.89,-1.22,-2.6,-23.53,140.52,2709.68
South Korea,KOR,4/1/20,41.76,41760,805.27,-1.81,-4.15,-34.9,182.28,3514.95
South Korea,KOR,5/1/20,41.19,41190,794.28,-2.78,-6.32,-53.61,223.47,4309.23
South Korea,KOR,6/1/20,43.59,43590,840.56,0.13,0.3,2.51,267.06,5149.78
South Korea,KOR,7/1/20,46.36,46360,893.97,-2.99,-6.06,-57.66,313.42,6043.75
South Korea,KOR,8/1/20,50.57,50570,975.15,-0.32,-0.63,-6.17,363.99,7018.91
South Korea,KOR,9/1/20,44.1,44100,850.39,0.31,0.71,5.98,408.09,7869.3
South Korea,KOR,10/1/20,42.61,42610,821.66,-0.86,-1.98,-16.58,450.7,8690.96
South Korea,KOR,11/1/20,44.51,44510,858.3,-0.26,-0.58,-5.01,495.21,9549.25
South Korea,KOR,12/1/20,51.05,51050,984.41,1.23,2.47,23.72,546.26,10533.66
South Korea,KOR,1/1/21,52.59,52590,1014.3,3.56,7.26,68.66,52.59,1014.3
South Korea,KOR,2/1/21,44.44,44440,857.11,-1.42,-3.1,-27.39,97.03,1871.42
South Korea,KOR,3/1/21,46.7,46700,900.7,1.07,2.34,20.64,143.73,2772.12
South Korea,KOR,4/1/21,43.07,43070,830.69,1.31,3.14,25.27,186.8,3602.81
South Korea,KOR,5/1/21,43.82,43820,845.16,2.63,6.39,50.72,230.62,4447.97
South Korea,KOR,6/1/21,45.49,45490,877.37,1.9,4.36,36.65,276.11,5325.33
South Korea,KOR,7/1/21,53.78,53780,1037.25,7.42,16.01,143.11,329.89,6362.59
South Korea,KOR,8/1/21,51.24,51240,988.27,0.67,1.32,12.92,381.13,7350.85
South Korea,KOR,9/1/21,44.89,44890,865.79,0.79,1.79,15.24,426.02,8216.65
South Korea,KOR,10/1/21,45.34,45340,874.47,2.73,6.41,52.65,471.36,9091.12
South Korea,KOR,11/1/21,46.4,46400,894.92,1.89,4.25,36.45,517.76,9986.04
South Korea,KOR,12/1/21,52.77,52770,1017.77,1.72,3.37,33.17,570.53,11003.81
South Korea,KOR,1/1/22,54.2,54200,1046.69,1.61,3.06,31.09,54.2,1046.69
South Korea,KOR,2/1/22,47.99,47990,926.76,3.55,7.99,68.56,102.19,1973.45
South Korea,KOR,3/1/22,48.91,48910,944.53,2.21,4.73,42.68,151.1,2917.97
South Korea,KOR,4/1/22,44.39,44390,857.24,1.32,3.06,25.49,195.49,3775.21
South Korea,KOR,5/1/22,45.87,45870,885.82,2.05,4.68,39.59,241.36,4661.03
South Korea,KOR,6/1/22,47.21,47210,911.7,1.72,3.78,33.22,288.57,5572.73
South Korea,KOR,7/1/22,54.48,54480,1052.09,0.7,1.3,13.52,343.05,6624.82
South Korea,KOR,8/1/22,53.38,53380,1030.85,2.14,4.18,41.33,396.43,7655.68
South Korea,KOR,9/1/22,45.83,45830,885.05,0.94,2.09,18.15,442.26,8540.72
South Korea,KOR,10/1/22,45.3,45300,874.81,-0.04,-0.09,-0.77,487.56,9415.54
South Korea,KOR,11/1/22,45.9,45900,886.4,-0.5,-1.08,-9.66,533.46,10301.94
South Korea,KOR,12/1/22,55.07,55070,1063.49,2.3,4.36,44.42,588.53,11365.42
South Korea,KOR,1/1/23,53.75,53750,1038.67,-0.45,-0.83,-8.7,53.75,1038.67
South Korea,KOR,2/1/23,47.45,47450,916.93,-0.54,-1.13,-10.44,101.2,1955.6
South Korea,KOR,3/1/23,47.59,47590,919.64,-1.32,-2.7,-25.51,148.79,2875.24
South Korea,KOR,4/1/23,43.7,43700,844.47,-0.69,-1.55,-13.33,192.49,3719.71
South Korea,KOR,5/1/23,45.18,45180,873.07,-0.69,-1.5,-13.33,237.67,4592.77
South Korea,KOR,6/1/23,46.84,46840,905.14,-0.37,-0.78,-7.15,284.51,5497.92
South Korea,KOR,7/1/23,52.83,52830,1020.9,-1.65,-3.03,-31.88,337.34,6518.81
South Korea,KOR,8/1/23,54.68,54680,1056.64,1.3,2.44,25.12,392.02,7575.46
South Korea,KOR,9/1/23,47.73,47730,922.34,1.9,4.15,36.72,439.75,8497.8
South Korea,KOR,10/1/23,44.57,44570,861.28,-0.73,-1.61,-14.11,484.32,9359.08
South Korea,KOR,11/1/23,47.2,47200,912.1,1.3,2.83,25.12,531.52,10271.18
South Korea,KOR,12/1/23,51.87,51870,1002.34,-3.2,-5.81,-61.84,583.39,11273.52
South Korea,KOR,1/1/24,53.59,53590,1036.2,-0.16,-0.3,-3.09,53.59,1036.2
South Korea,KOR,2/1/24,46.58,46580,900.66,-0.87,-1.83,-16.82,100.17,1936.86
South Korea,KOR,3/1/24,48.74,48740,942.43,1.15,2.42,22.24,148.91,2879.29
South Korea,KOR,4/1/24,43.57,43570,842.46,-0.13,-0.3,-2.51,192.48,3721.75
South Korea,KOR,5/1/24,44.94,44940,868.95,-0.24,-0.53,-4.64,237.42,4590.7
South Korea,KOR,6/1/24,46.86,46860,906.07,0.02,0.04,0.39,284.28,5496.77
South Korea,KOR,7/1/24,53.88,53880,1041.81,1.05,1.99,20.3,338.16,6538.59
South Korea,KOR,8/1/24,58.17,58170,1124.76,3.49,6.38,67.48,396.33,7663.35
South Korea,KOR,9/1/24,50.17,50170,970.08,2.44,5.11,47.18,446.5,8633.42
South Korea,KOR,10/1/24,45.57,45570,881.13,1,2.24,19.34,492.07,9514.56
South Korea,KOR,11/1/24,45.29,45290,875.72,-1.91,-4.05,-36.93,537.36,10390.27
South Korea,KOR,12/1/24,51.58,51580,997.34,-0.29,-0.56,-5.61,588.94,11387.61
South Korea,KOR,1/1/25,51.74,51740,1001.41,-1.85,-3.45,-35.81,51.74,1001.41
South Korea,KOR,2/1/25,48.43,48430,937.35,1.85,3.97,35.81,100.17,1938.76
South Korea,KOR,3/1/25,48.07,48070,930.38,-0.67,-1.37,-12.97,148.24,2869.14
South Korea,KOR,4/1/25,43.99,43990,851.41,0.42,0.96,8.13,192.23,3720.56
South Korea,KOR,5/1/25,44.92,44920,869.41,-0.02,-0.04,-0.39,237.15,4589.97
Sri Lanka,LKA,1/1/15,1.04,1040,47.86,,,,1.04,47.86
Sri Lanka,LKA,2/1/15,0.96,960,44.18,,,,2,92.04
Sri Lanka,LKA,3/1/15,1.12,1120,51.54,,,,3.12,143.58
Sri Lanka,LKA,4/1/15,1.03,1030,47.4,,,,4.15,190.98
Sri Lanka,LKA,5/1/15,1.12,1120,51.54,,,,5.27,242.52
Sri Lanka,LKA,6/1/15,1.1,1100,50.62,,,,6.37,293.14
Sri Lanka,LKA,7/1/15,1.16,1160,53.38,,,,7.53,346.53
Sri Lanka,LKA,8/1/15,1.14,1140,52.46,,,,8.67,398.99
Sri Lanka,LKA,9/1/15,1.1,1100,50.62,,,,9.77,449.61
Sri Lanka,LKA,10/1/15,1.11,1110,51.08,,,,10.88,500.69
Sri Lanka,LKA,11/1/15,1.06,1060,48.78,,,,11.94,549.47
Sri Lanka,LKA,12/1/15,1.12,1120,51.54,,,,13.06,601.01
Sri Lanka,LKA,1/1/16,1.15,1150,52.49,0.11,10.58,5.02,1.15,52.49
Sri Lanka,LKA,2/1/16,1.08,1080,49.29,0.12,12.5,5.48,2.23,101.78
Sri Lanka,LKA,3/1/16,1.22,1220,55.68,0.1,8.93,4.56,3.45,157.46
Sri Lanka,LKA,4/1/16,1.15,1150,52.49,0.12,11.65,5.48,4.6,209.94
Sri Lanka,LKA,5/1/16,1.19,1190,54.31,0.07,6.25,3.19,5.79,264.25
Sri Lanka,LKA,6/1/16,1.17,1170,53.4,0.07,6.36,3.19,6.96,317.65
Sri Lanka,LKA,7/1/16,1.21,1210,55.22,0.05,4.31,2.28,8.17,372.88
Sri Lanka,LKA,8/1/16,1.25,1250,57.05,0.11,9.65,5.02,9.42,429.92
Sri Lanka,LKA,9/1/16,1.2,1200,54.77,0.1,9.09,4.56,10.62,484.69
Sri Lanka,LKA,10/1/16,1.21,1210,55.22,0.1,9.01,4.56,11.83,539.92
Sri Lanka,LKA,11/1/16,1.16,1160,52.94,0.1,9.43,4.56,12.99,592.86
Sri Lanka,LKA,12/1/16,1.2,1200,54.77,0.08,7.14,3.65,14.19,647.63
Sri Lanka,LKA,1/1/17,1.17,1170,52.97,0.02,1.74,0.91,1.17,52.97
Sri Lanka,LKA,2/1/17,1.07,1070,48.44,-0.01,-0.93,-0.45,2.24,101.41
Sri Lanka,LKA,3/1/17,1.27,1270,57.5,0.05,4.1,2.26,3.51,158.91
Sri Lanka,LKA,4/1/17,1.19,1190,53.88,0.04,3.48,1.81,4.7,212.79
Sri Lanka,LKA,5/1/17,1.26,1260,57.05,0.07,5.88,3.17,5.96,269.84
Sri Lanka,LKA,6/1/17,1.24,1240,56.14,0.07,5.98,3.17,7.2,325.98
Sri Lanka,LKA,7/1/17,1.3,1300,58.86,0.09,7.44,4.07,8.5,384.83
Sri Lanka,LKA,8/1/17,1.31,1310,59.31,0.06,4.8,2.72,9.81,444.14
Sri Lanka,LKA,9/1/17,1.22,1220,55.23,0.02,1.67,0.91,11.03,499.38
Sri Lanka,LKA,10/1/17,1.27,1270,57.5,0.06,4.96,2.72,12.3,556.88
Sri Lanka,LKA,11/1/17,1.19,1190,53.88,0.03,2.59,1.36,13.49,610.75
Sri Lanka,LKA,12/1/17,1.21,1210,54.78,0.01,0.83,0.45,14.7,665.53
Sri Lanka,LKA,1/1/18,1.23,1230,55.27,0.06,5.13,2.7,1.23,55.27
Sri Lanka,LKA,2/1/18,1.15,1150,51.68,0.08,7.48,3.6,2.38,106.95
Sri Lanka,LKA,3/1/18,1.33,1330,59.77,0.06,4.72,2.7,3.71,166.72
Sri Lanka,LKA,4/1/18,1.2,1200,53.93,0.01,0.84,0.45,4.91,220.64
Sri Lanka,LKA,5/1/18,1.31,1310,58.87,0.05,3.97,2.25,6.22,279.51
Sri Lanka,LKA,6/1/18,1.26,1260,56.62,0.02,1.61,0.9,7.48,336.13
Sri Lanka,LKA,7/1/18,1.34,1340,60.22,0.04,3.08,1.8,8.82,396.35
Sri Lanka,LKA,8/1/18,1.34,1340,60.22,0.03,2.29,1.35,10.16,456.57
Sri Lanka,LKA,9/1/18,1.3,1300,58.42,0.08,6.56,3.6,11.46,514.98
Sri Lanka,LKA,10/1/18,1.31,1310,58.87,0.04,3.15,1.8,12.77,573.85
Sri Lanka,LKA,11/1/18,1.24,1240,55.72,0.05,4.2,2.25,14.01,629.58
Sri Lanka,LKA,12/1/18,1.27,1270,57.07,0.06,4.96,2.7,15.28,686.65
Sri Lanka,LKA,1/1/19,1.3,1300,58.01,0.07,5.69,3.12,1.3,58.01
Sri Lanka,LKA,2/1/19,1.22,1220,54.44,0.07,6.09,3.12,2.52,112.45
Sri Lanka,LKA,3/1/19,1.39,1390,62.02,0.06,4.51,2.68,3.91,174.47
Sri Lanka,LKA,4/1/19,1.24,1240,55.33,0.04,3.33,1.78,5.15,229.8
Sri Lanka,LKA,5/1/19,1.42,1420,63.36,0.11,8.4,4.91,6.57,293.16
Sri Lanka,LKA,6/1/19,1.36,1360,60.69,0.1,7.94,4.46,7.93,353.85
Sri Lanka,LKA,7/1/19,1.39,1390,62.02,0.05,3.73,2.23,9.32,415.87
Sri Lanka,LKA,8/1/19,1.35,1350,60.24,0.01,0.75,0.45,10.67,476.11
Sri Lanka,LKA,9/1/19,1.26,1260,56.22,-0.04,-3.08,-1.78,11.93,532.34
Sri Lanka,LKA,10/1/19,1.29,1290,57.56,-0.02,-1.53,-0.89,13.22,589.9
Sri Lanka,LKA,11/1/19,1.25,1250,55.78,0.01,0.81,0.45,14.47,645.68
Sri Lanka,LKA,12/1/19,1.28,1280,57.12,0.01,0.79,0.45,15.75,702.79
Sri Lanka,LKA,1/1/20,1.37,1370,60.72,0.07,5.38,3.1,1.37,60.72
Sri Lanka,LKA,2/1/20,1.33,1330,58.95,0.11,9.02,4.88,2.7,119.67
Sri Lanka,LKA,3/1/20,1.29,1290,57.18,-0.1,-7.19,-4.43,3.99,176.85
Sri Lanka,LKA,4/1/20,1.04,1040,46.1,-0.2,-16.13,-8.86,5.03,222.94
Sri Lanka,LKA,5/1/20,1.28,1280,56.73,-0.14,-9.86,-6.21,6.31,279.68
Sri Lanka,LKA,6/1/20,1.33,1330,58.95,-0.03,-2.21,-1.33,7.64,338.63
Sri Lanka,LKA,7/1/20,1.4,1400,62.05,0.01,0.72,0.44,9.04,400.68
Sri Lanka,LKA,8/1/20,1.37,1370,60.72,0.02,1.48,0.89,10.41,461.4
Sri Lanka,LKA,9/1/20,1.35,1350,59.84,0.09,7.14,3.99,11.76,521.24
Sri Lanka,LKA,10/1/20,1.37,1370,60.72,0.08,6.2,3.55,13.13,581.96
Sri Lanka,LKA,11/1/20,1.27,1270,56.29,0.02,1.6,0.89,14.4,638.25
Sri Lanka,LKA,12/1/20,1.34,1340,59.39,0.06,4.69,2.66,15.74,697.64
Sri Lanka,LKA,1/1/21,1.34,1340,59.03,-0.03,-2.19,-1.32,1.34,59.03
Sri Lanka,LKA,2/1/21,1.27,1270,55.95,-0.06,-4.51,-2.64,2.61,114.98
Sri Lanka,LKA,3/1/21,1.47,1470,64.76,0.18,13.95,7.93,4.08,179.73
Sri Lanka,LKA,4/1/21,1.4,1400,61.67,0.36,34.62,15.86,5.48,241.41
Sri Lanka,LKA,5/1/21,1.37,1370,60.35,0.09,7.03,3.96,6.85,301.76
Sri Lanka,LKA,6/1/21,1.34,1340,59.03,0.01,0.75,0.44,8.19,360.79
Sri Lanka,LKA,7/1/21,1.48,1480,65.2,0.08,5.71,3.52,9.67,425.98
Sri Lanka,LKA,8/1/21,1.44,1440,63.44,0.07,5.11,3.08,11.11,489.42
Sri Lanka,LKA,9/1/21,1.36,1360,59.91,0.01,0.74,0.44,12.47,549.33
Sri Lanka,LKA,10/1/21,1.44,1440,63.44,0.07,5.11,3.08,13.91,612.76
Sri Lanka,LKA,11/1/21,1.38,1380,60.79,0.11,8.66,4.85,15.29,673.56
Sri Lanka,LKA,12/1/21,1.44,1440,63.44,0.1,7.46,4.41,16.73,736.99
Sri Lanka,LKA,1/1/22,1.46,1460,63.94,0.12,8.96,5.26,1.46,63.94
Sri Lanka,LKA,2/1/22,1.26,1260,55.18,-0.01,-0.79,-0.44,2.72,119.12
Sri Lanka,LKA,3/1/22,1.44,1440,63.06,-0.03,-2.04,-1.31,4.16,182.18
Sri Lanka,LKA,4/1/22,1.25,1250,54.74,-0.15,-10.71,-6.57,5.41,236.92
Sri Lanka,LKA,5/1/22,1.38,1380,60.43,0.01,0.73,0.44,6.79,297.35
Sri Lanka,LKA,6/1/22,1.32,1320,57.81,-0.02,-1.49,-0.88,8.11,355.16
Sri Lanka,LKA,7/1/22,1.33,1330,58.24,-0.15,-10.14,-6.57,9.44,413.4
Sri Lanka,LKA,8/1/22,1.33,1330,58.24,-0.11,-7.64,-4.82,10.77,471.64
Sri Lanka,LKA,9/1/22,1.32,1320,57.81,-0.04,-2.94,-1.75,12.09,529.45
Sri Lanka,LKA,10/1/22,1.3,1300,56.93,-0.14,-9.72,-6.13,13.39,586.38
Sri Lanka,LKA,11/1/22,1.26,1260,55.18,-0.12,-8.7,-5.26,14.65,641.56
Sri Lanka,LKA,12/1/22,1.24,1240,54.3,-0.2,-13.89,-8.76,15.89,695.86
Sri Lanka,LKA,1/1/23,1.23,1230,53.54,-0.23,-15.75,-10.01,1.23,53.54
Sri Lanka,LKA,2/1/23,1.16,1160,50.5,-0.1,-7.94,-4.35,2.39,104.04
Sri Lanka,LKA,3/1/23,1.36,1360,59.2,-0.08,-5.56,-3.48,3.75,163.25
Sri Lanka,LKA,4/1/23,1.25,1250,54.42,0,0,0,5,217.66
Sri Lanka,LKA,5/1/23,1.36,1360,59.2,-0.02,-1.45,-0.87,6.36,276.86
Sri Lanka,LKA,6/1/23,1.34,1340,58.33,0.02,1.52,0.87,7.7,335.2
Sri Lanka,LKA,7/1/23,1.36,1360,59.2,0.03,2.26,1.31,9.06,394.4
Sri Lanka,LKA,8/1/23,1.41,1410,61.38,0.08,6.02,3.48,10.47,455.78
Sri Lanka,LKA,9/1/23,1.28,1280,55.72,-0.04,-3.03,-1.74,11.75,511.5
Sri Lanka,LKA,10/1/23,1.32,1320,57.46,0.02,1.54,0.87,13.07,568.96
Sri Lanka,LKA,11/1/23,1.27,1270,55.29,0.01,0.79,0.44,14.34,624.25
Sri Lanka,LKA,12/1/23,1.27,1270,55.29,0.03,2.42,1.31,15.61,679.53
Sri Lanka,LKA,1/1/24,1.32,1320,57.13,0.09,7.32,3.9,1.32,57.13
Sri Lanka,LKA,2/1/24,1.32,1320,57.13,0.16,13.79,6.93,2.64,114.27
Sri Lanka,LKA,3/1/24,1.46,1460,63.19,0.1,7.35,4.33,4.1,177.46
Sri Lanka,LKA,4/1/24,1.36,1360,58.87,0.11,8.8,4.76,5.46,236.33
Sri Lanka,LKA,5/1/24,1.41,1410,61.03,0.05,3.68,2.16,6.87,297.36
Sri Lanka,LKA,6/1/24,1.35,1350,58.43,0.01,0.75,0.43,8.22,355.79
Taiwan,TWN,1/1/00,13.3,13300,595.53,,,,13.3,595.53
Taiwan,TWN,2/1/00,11.7,11700,523.89,,,,25,1119.42
Taiwan,TWN,3/1/00,13.88,13880,621.5,,,,38.88,1740.93
Taiwan,TWN,4/1/00,13.84,13840,619.71,,,,52.72,2360.64
Taiwan,TWN,5/1/00,15.59,15590,698.07,,,,68.31,3058.72
Taiwan,TWN,6/1/00,16.55,16550,741.06,,,,84.86,3799.78
Taiwan,TWN,7/1/00,17.68,17680,791.66,,,,102.54,4591.43
Taiwan,TWN,8/1/00,17.14,17140,767.48,,,,119.68,5358.91
Taiwan,TWN,9/1/00,15.84,15840,709.27,,,,135.52,6068.18
Taiwan,TWN,10/1/00,16.27,16270,728.52,,,,151.79,6796.7
Taiwan,TWN,11/1/00,14.46,14460,647.48,,,,166.25,7444.17
Taiwan,TWN,12/1/00,14.28,14280,639.42,,,,180.53,8083.59
Taiwan,TWN,1/1/01,13.11,13110,584.06,-0.19,-1.43,-8.46,13.11,584.06
Taiwan,TWN,2/1/01,12.98,12980,578.27,1.28,10.94,57.02,26.09,1162.33
Taiwan,TWN,3/1/01,14.72,14720,655.79,0.84,6.05,37.42,40.81,1818.12
Taiwan,TWN,4/1/01,14.61,14610,650.89,0.77,5.56,34.3,55.42,2469
Taiwan,TWN,5/1/01,15.78,15780,703.01,0.19,1.22,8.46,71.2,3172.01
Taiwan,TWN,6/1/01,16.68,16680,743.11,0.13,0.79,5.79,87.88,3915.12
Taiwan,TWN,7/1/01,18,18000,801.91,0.32,1.81,14.26,105.88,4717.04
Taiwan,TWN,8/1/01,18.64,18640,830.43,1.5,8.75,66.83,124.52,5547.46
Taiwan,TWN,9/1/01,15.7,15700,699.45,-0.14,-0.88,-6.24,140.22,6246.91
Taiwan,TWN,10/1/01,15.49,15490,690.09,-0.78,-4.79,-34.75,155.71,6937
Taiwan,TWN,11/1/01,14.3,14300,637.08,-0.16,-1.11,-7.13,170.01,7574.08
Taiwan,TWN,12/1/01,14.4,14400,641.53,0.12,0.84,5.35,184.41,8215.61
Taiwan,TWN,1/1/02,13.94,13940,617.72,0.83,6.33,36.78,13.94,617.72
Taiwan,TWN,2/1/02,12.12,12120,537.07,-0.86,-6.63,-38.11,26.06,1154.79
Taiwan,TWN,3/1/02,15.02,15020,665.58,0.3,2.04,13.29,41.08,1820.37
Taiwan,TWN,4/1/02,15.86,15860,702.8,1.25,8.56,55.39,56.94,2523.16
Taiwan,TWN,5/1/02,17.24,17240,763.95,1.46,9.25,64.7,74.18,3287.12
Taiwan,TWN,6/1/02,17.61,17610,780.35,0.93,5.58,41.21,91.79,4067.46
Taiwan,TWN,7/1/02,19.01,19010,842.38,1.01,5.61,44.76,110.8,4909.85
Taiwan,TWN,8/1/02,19.27,19270,853.91,0.63,3.38,27.92,130.07,5763.75
Taiwan,TWN,9/1/02,17.23,17230,763.51,1.53,9.75,67.8,147.3,6527.26
Taiwan,TWN,10/1/02,16.89,16890,748.44,1.4,9.04,62.04,164.19,7275.7
Taiwan,TWN,11/1/02,15.41,15410,682.86,1.11,7.76,49.19,179.6,7958.56
Taiwan,TWN,12/1/02,15.59,15590,690.83,1.19,8.26,52.73,195.19,8649.39
Taiwan,TWN,1/1/03,15.14,15140,668.02,1.2,8.61,52.95,15.14,668.02
Taiwan,TWN,2/1/03,13.54,13540,597.42,1.42,11.72,62.65,28.68,1265.44
Taiwan,TWN,3/1/03,15.68,15680,691.84,0.66,4.39,29.12,44.36,1957.28
Taiwan,TWN,4/1/03,16.19,16190,714.35,0.33,2.08,14.56,60.55,2671.63
Taiwan,TWN,5/1/03,17.43,17430,769.06,0.19,1.1,8.38,77.98,3440.68
Taiwan,TWN,6/1/03,17.53,17530,773.47,-0.08,-0.45,-3.53,95.51,4214.15
Taiwan,TWN,7/1/03,20.7,20700,913.34,1.69,8.89,74.57,116.21,5127.49
Taiwan,TWN,8/1/03,20.23,20230,892.6,0.96,4.98,42.36,136.44,6020.09
Taiwan,TWN,9/1/03,18.76,18760,827.74,1.53,8.88,67.51,155.2,6847.83
Taiwan,TWN,10/1/03,17.47,17470,770.82,0.58,3.43,25.59,172.67,7618.66
Taiwan,TWN,11/1/03,16.3,16300,719.2,0.89,5.78,39.27,188.97,8337.86
Taiwan,TWN,12/1/03,16.23,16230,716.11,0.64,4.11,28.24,205.2,9053.97
Taiwan,TWN,1/1/04,15.28,15280,671.78,0.14,0.92,6.16,15.28,671.78
Taiwan,TWN,2/1/04,15.06,15060,662.11,1.52,11.23,66.83,30.34,1333.9
Taiwan,TWN,3/1/04,16.8,16800,738.61,1.12,7.14,49.24,47.14,2072.51
Taiwan,TWN,4/1/04,16.87,16870,741.69,0.68,4.2,29.9,64.01,2814.2
Taiwan,TWN,5/1/04,19.19,19190,843.69,1.76,10.1,77.38,83.2,3657.88
Taiwan,TWN,6/1/04,19.36,19360,851.16,1.83,10.44,80.46,102.56,4509.04
Taiwan,TWN,7/1/04,20.65,20650,907.88,-0.05,-0.24,-2.2,123.21,5416.92
Taiwan,TWN,8/1/04,20.75,20750,912.27,0.52,2.57,22.86,143.96,6329.19
Taiwan,TWN,9/1/04,19.21,19210,844.57,0.45,2.4,19.78,163.17,7173.76
Taiwan,TWN,10/1/04,17.83,17830,783.89,0.36,2.06,15.83,181,7957.65
Taiwan,TWN,11/1/04,17.1,17100,751.8,0.8,4.91,35.17,198.1,8709.45
Taiwan,TWN,12/1/04,16.96,16960,745.65,0.73,4.5,32.09,215.06,9455.1
Taiwan,TWN,1/1/05,16.87,16870,739.11,1.59,10.41,69.66,16.87,739.11
Taiwan,TWN,2/1/05,14.47,14470,633.96,-0.59,-3.92,-25.85,31.34,1373.06
Taiwan,TWN,3/1/05,17.21,17210,754,0.41,2.44,17.96,48.55,2127.06
Taiwan,TWN,4/1/05,17.49,17490,766.27,0.62,3.68,27.16,66.04,2893.33
Taiwan,TWN,5/1/05,19.63,19630,860.03,0.44,2.29,19.28,85.67,3753.36
Taiwan,TWN,6/1/05,19.68,19680,862.22,0.32,1.65,14.02,105.35,4615.57
Taiwan,TWN,7/1/05,21.33,21330,934.51,0.68,3.29,29.79,126.68,5550.08
Taiwan,TWN,8/1/05,21.33,21330,934.51,0.58,2.8,25.41,148.01,6484.58
Taiwan,TWN,9/1/05,20.26,20260,887.63,1.05,5.47,46,168.27,7372.21
Taiwan,TWN,10/1/05,19.38,19380,849.07,1.55,8.69,67.91,187.65,8221.28
Taiwan,TWN,11/1/05,18.17,18170,796.06,1.07,6.26,46.88,205.82,9017.35
Taiwan,TWN,12/1/05,17.83,17830,781.16,0.87,5.13,38.12,223.65,9798.51
Taiwan,TWN,1/1/06,17.29,17290,754.54,0.42,2.49,18.33,17.29,754.54
Taiwan,TWN,2/1/06,15.64,15640,682.53,1.17,8.09,51.06,32.93,1437.08
Taiwan,TWN,3/1/06,18,18000,785.53,0.79,4.59,34.48,50.93,2222.6
Taiwan,TWN,4/1/06,18.45,18450,805.16,0.96,5.49,41.89,69.38,3027.76
Taiwan,TWN,5/1/06,20.11,20110,877.61,0.48,2.45,20.95,89.49,3905.37
Taiwan,TWN,6/1/06,20.52,20520,895.5,0.84,4.27,36.66,110.01,4800.87
Taiwan,TWN,7/1/06,22.4,22400,977.54,1.07,5.02,46.7,132.41,5778.41
Taiwan,TWN,8/1/06,22.45,22450,979.72,1.12,5.25,48.88,154.86,6758.14
Taiwan,TWN,9/1/06,20.31,20310,886.33,0.05,0.25,2.18,175.17,7644.47
Taiwan,TWN,10/1/06,19.8,19800,864.08,0.42,2.17,18.33,194.97,8508.55
Taiwan,TWN,11/1/06,18.49,18490,806.91,0.32,1.76,13.96,213.46,9315.46
Taiwan,TWN,12/1/06,18.16,18160,792.51,0.33,1.85,14.4,231.62,10107.97
Taiwan,TWN,1/1/07,18.31,18310,795.85,1.02,5.9,44.33,18.31,795.85
Taiwan,TWN,2/1/07,15.56,15560,676.32,-0.08,-0.51,-3.48,33.87,1472.17
Taiwan,TWN,3/1/07,18.91,18910,821.93,0.91,5.06,39.55,52.78,2294.09
Taiwan,TWN,4/1/07,18.43,18430,801.06,-0.02,-0.11,-0.87,71.21,3095.16
Taiwan,TWN,5/1/07,21.03,21030,914.07,0.92,4.57,39.99,92.24,4009.23
Taiwan,TWN,6/1/07,21.28,21280,924.94,0.76,3.7,33.03,113.52,4934.17
Taiwan,TWN,7/1/07,23.88,23880,1037.95,1.48,6.61,64.33,137.4,5972.12
Taiwan,TWN,8/1/07,22.48,22480,977.1,0.03,0.13,1.3,159.88,6949.22
Taiwan,TWN,9/1/07,20.89,20890,907.99,0.58,2.86,25.21,180.77,7857.21
Taiwan,TWN,10/1/07,20.5,20500,891.04,0.7,3.54,30.43,201.27,8748.25
Taiwan,TWN,11/1/07,18.79,18790,816.71,0.3,1.62,13.04,220.06,9564.96
Taiwan,TWN,12/1/07,19.1,19100,830.19,0.94,5.18,40.86,239.16,10395.14
Taiwan,TWN,1/1/08,19.13,19130,828.63,0.82,4.48,35.52,19.13,828.63
Taiwan,TWN,2/1/08,16.97,16970,735.07,1.41,9.06,61.08,36.1,1563.7
Taiwan,TWN,3/1/08,19.32,19320,836.86,0.41,2.17,17.76,55.42,2400.57
Taiwan,TWN,4/1/08,19.28,19280,835.13,0.85,4.61,36.82,74.7,3235.7
Taiwan,TWN,5/1/08,20.95,20950,907.47,-0.08,-0.38,-3.47,95.65,4143.17
Taiwan,TWN,6/1/08,21.13,21130,915.27,-0.15,-0.7,-6.5,116.78,5058.43
Taiwan,TWN,7/1/08,22.38,22380,969.41,-1.5,-6.28,-64.97,139.16,6027.84
Taiwan,TWN,8/1/08,22.49,22490,974.18,0.01,0.04,0.43,161.65,7002.02
Taiwan,TWN,9/1/08,20.36,20360,881.91,-0.53,-2.54,-22.96,182.01,7883.93
Taiwan,TWN,10/1/08,19.7,19700,853.32,-0.8,-3.9,-34.65,201.71,8737.25
Taiwan,TWN,11/1/08,16.89,16890,731.61,-1.9,-10.11,-82.3,218.6,9468.86
Taiwan,TWN,12/1/08,16.24,16240,703.45,-2.86,-14.97,-123.88,234.84,10172.31
Taiwan,TWN,1/1/09,15,15000,647.55,-4.13,-21.59,-178.29,15,647.55
Taiwan,TWN,2/1/09,15.14,15140,653.59,-1.83,-10.78,-79,30.14,1301.13
Taiwan,TWN,3/1/09,17.29,17290,746.4,-2.03,-10.51,-87.63,47.43,2047.54
Taiwan,TWN,4/1/09,17.44,17440,752.88,-1.84,-9.54,-79.43,64.87,2800.42
Taiwan,TWN,5/1/09,19.09,19090,824.11,-1.86,-8.88,-80.3,83.96,3624.53
Taiwan,TWN,6/1/09,20.32,20320,877.21,-0.81,-3.83,-34.97,104.28,4501.74
Taiwan,TWN,7/1/09,22.31,22310,963.12,-0.07,-0.31,-3.02,126.59,5464.85
Taiwan,TWN,8/1/09,21.99,21990,949.3,-0.5,-2.22,-21.58,148.58,6414.15
Taiwan,TWN,9/1/09,21.52,21520,929.01,1.16,5.7,50.08,170.1,7343.16
Taiwan,TWN,10/1/09,19.72,19720,851.31,0.02,0.1,0.86,189.82,8194.47
Taiwan,TWN,11/1/09,18.3,18300,790.01,1.41,8.35,60.87,208.12,8984.48
Taiwan,TWN,12/1/09,18.57,18570,801.66,2.33,14.35,100.59,226.69,9786.14
Taiwan,TWN,1/1/10,18.62,18620,801.76,3.62,24.13,155.87,18.62,801.76
Taiwan,TWN,2/1/10,16.25,16250,699.71,1.11,7.33,47.8,34.87,1501.46
Taiwan,TWN,3/1/10,19.41,19410,835.77,2.12,12.26,91.28,54.28,2337.24
Taiwan,TWN,4/1/10,18.98,18980,817.26,1.54,8.83,66.31,73.26,3154.5
Taiwan,TWN,5/1/10,21.12,21120,909.4,2.03,10.63,87.41,94.38,4063.9
Taiwan,TWN,6/1/10,21.02,21020,905.1,0.7,3.44,30.14,115.4,4969
Taiwan,TWN,7/1/10,23.67,23670,1019.2,1.36,6.1,58.56,139.07,5988.2
Taiwan,TWN,8/1/10,23.63,23630,1017.48,1.64,7.46,70.62,162.7,7005.68
Taiwan,TWN,9/1/10,21.59,21590,929.64,0.07,0.33,3.01,184.29,7935.33
Taiwan,TWN,10/1/10,20.98,20980,903.38,1.26,6.39,54.25,205.27,8838.7
Taiwan,TWN,11/1/10,19.12,19120,823.29,0.82,4.48,35.31,224.39,9661.99
Taiwan,TWN,12/1/10,19.57,19570,842.66,1,5.39,43.06,243.96,10504.65
Taiwan,TWN,1/1/11,19.64,19640,843.89,1.02,5.48,43.83,19.64,843.89
Taiwan,TWN,2/1/11,16.93,16930,727.45,0.68,4.18,29.22,36.57,1571.34
Taiwan,TWN,3/1/11,19.99,19990,858.93,0.58,2.99,24.92,56.56,2430.27
Taiwan,TWN,4/1/11,19.41,19410,834.01,0.43,2.27,18.48,75.97,3264.28
Taiwan,TWN,5/1/11,21.1,21100,906.63,-0.02,-0.09,-0.86,97.07,4170.91
Taiwan,TWN,6/1/11,22.51,22510,967.21,1.49,7.09,64.02,119.58,5138.12
Taiwan,TWN,7/1/11,23.73,23730,1019.63,0.06,0.25,2.58,143.31,6157.75
Taiwan,TWN,8/1/11,24.05,24050,1033.38,0.42,1.78,18.05,167.36,7191.13
Taiwan,TWN,9/1/11,21.73,21730,933.7,0.14,0.65,6.02,189.09,8124.83
Taiwan,TWN,10/1/11,21.01,21010,902.76,0.03,0.14,1.29,210.1,9027.59
Taiwan,TWN,11/1/11,19.74,19740,848.19,0.62,3.24,26.64,229.84,9875.78
Taiwan,TWN,12/1/11,19.46,19460,836.16,-0.11,-0.56,-4.73,249.3,10711.94
Taiwan,TWN,1/1/12,18.28,18280,783,-1.36,-6.92,-58.25,18.28,783
Taiwan,TWN,2/1/12,18.35,18350,786,1.42,8.39,60.82,36.63,1569.01
Taiwan,TWN,3/1/12,20.01,20010,857.11,0.02,0.1,0.86,56.64,2426.11
Taiwan,TWN,4/1/12,20.09,20090,860.53,0.68,3.5,29.13,76.73,3286.64
Taiwan,TWN,5/1/12,21.66,21660,927.78,0.56,2.65,23.99,98.39,4214.43
Taiwan,TWN,6/1/12,21.51,21510,921.36,-1,-4.44,-42.83,119.9,5135.78
Taiwan,TWN,7/1/12,23.96,23960,1026.3,0.23,0.97,9.85,143.86,6162.08
Taiwan,TWN,8/1/12,22.79,22790,976.18,-1.26,-5.24,-53.97,166.65,7138.27
Taiwan,TWN,9/1/12,21.41,21410,917.07,-0.32,-1.47,-13.71,188.06,8055.34
Taiwan,TWN,10/1/12,20.67,20670,885.38,-0.34,-1.62,-14.56,208.73,8940.72
Taiwan,TWN,11/1/12,19.35,19350,828.84,-0.39,-1.98,-16.71,228.08,9769.55
Taiwan,TWN,12/1/12,19.29,19290,826.27,-0.17,-0.87,-7.28,247.37,10595.82
Taiwan,TWN,1/1/13,19.51,19510,833.16,1.23,6.73,52.53,19.51,833.16
Taiwan,TWN,2/1/13,16.61,16610,709.32,-1.74,-9.48,-74.31,36.12,1542.48
Taiwan,TWN,3/1/13,19.92,19920,850.67,-0.09,-0.45,-3.84,56.04,2393.14
Taiwan,TWN,4/1/13,19.38,19380,827.61,-0.71,-3.53,-30.32,75.42,3220.75
Taiwan,TWN,5/1/13,21.62,21620,923.26,-0.04,-0.18,-1.71,97.04,4144.02
Taiwan,TWN,6/1/13,22.52,22520,961.7,1.01,4.7,43.13,119.56,5105.71
Taiwan,TWN,7/1/13,23.81,23810,1016.79,-0.15,-0.63,-6.41,143.37,6122.5
Taiwan,TWN,8/1/13,23.84,23840,1018.07,1.05,4.61,44.84,167.21,7140.57
Taiwan,TWN,9/1/13,21.59,21590,921.98,0.18,0.84,7.69,188.8,8062.55
Taiwan,TWN,10/1/13,20.98,20980,895.93,0.31,1.5,13.24,209.78,8958.49
Taiwan,TWN,11/1/13,19.64,19640,838.71,0.29,1.5,12.38,229.42,9797.2
Taiwan,TWN,12/1/13,19.68,19680,840.42,0.39,2.02,16.65,249.1,10637.62
Taiwan,TWN,1/1/14,19.51,19510,831.17,0,0,0,19.51,831.17
Taiwan,TWN,2/1/14,17.42,17420,742.14,0.81,4.88,34.51,36.93,1573.31
Taiwan,TWN,3/1/14,20.1,20100,856.31,0.18,0.9,7.67,57.03,2429.62
Taiwan,TWN,4/1/14,20.2,20200,860.57,0.82,4.23,34.93,77.23,3290.19
Taiwan,TWN,5/1/14,22.05,22050,939.39,0.43,1.99,18.32,99.28,4229.58
Taiwan,TWN,6/1/14,22.8,22800,971.34,0.28,1.24,11.93,122.08,5200.91
Taiwan,TWN,7/1/14,25.18,25180,1072.73,1.37,5.75,58.37,147.26,6273.64
Taiwan,TWN,8/1/14,24.43,24430,1040.78,0.59,2.47,25.14,171.69,7314.42
Taiwan,TWN,9/1/14,23.63,23630,1006.7,2.04,9.45,86.91,195.32,8321.12
Taiwan,TWN,10/1/14,21.55,21550,918.08,0.57,2.72,24.28,216.87,9239.2
Taiwan,TWN,11/1/14,19.84,19840,845.23,0.2,1.02,8.52,236.71,10084.44
Taiwan,TWN,12/1/14,20.12,20120,857.16,0.44,2.24,18.75,256.83,10941.6
Taiwan,TWN,1/1/15,19.77,19770,840.23,0.26,1.33,11.05,19.77,840.23
Taiwan,TWN,2/1/15,17.1,17100,726.75,-0.32,-1.84,-13.6,36.87,1566.98
Taiwan,TWN,3/1/15,20.29,20290,862.33,0.19,0.95,8.08,57.16,2429.31
Taiwan,TWN,4/1/15,20.22,20220,859.35,0.02,0.1,0.85,77.38,3288.67
Taiwan,TWN,5/1/15,22.26,22260,946.05,0.21,0.95,8.93,99.64,4234.72
Taiwan,TWN,6/1/15,23.83,23830,1012.78,1.03,4.52,43.78,123.47,5247.5
Taiwan,TWN,7/1/15,24.45,24450,1039.13,-0.73,-2.9,-31.03,147.92,6286.63
Taiwan,TWN,8/1/15,23.33,23330,991.53,-1.1,-4.5,-46.75,171.25,7278.16
Taiwan,TWN,9/1/15,21.75,21750,924.38,-1.88,-7.96,-79.9,193,8202.54
Taiwan,TWN,10/1/15,21.76,21760,924.8,0.21,0.97,8.93,214.76,9127.34
Taiwan,TWN,11/1/15,20.3,20300,862.75,0.46,2.32,19.55,235.06,9990.1
Taiwan,TWN,12/1/15,20.04,20040,851.7,-0.08,-0.4,-3.4,255.1,10841.8
Taiwan,TWN,1/1/16,19.84,19840,841.17,0.07,0.35,2.97,19.84,841.17
Taiwan,TWN,2/1/16,17.46,17460,740.27,0.36,2.11,15.26,37.3,1581.44
Taiwan,TWN,3/1/16,20.23,20230,857.71,-0.06,-0.3,-2.54,57.53,2439.15
Taiwan,TWN,4/1/16,20.45,20450,867.04,0.23,1.14,9.75,77.98,3306.18
Taiwan,TWN,5/1/16,22.87,22870,969.64,0.61,2.74,25.86,100.85,4275.82
Taiwan,TWN,6/1/16,23.68,23680,1003.98,-0.15,-0.63,-6.36,124.53,5279.8
Taiwan,TWN,7/1/16,24.99,24990,1059.52,0.54,2.21,22.89,149.52,6339.33
Taiwan,TWN,8/1/16,24.85,24850,1053.59,1.52,6.52,64.44,174.37,7392.91
Taiwan,TWN,9/1/16,22.11,22110,937.42,0.36,1.66,15.26,196.48,8330.33
Taiwan,TWN,10/1/16,22.98,22980,974.3,1.22,5.61,51.73,219.46,9304.63
Taiwan,TWN,11/1/16,20.65,20650,875.52,0.35,1.72,14.84,240.11,10180.15
Taiwan,TWN,12/1/16,20.72,20720,878.48,0.68,3.39,28.83,260.83,11058.63
Taiwan,TWN,1/1/17,19.8,19800,837.82,-0.04,-0.2,-1.69,19.8,837.82
Taiwan,TWN,2/1/17,18.26,18260,772.65,0.8,4.58,33.85,38.06,1610.47
Taiwan,TWN,3/1/17,20.85,20850,882.24,0.62,3.06,26.23,58.91,2492.71
Taiwan,TWN,4/1/17,20.48,20480,866.59,0.03,0.15,1.27,79.39,3359.3
Taiwan,TWN,5/1/17,22.76,22760,963.06,-0.11,-0.48,-4.65,102.15,4322.36
Taiwan,TWN,6/1/17,23.76,23760,1005.38,0.08,0.34,3.39,125.91,5327.74
Taiwan,TWN,7/1/17,25.42,25420,1075.62,0.43,1.72,18.19,151.33,6403.36
Taiwan,TWN,8/1/17,26.02,26020,1101.01,1.17,4.71,49.51,177.35,7504.37
Taiwan,TWN,9/1/17,24.5,24500,1036.69,2.39,10.81,101.13,201.85,8541.06
Taiwan,TWN,10/1/17,23.2,23200,981.68,0.22,0.96,9.31,225.05,9522.74
Taiwan,TWN,11/1/17,21.09,21090,892.4,0.44,2.13,18.62,246.14,10415.14
Taiwan,TWN,12/1/17,20.84,20840,881.82,0.12,0.58,5.08,266.98,11296.96
Taiwan,TWN,1/1/18,21.18,21180,895.21,1.38,6.97,58.33,21.18,895.21
Taiwan,TWN,2/1/18,18.34,18340,775.17,0.08,0.44,3.38,39.52,1670.38
Taiwan,TWN,3/1/18,21.5,21500,908.73,0.65,3.12,27.47,61.02,2579.11
Taiwan,TWN,4/1/18,21.27,21270,899.01,0.79,3.86,33.39,82.29,3478.12
Taiwan,TWN,5/1/18,24.75,24750,1046.1,1.99,8.74,84.11,107.04,4524.23
Taiwan,TWN,6/1/18,24.34,24340,1028.77,0.58,2.44,24.51,131.38,5553
Taiwan,TWN,7/1/18,24.6,24600,1039.76,-0.82,-3.23,-34.66,155.98,6592.76
Taiwan,TWN,8/1/18,25.66,25660,1084.56,-0.36,-1.38,-15.22,181.64,7677.32
Taiwan,TWN,9/1/18,23.95,23950,1012.29,-0.55,-2.24,-23.25,205.59,8689.61
Taiwan,TWN,10/1/18,22.6,22600,955.23,-0.6,-2.59,-25.36,228.19,9644.83
Taiwan,TWN,11/1/18,22.64,22640,956.92,1.55,7.35,65.51,250.83,10601.75
Taiwan,TWN,12/1/18,21.37,21370,903.24,0.53,2.54,22.4,272.2,11504.99
Taiwan,TWN,1/1/19,21.25,21250,897.61,0.07,0.33,2.96,21.25,897.61
Taiwan,TWN,2/1/19,18.21,18210,769.2,-0.13,-0.71,-5.49,39.46,1666.8
Taiwan,TWN,3/1/19,21.46,21460,906.48,-0.04,-0.19,-1.69,60.92,2573.28
Taiwan,TWN,4/1/19,21.65,21650,914.5,0.38,1.79,16.05,82.57,3487.78
Taiwan,TWN,5/1/19,23.28,23280,983.35,-1.47,-5.94,-62.09,105.85,4471.13
Taiwan,TWN,6/1/19,23.94,23940,1011.23,-0.4,-1.64,-16.9,129.79,5482.36
Taiwan,TWN,7/1/19,26.13,26130,1103.74,1.53,6.22,64.63,155.92,6586.1
Taiwan,TWN,8/1/19,26,26000,1098.25,0.34,1.33,14.36,181.92,7684.35
Taiwan,TWN,9/1/19,23.28,23280,983.35,-0.67,-2.8,-28.3,205.2,8667.7
Taiwan,TWN,10/1/19,23.12,23120,976.59,0.52,2.3,21.96,228.32,9644.29
Taiwan,TWN,11/1/19,21.22,21220,896.34,-1.42,-6.27,-59.98,249.54,10540.63
Taiwan,TWN,12/1/19,21.42,21420,904.79,0.05,0.23,2.11,270.96,11445.42
Taiwan,TWN,1/1/20,20.41,20410,862.51,-0.84,-3.95,-35.5,20.41,862.51
Taiwan,TWN,2/1/20,20.14,20140,851.1,1.93,10.6,81.56,40.55,1713.61
Taiwan,TWN,3/1/20,21.82,21820,922.1,0.36,1.68,15.21,62.37,2635.7
Taiwan,TWN,4/1/20,20.74,20740,876.46,-0.91,-4.2,-38.46,83.11,3512.16
Taiwan,TWN,5/1/20,23.62,23620,998.16,0.34,1.46,14.37,106.73,4510.32
Taiwan,TWN,6/1/20,24.98,24980,1055.63,1.04,4.34,43.95,131.71,5565.96
Taiwan,TWN,7/1/20,26.81,26810,1132.97,0.68,2.6,28.74,158.52,6698.92
Taiwan,TWN,8/1/20,25.97,25970,1097.47,-0.03,-0.12,-1.27,184.49,7796.4
Taiwan,TWN,9/1/20,24.6,24600,1039.58,1.32,5.67,55.78,209.09,8835.97
Taiwan,TWN,10/1/20,23.27,23270,983.37,0.15,0.65,6.34,232.36,9819.34
Taiwan,TWN,11/1/20,22.22,22220,939,1,4.71,42.26,254.58,10758.34
Taiwan,TWN,12/1/20,22.28,22280,941.53,0.86,4.01,36.34,276.86,11699.88
Taiwan,TWN,1/1/21,22.16,22160,940.65,1.75,8.57,74.28,22.16,940.65
Taiwan,TWN,2/1/21,18.89,18890,801.84,-1.25,-6.21,-53.06,41.05,1742.49
Taiwan,TWN,3/1/21,22.55,22550,957.2,0.73,3.35,30.99,63.6,2699.69
Taiwan,TWN,4/1/21,22.28,22280,945.74,1.54,7.43,65.37,85.88,3645.42
Taiwan,TWN,5/1/21,25.92,25920,1100.25,2.3,9.74,97.63,111.8,4745.67
Taiwan,TWN,6/1/21,25.43,25430,1079.45,0.45,1.8,19.1,137.23,5825.12
Taiwan,TWN,7/1/21,27.37,27370,1161.8,0.56,2.09,23.77,164.6,6986.92
Taiwan,TWN,8/1/21,26.55,26550,1126.99,0.58,2.23,24.62,191.15,8113.91
Taiwan,TWN,9/1/21,26.17,26170,1110.86,1.57,6.38,66.64,217.32,9224.77
Taiwan,TWN,10/1/21,25.28,25280,1073.08,2.01,8.64,85.32,242.6,10297.86
Taiwan,TWN,11/1/21,22.6,22600,959.32,0.38,1.71,16.13,265.2,11257.18
Taiwan,TWN,12/1/21,22.64,22640,961.02,0.36,1.62,15.28,287.84,12218.2
Taiwan,TWN,1/1/22,22.19,22190,947.48,0.03,0.14,1.28,22.19,947.48
Taiwan,TWN,2/1/22,19.77,19770,844.15,0.88,4.66,37.57,41.96,1791.62
Taiwan,TWN,3/1/22,22.71,22710,969.68,0.16,0.71,6.83,64.67,2761.3
Taiwan,TWN,4/1/22,22.68,22680,968.4,0.4,1.8,17.08,87.35,3729.7
Taiwan,TWN,5/1/22,24.22,24220,1034.15,-1.7,-6.56,-72.59,111.57,4763.86
Taiwan,TWN,6/1/22,25.34,25340,1081.98,-0.09,-0.35,-3.84,136.91,5845.83
Taiwan,TWN,7/1/22,27.87,27870,1190,0.5,1.83,21.35,164.78,7035.84
Taiwan,TWN,8/1/22,27.17,27170,1160.11,0.62,2.34,26.47,191.95,8195.95
Taiwan,TWN,9/1/22,24.52,24520,1046.96,-1.65,-6.3,-70.45,216.47,9242.92
Taiwan,TWN,10/1/22,23.87,23870,1019.21,-1.41,-5.58,-60.2,240.34,10262.13
Taiwan,TWN,11/1/22,22.55,22550,962.85,-0.05,-0.22,-2.13,262.89,11224.97
Taiwan,TWN,12/1/22,22.24,22240,949.61,-0.4,-1.77,-17.08,285.13,12174.59
Taiwan,TWN,1/1/23,20.33,20330,871.89,-1.86,-8.38,-79.77,20.33,871.89
Taiwan,TWN,2/1/23,19.62,19620,841.44,-0.15,-0.76,-6.43,39.95,1713.33
Taiwan,TWN,3/1/23,21.78,21780,934.08,-0.93,-4.1,-39.88,61.73,2647.41
Taiwan,TWN,4/1/23,21.66,21660,928.93,-1.02,-4.5,-43.74,83.39,3576.35
Taiwan,TWN,5/1/23,23.89,23890,1024.57,-0.33,-1.36,-14.15,107.28,4600.92
Taiwan,TWN,6/1/23,25.19,25190,1080.32,-0.15,-0.59,-6.43,132.47,5681.24
Taiwan,TWN,7/1/23,27.03,27030,1159.24,-0.84,-3.01,-36.03,159.5,6840.47
Taiwan,TWN,8/1/23,26.57,26570,1139.51,-0.6,-2.21,-25.73,186.07,7979.98
Taiwan,TWN,9/1/23,25.39,25390,1088.9,0.87,3.55,37.31,211.46,9068.88
Taiwan,TWN,10/1/23,23.89,23890,1024.57,0.02,0.08,0.86,235.35,10093.45
Taiwan,TWN,11/1/23,21.87,21870,937.94,-0.68,-3.02,-29.16,257.22,11031.39
Taiwan,TWN,12/1/23,22.13,22130,949.09,-0.11,-0.49,-4.72,279.35,11980.48
Taiwan,TWN,1/1/24,21.32,21320,918.41,0.99,4.87,42.65,21.32,918.41
Taiwan,TWN,2/1/24,19.35,19350,833.55,-0.27,-1.38,-11.63,40.67,1751.96
Taiwan,TWN,3/1/24,22.28,22280,959.77,0.5,2.3,21.54,62.95,2711.73
Taiwan,TWN,4/1/24,22.99,22990,990.35,1.33,6.14,57.29,85.94,3702.08
Taiwan,TWN,5/1/24,24.51,24510,1055.83,0.62,2.6,26.71,110.45,4757.9
Taiwan,TWN,6/1/24,25.57,25570,1101.49,0.38,1.51,16.37,136.02,5859.4
Taiwan,TWN,7/1/24,27.44,27440,1182.05,0.41,1.52,17.66,163.46,7041.44
Taiwan,TWN,8/1/24,27.07,27070,1166.11,0.5,1.88,21.54,190.53,8207.55
Taiwan,TWN,9/1/24,26.43,26430,1138.54,1.04,4.1,44.8,216.96,9346.08
Taiwan,TWN,10/1/24,24.41,24410,1051.52,0.52,2.18,22.4,241.37,10397.6
Taiwan,TWN,11/1/24,22.23,22230,957.61,0.36,1.65,15.51,263.6,11355.22
Taiwan,TWN,12/1/24,22.43,22430,966.23,0.3,1.36,12.92,286.03,12321.44
Taiwan,TWN,1/1/25,21.1,21100,912.91,-0.22,-1.03,-9.52,21.1,912.91
Taiwan,TWN,2/1/25,19.76,19760,854.94,0.41,2.12,17.74,40.86,1767.85
Taiwan,TWN,3/1/25,21.9,21900,947.53,-0.38,-1.71,-16.44,62.76,2715.38
Taiwan,TWN,4/1/25,21.96,21960,950.12,-1.03,-4.48,-44.56,84.72,3665.5
Taiwan,TWN,5/1/25,24.5,24500,1060.02,-0.01,-0.04,-0.43,109.22,4725.52
Taiwan,TWN,6/1/25,25.51,25510,1103.72,-0.06,-0.23,-2.6,134.73,5829.24
Tajikistan,TJK,1/1/19,1.9,1900,199.37,,,,1.9,199.37
Tajikistan,TJK,2/1/19,1.7,1700,178.38,,,,3.6,377.76
Tajikistan,TJK,3/1/19,1.32,1320,138.51,,,,4.92,516.27
Tajikistan,TJK,4/1/19,1.09,1090,114.38,,,,6.01,630.64
Tajikistan,TJK,5/1/19,1.4,1400,146.9,,,,7.41,777.55
Tajikistan,TJK,6/1/19,1.45,1450,152.15,,,,8.86,929.7
Tajikistan,TJK,7/1/19,1.57,1570,164.74,,,,10.43,1094.44
Tajikistan,TJK,8/1/19,1.5,1500,157.4,,,,11.93,1251.84
Tajikistan,TJK,9/1/19,1.11,1110,116.47,,,,13.04,1368.31
Tajikistan,TJK,10/1/19,1.17,1170,122.77,,,,14.21,1491.09
Tajikistan,TJK,11/1/19,1.63,1630,171.04,,,,15.84,1662.12
Tajikistan,TJK,12/1/19,1.84,1840,193.08,,,,17.68,1855.2
Tajikistan,TJK,1/1/20,2.02,2020,207.19,0.12,6.32,12.31,2.02,207.19
Tajikistan,TJK,2/1/20,1.75,1750,179.5,0.05,2.94,5.13,3.77,386.69
Tajikistan,TJK,3/1/20,1.58,1580,162.06,0.26,19.7,26.67,5.35,548.76
Tajikistan,TJK,4/1/20,1.11,1110,113.85,0.02,1.83,2.05,6.46,662.61
Tajikistan,TJK,5/1/20,1.22,1220,125.14,-0.18,-12.86,-18.46,7.68,787.75
Tajikistan,TJK,6/1/20,1.56,1560,160.01,0.11,7.59,11.28,9.24,947.76
Tajikistan,TJK,7/1/20,1.61,1610,165.14,0.04,2.55,4.1,10.85,1112.9
Tajikistan,TJK,8/1/20,1.28,1280,131.29,-0.22,-14.67,-22.57,12.13,1244.19
Tajikistan,TJK,9/1/20,1.14,1140,116.93,0.03,2.7,3.08,13.27,1361.12
Tajikistan,TJK,10/1/20,1.31,1310,134.37,0.14,11.97,14.36,14.58,1495.49
Tajikistan,TJK,11/1/20,1.51,1510,154.88,-0.12,-7.36,-12.31,16.09,1650.37
Tajikistan,TJK,12/1/20,1.95,1950,200.01,0.11,5.98,11.28,18.04,1850.39
Tajikistan,TJK,1/1/21,1.87,1870,187.62,-0.15,-7.43,-15.05,1.87,187.62
Tajikistan,TJK,2/1/21,1.44,1440,144.48,-0.31,-17.71,-31.1,3.31,332.1
Tajikistan,TJK,3/1/21,1.56,1560,156.52,-0.02,-1.27,-2.01,4.87,488.62
Tajikistan,TJK,4/1/21,1.34,1340,134.44,0.23,20.72,23.08,6.21,623.06
Tajikistan,TJK,5/1/21,1.62,1620,162.54,0.4,32.79,40.13,7.83,785.6
Tajikistan,TJK,6/1/21,1.85,1850,185.61,0.29,18.59,29.1,9.68,971.21
Tajikistan,TJK,7/1/21,1.54,1540,154.51,-0.07,-4.35,-7.02,11.22,1125.73
Tajikistan,TJK,8/1/21,1.46,1460,146.48,0.18,14.06,18.06,12.68,1272.21
Tajikistan,TJK,9/1/21,1.32,1320,132.44,0.18,15.79,18.06,14,1404.65
Tajikistan,TJK,10/1/21,1.22,1220,122.41,-0.09,-6.87,-9.03,15.22,1527.05
Tajikistan,TJK,11/1/21,1.56,1560,156.52,0.05,3.31,5.02,16.78,1683.57
Tajikistan,TJK,12/1/21,1.82,1820,182.6,-0.13,-6.67,-13.04,18.6,1866.18
Tajikistan,TJK,1/1/22,1.97,1970,193.47,0.1,5.35,9.82,1.97,193.47
Tajikistan,TJK,2/1/22,1.69,1690,165.98,0.25,17.36,24.55,3.66,359.45
Tajikistan,TJK,3/1/22,1.51,1510,148.3,-0.05,-3.21,-4.91,5.17,507.75
Tajikistan,TJK,4/1/22,1.18,1180,115.89,-0.16,-11.94,-15.71,6.35,623.64
Tajikistan,TJK,5/1/22,1.34,1340,131.6,-0.28,-17.28,-27.5,7.69,755.24
Tajikistan,TJK,6/1/22,1.56,1560,153.21,-0.29,-15.68,-28.48,9.25,908.45
Tajikistan,TJK,7/1/22,1.62,1620,159.1,0.08,5.19,7.86,10.87,1067.55
Tajikistan,TJK,8/1/22,1.51,1510,148.3,0.05,3.42,4.91,12.38,1215.85
Tajikistan,TJK,9/1/22,1.38,1380,135.53,0.06,4.55,5.89,13.76,1351.38
Tajikistan,TJK,10/1/22,1.22,1220,119.82,0,0,0,14.98,1471.19
Tajikistan,TJK,11/1/22,1.58,1580,155.17,0.02,1.28,1.96,16.56,1626.37
Tajikistan,TJK,12/1/22,2.09,2090,205.26,0.27,14.84,26.52,18.65,1831.63
Tajikistan,TJK,1/1/23,2.27,2270,218.48,0.3,15.23,28.87,2.27,218.48
Tajikistan,TJK,2/1/23,1.57,1570,151.11,-0.12,-7.1,-11.55,3.84,369.59
Tajikistan,TJK,3/1/23,1.38,1380,132.82,-0.13,-8.61,-12.51,5.22,502.42
Tajikistan,TJK,4/1/23,1.18,1180,113.57,0,0,0,6.4,615.99
Tajikistan,TJK,5/1/23,1.57,1570,151.11,0.23,17.16,22.14,7.97,767.1
Tajikistan,TJK,6/1/23,1.7,1700,163.62,0.14,8.97,13.47,9.67,930.72
Tajikistan,TJK,7/1/23,1.4,1400,134.75,-0.22,-13.58,-21.17,11.07,1065.47
Tajikistan,TJK,8/1/23,1.8,1800,173.25,0.29,19.21,27.91,12.87,1238.71
Tajikistan,TJK,9/1/23,1.54,1540,148.22,0.16,11.59,15.4,14.41,1386.94
Tajikistan,TJK,10/1/23,1.21,1210,116.46,-0.01,-0.82,-0.96,15.62,1503.4
Tajikistan,TJK,11/1/23,1.45,1450,139.56,-0.13,-8.23,-12.51,17.07,1642.96
Tajikistan,TJK,12/1/23,1.91,1910,183.83,-0.18,-8.61,-17.32,18.98,1826.79
Tajikistan,TJK,1/1/24,1.94,1940,183.18,-0.33,-14.54,-31.16,1.94,183.18
Tajikistan,TJK,2/1/24,1.85,1850,174.68,0.28,17.83,26.44,3.79,357.85
Tajikistan,TJK,3/1/24,1.4,1400,132.19,0.02,1.45,1.89,5.19,490.04
Tajikistan,TJK,4/1/24,1.45,1450,136.91,0.27,22.88,25.49,6.64,626.95
Tajikistan,TJK,5/1/24,1.75,1750,165.24,0.18,11.46,17,8.39,792.19
Tajikistan,TJK,6/1/24,2,2000,188.84,0.3,17.65,28.33,10.39,981.03
Tajikistan,TJK,7/1/24,2.1,2100,198.28,0.7,50,66.09,12.49,1179.31
Tajikistan,TJK,8/1/24,2.06,2060,194.51,0.26,14.44,24.55,14.55,1373.82
Tajikistan,TJK,9/1/24,1.76,1760,166.18,0.22,14.29,20.77,16.31,1540
Tajikistan,TJK,10/1/24,1.39,1390,131.24,0.18,14.88,17,17.7,1671.25
Tajikistan,TJK,11/1/24,1.62,1620,152.96,0.17,11.72,16.05,19.32,1824.21
Tajikistan,TJK,12/1/24,2.16,2160,203.95,0.25,13.09,23.61,21.48,2028.16
Tajikistan,TJK,1/1/25,2.15,2150,199.32,0.21,10.82,19.47,2.15,199.32
Tajikistan,TJK,2/1/25,1.84,1840,170.58,-0.01,-0.54,-0.93,3.99,369.9
Tajikistan,TJK,3/1/25,1.74,1740,161.31,0.34,24.29,31.52,5.73,531.21
Thailand,THA,1/1/19,16.25,16250,227.2,,,,16.25,227.2
Thailand,THA,2/1/19,16.04,16040,224.27,,,,32.29,451.47
Thailand,THA,3/1/19,18.85,18850,263.55,,,,51.14,715.02
Thailand,THA,4/1/19,18.32,18320,256.14,,,,69.46,971.17
Thailand,THA,5/1/19,19.1,19100,267.05,,,,88.56,1238.22
Thailand,THA,6/1/19,18.13,18130,253.49,,,,106.69,1491.7
Thailand,THA,7/1/19,17.99,17990,251.53,,,,124.68,1743.23
Thailand,THA,8/1/19,17.67,17670,247.06,,,,142.35,1990.29
Thailand,THA,9/1/19,16.89,16890,236.15,,,,159.24,2226.44
Thailand,THA,10/1/19,17.85,17850,249.57,,,,177.09,2476.01
Thailand,THA,11/1/19,16.62,16620,232.38,,,,193.71,2708.39
Thailand,THA,12/1/19,15.47,15470,216.3,,,,209.18,2924.68
Thailand,THA,1/1/20,16.94,16940,236.46,0.69,4.25,9.63,16.94,236.46
Thailand,THA,2/1/20,16.29,16290,227.38,0.25,1.56,3.49,33.23,463.84
Thailand,THA,3/1/20,18.49,18490,258.09,-0.36,-1.91,-5.03,51.72,721.93
Thailand,THA,4/1/20,16.74,16740,233.66,-1.58,-8.62,-22.05,68.46,955.59
Thailand,THA,5/1/20,17.8,17800,248.46,-1.3,-6.81,-18.15,86.26,1204.05
Thailand,THA,6/1/20,16.77,16770,234.08,-1.36,-7.5,-18.98,103.03,1438.13
Thailand,THA,7/1/20,17.44,17440,243.43,-0.55,-3.06,-7.68,120.47,1681.57
Thailand,THA,8/1/20,17.4,17400,242.88,-0.27,-1.53,-3.77,137.87,1924.44
Thailand,THA,9/1/20,16.94,16940,236.46,0.05,0.3,0.7,154.81,2160.9
Thailand,THA,10/1/20,16.43,16430,229.34,-1.42,-7.96,-19.82,171.24,2390.23
Thailand,THA,11/1/20,15.03,15030,209.79,-1.59,-9.57,-22.19,186.27,2600.03
Thailand,THA,12/1/20,14.88,14880,207.7,-0.59,-3.81,-8.24,201.15,2807.73
Thailand,THA,1/1/21,15.21,15210,212.05,-1.73,-10.21,-24.12,15.21,212.05
Thailand,THA,2/1/21,15.25,15250,212.61,-1.04,-6.38,-14.5,30.46,424.66
Thailand,THA,3/1/21,18.96,18960,264.33,0.47,2.54,6.55,49.42,689
Thailand,THA,4/1/21,17.38,17380,242.31,0.64,3.82,8.92,66.8,931.31
Thailand,THA,5/1/21,19.03,19030,265.31,1.23,6.91,17.15,85.83,1196.62
Thailand,THA,6/1/21,18.38,18380,256.25,1.61,9.6,22.45,104.21,1452.86
Thailand,THA,7/1/21,17.81,17810,248.3,0.37,2.12,5.16,122.02,1701.17
Thailand,THA,8/1/21,17.87,17870,249.14,0.47,2.7,6.55,139.89,1950.3
Thailand,THA,9/1/21,17.07,17070,237.98,0.13,0.77,1.81,156.96,2188.29
Thailand,THA,10/1/21,17.76,17760,247.6,1.33,8.09,18.54,174.72,2435.89
Thailand,THA,11/1/21,17.1,17100,238.4,2.07,13.77,28.86,191.82,2674.3
Thailand,THA,12/1/21,15.92,15920,221.95,1.04,6.99,14.5,207.74,2896.25
Thailand,THA,1/1/22,16.74,16740,233.36,1.53,10.06,21.33,16.74,233.36
Thailand,THA,2/1/22,15.83,15830,220.67,0.58,3.8,8.09,32.57,454.03
Thailand,THA,3/1/22,19.49,19490,271.69,0.53,2.8,7.39,52.06,725.72
Thailand,THA,4/1/22,18.19,18190,253.57,0.81,4.66,11.29,70.25,979.29
Thailand,THA,5/1/22,18.83,18830,262.49,-0.2,-1.05,-2.79,89.08,1241.79
Thailand,THA,6/1/22,18.83,18830,262.49,0.45,2.45,6.27,107.91,1504.28
Thailand,THA,7/1/22,18.84,18840,262.63,1.03,5.78,14.36,126.75,1766.91
Thailand,THA,8/1/22,18.64,18640,259.84,0.77,4.31,10.73,145.39,2026.76
Thailand,THA,9/1/22,17.67,17670,246.32,0.6,3.51,8.36,163.06,2273.08
Thailand,THA,10/1/22,17.42,17420,242.84,-0.34,-1.91,-4.74,180.48,2515.92
Thailand,THA,11/1/22,17.27,17270,240.75,0.17,0.99,2.37,197.75,2756.66
Thailand,THA,12/1/22,16.02,16020,223.32,0.1,0.63,1.39,213.77,2979.98
Thailand,THA,1/1/23,15.94,15940,222.31,-0.8,-4.78,-11.16,15.94,222.31
Thailand,THA,2/1/23,16.1,16100,224.54,0.27,1.71,3.77,32.04,446.85
Thailand,THA,3/1/23,19.14,19140,266.94,-0.35,-1.8,-4.88,51.18,713.78
Thailand,THA,4/1/23,19.47,19470,271.54,1.28,7.04,17.85,70.65,985.32
Thailand,THA,5/1/23,20.62,20620,287.58,1.79,9.51,24.96,91.27,1272.9
Thailand,THA,6/1/23,19.1,19100,266.38,0.27,1.43,3.77,110.37,1539.28
Thailand,THA,7/1/23,19.31,19310,269.31,0.47,2.49,6.55,129.68,1808.59
Thailand,THA,8/1/23,19.37,19370,270.14,0.73,3.92,10.18,149.05,2078.73
Thailand,THA,9/1/23,18.36,18360,256.06,0.69,3.9,9.62,167.41,2334.79
Thailand,THA,10/1/23,18.66,18660,260.24,1.24,7.12,17.29,186.07,2595.03
Thailand,THA,11/1/23,17.63,17630,245.88,0.36,2.08,5.02,203.7,2840.91
Thailand,THA,12/1/23,17.35,17350,241.97,1.33,8.3,18.55,221.05,3082.88
Thailand,THA,1/1/24,17.84,17840,248.93,1.9,11.92,26.51,17.84,248.93
Thailand,THA,2/1/24,19.83,19830,276.69,3.73,23.17,52.05,37.67,525.62
Thailand,THA,3/1/24,20.77,20770,289.81,1.63,8.52,22.74,58.44,815.43
Thailand,THA,4/1/24,21.26,21260,296.65,1.79,9.19,24.98,79.7,1112.07
Thailand,THA,5/1/24,21.32,21320,297.48,0.7,3.39,9.77,101.02,1409.56
Thailand,THA,6/1/24,19.74,19740,275.44,0.64,3.35,8.93,120.76,1684.99
Thailand,THA,7/1/24,19.33,19330,269.72,0.02,0.1,0.28,140.09,1954.71
Thailand,THA,8/1/24,19.88,19880,277.39,0.51,2.63,7.12,159.97,2232.1
Thailand,THA,9/1/24,18.92,18920,264,0.56,3.05,7.81,178.89,2496.09
Thailand,THA,10/1/24,19.45,19450,271.39,0.79,4.23,11.02,198.34,2767.48
Thailand,THA,11/1/24,18.38,18380,256.46,0.75,4.25,10.46,216.72,3023.94
Thailand,THA,12/1/24,16.92,16920,236.09,-0.43,-2.48,-6,233.64,3260.03
Thailand,THA,1/1/25,16.26,16260,227.03,-1.58,-8.86,-22.06,16.26,227.03
Thailand,THA,2/1/25,16.75,16750,233.87,-3.08,-15.53,-43,33.01,460.91
Thailand,THA,3/1/25,20.19,20190,281.9,-0.58,-2.79,-8.1,53.2,742.81
Thailand,THA,4/1/25,19.72,19720,275.34,-1.54,-7.24,-21.5,72.92,1018.15
Vietnam,VNM,1/1/19,17.87,17870,183.9,,,,17.87,183.9
Vietnam,VNM,2/1/19,18.89,18890,194.39,,,,36.76,378.29
Vietnam,VNM,3/1/19,16.11,16110,165.79,,,,52.87,544.08
Vietnam,VNM,4/1/19,20,20000,205.82,,,,72.87,749.89
Vietnam,VNM,5/1/19,20.86,20860,214.67,,,,93.73,964.56
Vietnam,VNM,6/1/19,21.46,21460,220.84,,,,115.19,1185.4
Vietnam,VNM,7/1/19,21.66,21660,222.9,,,,136.85,1408.3
Vietnam,VNM,8/1/19,20.97,20970,215.8,,,,157.82,1624.1
Vietnam,VNM,9/1/19,19.36,19360,199.23,,,,177.18,1823.33
Vietnam,VNM,10/1/19,19.96,19960,205.41,,,,197.14,2028.74
Vietnam,VNM,11/1/19,22.81,22810,234.73,,,,219.95,2263.47
Vietnam,VNM,12/1/19,21.03,21030,216.42,,,,240.98,2479.89
Vietnam,VNM,1/1/20,18.2,18200,185.56,0.33,1.85,3.36,18.2,185.56
Vietnam,VNM,2/1/20,18.12,18120,184.75,-0.77,-4.08,-7.85,36.32,370.31
Vietnam,VNM,3/1/20,19.76,19760,201.47,3.65,22.66,37.21,56.08,571.78
Vietnam,VNM,4/1/20,18.18,18180,185.36,-1.82,-9.1,-18.56,74.26,757.14
Vietnam,VNM,5/1/20,21.12,21120,215.34,0.26,1.25,2.65,95.38,972.48
Vietnam,VNM,6/1/20,21.62,21620,220.43,0.16,0.75,1.63,117,1192.91
Vietnam,VNM,7/1/20,22.85,22850,232.97,1.19,5.49,12.13,139.85,1425.89
Vietnam,VNM,8/1/20,21.32,21320,217.38,0.35,1.67,3.57,161.17,1643.26
Vietnam,VNM,9/1/20,21.12,21120,215.34,1.76,9.09,17.94,182.29,1858.6
Vietnam,VNM,10/1/20,20.05,20050,204.43,0.09,0.45,0.92,202.34,2063.03
Vietnam,VNM,11/1/20,23.22,23220,236.75,0.41,1.8,4.18,225.56,2299.77
Vietnam,VNM,12/1/20,21.56,21560,219.82,0.53,2.52,5.4,247.12,2519.6
Vietnam,VNM,1/1/21,18.39,18390,185.88,0.19,1.04,1.92,18.39,185.88
Vietnam,VNM,2/1/21,18.37,18370,185.68,0.25,1.38,2.53,36.76,371.56
Vietnam,VNM,3/1/21,22.09,22090,223.28,2.33,11.79,23.55,58.85,594.83
Vietnam,VNM,4/1/21,21.08,21080,213.07,2.9,15.95,29.31,79.93,807.9
Vietnam,VNM,5/1/21,22.82,22820,230.66,1.7,8.05,17.18,102.75,1038.56
Vietnam,VNM,6/1/21,24.74,24740,250.06,3.12,14.43,31.54,127.49,1288.62
Vietnam,VNM,7/1/21,22.74,22740,229.85,-0.11,-0.48,-1.11,150.23,1518.47
Vietnam,VNM,8/1/21,21.6,21600,218.32,0.28,1.31,2.83,171.83,1736.8
Vietnam,VNM,9/1/21,18.77,18770,189.72,-2.35,-11.13,-23.75,190.6,1926.52
Vietnam,VNM,10/1/21,20.94,20940,211.65,0.89,4.44,9,211.54,2138.17
Vietnam,VNM,11/1/21,19.91,19910,201.24,-3.31,-14.25,-33.46,231.45,2339.41
Vietnam,VNM,12/1/21,22.41,22410,226.51,0.85,3.94,8.59,253.86,2565.92
Vietnam,VNM,1/1/22,20.66,20660,207.26,2.27,12.34,22.77,20.66,207.26
Vietnam,VNM,2/1/22,18.38,18380,184.39,0.01,0.05,0.1,39.04,391.65
Vietnam,VNM,3/1/22,23.18,23180,232.54,1.09,4.93,10.93,62.22,624.19
Vietnam,VNM,4/1/22,22.43,22430,225.02,1.35,6.4,13.54,84.65,849.21
Vietnam,VNM,5/1/22,22.89,22890,229.63,0.07,0.31,0.7,107.54,1078.84
Vietnam,VNM,6/1/22,23.97,23970,240.47,-0.77,-3.11,-7.72,131.51,1319.31
Vietnam,VNM,7/1/22,24.18,24180,242.57,1.44,6.33,14.45,155.69,1561.89
Vietnam,VNM,8/1/22,23.56,23560,236.35,1.96,9.07,19.66,179.25,1798.24
Vietnam,VNM,9/1/22,22.3,22300,223.71,3.53,18.81,35.41,201.55,2021.96
Vietnam,VNM,10/1/22,20.86,20860,209.27,-0.08,-0.38,-0.8,222.41,2231.22
Vietnam,VNM,11/1/22,26.5,26500,265.85,6.59,33.1,66.11,248.91,2497.07
Vietnam,VNM,12/1/22,23.67,23670,237.46,1.26,5.62,12.64,272.58,2734.53
Vietnam,VNM,1/1/23,18.01,18010,179.47,-2.65,-12.83,-26.41,18.01,179.47
Vietnam,VNM,2/1/23,19.76,19760,196.91,1.38,7.51,13.75,37.77,376.38
Vietnam,VNM,3/1/23,22.84,22840,227.6,-0.34,-1.47,-3.39,60.61,603.97
Vietnam,VNM,4/1/23,22.98,22980,228.99,0.55,2.45,5.48,83.59,832.97
Vietnam,VNM,5/1/23,24.47,24470,243.84,1.58,6.9,15.74,108.06,1076.81
Vietnam,VNM,6/1/23,24.12,24120,240.35,0.15,0.63,1.49,132.18,1317.16
Vietnam,VNM,7/1/23,25.35,25350,252.61,1.17,4.84,11.66,157.53,1569.77
Vietnam,VNM,8/1/23,25.2,25200,251.12,1.64,6.96,16.34,182.73,1820.89
Vietnam,VNM,9/1/23,23.03,23030,229.49,0.73,3.27,7.27,205.76,2050.38
Vietnam,VNM,10/1/23,23.72,23720,236.37,2.86,13.71,28.5,229.48,2286.75
Vietnam,VNM,11/1/23,22.74,22740,226.6,-3.76,-14.19,-37.47,252.22,2513.35
Vietnam,VNM,12/1/23,26.15,26150,260.58,2.48,10.48,24.71,278.37,2773.94
Vietnam,VNM,1/1/24,23.35,23350,231.22,5.34,29.65,52.88,23.35,231.22
Vietnam,VNM,2/1/24,22.85,22850,226.26,3.09,15.64,30.6,46.2,457.48
Vietnam,VNM,3/1/24,21.51,21510,213,-1.33,-5.82,-13.17,67.71,670.48
Vietnam,VNM,4/1/24,26.15,26150,258.94,3.17,13.79,31.39,93.86,929.42
Vietnam,VNM,5/1/24,27.38,27380,271.12,2.91,11.89,28.82,121.24,1200.54
Vietnam,VNM,6/1/24,26.91,26910,266.47,2.79,11.57,27.63,148.15,1467.01
Vietnam,VNM,7/1/24,27.1,27100,268.35,1.75,6.9,17.33,175.25,1735.35
Vietnam,VNM,8/1/24,25.36,25360,251.12,0.16,0.63,1.58,200.61,1986.47
Vietnam,VNM,9/1/24,26.67,26670,264.09,3.64,15.81,36.04,227.28,2250.56
Vietnam,VNM,10/1/24,25.48,25480,252.31,1.76,7.42,17.43,252.76,2502.87
Vietnam,VNM,11/1/24,28.59,28590,283.1,5.85,25.73,57.93,281.35,2785.97
Vietnam,VNM,12/1/24,26.91,26910,266.47,0.76,2.91,7.53,308.26,3052.44
Vietnam,VNM,1/1/25,22.43,22430,220.77,-0.92,-3.94,-9.06,22.43,220.77
Vietnam,VNM,2/1/25,21.49,21490,211.52,-1.36,-5.95,-13.39,43.92,432.29
Vietnam,VNM,3/1/25,26.42,26420,260.04,4.91,22.83,48.33,70.34,692.33
Vietnam,VNM,4/1/25,26.34,26340,259.25,0.19,0.73,1.87,96.68,951.58
Vietnam,VNM,5/1/25,27.74,27740,273.03,0.36,1.31,3.54,124.42,1224.62
Vietnam,VNM,6/1/25,27.28,27280,268.51,0.37,1.37,3.64,151.7,1493.12
Austria,AUT,1/1/15,7.58,7580,876.9,,,,7.58,876.9
Austria,AUT,2/1/15,6.39,6390,739.24,,,,13.97,1616.14
Austria,AUT,3/1/15,6.83,6830,790.14,,,,20.8,2406.28
Austria,AUT,4/1/15,5.95,5950,688.34,,,,26.75,3094.62
Austria,AUT,5/1/15,5.59,5590,646.69,,,,32.34,3741.31
Austria,AUT,6/1/15,5.36,5360,620.08,,,,37.7,4361.39
Austria,AUT,7/1/15,5.66,5660,654.79,,,,43.36,5016.17
Austria,AUT,8/1/15,5.28,5280,610.83,,,,48.64,5627
Austria,AUT,9/1/15,5.43,5430,628.18,,,,54.07,6255.18
Austria,AUT,10/1/15,5.4,5400,624.71,,,,59.47,6879.88
Austria,AUT,11/1/15,5.73,5730,662.88,,,,65.2,7542.77
Austria,AUT,12/1/15,6.57,6570,760.06,,,,71.77,8302.83
Austria,AUT,1/1/16,6.84,6840,782.79,-0.74,-9.76,-84.69,6.84,782.79
Austria,AUT,2/1/16,6.22,6220,711.84,-0.17,-2.66,-19.46,13.06,1494.63
Austria,AUT,3/1/16,6.29,6290,719.85,-0.54,-7.91,-61.8,19.35,2214.49
Austria,AUT,4/1/16,5.65,5650,646.61,-0.3,-5.04,-34.33,25,2861.09
Austria,AUT,5/1/16,5.6,5600,640.88,0.01,0.18,1.14,30.6,3501.98
Austria,AUT,6/1/16,5.39,5390,616.85,0.03,0.56,3.43,35.99,4118.83
Austria,AUT,7/1/16,5.43,5430,621.43,-0.23,-4.06,-26.32,41.42,4740.26
Austria,AUT,8/1/16,5.45,5450,623.72,0.17,3.22,19.46,46.87,5363.98
Austria,AUT,9/1/16,5.54,5540,634.02,0.11,2.03,12.59,52.41,5997.99
Austria,AUT,10/1/16,6,6000,686.66,0.6,11.11,68.67,58.41,6684.66
Austria,AUT,11/1/16,6.64,6640,759.91,0.91,15.88,104.14,65.05,7444.56
Austria,AUT,12/1/16,6.5,6500,743.88,-0.07,-1.07,-8.01,71.55,8188.45
Austria,AUT,1/1/17,7.08,7080,804.66,0.24,3.51,27.28,7.08,804.66
Austria,AUT,2/1/17,6.02,6020,684.19,-0.2,-3.22,-22.73,13.1,1488.84
Austria,AUT,3/1/17,6,6000,681.91,-0.29,-4.61,-32.96,19.1,2170.76
Austria,AUT,4/1/17,5.44,5440,618.27,-0.21,-3.72,-23.87,24.54,2789.02
Austria,AUT,5/1/17,5.29,5290,601.22,-0.31,-5.54,-35.23,29.83,3390.24
Austria,AUT,6/1/17,5.19,5190,589.85,-0.2,-3.71,-22.73,35.02,3980.1
Austria,AUT,7/1/17,5.32,5320,604.63,-0.11,-2.03,-12.5,40.34,4584.73
Austria,AUT,8/1/17,5.27,5270,598.95,-0.18,-3.3,-20.46,45.61,5183.67
Austria,AUT,9/1/17,5.31,5310,603.49,-0.23,-4.15,-26.14,50.92,5787.17
Austria,AUT,10/1/17,5.72,5720,650.09,-0.28,-4.67,-31.82,56.64,6437.26
Austria,AUT,11/1/17,6.23,6230,708.05,-0.41,-6.17,-46.6,62.87,7145.31
Austria,AUT,12/1/17,6.47,6470,735.33,-0.03,-0.46,-3.41,69.34,7880.64
Austria,AUT,1/1/18,6.52,6520,737.42,-0.56,-7.91,-63.34,6.52,737.42
Austria,AUT,2/1/18,6.17,6170,697.83,0.15,2.49,16.97,12.69,1435.25
Austria,AUT,3/1/18,6.5,6500,735.16,0.5,8.33,56.55,19.19,2170.41
Austria,AUT,4/1/18,5.26,5260,594.91,-0.18,-3.31,-20.36,24.45,2765.32
Austria,AUT,5/1/18,5.28,5280,597.17,-0.01,-0.19,-1.13,29.73,3362.49
Austria,AUT,6/1/18,5.28,5280,597.17,0.09,1.73,10.18,35.01,3959.67
Austria,AUT,7/1/18,5.37,5370,607.35,0.05,0.94,5.66,40.38,4567.02
Austria,AUT,8/1/18,5.51,5510,623.19,0.24,4.55,27.14,45.89,5190.21
Austria,AUT,9/1/18,5.43,5430,614.14,0.12,2.26,13.57,51.32,5804.35
Austria,AUT,10/1/18,5.82,5820,658.25,0.1,1.75,11.31,57.14,6462.59
Austria,AUT,11/1/18,6.01,6010,679.74,-0.22,-3.53,-24.88,63.15,7142.33
Austria,AUT,12/1/18,6.3,6300,712.54,-0.17,-2.63,-19.23,69.45,7854.87
Austria,AUT,1/1/19,6.76,6760,761.19,0.24,3.68,27.02,6.76,761.19
Austria,AUT,2/1/19,5.78,5780,650.84,-0.39,-6.32,-43.91,12.54,1412.02
Austria,AUT,3/1/19,5.93,5930,667.73,-0.57,-8.77,-64.18,18.47,2079.75
Austria,AUT,4/1/19,5.45,5450,613.68,0.19,3.61,21.39,23.92,2693.43
Austria,AUT,5/1/19,5.47,5470,615.93,0.19,3.6,21.39,29.39,3309.36
Austria,AUT,6/1/19,5.44,5440,612.55,0.16,3.03,18.02,34.83,3921.91
Austria,AUT,7/1/19,5.63,5630,633.95,0.26,4.84,29.28,40.46,4555.85
Austria,AUT,8/1/19,5.5,5500,619.31,-0.01,-0.18,-1.13,45.96,5175.16
Austria,AUT,9/1/19,5.41,5410,609.17,-0.02,-0.37,-2.25,51.37,5784.34
Austria,AUT,10/1/19,5.86,5860,659.84,0.04,0.69,4.5,57.23,6444.18
Austria,AUT,11/1/19,6,6000,675.61,-0.01,-0.17,-1.13,63.23,7119.79
Austria,AUT,12/1/19,6.31,6310,710.52,0.01,0.16,1.13,69.54,7830.31
Austria,AUT,1/1/20,6.41,6410,718.5,-0.35,-5.18,-39.23,6.41,718.5
Austria,AUT,2/1/20,5.81,5810,651.24,0.03,0.52,3.36,12.22,1369.74
Austria,AUT,3/1/20,5.77,5770,646.76,-0.16,-2.7,-17.93,17.99,2016.5
Austria,AUT,4/1/20,4.74,4740,531.31,-0.71,-13.03,-79.58,22.73,2547.81
Austria,AUT,5/1/20,4.87,4870,545.88,-0.6,-10.97,-67.25,27.6,3093.68
Austria,AUT,6/1/20,5.03,5030,563.81,-0.41,-7.54,-45.96,32.63,3657.5
Austria,AUT,7/1/20,5.36,5360,600.8,-0.27,-4.8,-30.26,37.99,4258.3
Austria,AUT,8/1/20,5.19,5190,581.75,-0.31,-5.64,-34.75,43.18,4840.05
Austria,AUT,9/1/20,5.28,5280,591.84,-0.13,-2.4,-14.57,48.46,5431.88
Austria,AUT,10/1/20,5.63,5630,631.07,-0.23,-3.92,-25.78,54.09,6062.95
Austria,AUT,11/1/20,5.79,5790,649,-0.21,-3.5,-23.54,59.88,6711.95
Austria,AUT,12/1/20,6.15,6150,689.35,-0.16,-2.54,-17.93,66.03,7401.3
Austria,AUT,1/1/21,6.31,6310,703.69,-0.1,-1.56,-11.15,6.31,703.69
Austria,AUT,2/1/21,5.56,5560,620.05,-0.25,-4.3,-27.88,11.87,1323.73
Austria,AUT,3/1/21,5.94,5940,662.42,0.17,2.95,18.96,17.81,1986.16
Austria,AUT,4/1/21,5.48,5480,611.13,0.74,15.61,82.52,23.29,2597.28
Austria,AUT,5/1/21,5.21,5210,581.02,0.34,6.98,37.92,28.5,3178.3
Austria,AUT,6/1/21,5.27,5270,587.71,0.24,4.77,26.76,33.77,3766.01
Austria,AUT,7/1/21,5.46,5460,608.9,0.1,1.87,11.15,39.23,4374.9
Austria,AUT,8/1/21,5.33,5330,594.4,0.14,2.7,15.61,44.56,4969.3
Austria,AUT,9/1/21,5.33,5330,594.4,0.05,0.95,5.58,49.89,5563.7
Austria,AUT,10/1/21,5.96,5960,664.65,0.33,5.86,36.8,55.85,6228.35
Austria,AUT,11/1/21,6.3,6300,702.57,0.51,8.81,56.87,62.15,6930.92
Austria,AUT,12/1/21,6.59,6590,734.91,0.44,7.15,49.07,68.74,7665.83
Austria,AUT,1/1/22,6.72,6720,741.34,0.41,6.5,45.23,6.72,741.34
Austria,AUT,2/1/22,5.96,5960,657.5,0.4,7.19,44.13,12.68,1398.84
Austria,AUT,3/1/22,6.45,6450,711.55,0.51,8.59,56.26,19.13,2110.39
Austria,AUT,4/1/22,5.61,5610,618.89,0.13,2.37,14.34,24.74,2729.27
Austria,AUT,5/1/22,5.56,5560,613.37,0.35,6.72,38.61,30.3,3342.64
Austria,AUT,6/1/22,5.36,5360,591.31,0.09,1.71,9.93,35.66,3933.95
Austria,AUT,7/1/22,5.51,5510,607.85,0.05,0.92,5.52,41.17,4541.8
Austria,AUT,8/1/22,5.4,5400,595.72,0.07,1.31,7.72,46.57,5137.52
Austria,AUT,9/1/22,5.48,5480,604.54,0.15,2.81,16.55,52.05,5742.07
Austria,AUT,10/1/22,5.62,5620,619.99,-0.34,-5.7,-37.51,57.67,6362.06
Austria,AUT,11/1/22,5.82,5820,642.05,-0.48,-7.62,-52.95,63.49,7004.11
Austria,AUT,12/1/22,6.37,6370,702.73,-0.22,-3.34,-24.27,69.86,7706.84
Austria,AUT,1/1/23,6.25,6250,684.52,-0.47,-6.99,-51.48,6.25,684.52
Austria,AUT,2/1/23,5.68,5680,622.1,-0.28,-4.7,-30.67,11.93,1306.62
Austria,AUT,3/1/23,5.79,5790,634.14,-0.66,-10.23,-72.29,17.72,1940.76
Austria,AUT,4/1/23,5.13,5130,561.86,-0.48,-8.56,-52.57,22.85,2502.62
Austria,AUT,5/1/23,4.9,4900,536.67,-0.66,-11.87,-72.29,27.75,3039.29
Austria,AUT,6/1/23,4.85,4850,531.19,-0.51,-9.51,-55.86,32.6,3570.48
Austria,AUT,7/1/23,5.04,5040,552,-0.47,-8.53,-51.48,37.64,4122.48
Austria,AUT,8/1/23,5,5000,547.62,-0.4,-7.41,-43.81,42.64,4670.1
Austria,AUT,9/1/23,5.08,5080,556.38,-0.4,-7.3,-43.81,47.72,5226.48
Austria,AUT,10/1/23,5.4,5400,591.43,-0.22,-3.91,-24.1,53.12,5817.91
Austria,AUT,11/1/23,5.67,5670,621,-0.15,-2.58,-16.43,58.79,6438.91
Austria,AUT,12/1/23,6.2,6200,679.05,-0.17,-2.67,-18.62,64.99,7117.96
Austria,AUT,1/1/24,6.31,6310,691.82,0.06,0.96,6.58,6.31,691.82
Austria,AUT,2/1/24,5.35,5350,586.57,-0.33,-5.81,-36.18,11.66,1278.4
Austria,AUT,3/1/24,5.45,5450,597.53,-0.34,-5.87,-37.28,17.11,1875.93
Austria,AUT,4/1/24,5.1,5100,559.16,-0.03,-0.58,-3.29,22.21,2435.09
Austria,AUT,5/1/24,4.9,4900,537.23,0,0,0,27.11,2972.32
Austria,AUT,6/1/24,5.22,5220,572.32,0.37,7.63,40.57,32.33,3544.64
Austria,AUT,7/1/24,5.54,5540,607.4,0.5,9.92,54.82,37.87,4152.04
Austria,AUT,8/1/24,5.29,5290,579.99,0.29,5.8,31.8,43.16,4732.04
Austria,AUT,9/1/24,5.19,5190,569.03,0.11,2.17,12.06,48.35,5301.06
Austria,AUT,10/1/24,5.55,5550,608.5,0.15,2.78,16.45,53.9,5909.56
Austria,AUT,11/1/24,6.06,6060,664.41,0.39,6.88,42.76,59.96,6573.98
Austria,AUT,12/1/24,6.39,6390,700.6,0.19,3.06,20.83,66.35,7274.57
Austria,AUT,1/1/25,6.85,6850,751.63,0.54,8.56,59.25,6.85,751.63
Austria,AUT,2/1/25,6.05,6050,663.85,0.7,13.08,76.81,12.9,1415.47
Austria,AUT,3/1/25,6.16,6160,675.92,0.71,13.03,77.91,19.06,2091.39
Austria,AUT,4/1/25,5.57,5570,611.18,0.47,9.22,51.57,24.63,2702.56
Austria,AUT,5/1/25,5.73,5730,628.73,0.83,16.94,91.07,30.36,3331.3
Austria,AUT,6/1/25,5.63,5630,617.76,0.41,7.85,44.99,35.99,3949.06
Austria,AUT,7/1/25,5.97,5970,655.07,0.43,7.76,47.18,41.96,4604.12
Belarus,BLR,1/1/19,3.49,3490,369.88,,,,3.49,369.88
Belarus,BLR,2/1/19,3.13,3130,331.73,,,,6.62,701.61
Belarus,BLR,3/1/19,3.36,3360,356.1,,,,9.98,1057.72
Belarus,BLR,4/1/19,2.99,2990,316.89,,,,12.97,1374.61
Belarus,BLR,5/1/19,2.91,2910,308.41,,,,15.88,1683.02
Belarus,BLR,6/1/19,3.03,3030,321.13,,,,18.91,2004.15
Belarus,BLR,7/1/19,3.08,3080,326.43,,,,21.99,2330.58
Belarus,BLR,8/1/19,3.09,3090,327.49,,,,25.08,2658.07
Belarus,BLR,9/1/19,3.02,3020,320.07,,,,28.1,2978.14
Belarus,BLR,10/1/19,3.2,3200,339.15,,,,31.3,3317.29
Belarus,BLR,11/1/19,3.3,3300,349.75,,,,34.6,3667.03
Belarus,BLR,12/1/19,3.39,3390,359.28,,,,37.99,4026.32
Belarus,BLR,1/1/20,3.37,3370,360.39,-0.12,-3.44,-12.83,3.37,360.39
Belarus,BLR,2/1/20,3.26,3260,348.63,0.13,4.15,13.9,6.63,709.02
Belarus,BLR,3/1/20,3.45,3450,368.95,0.09,2.68,9.62,10.08,1077.97
Belarus,BLR,4/1/20,2.94,2940,314.41,-0.05,-1.67,-5.35,13.02,1392.37
Belarus,BLR,5/1/20,2.92,2920,312.27,0.01,0.34,1.07,15.94,1704.64
Belarus,BLR,6/1/20,2.95,2950,315.48,-0.08,-2.64,-8.56,18.89,2020.12
Belarus,BLR,7/1/20,2.97,2970,317.62,-0.11,-3.57,-11.76,21.86,2337.73
Belarus,BLR,8/1/20,2.96,2960,316.55,-0.13,-4.21,-13.9,24.82,2654.28
Belarus,BLR,9/1/20,2.98,2980,318.68,-0.04,-1.32,-4.28,27.8,2972.96
Belarus,BLR,10/1/20,3.3,3300,352.91,0.1,3.13,10.69,31.1,3325.87
Belarus,BLR,11/1/20,3.12,3120,333.66,-0.18,-5.45,-19.25,34.22,3659.53
Belarus,BLR,12/1/20,3.32,3320,355.04,-0.07,-2.06,-7.49,37.54,4014.57
Belarus,BLR,1/1/21,3.45,3450,372.92,0.08,2.37,8.65,3.45,372.92
Belarus,BLR,2/1/21,3.38,3380,365.35,0.12,3.68,12.97,6.83,738.27
Belarus,BLR,3/1/21,3.45,3450,372.92,0,0,0,10.28,1111.19
Belarus,BLR,4/1/21,3.23,3230,349.14,0.29,9.86,31.35,13.51,1460.33
Belarus,BLR,5/1/21,3.13,3130,338.33,0.21,7.19,22.7,16.64,1798.65
Belarus,BLR,6/1/21,2.89,2890,312.39,-0.06,-2.03,-6.49,19.53,2111.04
Belarus,BLR,7/1/21,3.07,3070,331.84,0.1,3.37,10.81,22.6,2442.88
Belarus,BLR,8/1/21,3.02,3020,326.44,0.06,2.03,6.49,25.62,2769.32
Belarus,BLR,9/1/21,2.88,2880,311.31,-0.1,-3.36,-10.81,28.5,3080.63
Belarus,BLR,10/1/21,3.25,3250,351.3,-0.05,-1.52,-5.4,31.75,3431.93
Belarus,BLR,11/1/21,3.35,3350,362.11,0.23,7.37,24.86,35.1,3794.04
Belarus,BLR,12/1/21,3.74,3740,404.26,0.42,12.65,45.4,38.84,4198.3
Belarus,BLR,1/1/22,3.62,3620,394.63,0.17,4.93,18.53,3.62,394.63
Belarus,BLR,2/1/22,3.26,3260,355.38,-0.12,-3.55,-13.08,6.88,750.01
Belarus,BLR,3/1/22,3.23,3230,352.11,-0.22,-6.38,-23.98,10.11,1102.12
Belarus,BLR,4/1/22,2.94,2940,320.5,-0.29,-8.98,-31.61,13.05,1422.62
Belarus,BLR,5/1/22,2.66,2660,289.97,-0.47,-15.02,-51.24,15.71,1712.59
Belarus,BLR,6/1/22,2.72,2720,296.51,-0.17,-5.88,-18.53,18.43,2009.1
Belarus,BLR,7/1/22,2.8,2800,305.24,-0.27,-8.79,-29.43,21.23,2314.34
Belarus,BLR,8/1/22,2.97,2970,323.77,-0.05,-1.66,-5.45,24.2,2638.11
Belarus,BLR,9/1/22,2.89,2890,315.05,0.01,0.35,1.09,27.09,2953.16
Belarus,BLR,10/1/22,3.21,3210,349.93,-0.04,-1.23,-4.36,30.3,3303.09
Belarus,BLR,11/1/22,3.3,3300,359.74,-0.05,-1.49,-5.45,33.6,3662.83
Belarus,BLR,12/1/22,3.57,3570,389.18,-0.17,-4.55,-18.53,37.17,4052
Belarus,BLR,1/1/23,3.51,3510,385.05,-0.11,-3.04,-12.07,3.51,385.05
Belarus,BLR,2/1/23,3.22,3220,353.24,-0.04,-1.23,-4.39,6.73,738.29
Belarus,BLR,3/1/23,3.57,3570,391.63,0.34,10.53,37.3,10.3,1129.92
Belarus,BLR,4/1/23,3.14,3140,344.46,0.2,6.8,21.94,13.44,1474.38
Belarus,BLR,5/1/23,2.92,2920,320.33,0.26,9.77,28.52,16.36,1794.71
Belarus,BLR,6/1/23,3,3000,329.1,0.28,10.29,30.72,19.36,2123.81
Belarus,BLR,7/1/23,3.09,3090,338.98,0.29,10.36,31.81,22.45,2462.79
Belarus,BLR,8/1/23,3.36,3360,368.6,0.39,13.13,42.78,25.81,2831.39
Belarus,BLR,9/1/23,3.05,3050,334.59,0.16,5.54,17.55,28.86,3165.97
Belarus,BLR,10/1/23,3.48,3480,381.76,0.27,8.41,29.62,32.34,3547.73
Belarus,BLR,11/1/23,3.6,3600,394.92,0.3,9.09,32.91,35.94,3942.66
Belarus,BLR,12/1/23,3.94,3940,432.22,0.37,10.36,40.59,39.88,4374.88
Belarus,BLR,1/1/24,4.05,4050,447.18,0.54,15.38,59.62,4.05,447.18
Belarus,BLR,2/1/24,3.78,3780,417.37,0.56,17.39,61.83,7.83,864.55
Belarus,BLR,3/1/24,3.8,3800,419.58,0.23,6.44,25.4,11.63,1284.13
Belarus,BLR,4/1/24,3.48,3480,384.25,0.34,10.83,37.54,15.11,1668.38
Belarus,BLR,5/1/24,3.31,3310,365.48,0.39,13.36,43.06,18.42,2033.85
Belarus,BLR,6/1/24,3.28,3280,362.16,0.28,9.33,30.92,21.7,2396.02
Belarus,BLR,7/1/24,3.53,3530,389.77,0.44,14.24,48.58,25.23,2785.78
Belarus,BLR,8/1/24,3.41,3410,376.52,0.05,1.49,5.52,28.64,3162.3
Belarus,BLR,9/1/24,3.2,3200,353.33,0.15,4.92,16.56,31.84,3515.63
Belarus,BLR,10/1/24,3.59,3590,396.39,0.11,3.16,12.15,35.43,3912.02
Belarus,BLR,11/1/24,3.75,3750,414.06,0.15,4.17,16.56,39.18,4326.08
Belarus,BLR,12/1/24,3.96,3960,437.25,0.02,0.51,2.21,43.14,4763.32
Belarus,BLR,1/1/25,3.93,3930,436.78,-0.12,-2.96,-13.34,3.93,436.78
Belarus,BLR,2/1/25,3.85,3850,427.89,0.07,1.85,7.78,7.78,864.68
Belarus,BLR,3/1/25,3.92,3920,435.67,0.12,3.16,13.34,11.7,1300.35
Belgium,BEL,1/1/15,8.04,8040,713.06,,,,8.04,713.06
Belgium,BEL,2/1/15,7.33,7330,650.09,,,,15.37,1363.16
Belgium,BEL,3/1/15,7.61,7610,674.93,,,,22.98,2038.08
Belgium,BEL,4/1/15,7.12,7120,631.47,,,,30.1,2669.55
Belgium,BEL,5/1/15,6.97,6970,618.17,,,,37.07,3287.72
Belgium,BEL,6/1/15,6.87,6870,609.3,,,,43.94,3897.01
Belgium,BEL,7/1/15,6.73,6730,596.88,,,,50.67,4493.89
Belgium,BEL,8/1/15,6.75,6750,598.65,,,,57.42,5092.55
Belgium,BEL,9/1/15,6.93,6930,614.62,,,,64.35,5707.17
Belgium,BEL,10/1/15,7.37,7370,653.64,,,,71.72,6360.81
Belgium,BEL,11/1/15,7.3,7300,647.43,,,,79.02,7008.24
Belgium,BEL,12/1/15,7.45,7450,660.74,,,,86.47,7668.98
Belgium,BEL,1/1/16,7.91,7910,697.98,-0.13,-1.62,-11.47,7.91,697.98
Belgium,BEL,2/1/16,7.46,7460,658.27,0.13,1.77,11.47,15.37,1356.25
Belgium,BEL,3/1/16,7.64,7640,674.16,0.03,0.39,2.65,23.01,2030.41
Belgium,BEL,4/1/16,7.08,7080,624.74,-0.04,-0.56,-3.53,30.09,2655.15
Belgium,BEL,5/1/16,6.83,6830,602.68,-0.14,-2.01,-12.35,36.92,3257.83
Belgium,BEL,6/1/16,6.73,6730,593.86,-0.14,-2.04,-12.35,43.65,3851.69
Belgium,BEL,7/1/16,6.52,6520,575.33,-0.21,-3.12,-18.53,50.17,4427.01
Belgium,BEL,8/1/16,6.68,6680,589.44,-0.07,-1.04,-6.18,56.85,5016.46
Belgium,BEL,9/1/16,6.76,6760,596.5,-0.17,-2.45,-15,63.61,5612.96
Belgium,BEL,10/1/16,7.32,7320,645.92,-0.05,-0.68,-4.41,70.93,6258.88
Belgium,BEL,11/1/16,7.48,7480,660.04,0.18,2.47,15.88,78.41,6918.92
Belgium,BEL,12/1/16,7.84,7840,691.8,0.39,5.23,34.41,86.25,7610.72
Belgium,BEL,1/1/17,8.44,8440,741.87,0.53,6.7,46.59,8.44,741.87
Belgium,BEL,2/1/17,7.28,7280,639.91,-0.18,-2.41,-15.82,15.72,1381.78
Belgium,BEL,3/1/17,7.61,7610,668.92,-0.03,-0.39,-2.64,23.33,2050.7
Belgium,BEL,4/1/17,6.98,6980,613.54,-0.1,-1.41,-8.79,30.31,2664.24
Belgium,BEL,5/1/17,6.94,6940,610.02,0.11,1.61,9.67,37.25,3274.26
Belgium,BEL,6/1/17,6.74,6740,592.44,0.01,0.15,0.88,43.99,3866.71
Belgium,BEL,7/1/17,6.67,6670,586.29,0.15,2.3,13.18,50.66,4453
Belgium,BEL,8/1/17,6.79,6790,596.84,0.11,1.65,9.67,57.45,5049.84
Belgium,BEL,9/1/17,6.8,6800,597.72,0.04,0.59,3.52,64.25,5647.56
Belgium,BEL,10/1/17,7.3,7300,641.67,-0.02,-0.27,-1.76,71.55,6289.23
Belgium,BEL,11/1/17,7.6,7600,668.04,0.12,1.6,10.55,79.15,6957.26
Belgium,BEL,12/1/17,7.82,7820,687.38,-0.02,-0.26,-1.76,86.97,7644.64
Belgium,BEL,1/1/18,7.97,7970,697.37,-0.47,-5.57,-41.12,7.97,697.37
Belgium,BEL,2/1/18,7.53,7530,658.87,0.25,3.43,21.87,15.5,1356.25
Belgium,BEL,3/1/18,7.98,7980,698.25,0.37,4.86,32.37,23.48,2054.49
Belgium,BEL,4/1/18,6.92,6920,605.5,-0.06,-0.86,-5.25,30.4,2659.99
Belgium,BEL,5/1/18,7.04,7040,616,0.1,1.44,8.75,37.44,3275.99
Belgium,BEL,6/1/18,6.85,6850,599.37,0.11,1.63,9.62,44.29,3875.37
Belgium,BEL,7/1/18,7,7000,612.5,0.33,4.95,28.87,51.29,4487.86
Belgium,BEL,8/1/18,6.95,6950,608.12,0.16,2.36,14,58.24,5095.99
Belgium,BEL,9/1/18,6.84,6840,598.5,0.04,0.59,3.5,65.08,5694.49
Belgium,BEL,10/1/18,7.28,7280,637,-0.02,-0.27,-1.75,72.36,6331.48
Belgium,BEL,11/1/18,7.47,7470,653.62,-0.13,-1.71,-11.37,79.83,6985.11
Belgium,BEL,12/1/18,7.68,7680,672,-0.14,-1.79,-12.25,87.51,7657.11
Belgium,BEL,1/1/19,8.22,8220,715.37,0.25,3.14,21.76,8.22,715.37
Belgium,BEL,2/1/19,7.14,7140,621.38,-0.39,-5.18,-33.94,15.36,1336.74
Belgium,BEL,3/1/19,7.44,7440,647.49,-0.54,-6.77,-46.99,22.8,1984.23
Belgium,BEL,4/1/19,6.86,6860,597.01,-0.06,-0.87,-5.22,29.66,2581.24
Belgium,BEL,5/1/19,6.92,6920,602.23,-0.12,-1.7,-10.44,36.58,3183.47
Belgium,BEL,6/1/19,6.57,6570,571.77,-0.28,-4.09,-24.37,43.15,3755.24
Belgium,BEL,7/1/19,6.67,6670,580.47,-0.33,-4.71,-28.72,49.82,4335.72
Belgium,BEL,8/1/19,6.61,6610,575.25,-0.34,-4.89,-29.59,56.43,4910.97
Belgium,BEL,9/1/19,6.68,6680,581.34,-0.16,-2.34,-13.92,63.11,5492.32
Belgium,BEL,10/1/19,7.17,7170,623.99,-0.11,-1.51,-9.57,70.28,6116.3
Belgium,BEL,11/1/19,7.41,7410,644.87,-0.06,-0.8,-5.22,77.69,6761.18
Belgium,BEL,12/1/19,7.54,7540,656.19,-0.14,-1.82,-12.18,85.23,7417.37
Belgium,BEL,1/1/20,7.82,7820,677.64,-0.4,-4.87,-34.66,7.82,677.64
Belgium,BEL,2/1/20,7.08,7080,613.51,-0.06,-0.84,-5.2,14.9,1291.15
Belgium,BEL,3/1/20,6.94,6940,601.38,-0.5,-6.72,-43.33,21.84,1892.53
Belgium,BEL,4/1/20,5.95,5950,515.59,-0.91,-13.27,-78.86,27.79,2408.12
Belgium,BEL,5/1/20,6.34,6340,549.39,-0.58,-8.38,-50.26,34.13,2957.51
Belgium,BEL,6/1/20,6.34,6340,549.39,-0.23,-3.5,-19.93,40.47,3506.9
Belgium,BEL,7/1/20,6.42,6420,556.32,-0.25,-3.75,-21.66,46.89,4063.22
Belgium,BEL,8/1/20,6.7,6700,580.58,0.09,1.36,7.8,53.59,4643.81
Belgium,BEL,9/1/20,6.64,6640,575.38,-0.04,-0.6,-3.47,60.23,5219.19
Belgium,BEL,10/1/20,7.01,7010,607.45,-0.16,-2.23,-13.86,67.24,5826.64
Belgium,BEL,11/1/20,7.11,7110,616.11,-0.3,-4.05,-26,74.35,6442.75
Belgium,BEL,12/1/20,7.63,7630,661.17,0.09,1.19,7.8,81.98,7103.92
Belgium,BEL,1/1/21,8.13,8130,702.63,0.31,3.96,26.79,8.13,702.63
Belgium,BEL,2/1/21,7.15,7150,617.93,0.07,0.99,6.05,15.28,1320.57
Belgium,BEL,3/1/21,7.41,7410,640.41,0.47,6.77,40.62,22.69,1960.97
Belgium,BEL,4/1/21,6.98,6980,603.24,1.03,17.31,89.02,29.67,2564.21
Belgium,BEL,5/1/21,6.81,6810,588.55,0.47,7.41,40.62,36.48,3152.76
Belgium,BEL,6/1/21,6.67,6670,576.45,0.33,5.21,28.52,43.15,3729.21
Belgium,BEL,7/1/21,6.58,6580,568.67,0.16,2.49,13.83,49.73,4297.89
Belgium,BEL,8/1/21,6.65,6650,574.72,-0.05,-0.75,-4.32,56.38,4872.61
Belgium,BEL,9/1/21,6.73,6730,581.64,0.09,1.36,7.78,63.11,5454.25
Belgium,BEL,10/1/21,7.2,7200,622.26,0.19,2.71,16.42,70.31,6076.5
Belgium,BEL,11/1/21,7.35,7350,635.22,0.24,3.38,20.74,77.66,6711.72
Belgium,BEL,12/1/21,7.63,7630,659.42,0,0,0,85.29,7371.14
Belgium,BEL,1/1/22,7.99,7990,686.32,-0.14,-1.72,-12.03,7.99,686.32
Belgium,BEL,2/1/22,7.03,7030,603.86,-0.12,-1.68,-10.31,15.02,1290.18
Belgium,BEL,3/1/22,7.23,7230,621.04,-0.18,-2.43,-15.46,22.25,1911.22
Belgium,BEL,4/1/22,6.83,6830,586.68,-0.15,-2.15,-12.88,29.08,2497.9
Belgium,BEL,5/1/22,6.87,6870,590.11,0.06,0.88,5.15,35.95,3088.01
Belgium,BEL,6/1/22,6.72,6720,577.23,0.05,0.75,4.29,42.67,3665.24
Belgium,BEL,7/1/22,6.51,6510,559.19,-0.07,-1.06,-6.01,49.18,4224.43
Belgium,BEL,8/1/22,6.65,6650,571.22,0,0,0,55.83,4795.65
Belgium,BEL,9/1/22,6.46,6460,554.9,-0.27,-4.01,-23.19,62.29,5350.55
Belgium,BEL,10/1/22,6.58,6580,565.2,-0.62,-8.61,-53.26,68.87,5915.75
Belgium,BEL,11/1/22,6.58,6580,565.2,-0.77,-10.48,-66.14,75.45,6480.96
Belgium,BEL,12/1/22,7.28,7280,625.33,-0.35,-4.59,-30.06,82.73,7106.29
Belgium,BEL,1/1/23,7.47,7470,637.76,-0.52,-6.51,-44.4,7.47,637.76
Belgium,BEL,2/1/23,6.79,6790,579.7,-0.24,-3.41,-20.49,14.26,1217.46
Belgium,BEL,3/1/23,7.24,7240,618.12,0.01,0.14,0.85,21.5,1835.58
Belgium,BEL,4/1/23,6.59,6590,562.63,-0.24,-3.51,-20.49,28.09,2398.21
Belgium,BEL,5/1/23,6.41,6410,547.26,-0.46,-6.7,-39.27,34.5,2945.47
Belgium,BEL,6/1/23,6.28,6280,536.16,-0.44,-6.55,-37.57,40.78,3481.63
Belgium,BEL,7/1/23,6.02,6020,513.96,-0.49,-7.53,-41.83,46.8,3995.59
Belgium,BEL,8/1/23,6.12,6120,522.5,-0.53,-7.97,-45.25,52.92,4518.1
Belgium,BEL,9/1/23,6.39,6390,545.55,-0.07,-1.08,-5.98,59.31,5063.65
Belgium,BEL,10/1/23,6.56,6560,560.07,-0.02,-0.3,-1.71,65.87,5623.71
Belgium,BEL,11/1/23,7,7000,597.63,0.42,6.38,35.86,72.87,6221.35
Belgium,BEL,12/1/23,7.22,7220,616.41,-0.06,-0.82,-5.12,80.09,6837.76
Belgium,BEL,1/1/24,7.74,7740,659.35,0.27,3.61,23,7.74,659.35
Belgium,BEL,2/1/24,6.37,6370,542.64,-0.42,-6.19,-35.78,14.11,1202
Belgium,BEL,3/1/24,6.54,6540,557.13,-0.7,-9.67,-59.63,20.65,1759.12
Belgium,BEL,4/1/24,6.72,6720,572.46,0.13,1.97,11.07,27.37,2331.58
Belgium,BEL,5/1/24,6.61,6610,563.09,0.2,3.12,17.04,33.98,2894.67
Belgium,BEL,6/1/24,6.41,6410,546.05,0.13,2.07,11.07,40.39,3440.73
Belgium,BEL,7/1/24,6.38,6380,543.5,0.36,5.98,30.67,46.77,3984.22
Belgium,BEL,8/1/24,6.56,6560,558.83,0.44,7.19,37.48,53.33,4543.05
Belgium,BEL,9/1/24,6.56,6560,558.83,0.17,2.66,14.48,59.89,5101.88
Belgium,BEL,10/1/24,6.97,6970,593.76,0.41,6.25,34.93,66.86,5695.64
Belgium,BEL,11/1/24,7.14,7140,608.24,0.14,2,11.93,74,6303.88
Belgium,BEL,12/1/24,7.33,7330,624.42,0.11,1.52,9.37,81.33,6928.31
Belgium,BEL,1/1/25,7.92,7920,673.55,0.18,2.33,15.31,7.92,673.55
Belgium,BEL,2/1/25,7.11,7110,604.66,0.74,11.62,62.93,15.03,1278.21
Belgium,BEL,3/1/25,6.96,6960,591.91,0.42,6.42,35.72,21.99,1870.12
Belgium,BEL,4/1/25,6.47,6470,550.24,-0.25,-3.72,-21.26,28.46,2420.36
Belgium,BEL,5/1/25,6.39,6390,543.43,-0.22,-3.33,-18.71,34.85,2963.79
Belgium,BEL,6/1/25,6.34,6340,539.18,-0.07,-1.09,-5.95,41.19,3502.97
Belgium,BEL,7/1/25,6.37,6370,541.73,-0.01,-0.16,-0.85,47.56,4044.7
Bosnia and Herzegovina,BIH,1/1/19,1.21,1210,361.68,,,,1.21,361.68
Bosnia and Herzegovina,BIH,2/1/19,0.96,960,286.95,,,,2.17,648.63
Bosnia and Herzegovina,BIH,3/1/19,1.03,1030,307.87,,,,3.2,956.5
Bosnia and Herzegovina,BIH,4/1/19,0.87,870,260.05,,,,4.07,1216.55
Bosnia and Herzegovina,BIH,5/1/19,0.84,840,251.08,,,,4.91,1467.63
Bosnia and Herzegovina,BIH,6/1/19,1.06,1060,316.84,,,,5.97,1784.47
Bosnia and Herzegovina,BIH,7/1/19,0.8,800,239.13,,,,6.77,2023.6
Bosnia and Herzegovina,BIH,8/1/19,0.78,780,233.15,,,,7.55,2256.74
Bosnia and Herzegovina,BIH,9/1/19,0.71,710,212.22,,,,8.26,2468.97
Bosnia and Herzegovina,BIH,10/1/19,0.87,870,260.05,,,,9.13,2729.01
Bosnia and Herzegovina,BIH,11/1/19,0.77,770,230.16,,,,9.9,2959.17
Bosnia and Herzegovina,BIH,12/1/19,1.07,1070,319.83,,,,10.97,3279
Bosnia and Herzegovina,BIH,1/1/20,0.82,820,248.53,-0.39,-32.23,-118.21,0.82,248.53
Bosnia and Herzegovina,BIH,2/1/20,0.71,710,215.19,-0.25,-26.04,-75.77,1.53,463.73
Bosnia and Herzegovina,BIH,3/1/20,0.92,920,278.84,-0.11,-10.68,-33.34,2.45,742.57
Bosnia and Herzegovina,BIH,4/1/20,0.84,840,254.6,-0.03,-3.45,-9.09,3.29,997.17
Bosnia and Herzegovina,BIH,5/1/20,0.76,760,230.35,-0.08,-9.52,-24.25,4.05,1227.51
Bosnia and Herzegovina,BIH,6/1/20,0.79,790,239.44,-0.27,-25.47,-81.83,4.84,1466.96
Bosnia and Herzegovina,BIH,7/1/20,0.88,880,266.72,0.08,10,24.25,5.72,1733.67
Bosnia and Herzegovina,BIH,8/1/20,0.84,840,254.6,0.06,7.69,18.19,6.56,1988.27
Bosnia and Herzegovina,BIH,9/1/20,0.84,840,254.6,0.13,18.31,39.4,7.4,2242.87
Bosnia and Herzegovina,BIH,10/1/20,0.9,900,272.78,0.03,3.45,9.09,8.3,2515.65
Bosnia and Herzegovina,BIH,11/1/20,0.97,970,294,0.2,25.97,60.62,9.27,2809.64
Bosnia and Herzegovina,BIH,12/1/20,1.08,1080,327.34,0.01,0.93,3.03,10.35,3136.98
Bosnia and Herzegovina,BIH,1/1/21,1.05,1050,323.58,0.23,28.05,70.88,1.05,323.58
Bosnia and Herzegovina,BIH,2/1/21,0.91,910,280.44,0.2,28.17,61.63,1.96,604.02
Bosnia and Herzegovina,BIH,3/1/21,0.95,950,292.77,0.03,3.26,9.25,2.91,896.79
Bosnia and Herzegovina,BIH,4/1/21,0.88,880,271.19,0.04,4.76,12.33,3.79,1167.98
Bosnia and Herzegovina,BIH,5/1/21,0.95,950,292.77,0.19,25,58.55,4.74,1460.75
Bosnia and Herzegovina,BIH,6/1/21,0.84,840,258.87,0.05,6.33,15.41,5.58,1719.62
Bosnia and Herzegovina,BIH,7/1/21,0.94,940,289.68,0.06,6.82,18.49,6.52,2009.3
Bosnia and Herzegovina,BIH,8/1/21,0.87,870,268.11,0.03,3.57,9.25,7.39,2277.41
Bosnia and Herzegovina,BIH,9/1/21,0.83,830,255.79,-0.01,-1.19,-3.08,8.22,2533.2
Bosnia and Herzegovina,BIH,10/1/21,0.91,910,280.44,0.01,1.11,3.08,9.13,2813.64
Bosnia and Herzegovina,BIH,11/1/21,0.89,890,274.28,-0.08,-8.25,-24.65,10.02,3087.91
Bosnia and Herzegovina,BIH,12/1/21,0.93,930,286.6,-0.15,-13.89,-46.23,10.95,3374.52
Bosnia and Herzegovina,BIH,1/1/22,1.07,1070,333.87,0.02,1.9,6.24,1.07,333.87
Bosnia and Herzegovina,BIH,2/1/22,0.95,950,296.43,0.04,4.4,12.48,2.02,630.3
Bosnia and Herzegovina,BIH,3/1/22,1.06,1060,330.75,0.11,11.58,34.32,3.08,961.06
Bosnia and Herzegovina,BIH,4/1/22,0.87,870,271.47,-0.01,-1.14,-3.12,3.95,1232.53
Bosnia and Herzegovina,BIH,5/1/22,0.84,840,262.11,-0.11,-11.58,-34.32,4.79,1494.63
Bosnia and Herzegovina,BIH,6/1/22,0.76,760,237.14,-0.08,-9.52,-24.96,5.55,1731.78
Bosnia and Herzegovina,BIH,7/1/22,0.76,760,237.14,-0.18,-19.15,-56.17,6.31,1968.92
Bosnia and Herzegovina,BIH,8/1/22,0.88,880,274.59,0.01,1.15,3.12,7.19,2243.51
Bosnia and Herzegovina,BIH,9/1/22,0.8,800,249.63,-0.03,-3.61,-9.36,7.99,2493.14
Bosnia and Herzegovina,BIH,10/1/22,0.89,890,277.71,-0.02,-2.2,-6.24,8.88,2770.84
Bosnia and Herzegovina,BIH,11/1/22,0.95,950,296.43,0.06,6.74,18.72,9.83,3067.27
Bosnia and Herzegovina,BIH,12/1/22,1.01,1010,315.15,0.08,8.6,24.96,10.84,3382.43
Bosnia and Herzegovina,BIH,1/1/23,1,1000,313.96,-0.07,-6.54,-21.98,1,313.96
Bosnia and Herzegovina,BIH,2/1/23,0.9,900,282.57,-0.05,-5.26,-15.7,1.9,596.53
Bosnia and Herzegovina,BIH,3/1/23,0.72,720,226.05,-0.34,-32.08,-106.75,2.62,822.59
Bosnia and Herzegovina,BIH,4/1/23,0.8,800,251.17,-0.07,-8.05,-21.98,3.42,1073.76
Bosnia and Herzegovina,BIH,5/1/23,0.68,680,213.5,-0.16,-19.05,-50.23,4.1,1287.26
Bosnia and Herzegovina,BIH,6/1/23,0.68,680,213.5,-0.08,-10.53,-25.12,4.78,1500.75
Bosnia and Herzegovina,BIH,7/1/23,0.81,810,254.31,0.05,6.58,15.7,5.59,1755.06
Bosnia and Herzegovina,BIH,8/1/23,1.06,1060,332.8,0.18,20.45,56.51,6.65,2087.87
Bosnia and Herzegovina,BIH,9/1/23,0.76,760,238.61,-0.04,-5,-12.56,7.41,2326.48
Bosnia and Herzegovina,BIH,10/1/23,0.79,790,248.03,-0.1,-11.24,-31.4,8.2,2574.51
Bosnia and Herzegovina,BIH,11/1/23,0.84,840,263.73,-0.11,-11.58,-34.54,9.04,2838.24
Bosnia and Herzegovina,BIH,12/1/23,0.81,810,254.31,-0.2,-19.8,-62.79,9.85,3092.55
Bosnia and Herzegovina,BIH,1/1/24,1.03,1030,325.51,0.03,3,9.48,1.03,325.51
Bosnia and Herzegovina,BIH,2/1/24,0.87,870,274.95,-0.03,-3.33,-9.48,1.9,600.46
Bosnia and Herzegovina,BIH,3/1/24,0.89,890,281.27,0.17,23.61,53.73,2.79,881.73
Bosnia and Herzegovina,BIH,4/1/24,0.81,810,255.98,0.01,1.25,3.16,3.6,1137.71
Bosnia and Herzegovina,BIH,5/1/24,0.69,690,218.06,0.01,1.47,3.16,4.29,1355.77
Bosnia and Herzegovina,BIH,6/1/24,0.9,900,284.43,0.22,32.35,69.53,5.19,1640.2
Bosnia and Herzegovina,BIH,7/1/24,0.76,760,240.18,-0.05,-6.17,-15.8,5.95,1880.38
Bosnia and Herzegovina,BIH,8/1/24,0.6,600,189.62,-0.46,-43.4,-145.37,6.55,2070
Bosnia and Herzegovina,BIH,9/1/24,0.69,690,218.06,-0.07,-9.21,-22.12,7.24,2288.06
Bosnia and Herzegovina,BIH,10/1/24,0.78,780,246.5,-0.01,-1.27,-3.16,8.02,2534.57
Bosnia and Herzegovina,BIH,11/1/24,0.79,790,249.66,-0.05,-5.95,-15.8,8.81,2784.23
Bosnia and Herzegovina,BIH,12/1/24,1.24,1240,391.88,0.43,53.09,135.89,10.05,3176.11
Bosnia and Herzegovina,BIH,1/1/25,1.12,1120,356.68,0.09,8.74,28.66,1.12,356.68
Bosnia and Herzegovina,BIH,2/1/25,0.86,860,273.88,-0.01,-1.15,-3.18,1.98,630.55
Bosnia and Herzegovina,BIH,3/1/25,0.73,730,232.48,-0.16,-17.98,-50.95,2.71,863.03
Bosnia and Herzegovina,BIH,4/1/25,0.67,670,213.37,-0.14,-17.28,-44.58,3.38,1076.4
Bosnia and Herzegovina,BIH,5/1/25,0.69,690,219.74,0,0,0,4.07,1296.14
Bosnia and Herzegovina,BIH,6/1/25,0.59,590,187.89,-0.31,-34.44,-98.72,4.66,1484.03
Bosnia and Herzegovina,BIH,7/1/25,0.6,600,191.08,-0.16,-21.05,-50.95,5.26,1675.11
Bulgaria,BGR,1/1/15,4.36,4360,607.45,,,,4.36,607.45
Bulgaria,BGR,2/1/15,4.11,4110,572.62,,,,8.47,1180.07
Bulgaria,BGR,3/1/15,4.2,4200,585.16,,,,12.67,1765.23
Bulgaria,BGR,4/1/15,2.9,2900,404.04,,,,15.57,2169.27
Bulgaria,BGR,5/1/15,2.67,2670,371.99,,,,18.24,2541.27
Bulgaria,BGR,6/1/15,2.62,2620,365.03,,,,20.86,2906.3
Bulgaria,BGR,7/1/15,2.9,2900,404.04,,,,23.76,3310.34
Bulgaria,BGR,8/1/15,2.89,2890,402.65,,,,26.65,3712.98
Bulgaria,BGR,9/1/15,2.75,2750,383.14,,,,29.4,4096.12
Bulgaria,BGR,10/1/15,3.06,3060,426.33,,,,32.46,4522.45
Bulgaria,BGR,11/1/15,3.21,3210,447.23,,,,35.67,4969.68
Bulgaria,BGR,12/1/15,3.64,3640,507.14,,,,39.31,5476.82
Bulgaria,BGR,1/1/16,4.07,4070,571.03,-0.29,-6.65,-40.69,4.07,571.03
Bulgaria,BGR,2/1/16,3.27,3270,458.79,-0.84,-20.44,-117.85,7.34,1029.82
Bulgaria,BGR,3/1/16,3.26,3260,457.39,-0.94,-22.38,-131.88,10.6,1487.21
Bulgaria,BGR,4/1/16,2.68,2680,376.01,-0.22,-7.59,-30.87,13.28,1863.22
Bulgaria,BGR,5/1/16,2.66,2660,373.21,-0.01,-0.37,-1.4,15.94,2236.43
Bulgaria,BGR,6/1/16,2.63,2630,369,0.01,0.38,1.4,18.57,2605.43
Bulgaria,BGR,7/1/16,2.85,2850,399.86,-0.05,-1.72,-7.02,21.42,3005.29
Bulgaria,BGR,8/1/16,2.85,2850,399.86,-0.04,-1.38,-5.61,24.27,3405.15
Bulgaria,BGR,9/1/16,2.74,2740,384.43,-0.01,-0.36,-1.4,27.01,3789.58
Bulgaria,BGR,10/1/16,3.07,3070,430.73,0.01,0.33,1.4,30.08,4220.32
Bulgaria,BGR,11/1/16,3.45,3450,484.05,0.24,7.48,33.67,33.53,4704.36
Bulgaria,BGR,12/1/16,4.34,4340,608.92,0.7,19.23,98.21,37.87,5313.28
Bulgaria,BGR,1/1/17,4.54,4540,641.64,0.47,11.55,66.43,4.54,641.64
Bulgaria,BGR,2/1/17,3.62,3620,511.61,0.35,10.7,49.47,8.16,1153.25
Bulgaria,BGR,3/1/17,3.37,3370,476.28,0.11,3.37,15.55,11.53,1629.53
Bulgaria,BGR,4/1/17,3.01,3010,425.4,0.33,12.31,46.64,14.54,2054.94
Bulgaria,BGR,5/1/17,2.89,2890,408.44,0.23,8.65,32.51,17.43,2463.38
Bulgaria,BGR,6/1/17,2.8,2800,395.72,0.17,6.46,24.03,20.23,2859.11
Bulgaria,BGR,7/1/17,3.03,3030,428.23,0.18,6.32,25.44,23.26,3287.34
Bulgaria,BGR,8/1/17,2.99,2990,422.58,0.14,4.91,19.79,26.25,3709.91
Bulgaria,BGR,9/1/17,2.83,2830,399.96,0.09,3.28,12.72,29.08,4109.88
Bulgaria,BGR,10/1/17,3.09,3090,436.71,0.02,0.65,2.83,32.17,4546.59
Bulgaria,BGR,11/1/17,3.45,3450,487.59,0,0,0,35.62,5034.17
Bulgaria,BGR,12/1/17,3.71,3710,524.33,-0.63,-14.52,-89.04,39.33,5558.51
Bulgaria,BGR,1/1/18,3.93,3930,559.45,-0.61,-13.44,-86.84,3.93,559.45
Bulgaria,BGR,2/1/18,3.53,3530,502.51,-0.09,-2.49,-12.81,7.46,1061.96
Bulgaria,BGR,3/1/18,3.54,3540,503.93,0.17,5.04,24.2,11,1565.89
Bulgaria,BGR,4/1/18,2.63,2630,374.39,-0.38,-12.62,-54.09,13.63,1940.28
Bulgaria,BGR,5/1/18,2.71,2710,385.78,-0.18,-6.23,-25.62,16.34,2326.06
Bulgaria,BGR,6/1/18,2.81,2810,400.01,0.01,0.36,1.42,19.15,2726.08
Bulgaria,BGR,7/1/18,2.9,2900,412.83,-0.13,-4.29,-18.51,22.05,3138.9
Bulgaria,BGR,8/1/18,2.97,2970,422.79,-0.02,-0.67,-2.85,25.02,3561.69
Bulgaria,BGR,9/1/18,2.77,2770,394.32,-0.06,-2.12,-8.54,27.79,3956.01
Bulgaria,BGR,10/1/18,3.06,3060,435.6,-0.03,-0.97,-4.27,30.85,4391.62
Bulgaria,BGR,11/1/18,3.46,3460,492.54,0.01,0.29,1.42,34.31,4884.16
Bulgaria,BGR,12/1/18,4.03,4030,573.69,0.32,8.63,45.55,38.34,5457.85
Bulgaria,BGR,1/1/19,4.1,4100,587.77,0.17,4.33,24.37,4.1,587.77
Bulgaria,BGR,2/1/19,3.47,3470,497.46,-0.06,-1.7,-8.6,7.57,1085.23
Bulgaria,BGR,3/1/19,3.25,3250,465.92,-0.29,-8.19,-41.57,10.82,1551.15
Bulgaria,BGR,4/1/19,2.97,2970,425.78,0.34,12.93,48.74,13.79,1976.93
Bulgaria,BGR,5/1/19,2.8,2800,401.41,0.09,3.32,12.9,16.59,2378.33
Bulgaria,BGR,6/1/19,2.76,2760,395.67,-0.05,-1.78,-7.17,19.35,2774.01
Bulgaria,BGR,7/1/19,2.93,2930,420.04,0.03,1.03,4.3,22.28,3194.05
Bulgaria,BGR,8/1/19,2.93,2930,420.04,-0.04,-1.35,-5.73,25.21,3614.09
Bulgaria,BGR,9/1/19,2.73,2730,391.37,-0.04,-1.44,-5.73,27.94,4005.46
Bulgaria,BGR,10/1/19,2.92,2920,418.61,-0.14,-4.58,-20.07,30.86,4424.07
Bulgaria,BGR,11/1/19,3.13,3130,448.72,-0.33,-9.54,-47.31,33.99,4872.79
Bulgaria,BGR,12/1/19,3.65,3650,523.26,-0.38,-9.43,-54.48,37.64,5396.05
Bulgaria,BGR,1/1/20,3.98,3980,574.01,-0.12,-2.93,-17.31,3.98,574.01
Bulgaria,BGR,2/1/20,3.45,3450,497.57,-0.02,-0.58,-2.88,7.43,1071.59
Bulgaria,BGR,3/1/20,3.35,3350,483.15,0.1,3.08,14.42,10.78,1554.74
Bulgaria,BGR,4/1/20,2.79,2790,402.39,-0.18,-6.06,-25.96,13.57,1957.12
Bulgaria,BGR,5/1/20,2.57,2570,370.66,-0.23,-8.21,-33.17,16.14,2327.78
Bulgaria,BGR,6/1/20,2.54,2540,366.33,-0.22,-7.97,-31.73,18.68,2694.11
Bulgaria,BGR,7/1/20,2.82,2820,406.71,-0.11,-3.75,-15.86,21.5,3100.82
Bulgaria,BGR,8/1/20,2.8,2800,403.83,-0.13,-4.44,-18.75,24.3,3504.65
Bulgaria,BGR,9/1/20,2.64,2640,380.75,-0.09,-3.3,-12.98,26.94,3885.4
Bulgaria,BGR,10/1/20,2.8,2800,403.83,-0.12,-4.11,-17.31,29.74,4289.23
Bulgaria,BGR,11/1/20,3.28,3280,473.06,0.15,4.79,21.63,33.02,4762.28
Bulgaria,BGR,12/1/20,3.54,3540,510.55,-0.11,-3.01,-15.86,36.56,5272.84
Bulgaria,BGR,1/1/21,3.72,3720,540.92,-0.26,-6.53,-37.81,3.72,540.92
Bulgaria,BGR,2/1/21,3.3,3300,479.85,-0.15,-4.35,-21.81,7.02,1020.76
Bulgaria,BGR,3/1/21,3.55,3550,516.2,0.2,5.97,29.08,10.57,1536.96
Bulgaria,BGR,4/1/21,3.15,3150,458.03,0.36,12.9,52.35,13.72,1994.99
Bulgaria,BGR,5/1/21,2.64,2640,383.88,0.07,2.72,10.18,16.36,2378.87
Bulgaria,BGR,6/1/21,2.69,2690,391.15,0.15,5.91,21.81,19.05,2770.01
Bulgaria,BGR,7/1/21,2.95,2950,428.95,0.13,4.61,18.9,22,3198.97
Bulgaria,BGR,8/1/21,2.96,2960,430.41,0.16,5.71,23.27,24.96,3629.37
Bulgaria,BGR,9/1/21,2.77,2770,402.78,0.13,4.92,18.9,27.73,4032.15
Bulgaria,BGR,10/1/21,3.18,3180,462.4,0.38,13.57,55.25,30.91,4494.55
Bulgaria,BGR,11/1/21,3.33,3330,484.21,0.05,1.52,7.27,34.24,4978.76
Bulgaria,BGR,12/1/21,3.8,3800,552.55,0.26,7.34,37.81,38.04,5531.3
Bulgaria,BGR,1/1/22,4.03,4030,590.4,0.31,8.33,45.42,4.03,590.4
Bulgaria,BGR,2/1/22,3.44,3440,503.97,0.14,4.24,20.51,7.47,1094.37
Bulgaria,BGR,3/1/22,3.83,3830,561.1,0.28,7.89,41.02,11.3,1655.47
Bulgaria,BGR,4/1/22,2.98,2980,436.58,-0.17,-5.4,-24.91,14.28,2092.04
Bulgaria,BGR,5/1/22,2.78,2780,407.27,0.14,5.3,20.51,17.06,2499.32
Bulgaria,BGR,6/1/22,2.74,2740,401.41,0.05,1.86,7.33,19.8,2900.73
Bulgaria,BGR,7/1/22,2.91,2910,426.32,-0.04,-1.36,-5.86,22.71,3327.05
Bulgaria,BGR,8/1/22,2.86,2860,418.99,-0.1,-3.38,-14.65,25.57,3746.05
Bulgaria,BGR,9/1/22,2.59,2590,379.44,-0.18,-6.5,-26.37,28.16,4125.49
Bulgaria,BGR,10/1/22,2.75,2750,402.88,-0.43,-13.52,-63,30.91,4528.37
Bulgaria,BGR,11/1/22,3.19,3190,467.34,-0.14,-4.2,-20.51,34.1,4995.71
Bulgaria,BGR,12/1/22,3.64,3640,533.27,-0.16,-4.21,-23.44,37.74,5528.97
Bulgaria,BGR,1/1/23,3.75,3750,551.81,-0.28,-6.95,-41.2,3.75,551.81
Bulgaria,BGR,2/1/23,3.5,3500,515.02,0.06,1.74,8.83,7.25,1066.84
Bulgaria,BGR,3/1/23,3.3,3300,485.59,-0.53,-13.84,-77.99,10.55,1552.43
Bulgaria,BGR,4/1/23,2.88,2880,423.79,-0.1,-3.36,-14.71,13.43,1976.22
Bulgaria,BGR,5/1/23,2.63,2630,387,-0.15,-5.4,-22.07,16.06,2363.22
Bulgaria,BGR,6/1/23,2.49,2490,366.4,-0.25,-9.12,-36.79,18.55,2729.63
Bulgaria,BGR,7/1/23,2.9,2900,426.73,-0.01,-0.34,-1.47,21.45,3156.36
Bulgaria,BGR,8/1/23,2.8,2800,412.02,-0.06,-2.1,-8.83,24.25,3568.38
Bulgaria,BGR,9/1/23,2.58,2580,379.65,-0.01,-0.39,-1.47,26.83,3948.03
Bulgaria,BGR,10/1/23,2.68,2680,394.36,-0.07,-2.55,-10.3,29.51,4342.39
Bulgaria,BGR,11/1/23,3.15,3150,463.52,-0.04,-1.25,-5.89,32.66,4805.91
Bulgaria,BGR,12/1/23,3.71,3710,545.93,0.07,1.92,10.3,36.37,5351.83
Bulgaria,BGR,1/1/24,4,4000,591.92,0.25,6.67,36.99,4,591.92
Bulgaria,BGR,2/1/24,3.2,3200,473.53,-0.3,-8.57,-44.39,7.2,1065.45
Bulgaria,BGR,3/1/24,3.19,3190,472.05,-0.11,-3.33,-16.28,10.39,1537.51
Bulgaria,BGR,4/1/24,2.6,2600,384.75,-0.28,-9.72,-41.43,12.99,1922.25
Bulgaria,BGR,5/1/24,2.57,2570,380.31,-0.06,-2.28,-8.88,15.56,2302.56
Bulgaria,BGR,6/1/24,2.63,2630,389.19,0.14,5.62,20.72,18.19,2691.75
Bulgaria,BGR,7/1/24,2.96,2960,438.02,0.06,2.07,8.88,21.15,3129.77
Bulgaria,BGR,8/1/24,2.84,2840,420.26,0.04,1.43,5.92,23.99,3550.03
Bulgaria,BGR,9/1/24,2.33,2330,344.79,-0.25,-9.69,-36.99,26.32,3894.82
Bulgaria,BGR,10/1/24,2.59,2590,383.27,-0.09,-3.36,-13.32,28.91,4278.09
Bulgaria,BGR,11/1/24,3.24,3240,479.45,0.09,2.86,13.32,32.15,4757.54
Bulgaria,BGR,12/1/24,3.54,3540,523.85,-0.17,-4.58,-25.16,35.69,5281.39
Bulgaria,BGR,1/1/25,3.66,3660,545.08,-0.34,-8.5,-50.64,3.66,545.08
Bulgaria,BGR,2/1/25,3.55,3550,528.7,0.35,10.94,52.13,7.21,1073.79
Bulgaria,BGR,3/1/25,2.95,2950,439.34,-0.24,-7.52,-35.74,10.16,1513.13
Bulgaria,BGR,4/1/25,2.7,2700,402.11,0.1,3.85,14.89,12.86,1915.24
Bulgaria,BGR,5/1/25,2.41,2410,358.92,-0.16,-6.23,-23.83,15.27,2274.16
Bulgaria,BGR,6/1/25,2.44,2440,363.39,-0.19,-7.22,-28.3,17.71,2637.55
Bulgaria,BGR,7/1/25,2.78,2780,414.03,-0.18,-6.08,-26.81,20.49,3051.58
Croatia,HRV,12/1/18,1.44,1440,357.78,,,,1.44,357.78
Croatia,HRV,1/1/19,1.67,1670,418.93,,,,1.67,418.93
Croatia,HRV,2/1/19,1.41,1410,353.71,,,,3.08,772.64
Croatia,HRV,3/1/19,1.46,1460,366.25,,,,4.54,1138.89
Croatia,HRV,4/1/19,1.35,1350,338.66,,,,5.89,1477.55
Croatia,HRV,5/1/19,1.38,1380,346.18,,,,7.27,1823.73
Croatia,HRV,6/1/19,1.48,1480,371.27,,,,8.75,2195
Croatia,HRV,7/1/19,1.65,1650,413.91,,,,10.4,2608.91
Croatia,HRV,8/1/19,1.64,1640,411.4,,,,12.04,3020.31
Croatia,HRV,9/1/19,1.41,1410,353.71,,,,13.45,3374.02
Croatia,HRV,10/1/19,1.4,1400,351.2,,,,14.85,3725.22
Croatia,HRV,11/1/19,1.28,1280,321.1,,,,16.13,4046.32
Croatia,HRV,12/1/19,1.47,1470,368.76,0.03,2.08,7.53,17.6,4415.08
Croatia,HRV,1/1/20,1.57,1570,397.07,-0.1,-5.99,-25.29,1.57,397.07
Croatia,HRV,2/1/20,1.42,1420,359.13,0.01,0.71,2.53,2.99,756.2
Croatia,HRV,3/1/20,1.4,1400,354.08,-0.06,-4.11,-15.17,4.39,1110.28
Croatia,HRV,4/1/20,1.17,1170,295.91,-0.18,-13.33,-45.52,5.56,1406.19
Croatia,HRV,5/1/20,1.2,1200,303.49,-0.18,-13.04,-45.52,6.76,1709.68
Croatia,HRV,6/1/20,1.25,1250,316.14,-0.23,-15.54,-58.17,8.01,2025.82
Croatia,HRV,7/1/20,1.47,1470,371.78,-0.18,-10.91,-45.52,9.48,2397.6
Croatia,HRV,8/1/20,1.53,1530,386.95,-0.11,-6.71,-27.82,11.01,2784.55
Croatia,HRV,9/1/20,1.33,1330,336.37,-0.08,-5.67,-20.23,12.34,3120.92
Croatia,HRV,10/1/20,1.34,1340,338.9,-0.06,-4.29,-15.17,13.68,3459.82
Croatia,HRV,11/1/20,1.44,1440,364.19,0.16,12.5,40.47,15.12,3824.01
Croatia,HRV,12/1/20,1.49,1490,376.84,0.02,1.36,5.06,16.61,4200.85
Croatia,HRV,1/1/21,1.53,1530,389.85,-0.04,-2.55,-10.19,1.53,389.85
Croatia,HRV,2/1/21,1.38,1380,351.63,-0.04,-2.82,-10.19,2.91,741.47
Croatia,HRV,3/1/21,1.58,1580,402.59,0.18,12.86,45.86,4.49,1144.06
Croatia,HRV,4/1/21,1.41,1410,359.27,0.24,20.51,61.15,5.9,1503.33
Croatia,HRV,5/1/21,1.33,1330,338.89,0.13,10.83,33.12,7.23,1842.22
Croatia,HRV,6/1/21,1.42,1420,361.82,0.17,13.6,43.32,8.65,2204.04
Croatia,HRV,7/1/21,1.67,1670,425.52,0.2,13.61,50.96,10.32,2629.56
Croatia,HRV,8/1/21,1.61,1610,410.23,0.08,5.23,20.38,11.93,3039.79
Croatia,HRV,9/1/21,1.41,1410,359.27,0.08,6.02,20.38,13.34,3399.06
Croatia,HRV,10/1/21,1.49,1490,379.66,0.15,11.19,38.22,14.83,3778.72
Croatia,HRV,11/1/21,1.43,1430,364.37,-0.01,-0.69,-2.55,16.26,4143.09
Croatia,HRV,12/1/21,1.59,1590,405.14,0.1,6.71,25.48,17.85,4548.22
Croatia,HRV,1/1/22,1.65,1650,422.32,0.12,7.84,30.71,1.65,422.32
Croatia,HRV,2/1/22,1.46,1460,373.69,0.08,5.8,20.48,3.11,796
Croatia,HRV,3/1/22,1.61,1610,412.08,0.03,1.9,7.68,4.72,1208.08
Croatia,HRV,4/1/22,1.43,1430,366.01,0.02,1.42,5.12,6.15,1574.09
Croatia,HRV,5/1/22,1.39,1390,355.77,0.06,4.51,15.36,7.54,1929.85
Croatia,HRV,6/1/22,1.49,1490,381.36,0.07,4.93,17.92,9.03,2311.22
Croatia,HRV,7/1/22,1.7,1700,435.11,0.03,1.8,7.68,10.73,2746.33
Croatia,HRV,8/1/22,1.6,1600,409.52,-0.01,-0.62,-2.56,12.33,3155.85
Croatia,HRV,9/1/22,1.38,1380,353.21,-0.03,-2.13,-7.68,13.71,3509.06
Croatia,HRV,10/1/22,1.36,1360,348.09,-0.13,-8.72,-33.27,15.07,3857.15
Croatia,HRV,11/1/22,1.33,1330,340.41,-0.1,-6.99,-25.59,16.4,4197.56
Croatia,HRV,12/1/22,1.44,1440,368.57,-0.15,-9.43,-38.39,17.84,4566.13
Croatia,HRV,1/1/23,1.51,1510,387.58,-0.14,-8.48,-35.93,1.51,387.58
Croatia,HRV,2/1/23,1.46,1460,374.74,0,0,0,2.97,762.32
Croatia,HRV,3/1/23,1.48,1480,379.87,-0.13,-8.07,-33.37,4.45,1142.19
Croatia,HRV,4/1/23,1.38,1380,354.21,-0.05,-3.5,-12.83,5.83,1496.4
Croatia,HRV,5/1/23,1.31,1310,336.24,-0.08,-5.76,-20.53,7.14,1832.64
Croatia,HRV,6/1/23,1.4,1400,359.34,-0.09,-6.04,-23.1,8.54,2191.98
Croatia,HRV,7/1/23,1.71,1710,438.91,0.01,0.59,2.57,10.25,2630.89
Croatia,HRV,8/1/23,1.65,1650,423.51,0.05,3.13,12.83,11.9,3054.4
Croatia,HRV,9/1/23,1.43,1430,367.04,0.05,3.62,12.83,13.33,3421.44
Croatia,HRV,10/1/23,1.35,1350,346.51,-0.01,-0.74,-2.57,14.68,3767.95
Croatia,HRV,11/1/23,1.41,1410,361.91,0.08,6.02,20.53,16.09,4129.86
Croatia,HRV,12/1/23,1.8,1800,462.01,0.36,25,92.4,17.89,4591.87
Croatia,HRV,1/1/24,1.64,1640,423.19,0.13,8.61,33.55,1.64,423.19
Croatia,HRV,2/1/24,1.41,1410,363.84,-0.05,-3.42,-12.9,3.05,787.03
Croatia,HRV,3/1/24,1.41,1410,363.84,-0.07,-4.73,-18.06,4.46,1150.87
Croatia,HRV,4/1/24,1.36,1360,350.94,-0.02,-1.45,-5.16,5.82,1501.81
Croatia,HRV,5/1/24,1.41,1410,363.84,0.1,7.63,25.8,7.23,1865.65
Croatia,HRV,6/1/24,1.48,1480,381.9,0.08,5.71,20.64,8.71,2247.56
Croatia,HRV,7/1/24,1.91,1910,492.86,0.2,11.7,51.61,10.62,2740.42
Croatia,HRV,8/1/24,1.87,1870,482.54,0.22,13.33,56.77,12.49,3222.96
Croatia,HRV,9/1/24,1.48,1480,381.9,0.05,3.5,12.9,13.97,3604.86
Croatia,HRV,10/1/24,1.34,1340,345.78,-0.01,-0.74,-2.58,15.31,3950.64
Croatia,HRV,11/1/24,1.51,1510,389.65,0.1,7.09,25.8,16.82,4340.29
Croatia,HRV,12/1/24,1.65,1650,425.77,-0.15,-8.33,-38.71,18.47,4766.06
Croatia,HRV,1/1/25,1.68,1680,436.57,0.04,2.44,10.39,1.68,436.57
Croatia,HRV,2/1/25,1.55,1550,402.79,0.14,9.93,36.38,3.23,839.36
Croatia,HRV,3/1/25,1.53,1530,397.59,0.12,8.51,31.18,4.76,1236.95
Croatia,HRV,4/1/25,1.42,1420,369.01,0.06,4.41,15.59,6.18,1605.96
Croatia,HRV,5/1/25,1.41,1410,366.41,0,0,0,7.59,1972.37
Croatia,HRV,6/1/25,1.57,1570,407.99,0.09,6.08,23.39,9.16,2380.36
Croatia,HRV,7/1/25,1.76,1760,457.36,-0.15,-7.85,-38.98,10.92,2837.72
Cyprus,CYP,1/1/17,0.52,520,414.58,,,,0.52,414.58
Cyprus,CYP,2/1/17,0.45,450,358.77,,,,0.97,773.35
Cyprus,CYP,3/1/17,0.43,430,342.83,,,,1.4,1116.18
Cyprus,CYP,4/1/17,0.4,400,318.91,,,,1.8,1435.09
Cyprus,CYP,5/1/17,0.44,440,350.8,,,,2.24,1785.89
Cyprus,CYP,6/1/17,0.49,490,390.66,,,,2.73,2176.55
Cyprus,CYP,7/1/17,0.66,660,526.2,,,,3.39,2702.75
Cyprus,CYP,8/1/17,0.61,610,486.33,,,,4,3189.08
Cyprus,CYP,9/1/17,0.55,550,438.5,,,,4.55,3627.58
Cyprus,CYP,10/1/17,0.46,460,366.74,,,,5.01,3994.32
Cyprus,CYP,11/1/17,0.42,420,334.85,,,,5.43,4329.18
Cyprus,CYP,12/1/17,0.46,460,366.74,,,,5.89,4695.92
Cyprus,CYP,1/1/18,0.5,500,393.47,-0.02,-3.85,-15.74,0.5,393.47
Cyprus,CYP,2/1/18,0.42,420,330.52,-0.03,-6.67,-23.61,0.92,723.99
Cyprus,CYP,3/1/18,0.42,420,330.52,-0.01,-2.33,-7.87,1.34,1054.5
Cyprus,CYP,4/1/18,0.41,410,322.65,0.01,2.5,7.87,1.75,1377.15
Cyprus,CYP,5/1/18,0.48,480,377.73,0.04,9.09,31.48,2.23,1754.88
Cyprus,CYP,6/1/18,0.52,520,409.21,0.03,6.12,23.61,2.75,2164.09
Cyprus,CYP,7/1/18,0.62,620,487.9,-0.04,-6.06,-31.48,3.37,2652
Cyprus,CYP,8/1/18,0.62,620,487.9,0.01,1.64,7.87,3.99,3139.9
Cyprus,CYP,9/1/18,0.55,550,432.82,0,0,0,4.54,3572.72
Cyprus,CYP,10/1/18,0.48,480,377.73,0.02,4.35,15.74,5.02,3950.45
Cyprus,CYP,11/1/18,0.43,430,338.39,0.01,2.38,7.87,5.45,4288.84
Cyprus,CYP,12/1/18,0.48,480,377.73,0.02,4.35,15.74,5.93,4666.57
Cyprus,CYP,1/1/19,0.54,540,419.69,0.04,8,31.09,0.54,419.69
Cyprus,CYP,2/1/19,0.46,460,357.51,0.04,9.52,31.09,1,777.2
Cyprus,CYP,3/1/19,0.45,450,349.74,0.03,7.14,23.32,1.45,1126.94
Cyprus,CYP,4/1/19,0.4,400,310.88,-0.01,-2.44,-7.77,1.85,1437.82
Cyprus,CYP,5/1/19,0.47,470,365.28,-0.01,-2.08,-7.77,2.32,1803.1
Cyprus,CYP,6/1/19,0.53,530,411.92,0.01,1.92,7.77,2.85,2215.02
Cyprus,CYP,7/1/19,0.64,640,497.41,0.02,3.23,15.54,3.49,2712.43
Cyprus,CYP,8/1/19,0.64,640,497.41,0.02,3.23,15.54,4.13,3209.84
Cyprus,CYP,9/1/19,0.56,560,435.23,0.01,1.82,7.77,4.69,3645.07
Cyprus,CYP,10/1/19,0.47,470,365.28,-0.01,-2.08,-7.77,5.16,4010.35
Cyprus,CYP,11/1/19,0.42,420,326.42,-0.01,-2.33,-7.77,5.58,4336.78
Cyprus,CYP,12/1/19,0.47,470,365.28,-0.01,-2.08,-7.77,6.05,4702.06
Cyprus,CYP,1/1/20,0.52,520,399.31,-0.02,-3.7,-15.36,0.52,399.31
Cyprus,CYP,2/1/20,0.49,490,376.27,0.03,6.52,23.04,1.01,775.58
Cyprus,CYP,3/1/20,0.44,440,337.88,-0.01,-2.22,-7.68,1.45,1113.46
Cyprus,CYP,4/1/20,0.37,370,284.12,-0.03,-7.5,-23.04,1.82,1397.58
Cyprus,CYP,5/1/20,0.42,420,322.52,-0.05,-10.64,-38.4,2.24,1720.1
Cyprus,CYP,6/1/20,0.45,450,345.56,-0.08,-15.09,-61.43,2.69,2065.66
Cyprus,CYP,7/1/20,0.6,600,460.74,-0.04,-6.25,-30.72,3.29,2526.4
Cyprus,CYP,8/1/20,0.6,600,460.74,-0.04,-6.25,-30.72,3.89,2987.14
Cyprus,CYP,9/1/20,0.59,590,453.06,0.03,5.36,23.04,4.48,3440.2
Cyprus,CYP,10/1/20,0.48,480,368.59,0.01,2.13,7.68,4.96,3808.79
Cyprus,CYP,11/1/20,0.44,440,337.88,0.02,4.76,15.36,5.4,4146.67
Cyprus,CYP,12/1/20,0.48,480,368.59,0.01,2.13,7.68,5.88,4515.26
Cyprus,CYP,1/1/21,0.49,490,371.97,-0.03,-5.77,-22.77,0.49,371.97
Cyprus,CYP,2/1/21,0.44,440,334.01,-0.05,-10.2,-37.96,0.93,705.98
Cyprus,CYP,3/1/21,0.45,450,341.61,0.01,2.27,7.59,1.38,1047.59
Cyprus,CYP,4/1/21,0.41,410,311.24,0.04,10.81,30.36,1.79,1358.83
Cyprus,CYP,5/1/21,0.45,450,341.61,0.03,7.14,22.77,2.24,1700.43
Cyprus,CYP,6/1/21,0.5,500,379.56,0.05,11.11,37.96,2.74,2080
Cyprus,CYP,7/1/21,0.68,680,516.2,0.08,13.33,60.73,3.42,2596.2
Cyprus,CYP,8/1/21,0.69,690,523.79,0.09,15,68.32,4.11,3119.99
Cyprus,CYP,9/1/21,0.55,550,417.52,-0.04,-6.78,-30.36,4.66,3537.51
Cyprus,CYP,10/1/21,0.47,470,356.79,-0.01,-2.08,-7.59,5.13,3894.3
Cyprus,CYP,11/1/21,0.42,420,318.83,-0.02,-4.55,-15.18,5.55,4213.13
Cyprus,CYP,12/1/21,0.5,500,379.56,0.02,4.17,15.18,6.05,4592.69
Cyprus,CYP,1/1/22,0.56,560,420.62,0.07,14.29,52.58,0.56,420.62
Cyprus,CYP,2/1/22,0.48,480,360.53,0.04,9.09,30.04,1.04,781.15
Cyprus,CYP,3/1/22,0.54,540,405.6,0.09,20,67.6,1.58,1186.75
Cyprus,CYP,4/1/22,0.41,410,307.95,0,0,0,1.99,1494.7
Cyprus,CYP,5/1/22,0.46,460,345.51,0.01,2.22,7.51,2.45,1840.21
Cyprus,CYP,6/1/22,0.52,520,390.58,0.02,4,15.02,2.97,2230.78
Cyprus,CYP,7/1/22,0.66,660,495.73,-0.02,-2.94,-15.02,3.63,2726.51
Cyprus,CYP,8/1/22,0.64,640,480.71,-0.05,-7.25,-37.56,4.27,3207.22
Cyprus,CYP,9/1/22,0.56,560,420.62,0.01,1.82,7.51,4.83,3627.84
Cyprus,CYP,10/1/22,0.48,480,360.53,0.01,2.13,7.51,5.31,3988.37
Cyprus,CYP,11/1/22,0.42,420,315.46,0,0,0,5.73,4303.84
Cyprus,CYP,12/1/22,0.45,450,338,-0.05,-10,-37.56,6.18,4641.84
Cyprus,CYP,1/1/23,0.5,500,371.75,-0.06,-10.71,-44.61,0.5,371.75
Cyprus,CYP,2/1/23,0.5,500,371.75,0.02,4.17,14.87,1,743.51
Cyprus,CYP,3/1/23,0.44,440,327.14,-0.1,-18.52,-74.35,1.44,1070.65
Cyprus,CYP,4/1/23,0.42,420,312.27,0.01,2.44,7.44,1.86,1382.92
Cyprus,CYP,5/1/23,0.45,450,334.58,-0.01,-2.17,-7.44,2.31,1717.5
Cyprus,CYP,6/1/23,0.52,520,386.62,0,0,0,2.83,2104.12
Cyprus,CYP,7/1/23,0.72,720,535.32,0.06,9.09,44.61,3.55,2639.44
Cyprus,CYP,8/1/23,0.71,710,527.89,0.07,10.94,52.05,4.26,3167.33
Cyprus,CYP,9/1/23,0.59,590,438.67,0.03,5.36,22.31,4.85,3606
Cyprus,CYP,10/1/23,0.5,500,371.75,0.02,4.17,14.87,5.35,3977.75
Cyprus,CYP,11/1/23,0.46,460,342.01,0.04,9.52,29.74,5.81,4319.77
Cyprus,CYP,12/1/23,0.48,480,356.88,0.03,6.67,22.31,6.29,4676.65
Cyprus,CYP,1/1/24,0.51,510,375.47,0.01,2,7.36,0.51,375.47
Cyprus,CYP,2/1/24,0.49,490,360.75,-0.01,-2,-7.36,1,736.23
Cyprus,CYP,3/1/24,0.46,460,338.66,0.02,4.55,14.72,1.46,1074.89
Cyprus,CYP,4/1/24,0.44,440,323.94,0.02,4.76,14.72,1.9,1398.83
Cyprus,CYP,5/1/24,0.47,470,346.03,0.02,4.44,14.72,2.37,1744.85
Cyprus,CYP,6/1/24,0.68,680,500.63,0.16,30.77,117.8,3.05,2245.49
Cyprus,CYP,7/1/24,0.76,760,559.53,0.04,5.56,29.45,3.81,2805.02
Cyprus,CYP,8/1/24,0.73,730,537.44,0.02,2.82,14.72,4.54,3342.46
Cyprus,CYP,9/1/24,0.6,600,441.74,0.01,1.69,7.36,5.14,3784.2
Cyprus,CYP,10/1/24,0.53,530,390.2,0.03,6,22.09,5.67,4174.4
Cyprus,CYP,11/1/24,0.48,480,353.39,0.02,4.35,14.72,6.15,4527.79
Cyprus,CYP,12/1/24,0.55,550,404.92,0.07,14.58,51.54,6.7,4932.71
Cyprus,CYP,1/1/25,0.55,550,401.24,0.04,7.84,29.18,0.55,401.24
Cyprus,CYP,2/1/25,0.55,550,401.24,0.06,12.24,43.77,1.1,802.48
Cyprus,CYP,3/1/25,0.47,470,342.88,0.01,2.17,7.3,1.57,1145.36
Cyprus,CYP,4/1/25,0.46,460,335.58,0.02,4.55,14.59,2.03,1480.94
Czechia,CZE,1/1/15,6.07,6070,576.75,,,,6.07,576.75
Czechia,CZE,2/1/15,5.54,5540,526.4,,,,11.61,1103.15
Czechia,CZE,3/1/15,5.95,5950,565.35,,,,17.56,1668.5
Czechia,CZE,4/1/15,5.18,5180,492.19,,,,22.74,2160.69
Czechia,CZE,5/1/15,4.98,4980,473.19,,,,27.72,2633.88
Czechia,CZE,6/1/15,4.81,4810,457.03,,,,32.53,3090.91
Czechia,CZE,7/1/15,4.88,4880,463.68,,,,37.41,3554.6
Czechia,CZE,8/1/15,4.81,4810,457.03,,,,42.22,4011.63
Czechia,CZE,9/1/15,4.84,4840,459.88,,,,47.06,4471.51
Czechia,CZE,10/1/15,5.48,5480,520.69,,,,52.54,4992.21
Czechia,CZE,11/1/15,5.54,5540,526.4,,,,58.08,5518.6
Czechia,CZE,12/1/15,5.56,5560,528.3,,,,63.64,6046.9
Czechia,CZE,1/1/16,6.25,6250,593.44,0.18,2.97,17.09,6.25,593.44
Czechia,CZE,2/1/16,5.64,5640,535.52,0.1,1.81,9.49,11.89,1128.95
Czechia,CZE,3/1/16,5.77,5770,547.86,-0.18,-3.03,-17.09,17.66,1676.81
Czechia,CZE,4/1/16,5.25,5250,498.49,0.07,1.35,6.65,22.91,2175.3
Czechia,CZE,5/1/16,5.22,5220,495.64,0.24,4.82,22.79,28.13,2670.93
Czechia,CZE,6/1/16,4.97,4970,471.9,0.16,3.33,15.19,33.1,3142.83
Czechia,CZE,7/1/16,4.84,4840,459.56,-0.04,-0.82,-3.8,37.94,3602.39
Czechia,CZE,8/1/16,4.99,4990,473.8,0.18,3.74,17.09,42.93,4076.19
Czechia,CZE,9/1/16,5.09,5090,483.29,0.25,5.17,23.74,48.02,4559.48
Czechia,CZE,10/1/16,5.61,5610,532.67,0.13,2.37,12.34,53.63,5092.15
Czechia,CZE,11/1/16,5.86,5860,556.4,0.32,5.78,30.38,59.49,5648.55
Czechia,CZE,12/1/16,6.05,6050,574.45,0.49,8.81,46.53,65.54,6223
Czechia,CZE,1/1/17,6.71,6710,636.54,0.46,7.36,43.64,6.71,636.54
Czechia,CZE,2/1/17,5.74,5740,544.52,0.1,1.77,9.49,12.45,1181.07
Czechia,CZE,3/1/17,5.8,5800,550.22,0.03,0.52,2.85,18.25,1731.29
Czechia,CZE,4/1/17,5.36,5360,508.48,0.11,2.1,10.44,23.61,2239.76
Czechia,CZE,5/1/17,5.27,5270,499.94,0.05,0.96,4.74,28.88,2739.7
Czechia,CZE,6/1/17,5.08,5080,481.91,0.11,2.21,10.44,33.96,3221.61
Czechia,CZE,7/1/17,4.82,4820,457.25,-0.02,-0.41,-1.9,38.78,3678.86
Czechia,CZE,8/1/17,5.07,5070,480.97,0.08,1.6,7.59,43.85,4159.83
Czechia,CZE,9/1/17,5.11,5110,484.76,0.02,0.39,1.9,48.96,4644.59
Czechia,CZE,10/1/17,5.58,5580,529.35,-0.03,-0.53,-2.85,54.54,5173.93
Czechia,CZE,11/1/17,5.82,5820,552.11,-0.04,-0.68,-3.79,60.36,5726.05
Czechia,CZE,12/1/17,5.93,5930,562.55,-0.12,-1.98,-11.38,66.29,6288.6
Czechia,CZE,1/1/18,6.23,6230,590.58,-0.48,-7.15,-45.5,6.23,590.58
Czechia,CZE,2/1/18,6,6000,568.78,0.26,4.53,24.65,12.23,1159.36
Czechia,CZE,3/1/18,6.45,6450,611.44,0.65,11.21,61.62,18.68,1770.8
Czechia,CZE,4/1/18,5.27,5270,499.58,-0.09,-1.68,-8.53,23.95,2270.38
Czechia,CZE,5/1/18,5.37,5370,509.06,0.1,1.9,9.48,29.32,2779.44
Czechia,CZE,6/1/18,5.21,5210,493.89,0.13,2.56,12.32,34.53,3273.33
Czechia,CZE,7/1/18,5,5000,473.98,0.18,3.73,17.06,39.53,3747.31
Czechia,CZE,8/1/18,5.23,5230,495.79,0.16,3.16,15.17,44.76,4243.1
Czechia,CZE,9/1/18,5.04,5040,477.77,-0.07,-1.37,-6.64,49.8,4720.87
Czechia,CZE,10/1/18,5.66,5660,536.55,0.08,1.43,7.58,55.46,5257.42
Czechia,CZE,11/1/18,5.96,5960,564.99,0.14,2.41,13.27,61.42,5822.41
Czechia,CZE,12/1/18,6.01,6010,569.73,0.08,1.35,7.58,67.43,6392.14
Czechia,CZE,1/1/19,6.58,6580,623.41,0.35,5.62,33.16,6.58,623.41
Czechia,CZE,2/1/19,5.75,5750,544.77,-0.25,-4.17,-23.69,12.33,1168.18
Czechia,CZE,3/1/19,5.92,5920,560.88,-0.53,-8.22,-50.21,18.25,1729.05
Czechia,CZE,4/1/19,5.39,5390,510.66,0.12,2.28,11.37,23.64,2239.72
Czechia,CZE,5/1/19,5.44,5440,515.4,0.07,1.3,6.63,29.08,2755.12
Czechia,CZE,6/1/19,5.12,5120,485.08,-0.09,-1.73,-8.53,34.2,3240.2
Czechia,CZE,7/1/19,5.06,5060,479.4,0.06,1.2,5.68,39.26,3719.6
Czechia,CZE,8/1/19,5.11,5110,484.14,-0.12,-2.29,-11.37,44.37,4203.73
Czechia,CZE,9/1/19,5.18,5180,490.77,0.14,2.78,13.26,49.55,4694.5
Czechia,CZE,10/1/19,5.58,5580,528.66,-0.08,-1.41,-7.58,55.13,5223.17
Czechia,CZE,11/1/19,5.87,5870,556.14,-0.09,-1.51,-8.53,61,5779.31
Czechia,CZE,12/1/19,5.89,5890,558.03,-0.12,-2,-11.37,66.89,6337.34
Czechia,CZE,1/1/20,6.47,6470,613.26,-0.11,-1.67,-10.43,6.47,613.26
Czechia,CZE,2/1/20,5.95,5950,563.98,0.2,3.48,18.96,12.42,1177.24
Czechia,CZE,3/1/20,5.95,5950,563.98,0.03,0.51,2.84,18.37,1741.22
Czechia,CZE,4/1/20,4.79,4790,454.02,-0.6,-11.13,-56.87,23.16,2195.24
Czechia,CZE,5/1/20,4.8,4800,454.97,-0.64,-11.76,-60.66,27.96,2650.21
Czechia,CZE,6/1/20,4.77,4770,452.13,-0.35,-6.84,-33.18,32.73,3102.34
Czechia,CZE,7/1/20,4.83,4830,457.82,-0.23,-4.55,-21.8,37.56,3560.16
Czechia,CZE,8/1/20,4.94,4940,468.24,-0.17,-3.33,-16.11,42.5,4028.4
Czechia,CZE,9/1/20,5.08,5080,481.51,-0.1,-1.93,-9.48,47.58,4509.91
Czechia,CZE,10/1/20,5.62,5620,532.7,0.04,0.72,3.79,53.2,5042.61
Czechia,CZE,11/1/20,5.93,5930,562.08,0.06,1.02,5.69,59.13,5604.69
Czechia,CZE,12/1/20,6.01,6010,569.66,0.12,2.04,11.37,65.14,6174.35
Czechia,CZE,1/1/21,6.4,6400,607.75,-0.07,-1.08,-6.65,6.4,607.75
Czechia,CZE,2/1/21,6.01,6010,570.71,0.06,1.01,5.7,12.41,1178.46
Czechia,CZE,3/1/21,6.29,6290,597.3,0.34,5.71,32.29,18.7,1775.76
Czechia,CZE,4/1/21,5.58,5580,529.88,0.79,16.49,75.02,24.28,2305.64
Czechia,CZE,5/1/21,5.4,5400,512.79,0.6,12.5,56.98,29.68,2818.43
Czechia,CZE,6/1/21,5.06,5060,480.5,0.29,6.08,27.54,34.74,3298.93
Czechia,CZE,7/1/21,4.93,4930,468.16,0.1,2.07,9.5,39.67,3767.08
Czechia,CZE,8/1/21,4.89,4890,464.36,-0.05,-1.01,-4.75,44.56,4231.44
Czechia,CZE,9/1/21,4.97,4970,471.95,-0.11,-2.17,-10.45,49.53,4703.39
Czechia,CZE,10/1/21,5.45,5450,517.53,-0.17,-3.02,-16.14,54.98,5220.93
Czechia,CZE,11/1/21,5.8,5800,550.77,-0.13,-2.19,-12.34,60.78,5771.7
Czechia,CZE,12/1/21,6.13,6130,582.11,0.12,2,11.4,66.91,6353.8
Czechia,CZE,1/1/22,6.3,6300,590.26,-0.1,-1.56,-9.37,6.3,590.26
Czechia,CZE,2/1/22,5.59,5590,523.74,-0.42,-6.99,-39.35,11.89,1114.01
Czechia,CZE,3/1/22,6.05,6050,566.84,-0.24,-3.82,-22.49,17.94,1680.85
Czechia,CZE,4/1/22,5.37,5370,503.13,-0.21,-3.76,-19.68,23.31,2183.97
Czechia,CZE,5/1/22,5.1,5100,477.83,-0.3,-5.56,-28.11,28.41,2661.81
Czechia,CZE,6/1/22,4.86,4860,455.35,-0.2,-3.95,-18.74,33.27,3117.15
Czechia,CZE,7/1/22,4.62,4620,432.86,-0.31,-6.29,-29.04,37.89,3550.01
Czechia,CZE,8/1/22,4.71,4710,441.29,-0.18,-3.68,-16.86,42.6,3991.31
Czechia,CZE,9/1/22,4.81,4810,450.66,-0.16,-3.22,-14.99,47.41,4441.97
Czechia,CZE,10/1/22,5.06,5060,474.08,-0.39,-7.16,-36.54,52.47,4916.05
Czechia,CZE,11/1/22,5.57,5570,521.87,-0.23,-3.97,-21.55,58.04,5437.92
Czechia,CZE,12/1/22,5.82,5820,545.29,-0.31,-5.06,-29.04,63.86,5983.21
Czechia,CZE,1/1/23,5.91,5910,546.73,-0.39,-6.19,-36.08,5.91,546.73
Czechia,CZE,2/1/23,5.51,5510,509.73,-0.08,-1.43,-7.4,11.42,1056.46
Czechia,CZE,3/1/23,5.73,5730,530.08,-0.32,-5.29,-29.6,17.15,1586.54
Czechia,CZE,4/1/23,5.14,5140,475.5,-0.23,-4.28,-21.28,22.29,2062.04
Czechia,CZE,5/1/23,4.86,4860,449.6,-0.24,-4.71,-22.2,27.15,2511.63
Czechia,CZE,6/1/23,4.64,4640,429.24,-0.22,-4.53,-20.35,31.79,2940.88
Czechia,CZE,7/1/23,4.46,4460,412.59,-0.16,-3.46,-14.8,36.25,3353.47
Czechia,CZE,8/1/23,4.7,4700,434.79,-0.01,-0.21,-0.93,40.95,3788.26
Czechia,CZE,9/1/23,4.57,4570,422.77,-0.24,-4.99,-22.2,45.52,4211.03
Czechia,CZE,10/1/23,5.02,5020,464.4,-0.04,-0.79,-3.7,50.54,4675.43
Czechia,CZE,11/1/23,5.31,5310,491.23,-0.26,-4.67,-24.05,55.85,5166.66
Czechia,CZE,12/1/23,5.56,5560,514.35,-0.26,-4.47,-24.05,61.41,5681.01
Czechia,CZE,1/1/24,6.17,6170,574.71,0.26,4.4,24.22,6.17,574.71
Czechia,CZE,2/1/24,5.31,5310,494.6,-0.2,-3.63,-18.63,11.48,1069.31
Czechia,CZE,3/1/24,5.38,5380,501.12,-0.35,-6.11,-32.6,16.86,1570.43
Czechia,CZE,4/1/24,4.89,4890,455.48,-0.25,-4.86,-23.29,21.75,2025.91
Czechia,CZE,5/1/24,4.76,4760,443.37,-0.1,-2.06,-9.31,26.51,2469.29
Czechia,CZE,6/1/24,4.65,4650,433.13,0.01,0.22,0.93,31.16,2902.41
Czechia,CZE,7/1/24,4.58,4580,426.61,0.12,2.69,11.18,35.74,3329.02
Czechia,CZE,8/1/24,4.6,4600,428.47,-0.1,-2.13,-9.31,40.34,3757.49
Czechia,CZE,9/1/24,4.7,4700,437.78,0.13,2.84,12.11,45.04,4195.27
Czechia,CZE,10/1/24,5.19,5190,483.42,0.17,3.39,15.83,50.23,4678.69
Czechia,CZE,11/1/24,5.61,5610,522.55,0.3,5.65,27.94,55.84,5201.24
Czechia,CZE,12/1/24,5.57,5570,518.82,0.01,0.18,0.93,61.41,5720.06
Czechia,CZE,1/1/25,6.06,6060,571.2,-0.11,-1.78,-10.37,6.06,571.2
Czechia,CZE,2/1/25,5.62,5620,529.73,0.31,5.84,29.22,11.68,1100.93
Czechia,CZE,3/1/25,5.64,5640,531.61,0.26,4.83,24.51,17.32,1632.55
Czechia,CZE,4/1/25,4.96,4960,467.52,0.07,1.43,6.6,22.28,2100.06
Czechia,CZE,5/1/25,4.92,4920,463.75,0.16,3.36,15.08,27.2,2563.81
Czechia,CZE,6/1/25,4.74,4740,446.78,0.09,1.94,8.48,31.94,3010.59
Czechia,CZE,7/1/25,4.71,4710,443.95,0.13,2.84,12.25,36.65,3454.55
Denmark,DNK,1/1/15,3.75,3750,659.78,,,,3.75,659.78
Denmark,DNK,2/1/15,2.87,2870,504.95,,,,6.62,1164.73
Denmark,DNK,3/1/15,3.08,3080,541.9,,,,9.7,1706.63
Denmark,DNK,4/1/15,2.75,2750,483.84,,,,12.45,2190.47
Denmark,DNK,5/1/15,2.74,2740,482.08,,,,15.19,2672.55
Denmark,DNK,6/1/15,2.67,2670,469.76,,,,17.86,3142.32
Denmark,DNK,7/1/15,2.64,2640,464.49,,,,20.5,3606.81
Denmark,DNK,8/1/15,2.8,2800,492.64,,,,23.3,4099.44
Denmark,DNK,9/1/15,2.76,2760,485.6,,,,26.06,4585.04
Denmark,DNK,10/1/15,2.88,2880,506.71,,,,28.94,5091.75
Denmark,DNK,11/1/15,2.87,2870,504.95,,,,31.81,5596.71
Denmark,DNK,12/1/15,2.98,2980,524.31,,,,34.79,6121.01
Denmark,DNK,1/1/16,3.19,3190,556.89,-0.56,-14.93,-97.76,3.19,556.89
Denmark,DNK,2/1/16,2.93,2930,511.5,0.06,2.09,10.47,6.12,1068.4
Denmark,DNK,3/1/16,3,3000,523.72,-0.08,-2.6,-13.97,9.12,1592.12
Denmark,DNK,4/1/16,2.76,2760,481.83,0.01,0.36,1.75,11.88,2073.95
Denmark,DNK,5/1/16,2.72,2720,474.84,-0.02,-0.73,-3.49,14.6,2548.79
Denmark,DNK,6/1/16,2.68,2680,467.86,0.01,0.37,1.75,17.28,3016.65
Denmark,DNK,7/1/16,2.5,2500,436.44,-0.14,-5.3,-24.44,19.78,3453.09
Denmark,DNK,8/1/16,2.69,2690,469.61,-0.11,-3.93,-19.2,22.47,3922.7
Denmark,DNK,9/1/16,2.64,2640,460.88,-0.12,-4.35,-20.95,25.11,4383.58
Denmark,DNK,10/1/16,2.77,2770,483.57,-0.11,-3.82,-19.2,27.88,4867.15
Denmark,DNK,11/1/16,2.93,2930,511.5,0.06,2.09,10.47,30.81,5378.65
Denmark,DNK,12/1/16,2.99,2990,521.98,0.01,0.34,1.75,33.8,5900.63
Denmark,DNK,1/1/17,3.07,3070,532.51,-0.12,-3.76,-20.81,3.07,532.51
Denmark,DNK,2/1/17,2.79,2790,483.94,-0.14,-4.78,-24.28,5.86,1016.45
Denmark,DNK,3/1/17,2.99,2990,518.63,-0.01,-0.33,-1.73,8.85,1535.08
Denmark,DNK,4/1/17,2.56,2560,444.05,-0.2,-7.25,-34.69,11.41,1979.13
Denmark,DNK,5/1/17,2.66,2660,461.39,-0.06,-2.21,-10.41,14.07,2440.52
Denmark,DNK,6/1/17,2.61,2610,452.72,-0.07,-2.61,-12.14,16.68,2893.24
Denmark,DNK,7/1/17,2.5,2500,433.64,0,0,0,19.18,3326.88
Denmark,DNK,8/1/17,2.69,2690,466.6,0,0,0,21.87,3793.47
Denmark,DNK,9/1/17,2.66,2660,461.39,0.02,0.76,3.47,24.53,4254.86
Denmark,DNK,10/1/17,2.96,2960,513.43,0.19,6.86,32.96,27.49,4768.29
Denmark,DNK,11/1/17,3.03,3030,525.57,0.1,3.41,17.35,30.52,5293.86
Denmark,DNK,12/1/17,3.17,3170,549.85,0.18,6.02,31.22,33.69,5843.71
Denmark,DNK,1/1/18,3.23,3230,557.49,0.16,5.21,27.62,3.23,557.49
Denmark,DNK,2/1/18,2.94,2940,507.44,0.15,5.38,25.89,6.17,1064.93
Denmark,DNK,3/1/18,3.24,3240,559.22,0.25,8.36,43.15,9.41,1624.14
Denmark,DNK,4/1/18,2.68,2680,462.56,0.12,4.69,20.71,12.09,2086.71
Denmark,DNK,5/1/18,2.74,2740,472.92,0.08,3.01,13.81,14.83,2559.62
Denmark,DNK,6/1/18,2.66,2660,459.11,0.05,1.92,8.63,17.49,3018.73
Denmark,DNK,7/1/18,2.6,2600,448.75,0.1,4,17.26,20.09,3467.49
Denmark,DNK,8/1/18,2.67,2670,460.84,-0.02,-0.74,-3.45,22.76,3928.32
Denmark,DNK,9/1/18,2.67,2670,460.84,0.01,0.38,1.73,25.43,4389.16
Denmark,DNK,10/1/18,2.95,2950,509.16,-0.01,-0.34,-1.73,28.38,4898.32
Denmark,DNK,11/1/18,3.03,3030,522.97,0,0,0,31.41,5421.29
Denmark,DNK,12/1/18,3.11,3110,536.78,-0.06,-1.89,-10.36,34.52,5958.07
Denmark,DNK,1/1/19,3.29,3290,565.82,0.06,1.86,10.32,3.29,565.82
Denmark,DNK,2/1/19,2.86,2860,491.86,-0.08,-2.72,-13.76,6.15,1057.68
Denmark,DNK,3/1/19,3.03,3030,521.1,-0.21,-6.48,-36.12,9.18,1578.78
Denmark,DNK,4/1/19,2.68,2680,460.91,0,0,0,11.86,2039.69
Denmark,DNK,5/1/19,2.74,2740,471.23,0,0,0,14.6,2510.91
Denmark,DNK,6/1/19,2.57,2570,441.99,-0.09,-3.38,-15.48,17.17,2952.9
Denmark,DNK,7/1/19,2.56,2560,440.27,-0.04,-1.54,-6.88,19.73,3393.17
Denmark,DNK,8/1/19,2.71,2710,466.07,0.04,1.5,6.88,22.44,3859.24
Denmark,DNK,9/1/19,2.71,2710,466.07,0.04,1.5,6.88,25.15,4325.3
Denmark,DNK,10/1/19,2.96,2960,509.06,0.01,0.34,1.72,28.11,4834.37
Denmark,DNK,11/1/19,3.01,3010,517.66,-0.02,-0.66,-3.44,31.12,5352.03
Denmark,DNK,12/1/19,3.11,3110,534.86,0,0,0,34.23,5886.89
Denmark,DNK,1/1/20,3.22,3220,552.17,-0.07,-2.13,-12,3.22,552.17
Denmark,DNK,2/1/20,3.11,3110,533.31,0.25,8.74,42.87,6.33,1085.48
Denmark,DNK,3/1/20,3.11,3110,533.31,0.08,2.64,13.72,9.44,1618.79
Denmark,DNK,4/1/20,2.69,2690,461.29,0.01,0.37,1.71,12.13,2080.07
Denmark,DNK,5/1/20,2.74,2740,469.86,0,0,0,14.87,2549.93
Denmark,DNK,6/1/20,2.65,2650,454.43,0.08,3.11,13.72,17.52,3004.36
Denmark,DNK,7/1/20,2.59,2590,444.14,0.03,1.17,5.14,20.11,3448.49
Denmark,DNK,8/1/20,2.79,2790,478.43,0.08,2.95,13.72,22.9,3926.93
Denmark,DNK,9/1/20,2.7,2700,463,-0.01,-0.37,-1.71,25.6,4389.93
Denmark,DNK,10/1/20,2.99,2990,512.73,0.03,1.01,5.14,28.59,4902.66
Denmark,DNK,11/1/20,3.1,3100,531.59,0.09,2.99,15.43,31.69,5434.25
Denmark,DNK,12/1/20,3.11,3110,533.31,0,0,0,34.8,5967.56
Denmark,DNK,1/1/21,3.4,3400,580.52,0.18,5.59,30.73,3.4,580.52
Denmark,DNK,2/1/21,3.16,3160,539.55,0.05,1.61,8.54,6.56,1120.07
Denmark,DNK,3/1/21,3.24,3240,553.21,0.13,4.18,22.2,9.8,1673.27
Denmark,DNK,4/1/21,3.06,3060,522.47,0.37,13.75,63.17,12.86,2195.75
Denmark,DNK,5/1/21,3.09,3090,527.59,0.35,12.77,59.76,15.95,2723.34
Denmark,DNK,6/1/21,2.84,2840,484.91,0.19,7.17,32.44,18.79,3208.25
Denmark,DNK,7/1/21,2.85,2850,486.62,0.26,10.04,44.39,21.64,3694.86
Denmark,DNK,8/1/21,2.88,2880,491.74,0.09,3.23,15.37,24.52,4186.6
Denmark,DNK,9/1/21,2.91,2910,496.86,0.21,7.78,35.86,27.43,4683.46
Denmark,DNK,10/1/21,3.1,3100,529.3,0.11,3.68,18.78,30.53,5212.76
Denmark,DNK,11/1/21,3.27,3270,558.33,0.17,5.48,29.03,33.8,5771.09
Denmark,DNK,12/1/21,3.57,3570,609.55,0.46,14.79,78.54,37.37,6380.64
Denmark,DNK,1/1/22,3.54,3540,599.71,0.14,4.12,23.72,3.54,599.71
Denmark,DNK,2/1/22,3.26,3260,552.27,0.1,3.16,16.94,6.8,1151.98
Denmark,DNK,3/1/22,3.2,3200,542.11,-0.04,-1.23,-6.78,10,1694.08
Denmark,DNK,4/1/22,2.91,2910,492.98,-0.15,-4.9,-25.41,12.91,2187.06
Denmark,DNK,5/1/22,2.84,2840,481.12,-0.25,-8.09,-42.35,15.75,2668.18
Denmark,DNK,6/1/22,2.7,2700,457.4,-0.14,-4.93,-23.72,18.45,3125.58
Denmark,DNK,7/1/22,2.59,2590,438.77,-0.26,-9.12,-44.05,21.04,3564.35
Denmark,DNK,8/1/22,2.78,2780,470.95,-0.1,-3.47,-16.94,23.82,4035.3
Denmark,DNK,9/1/22,2.67,2670,452.32,-0.24,-8.25,-40.66,26.49,4487.62
Denmark,DNK,10/1/22,2.8,2800,474.34,-0.3,-9.68,-50.82,29.29,4961.97
Denmark,DNK,11/1/22,3.1,3100,525.17,-0.17,-5.2,-28.8,32.39,5487.13
Denmark,DNK,12/1/22,3.23,3230,547.19,-0.34,-9.52,-57.6,35.62,6034.32
Denmark,DNK,1/1/23,3.37,3370,566.56,-0.17,-4.8,-28.58,3.37,566.56
Denmark,DNK,2/1/23,2.95,2950,495.95,-0.31,-9.51,-52.12,6.32,1062.52
Denmark,DNK,3/1/23,3.28,3280,551.43,0.08,2.5,13.45,9.6,1613.95
Denmark,DNK,4/1/23,2.81,2810,472.42,-0.1,-3.44,-16.81,12.41,2086.37
Denmark,DNK,5/1/23,2.76,2760,464.01,-0.08,-2.82,-13.45,15.17,2550.38
Denmark,DNK,6/1/23,2.6,2600,437.11,-0.1,-3.7,-16.81,17.77,2987.49
Denmark,DNK,7/1/23,2.48,2480,416.94,-0.11,-4.25,-18.49,20.25,3404.43
Denmark,DNK,8/1/23,2.7,2700,453.92,-0.08,-2.88,-13.45,22.95,3858.35
Denmark,DNK,9/1/23,2.64,2640,443.84,-0.03,-1.12,-5.04,25.59,4302.19
Denmark,DNK,10/1/23,3.25,3250,546.39,0.45,16.07,75.65,28.84,4848.57
Denmark,DNK,11/1/23,3.43,3430,576.65,0.33,10.65,55.48,32.27,5425.23
Denmark,DNK,12/1/23,3.58,3580,601.87,0.35,10.84,58.84,35.85,6027.09
Denmark,DNK,1/1/24,3.89,3890,650.78,0.52,15.43,86.99,3.89,650.78
Denmark,DNK,2/1/24,3.37,3370,563.79,0.42,14.24,70.26,7.26,1214.57
Denmark,DNK,3/1/24,3.39,3390,567.14,0.11,3.35,18.4,10.65,1781.71
Denmark,DNK,4/1/24,3.18,3180,532,0.37,13.17,61.9,13.83,2313.71
Denmark,DNK,5/1/24,2.94,2940,491.85,0.18,6.52,30.11,16.77,2805.56
Denmark,DNK,6/1/24,2.84,2840,475.12,0.24,9.23,40.15,19.61,3280.69
Denmark,DNK,7/1/24,2.69,2690,450.03,0.21,8.47,35.13,22.3,3730.71
Denmark,DNK,8/1/24,2.93,2930,490.18,0.23,8.52,38.48,25.23,4220.89
Denmark,DNK,9/1/24,2.86,2860,478.47,0.22,8.33,36.81,28.09,4699.36
Denmark,DNK,10/1/24,3.18,3180,532,-0.07,-2.15,-11.71,31.27,5231.36
Denmark,DNK,11/1/24,3.37,3370,563.79,-0.06,-1.75,-10.04,34.64,5795.15
Denmark,DNK,12/1/24,3.61,3610,603.94,0.03,0.84,5.02,38.25,6399.09
Denmark,DNK,1/1/25,3.79,3790,631.4,-0.1,-2.57,-16.66,3.79,631.4
Denmark,DNK,2/1/25,3.44,3440,573.09,0.07,2.08,11.66,7.23,1204.5
Denmark,DNK,3/1/25,3.54,3540,589.75,0.15,4.42,24.99,10.77,1794.25
Denmark,DNK,4/1/25,3.08,3080,513.12,-0.1,-3.14,-16.66,13.85,2307.37
Denmark,DNK,5/1/25,3.21,3210,534.78,0.27,9.18,44.98,17.06,2842.14
Denmark,DNK,6/1/25,2.91,2910,484.8,0.07,2.46,11.66,19.97,3326.94
Denmark,DNK,7/1/25,2.93,2930,488.13,0.24,8.92,39.98,22.9,3815.07
Estonia,EST,1/1/15,0.81,810,616.17,,,,0.81,616.17
Estonia,EST,2/1/15,0.68,680,517.28,,,,1.49,1133.44
Estonia,EST,3/1/15,0.7,700,532.49,,,,2.19,1665.93
Estonia,EST,4/1/15,0.65,650,494.45,,,,2.84,2160.39
Estonia,EST,5/1/15,0.62,620,471.63,,,,3.46,2632.02
Estonia,EST,6/1/15,0.55,550,418.38,,,,4.01,3050.4
Estonia,EST,7/1/15,0.55,550,418.38,,,,4.56,3468.79
Estonia,EST,8/1/15,0.58,580,441.21,,,,5.14,3909.99
Estonia,EST,9/1/15,0.62,620,471.63,,,,5.76,4381.63
Estonia,EST,10/1/15,0.71,710,540.1,,,,6.47,4921.72
Estonia,EST,11/1/15,0.72,720,547.7,,,,7.19,5469.43
Estonia,EST,12/1/15,0.73,730,555.31,,,,7.92,6024.74
Estonia,EST,1/1/16,0.86,860,653.57,0.05,6.17,38,0.86,653.57
Estonia,EST,2/1/16,0.74,740,562.37,0.06,8.82,45.6,1.6,1215.94
Estonia,EST,3/1/16,0.75,750,569.97,0.05,7.14,38,2.35,1785.92
Estonia,EST,4/1/16,0.65,650,493.98,0,0,0,3,2279.9
Estonia,EST,5/1/16,0.6,600,455.98,-0.02,-3.23,-15.2,3.6,2735.87
Estonia,EST,6/1/16,0.56,560,425.58,0.01,1.82,7.6,4.16,3161.45
Estonia,EST,7/1/16,0.57,570,433.18,0.02,3.64,15.2,4.73,3594.63
Estonia,EST,8/1/16,0.59,590,448.38,0.01,1.72,7.6,5.32,4043.01
Estonia,EST,9/1/16,0.59,590,448.38,-0.03,-4.84,-22.8,5.91,4491.39
Estonia,EST,10/1/16,0.67,670,509.18,-0.04,-5.63,-30.4,6.58,5000.57
Estonia,EST,11/1/16,0.76,760,577.57,0.04,5.56,30.4,7.34,5578.14
Estonia,EST,12/1/16,0.78,780,592.77,0.05,6.85,38,8.12,6170.92
Estonia,EST,1/1/17,0.83,830,630.02,-0.03,-3.49,-22.77,0.83,630.02
Estonia,EST,2/1/17,0.73,730,554.11,-0.01,-1.35,-7.59,1.56,1184.13
Estonia,EST,3/1/17,0.75,750,569.29,0,0,0,2.31,1753.43
Estonia,EST,4/1/17,0.67,670,508.57,0.02,3.08,15.18,2.98,2262
Estonia,EST,5/1/17,0.62,620,470.62,0.02,3.33,15.18,3.6,2732.61
Estonia,EST,6/1/17,0.58,580,440.25,0.02,3.57,15.18,4.18,3172.87
Estonia,EST,7/1/17,0.58,580,440.25,0.01,1.75,7.59,4.76,3613.12
Estonia,EST,8/1/17,0.62,620,470.62,0.03,5.08,22.77,5.38,4083.74
Estonia,EST,9/1/17,0.61,610,463.03,0.02,3.39,15.18,5.99,4546.77
Estonia,EST,10/1/17,0.7,700,531.34,0.03,4.48,22.77,6.69,5078.11
Estonia,EST,11/1/17,0.73,730,554.11,-0.03,-3.95,-22.77,7.42,5632.22
Estonia,EST,12/1/17,0.77,770,584.48,-0.01,-1.28,-7.59,8.19,6216.7
Estonia,EST,1/1/18,0.82,820,620.29,-0.01,-1.2,-7.56,0.82,620.29
Estonia,EST,2/1/18,0.82,820,620.29,0.09,12.33,68.08,1.64,1240.58
Estonia,EST,3/1/18,0.84,840,635.42,0.09,12,68.08,2.48,1876
Estonia,EST,4/1/18,0.63,630,476.57,-0.04,-5.97,-30.26,3.11,2352.57
Estonia,EST,5/1/18,0.69,690,521.95,0.07,11.29,52.95,3.8,2874.52
Estonia,EST,6/1/18,0.54,540,408.48,-0.04,-6.9,-30.26,4.34,3283
Estonia,EST,7/1/18,0.58,580,438.74,0,0,0,4.92,3721.75
Estonia,EST,8/1/18,0.6,600,453.87,-0.02,-3.23,-15.13,5.52,4175.62
Estonia,EST,9/1/18,0.6,600,453.87,-0.01,-1.64,-7.56,6.12,4629.49
Estonia,EST,10/1/18,0.71,710,537.08,0.01,1.43,7.56,6.83,5166.57
Estonia,EST,11/1/18,0.74,740,559.77,0.01,1.37,7.56,7.57,5726.35
Estonia,EST,12/1/18,0.79,790,597.6,0.02,2.6,15.13,8.36,6323.94
Estonia,EST,1/1/19,0.87,870,655.7,0.05,6.1,37.68,0.87,655.7
Estonia,EST,2/1/19,0.73,730,550.19,-0.09,-10.98,-67.83,1.6,1205.89
Estonia,EST,3/1/19,0.75,750,565.26,-0.09,-10.71,-67.83,2.35,1771.15
Estonia,EST,4/1/19,0.63,630,474.82,0,0,0,2.98,2245.97
Estonia,EST,5/1/19,0.62,620,467.28,-0.07,-10.14,-52.76,3.6,2713.25
Estonia,EST,6/1/19,0.56,560,422.06,0.02,3.7,15.07,4.16,3135.32
Estonia,EST,7/1/19,0.57,570,429.6,-0.01,-1.72,-7.54,4.73,3564.91
Estonia,EST,8/1/19,0.59,590,444.67,-0.01,-1.67,-7.54,5.32,4009.59
Estonia,EST,9/1/19,0.61,610,459.75,0.01,1.67,7.54,5.93,4469.33
Estonia,EST,10/1/19,0.7,700,527.58,-0.01,-1.41,-7.54,6.63,4996.91
Estonia,EST,11/1/19,0.75,750,565.26,0.01,1.35,7.54,7.38,5562.17
Estonia,EST,12/1/19,0.75,750,565.26,-0.04,-5.06,-30.15,8.13,6127.43
Estonia,EST,1/1/20,0.76,760,571.57,-0.11,-12.64,-82.73,0.76,571.57
Estonia,EST,2/1/20,0.75,750,564.05,0.02,2.74,15.04,1.51,1135.62
Estonia,EST,3/1/20,0.75,750,564.05,0,0,0,2.26,1699.67
Estonia,EST,4/1/20,0.64,640,481.32,0.01,1.59,7.52,2.9,2180.99
Estonia,EST,5/1/20,0.61,610,458.76,-0.01,-1.61,-7.52,3.51,2639.75
Estonia,EST,6/1/20,0.56,560,421.16,0,0,0,4.07,3060.91
Estonia,EST,7/1/20,0.58,580,436.2,0.01,1.75,7.52,4.65,3497.11
Estonia,EST,8/1/20,0.59,590,443.72,0,0,0,5.24,3940.83
Estonia,EST,9/1/20,0.6,600,451.24,-0.01,-1.64,-7.52,5.84,4392.07
Estonia,EST,10/1/20,0.67,670,503.88,-0.03,-4.29,-22.56,6.51,4895.95
Estonia,EST,11/1/20,0.72,720,541.49,-0.03,-4,-22.56,7.23,5437.44
Estonia,EST,12/1/20,0.8,800,601.65,0.05,6.67,37.6,8.03,6039.09
Estonia,EST,1/1/21,0.85,850,638.26,0.09,11.84,67.58,0.85,638.26
Estonia,EST,2/1/21,0.8,800,600.71,0.05,6.67,37.54,1.65,1238.97
Estonia,EST,3/1/21,0.8,800,600.71,0.05,6.67,37.54,2.45,1839.68
Estonia,EST,4/1/21,0.67,670,503.1,0.03,4.69,22.53,3.12,2342.78
Estonia,EST,5/1/21,0.63,630,473.06,0.02,3.28,15.02,3.75,2815.84
Estonia,EST,6/1/21,0.58,580,435.52,0.02,3.57,15.02,4.33,3251.36
Estonia,EST,7/1/21,0.59,590,443.03,0.01,1.72,7.51,4.92,3694.39
Estonia,EST,8/1/21,0.62,620,465.55,0.03,5.08,22.53,5.54,4159.94
Estonia,EST,9/1/21,0.63,630,473.06,0.03,5,22.53,6.17,4633
Estonia,EST,10/1/21,0.66,660,495.59,-0.01,-1.49,-7.51,6.83,5128.59
Estonia,EST,11/1/21,0.76,760,570.68,0.04,5.56,30.04,7.59,5699.27
Estonia,EST,12/1/21,0.85,850,638.26,0.05,6.25,37.54,8.44,6337.53
Estonia,EST,1/1/22,0.83,830,614.77,-0.02,-2.35,-14.81,0.83,614.77
Estonia,EST,2/1/22,0.71,710,525.89,-0.09,-11.25,-66.66,1.54,1140.66
Estonia,EST,3/1/22,0.78,780,577.74,-0.02,-2.5,-14.81,2.32,1718.4
Estonia,EST,4/1/22,0.7,700,518.48,0.03,4.48,22.22,3.02,2236.89
Estonia,EST,5/1/22,0.61,610,451.82,-0.02,-3.17,-14.81,3.63,2688.71
Estonia,EST,6/1/22,0.55,550,407.38,-0.03,-5.17,-22.22,4.18,3096.09
Estonia,EST,7/1/22,0.54,540,399.97,-0.05,-8.47,-37.03,4.72,3496.06
Estonia,EST,8/1/22,0.59,590,437.01,-0.03,-4.84,-22.22,5.31,3933.07
Estonia,EST,9/1/22,0.62,620,459.23,-0.01,-1.59,-7.41,5.93,4392.3
Estonia,EST,10/1/22,0.63,630,466.64,-0.03,-4.55,-22.22,6.56,4858.94
Estonia,EST,11/1/22,0.66,660,488.86,-0.1,-13.16,-74.07,7.22,5347.79
Estonia,EST,12/1/22,0.76,760,562.93,-0.09,-10.59,-66.66,7.98,5910.72
Estonia,EST,1/1/23,0.78,780,570.51,-0.05,-6.02,-36.57,0.78,570.51
Estonia,EST,2/1/23,0.7,700,512,-0.01,-1.41,-7.31,1.48,1082.5
Estonia,EST,3/1/23,0.74,740,541.25,-0.04,-5.13,-29.26,2.22,1623.76
Estonia,EST,4/1/23,0.59,590,431.54,-0.11,-15.71,-80.46,2.81,2055.3
Estonia,EST,5/1/23,0.61,610,446.17,0,0,0,3.42,2501.46
Estonia,EST,6/1/23,0.55,550,402.28,0,0,0,3.97,2903.74
Estonia,EST,7/1/23,0.54,540,394.97,0,0,0,4.51,3298.71
Estonia,EST,8/1/23,0.59,590,431.54,0,0,0,5.1,3730.25
Estonia,EST,9/1/23,0.57,570,416.91,-0.05,-8.06,-36.57,5.67,4147.16
Estonia,EST,10/1/23,0.69,690,504.68,0.06,9.52,43.89,6.36,4651.84
Estonia,EST,11/1/23,0.74,740,541.25,0.08,12.12,58.51,7.1,5193.1
Estonia,EST,12/1/23,0.8,800,585.14,0.04,5.26,29.26,7.9,5778.23
Estonia,EST,1/1/24,0.86,860,632.1,0.08,10.26,58.8,0.86,632.1
Estonia,EST,2/1/24,0.73,730,536.55,0.03,4.29,22.05,1.59,1168.65
Estonia,EST,3/1/24,0.7,700,514.5,-0.04,-5.41,-29.4,2.29,1683.14
Estonia,EST,4/1/24,0.64,640,470.4,0.05,8.47,36.75,2.93,2153.54
Estonia,EST,5/1/24,0.55,550,404.25,-0.06,-9.84,-44.1,3.48,2557.79
Estonia,EST,6/1/24,0.51,510,374.85,-0.04,-7.27,-29.4,3.99,2932.64
Estonia,EST,7/1/24,0.51,510,374.85,-0.03,-5.56,-22.05,4.5,3307.49
Estonia,EST,8/1/24,0.56,560,411.6,-0.03,-5.08,-22.05,5.06,3719.08
Estonia,EST,9/1/24,0.55,550,404.25,-0.02,-3.51,-14.7,5.61,4123.33
Estonia,EST,10/1/24,0.65,650,477.75,-0.04,-5.8,-29.4,6.26,4601.08
Estonia,EST,11/1/24,0.7,700,514.5,-0.04,-5.41,-29.4,6.96,5115.58
Estonia,EST,12/1/24,0.78,780,573.3,-0.02,-2.5,-14.7,7.74,5688.88
Estonia,EST,1/1/25,0.77,770,572.82,-0.09,-10.47,-66.95,0.77,572.82
Estonia,EST,2/1/25,0.71,710,528.18,-0.02,-2.74,-14.88,1.48,1101
Estonia,EST,3/1/25,0.7,700,520.74,0,0,0,2.18,1621.75
Estonia,EST,4/1/25,0.63,630,468.67,-0.01,-1.56,-7.44,2.81,2090.42
Estonia,EST,5/1/25,0.6,600,446.35,0.05,9.09,37.2,3.41,2536.77
Estonia,EST,6/1/25,0.54,540,401.72,0.03,5.88,22.32,3.95,2938.49
Estonia,EST,7/1/25,0.56,560,416.6,0.05,9.8,37.2,4.51,3355.08
Finland,FIN,1/1/17,8.72,8720,1583.04,,,,8.72,1583.04
Finland,FIN,2/1/17,8.03,8030,1457.77,,,,16.75,3040.81
Finland,FIN,3/1/17,8.07,8070,1465.04,,,,24.82,4505.85
Finland,FIN,4/1/17,7.22,7220,1310.73,,,,32.04,5816.57
Finland,FIN,5/1/17,6.61,6610,1199.99,,,,38.65,7016.56
Finland,FIN,6/1/17,5.85,5850,1062.01,,,,44.5,8078.57
Finland,FIN,7/1/17,5.93,5930,1076.54,,,,50.43,9155.11
Finland,FIN,8/1/17,6.22,6220,1129.18,,,,56.65,10284.29
Finland,FIN,9/1/17,6.45,6450,1170.94,,,,63.1,11455.23
Finland,FIN,10/1/17,7.3,7300,1325.25,,,,70.4,12780.48
Finland,FIN,11/1/17,7.68,7680,1394.23,,,,78.08,14174.71
Finland,FIN,12/1/17,8.08,8080,1466.85,,,,86.16,15641.57
Finland,FIN,1/1/18,8.84,8840,1602.69,0.12,1.38,21.76,8.84,1602.69
Finland,FIN,2/1/18,8.65,8650,1568.24,0.62,7.72,112.41,17.49,3170.93
Finland,FIN,3/1/18,9.1,9100,1649.82,1.03,12.76,186.74,26.59,4820.75
Finland,FIN,4/1/18,7.28,7280,1319.86,0.06,0.83,10.88,33.87,6140.61
Finland,FIN,5/1/18,6.44,6440,1167.57,-0.17,-2.57,-30.82,40.31,7308.18
Finland,FIN,6/1/18,6.03,6030,1093.23,0.18,3.08,32.63,46.34,8401.41
Finland,FIN,7/1/18,6.29,6290,1140.37,0.36,6.07,65.27,52.63,9541.78
Finland,FIN,8/1/18,6.43,6430,1165.75,0.21,3.38,38.07,59.06,10707.54
Finland,FIN,9/1/18,6.44,6440,1167.57,-0.01,-0.16,-1.81,65.5,11875.11
Finland,FIN,10/1/18,7.32,7320,1327.11,0.02,0.27,3.63,72.82,13202.22
Finland,FIN,11/1/18,7.73,7730,1401.44,0.05,0.65,9.06,80.55,14603.66
Finland,FIN,12/1/18,8.56,8560,1551.92,0.48,5.94,87.02,89.11,16155.58
Finland,FIN,1/1/19,9.56,9560,1731.33,0.72,8.14,130.39,9.56,1731.33
Finland,FIN,2/1/19,7.92,7920,1434.33,-0.73,-8.44,-132.2,17.48,3165.66
Finland,FIN,3/1/19,8.26,8260,1495.9,-0.84,-9.23,-152.13,25.74,4661.56
Finland,FIN,4/1/19,7,7000,1267.71,-0.28,-3.85,-50.71,32.74,5929.27
Finland,FIN,5/1/19,6.58,6580,1191.65,0.14,2.17,25.35,39.32,7120.92
Finland,FIN,6/1/19,5.77,5770,1044.96,-0.26,-4.31,-47.09,45.09,8165.87
Finland,FIN,7/1/19,6.06,6060,1097.48,-0.23,-3.66,-41.65,51.15,9263.35
Finland,FIN,8/1/19,6.23,6230,1128.26,-0.2,-3.11,-36.22,57.38,10391.61
Finland,FIN,9/1/19,6.4,6400,1159.05,-0.04,-0.62,-7.24,63.78,11550.67
Finland,FIN,10/1/19,7.42,7420,1343.77,0.1,1.37,18.11,71.2,12894.44
Finland,FIN,11/1/19,7.8,7800,1412.59,0.07,0.91,12.68,79,14307.03
Finland,FIN,12/1/19,7.78,7780,1408.97,-0.78,-9.11,-141.26,86.78,15716
Finland,FIN,1/1/20,7.86,7860,1421.44,-1.7,-17.78,-307.44,7.86,1421.44
Finland,FIN,2/1/20,7.33,7330,1325.59,-0.59,-7.45,-106.7,15.19,2747.03
Finland,FIN,3/1/20,7.87,7870,1423.25,-0.39,-4.72,-70.53,23.06,4170.28
Finland,FIN,4/1/20,6.85,6850,1238.79,-0.15,-2.14,-27.13,29.91,5409.06
Finland,FIN,5/1/20,6.25,6250,1130.28,-0.33,-5.02,-59.68,36.16,6539.34
Finland,FIN,6/1/20,5.62,5620,1016.35,-0.15,-2.6,-27.13,41.78,7555.69
Finland,FIN,7/1/20,5.64,5640,1019.96,-0.42,-6.93,-75.95,47.42,8575.65
Finland,FIN,8/1/20,5.91,5910,1068.79,-0.32,-5.14,-57.87,53.33,9644.44
Finland,FIN,9/1/20,6.02,6020,1088.68,-0.38,-5.94,-68.72,59.35,10733.13
Finland,FIN,10/1/20,6.88,6880,1244.21,-0.54,-7.28,-97.66,66.23,11977.34
Finland,FIN,11/1/20,7.21,7210,1303.89,-0.59,-7.56,-106.7,73.44,13281.23
Finland,FIN,12/1/20,7.89,7890,1426.86,0.11,1.41,19.89,81.33,14708.09
Finland,FIN,1/1/21,8.98,8980,1620.62,1.12,14.25,202.13,8.98,1620.62
Finland,FIN,2/1/21,8.56,8560,1544.83,1.23,16.78,221.98,17.54,3165.45
Finland,FIN,3/1/21,8.19,8190,1478.05,0.32,4.07,57.75,25.73,4643.5
Finland,FIN,4/1/21,7.01,7010,1265.1,0.16,2.34,28.88,32.74,5908.6
Finland,FIN,5/1/21,6.56,6560,1183.88,0.31,4.96,55.95,39.3,7092.48
Finland,FIN,6/1/21,5.74,5740,1035.9,0.12,2.14,21.66,45.04,8128.38
Finland,FIN,7/1/21,5.92,5920,1068.38,0.28,4.96,50.53,50.96,9196.76
Finland,FIN,8/1/21,6.11,6110,1102.67,0.2,3.38,36.09,57.07,10299.44
Finland,FIN,9/1/21,6.3,6300,1136.96,0.28,4.65,50.53,63.37,11436.4
Finland,FIN,10/1/21,6.99,6990,1261.49,0.11,1.6,19.85,70.36,12697.89
Finland,FIN,11/1/21,7.79,7790,1405.86,0.58,8.04,104.67,78.15,14103.75
Finland,FIN,12/1/21,9.56,9560,1725.3,1.67,21.17,301.39,87.71,15829.04
Finland,FIN,1/1/22,8.76,8760,1572.91,-0.22,-2.45,-39.5,8.76,1572.91
Finland,FIN,2/1/22,7.71,7710,1384.38,-0.85,-9.93,-152.62,16.47,2957.28
Finland,FIN,3/1/22,7.8,7800,1400.54,-0.39,-4.76,-70.03,24.27,4357.82
Finland,FIN,4/1/22,6.93,6930,1244.32,-0.08,-1.14,-14.36,31.2,5602.14
Finland,FIN,5/1/22,6.61,6610,1186.86,0.05,0.76,8.98,37.81,6789
Finland,FIN,6/1/22,5.9,5900,1059.38,0.16,2.79,28.73,43.71,7848.38
Finland,FIN,7/1/22,5.82,5820,1045.01,-0.1,-1.69,-17.96,49.53,8893.4
Finland,FIN,8/1/22,6.03,6030,1082.72,-0.08,-1.31,-14.36,55.56,9976.12
Finland,FIN,9/1/22,5.9,5900,1059.38,-0.4,-6.35,-71.82,61.46,11035.5
Finland,FIN,10/1/22,6.51,6510,1168.91,-0.48,-6.87,-86.19,67.97,12204.41
Finland,FIN,11/1/22,7.15,7150,1283.82,-0.64,-8.22,-114.92,75.12,13488.23
Finland,FIN,12/1/22,7.99,7990,1434.65,-1.57,-16.42,-281.9,83.11,14922.88
Finland,FIN,1/1/23,7.85,7850,1401.49,-0.91,-10.39,-162.47,7.85,1401.49
Finland,FIN,2/1/23,7.03,7030,1255.09,-0.68,-8.82,-121.4,14.88,2656.58
Finland,FIN,3/1/23,7.77,7770,1387.21,-0.03,-0.38,-5.36,22.65,4043.78
Finland,FIN,4/1/23,6.43,6430,1147.97,-0.5,-7.22,-89.27,29.08,5191.75
Finland,FIN,5/1/23,5.92,5920,1056.92,-0.69,-10.44,-123.19,35,6248.67
Finland,FIN,6/1/23,5.35,5350,955.15,-0.55,-9.32,-98.19,40.35,7203.83
Finland,FIN,7/1/23,5.39,5390,962.3,-0.43,-7.39,-76.77,45.74,8166.12
Finland,FIN,8/1/23,5.72,5720,1021.21,-0.31,-5.14,-55.35,51.46,9187.33
Finland,FIN,9/1/23,5.65,5650,1008.71,-0.25,-4.24,-44.63,57.11,10196.05
Finland,FIN,10/1/23,7.03,7030,1255.09,0.52,7.99,92.84,64.14,11451.14
Finland,FIN,11/1/23,7.81,7810,1394.35,0.66,9.23,117.83,71.95,12845.48
Finland,FIN,12/1/23,8.55,8550,1526.46,0.56,7.01,99.98,80.5,14371.95
Finland,FIN,1/1/24,9.57,9570,1703.66,1.72,21.91,306.2,9.57,1703.66
Finland,FIN,2/1/24,8.14,8140,1449.09,1.11,15.79,197.6,17.71,3152.75
Finland,FIN,3/1/24,7.39,7390,1315.58,-0.38,-4.89,-67.65,25.1,4468.33
Finland,FIN,4/1/24,6.84,6840,1217.66,0.41,6.38,72.99,31.94,5686
Finland,FIN,5/1/24,6.2,6200,1103.73,0.28,4.73,49.85,38.14,6789.73
Finland,FIN,6/1/24,5.64,5640,1004.04,0.29,5.42,51.63,43.78,7793.77
Finland,FIN,7/1/24,5.88,5880,1046.76,0.49,9.09,87.23,49.66,8840.53
Finland,FIN,8/1/24,6.11,6110,1087.71,0.39,6.82,69.43,55.77,9928.24
Finland,FIN,9/1/24,5.92,5920,1053.89,0.27,4.78,48.07,61.69,10982.12
Finland,FIN,10/1/24,6.85,6850,1219.44,-0.18,-2.56,-32.04,68.54,12201.57
Finland,FIN,11/1/24,7.33,7330,1304.9,-0.48,-6.15,-85.45,75.87,13506.46
Finland,FIN,12/1/24,8.29,8290,1475.8,-0.26,-3.04,-46.29,84.16,14982.26
Finland,FIN,1/1/25,8.64,8640,1536.46,-0.93,-9.72,-165.38,8.64,1536.46
Finland,FIN,2/1/25,7.99,7990,1420.87,-0.15,-1.84,-26.67,16.63,2957.32
Finland,FIN,3/1/25,8.05,8050,1431.54,0.66,8.93,117.37,24.68,4388.86
Finland,FIN,4/1/25,7.06,7060,1255.48,0.22,3.22,39.12,31.74,5644.34
Finland,FIN,5/1/25,6.72,6720,1195.02,0.52,8.39,92.47,38.46,6839.36
Finland,FIN,6/1/25,5.91,5910,1050.98,0.27,4.79,48.01,44.37,7890.34
Finland,FIN,7/1/25,5.96,5960,1059.87,0.08,1.36,14.23,50.33,8950.21
France,FRA,1/1/15,54.8,54800,844.16,,,,54.8,844.16
France,FRA,2/1/15,49.79,49790,766.99,,,,104.59,1611.15
France,FRA,3/1/15,47.02,47020,724.32,,,,151.61,2335.47
France,FRA,4/1/15,37.82,37820,582.6,,,,189.43,2918.07
France,FRA,5/1/15,35,35000,539.16,,,,224.43,3457.22
France,FRA,6/1/15,34.4,34400,529.91,,,,258.83,3987.13
France,FRA,7/1/15,36,36000,554.56,,,,294.83,4541.69
France,FRA,8/1/15,32.28,32280,497.26,,,,327.11,5038.95
France,FRA,9/1/15,34.52,34520,531.76,,,,361.63,5570.71
France,FRA,10/1/15,40.26,40260,620.18,,,,401.89,6190.9
France,FRA,11/1/15,42.01,42010,647.14,,,,443.9,6838.04
France,FRA,12/1/15,45.55,45550,701.67,,,,489.45,7539.71
France,FRA,1/1/16,49.53,49530,760.98,-5.27,-9.62,-80.97,49.53,760.98
France,FRA,2/1/16,45.73,45730,702.6,-4.06,-8.15,-62.38,95.26,1463.58
France,FRA,3/1/16,46.71,46710,717.66,-0.31,-0.66,-4.76,141.97,2181.24
France,FRA,4/1/16,38.51,38510,591.67,0.69,1.82,10.6,180.48,2772.91
France,FRA,5/1/16,34.31,34310,527.14,-0.69,-1.97,-10.6,214.79,3300.05
France,FRA,6/1/16,32.3,32300,496.26,-2.1,-6.1,-32.26,247.09,3796.31
France,FRA,7/1/16,33.5,33500,514.7,-2.5,-6.94,-38.41,280.59,4311.01
France,FRA,8/1/16,32.05,32050,492.42,-0.23,-0.71,-3.53,312.64,4803.42
France,FRA,9/1/16,33.19,33190,509.93,-1.33,-3.85,-20.43,345.83,5313.36
France,FRA,10/1/16,38.44,38440,590.6,-1.82,-4.52,-27.96,384.27,5903.95
France,FRA,11/1/16,44.03,44030,676.48,2.02,4.81,31.04,428.3,6580.43
France,FRA,12/1/16,50.43,50430,774.81,4.88,10.71,74.98,478.73,7355.24
France,FRA,1/1/17,57.03,57030,873.56,7.5,15.14,114.88,57.03,873.56
France,FRA,2/1/17,43.51,43510,666.46,-2.22,-4.85,-34,100.54,1540.02
France,FRA,3/1/17,42.3,42300,647.93,-4.41,-9.44,-67.55,142.84,2187.95
France,FRA,4/1/17,36.64,36640,561.23,-1.87,-4.86,-28.64,179.48,2749.19
France,FRA,5/1/17,34.8,34800,533.05,0.49,1.43,7.51,214.28,3282.23
France,FRA,6/1/17,33.33,33330,510.53,1.03,3.19,15.78,247.61,3792.77
France,FRA,7/1/17,33.81,33810,517.88,0.31,0.93,4.75,281.42,4310.65
France,FRA,8/1/17,31.95,31950,489.39,-0.1,-0.31,-1.53,313.37,4800.05
France,FRA,9/1/17,33.54,33540,513.75,0.35,1.05,5.36,346.91,5313.79
France,FRA,10/1/17,36.38,36380,557.25,-2.06,-5.36,-31.55,383.29,5871.05
France,FRA,11/1/17,44.16,44160,676.42,0.13,0.3,1.99,427.45,6547.47
France,FRA,12/1/17,50.68,50680,776.29,0.25,0.5,3.83,478.13,7323.76
France,FRA,1/1/18,47.7,47700,728.03,-9.33,-16.36,-142.4,47.7,728.03
France,FRA,2/1/18,49.21,49210,751.07,5.7,13.1,87,96.91,1479.1
France,FRA,3/1/18,47.52,47520,725.28,5.22,12.34,79.67,144.43,2204.38
France,FRA,4/1/18,35.93,35930,548.39,-0.71,-1.94,-10.84,180.36,2752.77
France,FRA,5/1/18,33.49,33490,511.15,-1.31,-3.76,-19.99,213.85,3263.91
France,FRA,6/1/18,31.96,31960,487.79,-1.37,-4.11,-20.91,245.81,3751.71
France,FRA,7/1/18,34.15,34150,521.22,0.34,1.01,5.19,279.96,4272.93
France,FRA,8/1/18,31.98,31980,488.1,0.03,0.09,0.46,311.94,4761.03
France,FRA,9/1/18,32.42,32420,494.81,-1.12,-3.34,-17.09,344.36,5255.84
France,FRA,10/1/18,36.49,36490,556.93,0.11,0.3,1.68,380.85,5812.77
France,FRA,11/1/18,43.01,43010,656.45,-1.15,-2.6,-17.55,423.86,6469.22
France,FRA,12/1/18,46.81,46810,714.44,-3.87,-7.64,-59.07,470.67,7183.66
France,FRA,1/1/19,53.27,53270,810.44,5.57,11.68,84.74,53.27,810.44
France,FRA,2/1/19,43.45,43450,661.04,-5.76,-11.7,-87.63,96.72,1471.49
France,FRA,3/1/19,42.38,42380,644.76,-5.14,-10.82,-78.2,139.1,2116.25
France,FRA,4/1/19,37.55,37550,571.28,1.62,4.51,24.65,176.65,2687.53
France,FRA,5/1/19,35.06,35060,533.4,1.57,4.69,23.89,211.71,3220.93
France,FRA,6/1/19,32.09,32090,488.21,0.13,0.41,1.98,243.8,3709.14
France,FRA,7/1/19,34.15,34150,519.55,0,0,0,277.95,4228.69
France,FRA,8/1/19,31.12,31120,473.46,-0.86,-2.69,-13.08,309.07,4702.15
France,FRA,9/1/19,31.79,31790,483.65,-0.63,-1.94,-9.58,340.86,5185.8
France,FRA,10/1/19,35.42,35420,538.88,-1.07,-2.93,-16.28,376.28,5724.67
France,FRA,11/1/19,43.08,43080,655.41,0.07,0.16,1.06,419.36,6380.09
France,FRA,12/1/19,45.95,45950,699.08,-0.86,-1.84,-13.08,465.31,7079.17
France,FRA,1/1/20,48.62,48620,737.73,-4.65,-8.73,-70.56,48.62,737.73
France,FRA,2/1/20,42.53,42530,645.32,-0.92,-2.12,-13.96,91.15,1383.05
France,FRA,3/1/20,40.83,40830,619.53,-1.55,-3.66,-23.52,131.98,2002.57
France,FRA,4/1/20,30.29,30290,459.6,-7.26,-19.33,-110.16,162.27,2462.17
France,FRA,5/1/20,30.25,30250,458.99,-4.81,-13.72,-72.98,192.52,2921.16
France,FRA,6/1/20,30.06,30060,456.11,-2.03,-6.33,-30.8,222.58,3377.27
France,FRA,7/1/20,32.47,32470,492.68,-1.68,-4.92,-25.49,255.05,3869.95
France,FRA,8/1/20,31.03,31030,470.83,-0.09,-0.29,-1.37,286.08,4340.77
France,FRA,9/1/20,32.07,32070,486.61,0.28,0.88,4.25,318.15,4827.38
France,FRA,10/1/20,37.77,37770,573.1,2.35,6.63,35.66,355.92,5400.48
France,FRA,11/1/20,39.48,39480,599.04,-3.6,-8.36,-54.62,395.4,5999.52
France,FRA,12/1/20,47.14,47140,715.27,1.19,2.59,18.06,442.54,6714.79
France,FRA,1/1/21,52.69,52690,797.32,4.07,8.37,61.59,52.69,797.32
France,FRA,2/1/21,42.7,42700,646.15,0.17,0.4,2.57,95.39,1443.48
France,FRA,3/1/21,43.39,43390,656.59,2.56,6.27,38.74,138.78,2100.07
France,FRA,4/1/21,37.42,37420,566.25,7.13,23.54,107.89,176.2,2666.32
France,FRA,5/1/21,34.41,34410,520.7,4.16,13.75,62.95,210.61,3187.03
France,FRA,6/1/21,31.51,31510,476.82,1.45,4.82,21.94,242.12,3663.85
France,FRA,7/1/21,32.27,32270,488.32,-0.2,-0.62,-3.03,274.39,4152.17
France,FRA,8/1/21,30.48,30480,461.23,-0.55,-1.77,-8.32,304.87,4613.41
France,FRA,9/1/21,31.91,31910,482.87,-0.16,-0.5,-2.42,336.78,5096.28
France,FRA,10/1/21,36.13,36130,546.73,-1.64,-4.34,-24.82,372.91,5643.01
France,FRA,11/1/21,43.85,43850,663.55,4.37,11.07,66.13,416.76,6306.57
France,FRA,12/1/21,48.51,48510,734.07,1.37,2.91,20.73,465.27,7040.64
France,FRA,1/1/22,51.68,51680,779.75,-1.01,-1.92,-15.24,51.68,779.75
France,FRA,2/1/22,42.06,42060,634.61,-0.64,-1.5,-9.66,93.74,1414.36
France,FRA,3/1/22,41.76,41760,630.08,-1.63,-3.76,-24.59,135.5,2044.44
France,FRA,4/1/22,35.88,35880,541.36,-1.54,-4.12,-23.24,171.38,2585.8
France,FRA,5/1/22,32.28,32280,487.04,-2.13,-6.19,-32.14,203.66,3072.84
France,FRA,6/1/22,31.74,31740,478.9,0.23,0.73,3.47,235.4,3551.74
France,FRA,7/1/22,33.35,33350,503.19,1.08,3.35,16.3,268.75,4054.93
France,FRA,8/1/22,31.4,31400,473.77,0.92,3.02,13.88,300.15,4528.69
France,FRA,9/1/22,31.35,31350,473.01,-0.56,-1.75,-8.45,331.5,5001.7
France,FRA,10/1/22,31.73,31730,478.75,-4.4,-12.18,-66.39,363.23,5480.45
France,FRA,11/1/22,36.34,36340,548.3,-7.51,-17.13,-113.31,399.57,6028.75
France,FRA,12/1/22,45.27,45270,683.04,-3.24,-6.68,-48.89,444.84,6711.79
France,FRA,1/1/23,46.01,46010,692.52,-5.67,-10.97,-85.34,46.01,692.52
France,FRA,2/1/23,40.8,40800,614.1,-1.26,-3,-18.96,86.81,1306.62
France,FRA,3/1/23,39.41,39410,593.18,-2.35,-5.63,-35.37,126.22,1899.79
France,FRA,4/1/23,33.95,33950,511,-1.93,-5.38,-29.05,160.17,2410.79
France,FRA,5/1/23,31.89,31890,479.99,-0.39,-1.21,-5.87,192.06,2890.78
France,FRA,6/1/23,29.93,29930,450.49,-1.81,-5.7,-27.24,221.99,3341.27
France,FRA,7/1/23,31.14,31140,468.7,-2.21,-6.63,-33.26,253.13,3809.97
France,FRA,8/1/23,30.05,30050,452.3,-1.35,-4.3,-20.32,283.18,4262.27
France,FRA,9/1/23,30.32,30320,456.36,-1.03,-3.29,-15.5,313.5,4718.63
France,FRA,10/1/23,32.04,32040,482.25,0.31,0.98,4.67,345.54,5200.88
France,FRA,11/1/23,37.91,37910,570.6,1.57,4.32,23.63,383.45,5771.48
France,FRA,12/1/23,42.73,42730,643.15,-2.54,-5.61,-38.23,426.18,6414.63
France,FRA,1/1/24,46.91,46910,704.9,0.9,1.96,13.52,46.91,704.9
France,FRA,2/1/24,38.71,38710,581.68,-2.09,-5.12,-31.41,85.62,1286.58
France,FRA,3/1/24,38.53,38530,578.98,-0.88,-2.23,-13.22,124.15,1865.56
France,FRA,4/1/24,34.08,34080,512.11,0.13,0.38,1.95,158.23,2377.66
France,FRA,5/1/24,30.86,30860,463.72,-1.03,-3.23,-15.48,189.09,2841.39
France,FRA,6/1/24,29.64,29640,445.39,-0.29,-0.97,-4.36,218.73,3286.78
France,FRA,7/1/24,31.61,31610,474.99,0.47,1.51,7.06,250.34,3761.77
France,FRA,8/1/24,30.6,30600,459.82,0.55,1.83,8.26,280.94,4221.58
France,FRA,9/1/24,30.36,30360,456.21,0.04,0.13,0.6,311.3,4677.79
France,FRA,10/1/24,33.47,33470,502.94,1.43,4.46,21.49,344.77,5180.73
France,FRA,11/1/24,38.44,38440,577.62,0.53,1.4,7.96,383.21,5758.36
France,FRA,12/1/24,44.91,44910,674.85,2.18,5.1,32.76,428.12,6433.2
France,FRA,1/1/25,48.91,48910,733.82,2,4.26,30.01,48.91,733.82
France,FRA,2/1/25,41.48,41480,622.35,2.77,7.16,41.56,90.39,1356.17
France,FRA,3/1/25,40.16,40160,602.54,1.63,4.23,24.46,130.55,1958.72
France,FRA,4/1/25,32.48,32480,487.32,-1.6,-4.69,-24.01,163.03,2446.03
France,FRA,5/1/25,30.21,30210,453.26,-0.65,-2.11,-9.75,193.24,2899.29
France,FRA,6/1/25,31.04,31040,465.71,1.4,4.72,21,224.28,3365
France,FRA,7/1/25,31.97,31970,479.66,0.36,1.14,5.4,256.25,3844.67
Germany,DEU,1/1/15,51.87,51870,631.96,,,,51.87,631.96
Germany,DEU,2/1/15,45.83,45830,558.37,,,,97.7,1190.34
Germany,DEU,3/1/15,47.2,47200,575.07,,,,144.9,1765.4
Germany,DEU,4/1/15,42.59,42590,518.9,,,,187.49,2284.3
Germany,DEU,5/1/15,42.15,42150,513.54,,,,229.64,2797.84
Germany,DEU,6/1/15,41.7,41700,508.06,,,,271.34,3305.9
Germany,DEU,7/1/15,45.11,45110,549.6,,,,316.45,3855.5
Germany,DEU,8/1/15,42.93,42930,523.04,,,,359.38,4378.54
Germany,DEU,9/1/15,43.84,43840,534.13,,,,403.22,4912.67
Germany,DEU,10/1/15,48.83,48830,594.92,,,,452.05,5507.59
Germany,DEU,11/1/15,50.6,50600,616.49,,,,502.65,6124.08
Germany,DEU,12/1/15,49.28,49280,600.41,,,,551.93,6724.49
Germany,DEU,1/1/16,50.27,50270,607.42,-1.6,-3.08,-19.33,50.27,607.42
Germany,DEU,2/1/16,46.77,46770,565.13,0.94,2.05,11.36,97.04,1172.55
Germany,DEU,3/1/16,46.03,46030,556.19,-1.17,-2.48,-14.14,143.07,1728.73
Germany,DEU,4/1/16,42.84,42840,517.64,0.25,0.59,3.02,185.91,2246.37
Germany,DEU,5/1/16,42.17,42170,509.55,0.02,0.05,0.24,228.08,2755.92
Germany,DEU,6/1/16,41.83,41830,505.44,0.13,0.31,1.57,269.91,3261.35
Germany,DEU,7/1/16,42.98,42980,519.33,-2.13,-4.72,-25.74,312.89,3780.69
Germany,DEU,8/1/16,43.91,43910,530.57,0.98,2.28,11.84,356.8,4311.26
Germany,DEU,9/1/16,44.17,44170,533.71,0.33,0.75,3.99,400.97,4844.97
Germany,DEU,10/1/16,47.55,47550,574.55,-1.28,-2.62,-15.47,448.52,5419.52
Germany,DEU,11/1/16,49.53,49530,598.48,-1.07,-2.11,-12.93,498.05,6018
Germany,DEU,12/1/16,51.36,51360,620.59,2.08,4.22,25.13,549.41,6638.59
Germany,DEU,1/1/17,54.02,54020,650.03,3.75,7.46,45.12,54.02,650.03
Germany,DEU,2/1/17,46.46,46460,559.06,-0.31,-0.66,-3.73,100.48,1209.09
Germany,DEU,3/1/17,48.2,48200,580,2.17,4.71,26.11,148.68,1789.08
Germany,DEU,4/1/17,44.05,44050,530.06,1.21,2.82,14.56,192.73,2319.14
Germany,DEU,5/1/17,44.68,44680,537.64,2.51,5.95,30.2,237.41,2856.78
Germany,DEU,6/1/17,42.63,42630,512.97,0.8,1.91,9.63,280.04,3369.75
Germany,DEU,7/1/17,43.84,43840,527.53,0.86,2,10.35,323.88,3897.29
Germany,DEU,8/1/17,41.8,41800,502.98,-2.11,-4.81,-25.39,365.68,4400.27
Germany,DEU,9/1/17,42.25,42250,508.4,-1.92,-4.35,-23.1,407.93,4908.67
Germany,DEU,10/1/17,45.57,45570,548.35,-1.98,-4.16,-23.83,453.5,5457.02
Germany,DEU,11/1/17,48.16,48160,579.51,-1.37,-2.77,-16.49,501.66,6036.53
Germany,DEU,12/1/17,48.67,48670,585.65,-2.69,-5.24,-32.37,550.33,6622.18
Germany,DEU,1/1/18,49.27,49270,590.99,-4.75,-8.79,-56.98,49.27,590.99
Germany,DEU,2/1/18,46.43,46430,556.92,-0.03,-0.06,-0.36,95.7,1147.92
Germany,DEU,3/1/18,48.85,48850,585.95,0.65,1.35,7.8,144.55,1733.87
Germany,DEU,4/1/18,42.63,42630,511.34,-1.42,-3.22,-17.03,187.18,2245.21
Germany,DEU,5/1/18,43,43000,515.78,-1.68,-3.76,-20.15,230.18,2760.99
Germany,DEU,6/1/18,42.7,42700,512.18,0.07,0.16,0.84,272.88,3273.18
Germany,DEU,7/1/18,44.65,44650,535.57,0.81,1.85,9.72,317.53,3808.75
Germany,DEU,8/1/18,44.14,44140,529.46,2.34,5.6,28.07,361.67,4338.21
Germany,DEU,9/1/18,42.71,42710,512.3,0.46,1.09,5.52,404.38,4850.51
Germany,DEU,10/1/18,46.06,46060,552.49,0.49,1.08,5.88,450.44,5403
Germany,DEU,11/1/18,47.4,47400,568.56,-0.76,-1.58,-9.12,497.84,5971.56
Germany,DEU,12/1/18,47.25,47250,566.76,-1.42,-2.92,-17.03,545.09,6538.32
Germany,DEU,1/1/19,49.9,49900,597.18,0.63,1.28,7.54,49.9,597.18
Germany,DEU,2/1/19,44.2,44200,528.97,-2.23,-4.8,-26.69,94.1,1126.15
Germany,DEU,3/1/19,46.72,46720,559.12,-2.13,-4.36,-25.49,140.82,1685.27
Germany,DEU,4/1/19,42.83,42830,512.57,0.2,0.47,2.39,183.65,2197.84
Germany,DEU,5/1/19,43.77,43770,523.82,0.77,1.79,9.22,227.42,2721.66
Germany,DEU,6/1/19,41.46,41460,496.18,-1.24,-2.9,-14.84,268.88,3217.84
Germany,DEU,7/1/19,44.17,44170,528.61,-0.48,-1.08,-5.74,313.05,3746.45
Germany,DEU,8/1/19,43.22,43220,517.24,-0.92,-2.08,-11.01,356.27,4263.68
Germany,DEU,9/1/19,42.81,42810,512.33,0.1,0.23,1.2,399.08,4776.02
Germany,DEU,10/1/19,45.83,45830,548.47,-0.23,-0.5,-2.75,444.91,5324.49
Germany,DEU,11/1/19,45.52,45520,544.76,-1.88,-3.97,-22.5,490.43,5869.25
Germany,DEU,12/1/19,44.82,44820,536.39,-2.43,-5.14,-29.08,535.25,6405.64
Germany,DEU,1/1/20,49.06,49060,586.64,-0.84,-1.68,-10.04,49.06,586.64
Germany,DEU,2/1/20,47.78,47780,571.33,3.58,8.1,42.81,96.84,1157.98
Germany,DEU,3/1/20,48.64,48640,581.62,1.92,4.11,22.96,145.48,1739.59
Germany,DEU,4/1/20,42.02,42020,502.46,-0.81,-1.89,-9.69,187.5,2242.05
Germany,DEU,5/1/20,40.14,40140,479.98,-3.63,-8.29,-43.41,227.64,2722.03
Germany,DEU,6/1/20,38.74,38740,463.24,-2.72,-6.56,-32.52,266.38,3185.27
Germany,DEU,7/1/20,39.62,39620,473.76,-4.55,-10.3,-54.41,306,3659.03
Germany,DEU,8/1/20,39.03,39030,466.71,-4.19,-9.69,-50.1,345.03,4125.74
Germany,DEU,9/1/20,40.85,40850,488.47,-1.96,-4.58,-23.44,385.88,4614.21
Germany,DEU,10/1/20,44.72,44720,534.74,-1.11,-2.42,-13.27,430.6,5148.95
Germany,DEU,11/1/20,45.29,45290,541.56,-0.23,-0.51,-2.75,475.89,5690.51
Germany,DEU,12/1/20,45.02,45020,538.33,0.2,0.45,2.39,520.91,6228.84
Germany,DEU,1/1/21,47.16,47160,563.46,-1.9,-3.87,-22.7,47.16,563.46
Germany,DEU,2/1/21,44,44000,525.71,-3.78,-7.91,-45.16,91.16,1089.17
Germany,DEU,3/1/21,47.62,47620,568.96,-1.02,-2.1,-12.19,138.78,1658.12
Germany,DEU,4/1/21,43.6,43600,520.93,1.58,3.76,18.88,182.38,2179.05
Germany,DEU,5/1/21,43.08,43080,514.71,2.94,7.32,35.13,225.46,2693.76
Germany,DEU,6/1/21,42.33,42330,505.75,3.59,9.27,42.89,267.79,3199.51
Germany,DEU,7/1/21,43.01,43010,513.88,3.39,8.56,40.5,310.8,3713.39
Germany,DEU,8/1/21,41.87,41870,500.26,2.84,7.28,33.93,352.67,4213.65
Germany,DEU,9/1/21,42.18,42180,503.96,1.33,3.26,15.89,394.85,4717.61
Germany,DEU,10/1/21,45.57,45570,544.46,0.85,1.9,10.16,440.42,5262.07
Germany,DEU,11/1/21,46.39,46390,554.26,1.1,2.43,13.14,486.81,5816.33
Germany,DEU,12/1/21,46.62,46620,557.01,1.6,3.55,19.12,533.43,6373.34
Germany,DEU,1/1/22,48.42,48420,575.84,1.26,2.67,14.98,48.42,575.84
Germany,DEU,2/1/22,44.99,44990,535.05,0.99,2.25,11.77,93.41,1110.88
Germany,DEU,3/1/22,46.37,46370,551.46,-1.25,-2.62,-14.87,139.78,1662.34
Germany,DEU,4/1/22,43.44,43440,516.61,-0.16,-0.37,-1.9,183.22,2178.95
Germany,DEU,5/1/22,42.59,42590,506.5,-0.49,-1.14,-5.83,225.81,2685.46
Germany,DEU,6/1/22,40.87,40870,486.05,-1.46,-3.45,-17.36,266.68,3171.51
Germany,DEU,7/1/22,42.04,42040,499.96,-0.97,-2.26,-11.54,308.72,3671.47
Germany,DEU,8/1/22,41.2,41200,489.97,-0.67,-1.6,-7.97,349.92,4161.44
Germany,DEU,9/1/22,40.06,40060,476.42,-2.12,-5.03,-25.21,389.98,4637.86
Germany,DEU,10/1/22,41.47,41470,493.18,-4.1,-9,-48.76,431.45,5131.04
Germany,DEU,11/1/22,42.54,42540,505.91,-3.85,-8.3,-45.79,473.99,5636.95
Germany,DEU,12/1/22,42.79,42790,508.88,-3.83,-8.22,-45.55,516.78,6145.84
Germany,DEU,1/1/23,44.8,44800,529.88,-3.62,-7.48,-42.82,44.8,529.88
Germany,DEU,2/1/23,41.76,41760,493.92,-3.23,-7.18,-38.2,86.56,1023.79
Germany,DEU,3/1/23,44.19,44190,522.66,-2.18,-4.7,-25.78,130.75,1546.46
Germany,DEU,4/1/23,39.89,39890,471.8,-3.55,-8.17,-41.99,170.64,2018.26
Germany,DEU,5/1/23,39.23,39230,464,-3.36,-7.89,-39.74,209.87,2482.25
Germany,DEU,6/1/23,37.82,37820,447.32,-3.05,-7.46,-36.07,247.69,2929.57
Germany,DEU,7/1/23,38.7,38700,457.73,-3.34,-7.94,-39.5,286.39,3387.3
Germany,DEU,8/1/23,39.05,39050,461.87,-2.15,-5.22,-25.43,325.44,3849.17
Germany,DEU,9/1/23,38.07,38070,450.28,-1.99,-4.97,-23.54,363.51,4299.44
Germany,DEU,10/1/23,40.71,40710,481.5,-0.76,-1.83,-8.99,404.22,4780.94
Germany,DEU,11/1/23,42.47,42470,502.32,-0.07,-0.16,-0.83,446.69,5283.26
Germany,DEU,12/1/23,42.02,42020,496.99,-0.77,-1.8,-9.11,488.71,5780.25
Germany,DEU,1/1/24,45.73,45730,540.85,0.93,2.08,11,45.73,540.85
Germany,DEU,2/1/24,41.63,41630,492.36,-0.13,-0.31,-1.54,87.36,1033.21
Germany,DEU,3/1/24,41.91,41910,495.67,-2.28,-5.16,-26.97,129.27,1528.88
Germany,DEU,4/1/24,39.82,39820,470.95,-0.07,-0.18,-0.83,169.09,1999.83
Germany,DEU,5/1/24,38.99,38990,461.14,-0.24,-0.61,-2.84,208.08,2460.96
Germany,DEU,6/1/24,38.31,38310,453.09,0.49,1.3,5.8,246.39,2914.06
Germany,DEU,7/1/24,40.13,40130,474.62,1.43,3.7,16.91,286.52,3388.68
Germany,DEU,8/1/24,39.35,39350,465.39,0.3,0.77,3.55,325.87,3854.07
Germany,DEU,9/1/24,39.23,39230,463.97,1.16,3.05,13.72,365.1,4318.04
Germany,DEU,10/1/24,40.56,40560,479.7,-0.15,-0.37,-1.77,405.66,4797.75
Germany,DEU,11/1/24,41.61,41610,492.12,-0.86,-2.02,-10.17,447.27,5289.87
Germany,DEU,12/1/24,41.41,41410,489.76,-0.61,-1.45,-7.21,488.68,5779.62
Germany,DEU,1/1/25,44.8,44800,532.86,-0.93,-2.03,-11.06,44.8,532.86
Germany,DEU,2/1/25,41.41,41410,492.54,-0.22,-0.53,-2.62,86.21,1025.39
Germany,DEU,3/1/25,44.22,44220,525.96,2.31,5.51,27.48,130.43,1551.35
Germany,DEU,4/1/25,38.78,38780,461.25,-1.04,-2.61,-12.37,169.21,2012.61
Germany,DEU,5/1/25,39.38,39380,468.39,0.39,1,4.64,208.59,2481
Germany,DEU,6/1/25,39.3,39300,467.44,0.99,2.58,11.78,247.89,2948.44
Greece,GRC,1/1/15,4.09,4090,377.97,,,,4.09,377.97
Greece,GRC,2/1/15,3.69,3690,341.01,,,,7.78,718.98
Greece,GRC,3/1/15,3.71,3710,342.86,,,,11.49,1061.83
Greece,GRC,4/1/15,3.15,3150,291.1,,,,14.64,1352.94
Greece,GRC,5/1/15,3.42,3420,316.06,,,,18.06,1668.99
Greece,GRC,6/1/15,3.54,3540,327.14,,,,21.6,1996.14
Greece,GRC,7/1/15,4.9,4900,452.83,,,,26.5,2448.96
Greece,GRC,8/1/15,4.39,4390,405.7,,,,30.89,2854.66
Greece,GRC,9/1/15,3.5,3500,323.45,,,,34.39,3178.11
Greece,GRC,10/1/15,3.33,3330,307.74,,,,37.72,3485.85
Greece,GRC,11/1/15,3.47,3470,320.68,,,,41.19,3806.52
Greece,GRC,12/1/15,4.17,4170,385.37,,,,45.36,4191.89
Greece,GRC,1/1/16,4.27,4270,396.27,0.18,4.4,16.7,4.27,396.27
Greece,GRC,2/1/16,3.67,3670,340.59,-0.02,-0.54,-1.86,7.94,736.86
Greece,GRC,3/1/16,3.88,3880,360.08,0.17,4.58,15.78,11.82,1096.93
Greece,GRC,4/1/16,3.37,3370,312.75,0.22,6.98,20.42,15.19,1409.68
Greece,GRC,5/1/16,3.51,3510,325.74,0.09,2.63,8.35,18.7,1735.42
Greece,GRC,6/1/16,4.19,4190,388.85,0.65,18.36,60.32,22.89,2124.26
Greece,GRC,7/1/16,4.84,4840,449.17,-0.06,-1.22,-5.57,27.73,2573.43
Greece,GRC,8/1/16,4.47,4470,414.83,0.08,1.82,7.42,32.2,2988.26
Greece,GRC,9/1/16,3.76,3760,348.94,0.26,7.43,24.13,35.96,3337.2
Greece,GRC,10/1/16,3.57,3570,331.31,0.24,7.21,22.27,39.53,3668.51
Greece,GRC,11/1/16,3.76,3760,348.94,0.29,8.36,26.91,43.29,4017.45
Greece,GRC,12/1/16,4.53,4530,420.4,0.36,8.63,33.41,47.82,4437.85
Greece,GRC,1/1/17,4.75,4750,441.72,0.48,11.24,44.64,4.75,441.72
Greece,GRC,2/1/17,3.83,3830,356.16,0.16,4.36,14.88,8.58,797.88
Greece,GRC,3/1/17,3.78,3780,351.51,-0.1,-2.58,-9.3,12.36,1149.39
Greece,GRC,4/1/17,3.3,3300,306.88,-0.07,-2.08,-6.51,15.66,1456.27
Greece,GRC,5/1/17,3.43,3430,318.97,-0.08,-2.28,-7.44,19.09,1775.24
Greece,GRC,6/1/17,3.9,3900,362.67,-0.29,-6.92,-26.97,22.99,2137.91
Greece,GRC,7/1/17,4.6,4600,427.77,-0.24,-4.96,-22.32,27.59,2565.68
Greece,GRC,8/1/17,4.49,4490,417.54,0.02,0.45,1.86,32.08,2983.21
Greece,GRC,9/1/17,3.82,3820,355.23,0.06,1.6,5.58,35.9,3338.45
Greece,GRC,10/1/17,3.5,3500,325.48,-0.07,-1.96,-6.51,39.4,3663.92
Greece,GRC,11/1/17,3.73,3730,346.86,-0.03,-0.8,-2.79,43.13,4010.79
Greece,GRC,12/1/17,4.13,4130,384.06,-0.4,-8.83,-37.2,47.26,4394.85
Greece,GRC,1/1/18,4.35,4350,405.38,-0.4,-8.42,-37.28,4.35,405.38
Greece,GRC,2/1/18,3.79,3790,353.19,-0.04,-1.04,-3.73,8.14,758.56
Greece,GRC,3/1/18,3.73,3730,347.6,-0.05,-1.32,-4.66,11.87,1106.16
Greece,GRC,4/1/18,3.35,3350,312.19,0.05,1.52,4.66,15.22,1418.35
Greece,GRC,5/1/18,3.59,3590,334.55,0.16,4.66,14.91,18.81,1752.9
Greece,GRC,6/1/18,3.83,3830,356.92,-0.07,-1.79,-6.52,22.64,2109.81
Greece,GRC,7/1/18,4.86,4860,452.9,0.26,5.65,24.23,27.5,2562.72
Greece,GRC,8/1/18,4.52,4520,421.22,0.03,0.67,2.8,32.02,2983.93
Greece,GRC,9/1/18,4.02,4020,374.62,0.2,5.24,18.64,36.04,3358.56
Greece,GRC,10/1/18,3.71,3710,345.73,0.21,6,19.57,39.75,3704.29
Greece,GRC,11/1/18,3.95,3950,368.1,0.22,5.9,20.5,43.7,4072.39
Greece,GRC,12/1/18,4.65,4650,433.33,0.52,12.59,48.46,48.35,4505.72
Greece,GRC,1/1/19,4.97,4970,463.68,0.62,14.25,57.84,4.97,463.68
Greece,GRC,2/1/19,4.15,4150,387.18,0.36,9.5,33.59,9.12,850.86
Greece,GRC,3/1/19,4.06,4060,378.78,0.33,8.85,30.79,13.18,1229.64
Greece,GRC,4/1/19,3.74,3740,348.93,0.39,11.64,36.39,16.92,1578.56
Greece,GRC,5/1/19,3.72,3720,347.06,0.13,3.62,12.13,20.64,1925.62
Greece,GRC,6/1/19,4.29,4290,400.24,0.46,12.01,42.92,24.93,2325.86
Greece,GRC,7/1/19,4.9,4900,457.15,0.04,0.82,3.73,29.83,2783.01
Greece,GRC,8/1/19,4.84,4840,451.55,0.32,7.08,29.85,34.67,3234.56
Greece,GRC,9/1/19,4.02,4020,375.05,0,0,0,38.69,3609.61
Greece,GRC,10/1/19,3.66,3660,341.46,-0.05,-1.35,-4.66,42.35,3951.08
Greece,GRC,11/1/19,3.62,3620,337.73,-0.33,-8.35,-30.79,45.97,4288.81
Greece,GRC,12/1/19,4.3,4300,401.17,-0.35,-7.53,-32.65,50.27,4689.98
Greece,GRC,1/1/20,4.74,4740,443.02,-0.23,-4.63,-21.5,4.74,443.02
Greece,GRC,2/1/20,4.1,4100,383.2,-0.05,-1.2,-4.67,8.84,826.21
Greece,GRC,3/1/20,3.91,3910,365.44,-0.15,-3.69,-14.02,12.75,1191.66
Greece,GRC,4/1/20,3.23,3230,301.89,-0.51,-13.64,-47.67,15.98,1493.54
Greece,GRC,5/1/20,3.3,3300,308.43,-0.42,-11.29,-39.25,19.28,1801.97
Greece,GRC,6/1/20,3.66,3660,342.08,-0.63,-14.69,-58.88,22.94,2144.05
Greece,GRC,7/1/20,4.74,4740,443.02,-0.16,-3.27,-14.95,27.68,2587.06
Greece,GRC,8/1/20,4.51,4510,421.52,-0.33,-6.82,-30.84,32.19,3008.58
Greece,GRC,9/1/20,3.93,3930,367.31,-0.09,-2.24,-8.41,36.12,3375.89
Greece,GRC,10/1/20,3.55,3550,331.79,-0.11,-3.01,-10.28,39.67,3707.68
Greece,GRC,11/1/20,3.74,3740,349.55,0.12,3.31,11.22,43.41,4057.24
Greece,GRC,12/1/20,4.1,4100,383.2,-0.2,-4.65,-18.69,47.51,4440.44
Greece,GRC,1/1/21,4.13,4130,390.37,-0.61,-12.87,-57.66,4.13,390.37
Greece,GRC,2/1/21,3.72,3720,351.62,-0.38,-9.27,-35.92,7.85,741.99
Greece,GRC,3/1/21,3.96,3960,374.31,0.05,1.28,4.73,11.81,1116.3
Greece,GRC,4/1/21,3.53,3530,333.66,0.3,9.29,28.36,15.34,1449.96
Greece,GRC,5/1/21,3.45,3450,326.1,0.15,4.55,14.18,18.79,1776.06
Greece,GRC,6/1/21,4.01,4010,379.03,0.35,9.56,33.08,22.8,2155.09
Greece,GRC,7/1/21,5.36,5360,506.64,0.62,13.08,58.6,28.16,2661.73
Greece,GRC,8/1/21,5.07,5070,479.22,0.56,12.42,52.93,33.23,3140.95
Greece,GRC,9/1/21,3.87,3870,365.8,-0.06,-1.53,-5.67,37.1,3506.75
Greece,GRC,10/1/21,3.74,3740,353.51,0.19,5.35,17.96,40.84,3860.26
Greece,GRC,11/1/21,3.85,3850,363.91,0.11,2.94,10.4,44.69,4224.17
Greece,GRC,12/1/21,4.3,4300,406.44,0.2,4.88,18.9,48.99,4630.61
Greece,GRC,1/1/22,4.53,4530,435.05,0.4,9.69,38.42,4.53,435.05
Greece,GRC,2/1/22,3.95,3950,379.35,0.23,6.18,22.09,8.48,814.41
Greece,GRC,3/1/22,4.41,4410,423.53,0.45,11.36,43.22,12.89,1237.94
Greece,GRC,4/1/22,3.32,3320,318.85,-0.21,-5.95,-20.17,16.21,1556.78
Greece,GRC,5/1/22,3.53,3530,339.02,0.08,2.32,7.68,19.74,1895.8
Greece,GRC,6/1/22,3.93,3930,377.43,-0.08,-2,-7.68,23.67,2273.23
Greece,GRC,7/1/22,4.64,4640,445.62,-0.72,-13.43,-69.15,28.31,2718.85
Greece,GRC,8/1/22,4.32,4320,414.89,-0.75,-14.79,-72.03,32.63,3133.73
Greece,GRC,9/1/22,3.58,3580,343.82,-0.29,-7.49,-27.85,36.21,3477.55
Greece,GRC,10/1/22,3.29,3290,315.97,-0.45,-12.03,-43.22,39.5,3793.52
Greece,GRC,11/1/22,3.36,3360,322.69,-0.49,-12.73,-47.06,42.86,4116.21
Greece,GRC,12/1/22,3.61,3610,346.7,-0.69,-16.05,-66.27,46.47,4462.91
Greece,GRC,1/1/23,3.85,3850,375.87,-0.68,-15.01,-66.39,3.85,375.87
Greece,GRC,2/1/23,3.72,3720,363.18,-0.23,-5.82,-22.45,7.57,739.05
Greece,GRC,3/1/23,3.62,3620,353.42,-0.79,-17.91,-77.13,11.19,1092.46
Greece,GRC,4/1/23,3.17,3170,309.48,-0.15,-4.52,-14.64,14.36,1401.95
Greece,GRC,5/1/23,3.26,3260,318.27,-0.27,-7.65,-26.36,17.62,1720.22
Greece,GRC,6/1/23,3.58,3580,349.51,-0.35,-8.91,-34.17,21.2,2069.73
Greece,GRC,7/1/23,5.33,5330,520.36,0.69,14.87,67.36,26.53,2590.09
Greece,GRC,8/1/23,4.6,4600,449.09,0.28,6.48,27.34,31.13,3039.18
Greece,GRC,9/1/23,3.76,3760,367.08,0.18,5.03,17.57,34.89,3406.26
Greece,GRC,10/1/23,3.52,3520,343.65,0.23,6.99,22.45,38.41,3749.91
Greece,GRC,11/1/23,3.42,3420,333.89,0.06,1.79,5.86,41.83,4083.8
Greece,GRC,12/1/23,3.92,3920,382.7,0.31,8.59,30.26,45.75,4466.51
Greece,GRC,1/1/24,4.18,4180,416.01,0.33,8.57,32.84,4.18,416.01
Greece,GRC,2/1/24,3.7,3700,368.24,-0.02,-0.54,-1.99,7.88,784.25
Greece,GRC,3/1/24,3.56,3560,354.31,-0.06,-1.66,-5.97,11.44,1138.56
Greece,GRC,4/1/24,3.25,3250,323.45,0.08,2.52,7.96,14.69,1462.01
Greece,GRC,5/1/24,3.42,3420,340.37,0.16,4.91,15.92,18.11,1802.38
Greece,GRC,6/1/24,4.74,4740,471.75,1.16,32.4,115.45,22.85,2274.13
Greece,GRC,7/1/24,5.63,5630,560.32,0.3,5.63,29.86,28.48,2834.45
Greece,GRC,8/1/24,5.05,5050,502.6,0.45,9.78,44.79,33.53,3337.05
Greece,GRC,9/1/24,4,4000,398.1,0.24,6.38,23.89,37.53,3735.15
Greece,GRC,10/1/24,3.7,3700,368.24,0.18,5.11,17.91,41.23,4103.39
Greece,GRC,11/1/24,3.79,3790,377.2,0.37,10.82,36.82,45.02,4480.58
Greece,GRC,12/1/24,4.06,4060,404.07,0.14,3.57,13.93,49.08,4884.65
Greece,GRC,1/1/25,4.16,4160,418.56,-0.02,-0.48,-2.01,4.16,418.56
Greece,GRC,2/1/25,4.07,4070,409.5,0.37,10,37.23,8.23,828.06
Greece,GRC,3/1/25,3.9,3900,392.4,0.34,9.55,34.21,12.13,1220.46
Greece,GRC,4/1/25,3.44,3440,346.12,0.19,5.85,19.12,15.57,1566.58
Greece,GRC,5/1/25,3.34,3340,336.06,-0.08,-2.34,-8.05,18.91,1902.64
Greece,GRC,6/1/25,4.13,4130,415.54,-0.61,-12.87,-61.38,23.04,2318.18
Greece,GRC,7/1/25,5.2,5200,523.2,-0.43,-7.64,-43.26,28.24,2841.38
Hungary,HUN,1/1/15,3.29,3290,334.38,,,,3.29,334.38
Hungary,HUN,2/1/15,3.04,3040,308.97,,,,6.33,643.34
Hungary,HUN,3/1/15,3.11,3110,316.08,,,,9.44,959.43
Hungary,HUN,4/1/15,2.84,2840,288.64,,,,12.28,1248.07
Hungary,HUN,5/1/15,2.87,2870,291.69,,,,15.15,1539.76
Hungary,HUN,6/1/15,2.83,2830,287.62,,,,17.98,1827.38
Hungary,HUN,7/1/15,2.89,2890,293.72,,,,20.87,2121.11
Hungary,HUN,8/1/15,2.93,2930,297.79,,,,23.8,2418.89
Hungary,HUN,9/1/15,2.85,2850,289.66,,,,26.65,2708.55
Hungary,HUN,10/1/15,3.18,3180,323.2,,,,29.83,3031.75
Hungary,HUN,11/1/15,3.17,3170,322.18,,,,33,3353.93
Hungary,HUN,12/1/15,3.05,3050,309.98,,,,36.05,3663.91
Hungary,HUN,1/1/16,3.35,3350,341.47,0.06,1.82,6.12,3.35,341.47
Hungary,HUN,2/1/16,3.08,3080,313.95,0.04,1.32,4.08,6.43,655.42
Hungary,HUN,3/1/16,3.12,3120,318.03,0.01,0.32,1.02,9.55,973.44
Hungary,HUN,4/1/16,2.95,2950,300.7,0.11,3.87,11.21,12.5,1274.14
Hungary,HUN,5/1/16,3.08,3080,313.95,0.21,7.32,21.41,15.58,1588.09
Hungary,HUN,6/1/16,3.01,3010,306.81,0.18,6.36,18.35,18.59,1894.9
Hungary,HUN,7/1/16,3.06,3060,311.91,0.17,5.88,17.33,21.65,2206.81
Hungary,HUN,8/1/16,3.16,3160,322.1,0.23,7.85,23.44,24.81,2528.92
Hungary,HUN,9/1/16,3.01,3010,306.81,0.16,5.61,16.31,27.82,2835.73
Hungary,HUN,10/1/16,3.13,3130,319.04,-0.05,-1.57,-5.1,30.95,3154.77
Hungary,HUN,11/1/16,3.17,3170,323.12,0,0,0,34.12,3477.9
Hungary,HUN,12/1/16,3.24,3240,330.26,0.19,6.23,19.37,37.36,3808.15
Hungary,HUN,1/1/17,3.59,3590,366.87,0.24,7.16,24.53,3.59,366.87
Hungary,HUN,2/1/17,3.05,3050,311.68,-0.03,-0.97,-3.07,6.64,678.55
Hungary,HUN,3/1/17,3.23,3230,330.08,0.11,3.53,11.24,9.87,1008.62
Hungary,HUN,4/1/17,2.85,2850,291.24,-0.1,-3.39,-10.22,12.72,1299.87
Hungary,HUN,5/1/17,3.16,3160,322.92,0.08,2.6,8.18,15.88,1622.79
Hungary,HUN,6/1/17,3.05,3050,311.68,0.04,1.33,4.09,18.93,1934.48
Hungary,HUN,7/1/17,3.17,3170,323.95,0.11,3.59,11.24,22.1,2258.42
Hungary,HUN,8/1/17,3.27,3270,334.16,0.11,3.48,11.24,25.37,2592.59
Hungary,HUN,9/1/17,3.42,3420,349.49,0.41,13.62,41.9,28.79,2942.08
Hungary,HUN,10/1/17,3.61,3610,368.91,0.48,15.34,49.05,32.4,3310.99
Hungary,HUN,11/1/17,3.69,3690,377.08,0.52,16.4,53.14,36.09,3688.07
Hungary,HUN,12/1/17,3.75,3750,383.22,0.51,15.74,52.12,39.84,4071.29
Hungary,HUN,1/1/18,3.95,3950,404.12,0.36,10.03,36.83,3.95,404.12
Hungary,HUN,2/1/18,3.73,3730,381.61,0.68,22.3,69.57,7.68,785.73
Hungary,HUN,3/1/18,3.9,3900,399,0.67,20.74,68.55,11.58,1184.73
Hungary,HUN,4/1/18,3.38,3380,345.8,0.53,18.6,54.22,14.96,1530.53
Hungary,HUN,5/1/18,3.49,3490,357.06,0.33,10.44,33.76,18.45,1887.59
Hungary,HUN,6/1/18,3.52,3520,360.12,0.47,15.41,48.08,21.97,2247.71
Hungary,HUN,7/1/18,3.52,3520,360.12,0.35,11.04,35.81,25.49,2607.84
Hungary,HUN,8/1/18,3.62,3620,370.36,0.35,10.7,35.81,29.11,2978.19
Hungary,HUN,9/1/18,3.43,3430,350.92,0.01,0.29,1.02,32.54,3329.11
Hungary,HUN,10/1/18,3.57,3570,365.24,-0.04,-1.11,-4.09,36.11,3694.35
Hungary,HUN,11/1/18,3.66,3660,374.45,-0.03,-0.81,-3.07,39.77,4068.8
Hungary,HUN,12/1/18,3.83,3830,391.84,0.08,2.13,8.18,43.6,4460.64
Hungary,HUN,1/1/19,4.09,4090,418.61,0.14,3.54,14.33,4.09,418.61
Hungary,HUN,2/1/19,3.61,3610,369.49,-0.12,-3.22,-12.28,7.7,788.1
Hungary,HUN,3/1/19,3.72,3720,380.74,-0.18,-4.62,-18.42,11.42,1168.84
Hungary,HUN,4/1/19,3.47,3470,355.16,0.09,2.66,9.21,14.89,1524
Hungary,HUN,5/1/19,3.61,3610,369.49,0.12,3.44,12.28,18.5,1893.48
Hungary,HUN,6/1/19,3.63,3630,371.53,0.11,3.13,11.26,22.13,2265.02
Hungary,HUN,7/1/19,3.66,3660,374.6,0.14,3.98,14.33,25.79,2639.62
Hungary,HUN,8/1/19,3.61,3610,369.49,-0.01,-0.28,-1.02,29.4,3009.1
Hungary,HUN,9/1/19,3.46,3460,354.13,0.03,0.87,3.07,32.86,3363.24
Hungary,HUN,10/1/19,3.68,3680,376.65,0.11,3.08,11.26,36.54,3739.89
Hungary,HUN,11/1/19,3.67,3670,375.63,0.01,0.27,1.02,40.21,4115.51
Hungary,HUN,12/1/19,3.77,3770,385.86,-0.06,-1.57,-6.14,43.98,4501.37
Hungary,HUN,1/1/20,4.15,4150,425.66,0.06,1.47,6.15,4.15,425.66
Hungary,HUN,2/1/20,3.72,3720,381.56,0.11,3.05,11.28,7.87,807.22
Hungary,HUN,3/1/20,3.8,3800,389.77,0.08,2.15,8.21,11.67,1196.99
Hungary,HUN,4/1/20,3.19,3190,327.2,-0.28,-8.07,-28.72,14.86,1524.19
Hungary,HUN,5/1/20,3.26,3260,334.38,-0.35,-9.7,-35.9,18.12,1858.56
Hungary,HUN,6/1/20,3.34,3340,342.58,-0.29,-7.99,-29.75,21.46,2201.15
Hungary,HUN,7/1/20,3.65,3650,374.38,-0.01,-0.27,-1.03,25.11,2575.53
Hungary,HUN,8/1/20,3.55,3550,364.12,-0.06,-1.66,-6.15,28.66,2939.65
Hungary,HUN,9/1/20,3.54,3540,363.1,0.08,2.31,8.21,32.2,3302.75
Hungary,HUN,10/1/20,3.83,3830,392.84,0.15,4.08,15.39,36.03,3695.59
Hungary,HUN,11/1/20,3.93,3930,403.1,0.26,7.08,26.67,39.96,4098.69
Hungary,HUN,12/1/20,3.93,3930,403.1,0.16,4.24,16.41,43.89,4501.79
Hungary,HUN,1/1/21,4.11,4110,423.37,-0.04,-0.96,-4.12,4.11,423.37
Hungary,HUN,2/1/21,3.81,3810,392.47,0.09,2.42,9.27,7.92,815.83
Hungary,HUN,3/1/21,3.98,3980,409.98,0.18,4.74,18.54,11.9,1225.81
Hungary,HUN,4/1/21,3.66,3660,377.01,0.47,14.73,48.41,15.56,1602.83
Hungary,HUN,5/1/21,3.61,3610,371.86,0.35,10.74,36.05,19.17,1974.69
Hungary,HUN,6/1/21,3.81,3810,392.47,0.47,14.07,48.41,22.98,2367.16
Hungary,HUN,7/1/21,4,4000,412.04,0.35,9.59,36.05,26.98,2779.19
Hungary,HUN,8/1/21,3.68,3680,379.07,0.13,3.66,13.39,30.66,3158.27
Hungary,HUN,9/1/21,3.56,3560,366.71,0.02,0.56,2.06,34.22,3524.98
Hungary,HUN,10/1/21,3.88,3880,399.68,0.05,1.31,5.15,38.1,3924.66
Hungary,HUN,11/1/21,4,4000,412.04,0.07,1.78,7.21,42.1,4336.7
Hungary,HUN,12/1/21,4.21,4210,433.67,0.28,7.12,28.84,46.31,4770.37
Hungary,HUN,1/1/22,4.32,4320,446.08,0.21,5.11,21.68,4.32,446.08
Hungary,HUN,2/1/22,3.85,3850,397.55,0.04,1.05,4.13,8.17,843.63
Hungary,HUN,3/1/22,4.11,4110,424.4,0.13,3.27,13.42,12.28,1268.03
Hungary,HUN,4/1/22,3.7,3700,382.06,0.04,1.09,4.13,15.98,1650.09
Hungary,HUN,5/1/22,3.66,3660,377.93,0.05,1.39,5.16,19.64,2028.02
Hungary,HUN,6/1/22,3.65,3650,376.9,-0.16,-4.2,-16.52,23.29,2404.92
Hungary,HUN,7/1/22,3.79,3790,391.35,-0.21,-5.25,-21.68,27.08,2796.28
Hungary,HUN,8/1/22,3.67,3670,378.96,-0.01,-0.27,-1.03,30.75,3175.24
Hungary,HUN,9/1/22,3.46,3460,357.28,-0.1,-2.81,-10.33,34.21,3532.52
Hungary,HUN,10/1/22,3.58,3580,369.67,-0.3,-7.73,-30.98,37.79,3902.19
Hungary,HUN,11/1/22,3.7,3700,382.06,-0.3,-7.5,-30.98,41.49,4284.25
Hungary,HUN,12/1/22,3.86,3860,398.58,-0.35,-8.31,-36.14,45.35,4682.83
Hungary,HUN,1/1/23,3.96,3960,408.82,-0.36,-8.33,-37.17,3.96,408.82
Hungary,HUN,2/1/23,3.73,3730,385.07,-0.12,-3.12,-12.39,7.69,793.89
Hungary,HUN,3/1/23,3.86,3860,398.49,-0.25,-6.08,-25.81,11.55,1192.39
Hungary,HUN,4/1/23,3.52,3520,363.39,-0.18,-4.86,-18.58,15.07,1555.78
Hungary,HUN,5/1/23,3.48,3480,359.26,-0.18,-4.92,-18.58,18.55,1915.04
Hungary,HUN,6/1/23,3.44,3440,355.13,-0.21,-5.75,-21.68,21.99,2270.18
Hungary,HUN,7/1/23,3.64,3640,375.78,-0.15,-3.96,-15.49,25.63,2645.96
Hungary,HUN,8/1/23,3.62,3620,373.72,-0.05,-1.36,-5.16,29.25,3019.68
Hungary,HUN,9/1/23,3.46,3460,357.2,0,0,0,32.71,3376.88
Hungary,HUN,10/1/23,3.58,3580,369.59,0,0,0,36.29,3746.47
Hungary,HUN,11/1/23,3.93,3930,405.72,0.23,6.22,23.74,40.22,4152.19
Hungary,HUN,12/1/23,4.13,4130,426.37,0.27,6.99,27.87,44.35,4578.56
Hungary,HUN,1/1/24,4.39,4390,453.69,0.43,10.86,44.44,4.39,453.69
Hungary,HUN,2/1/24,3.84,3840,396.85,0.11,2.95,11.37,8.23,850.55
Hungary,HUN,3/1/24,3.83,3830,395.82,-0.03,-0.78,-3.1,12.06,1246.37
Hungary,HUN,4/1/24,3.56,3560,367.92,0.04,1.14,4.13,15.62,1614.28
Hungary,HUN,5/1/24,3.6,3600,372.05,0.12,3.45,12.4,19.22,1986.33
Hungary,HUN,6/1/24,3.71,3710,383.42,0.27,7.85,27.9,22.93,2369.75
Hungary,HUN,7/1/24,4.06,4060,419.59,0.42,11.54,43.41,26.99,2789.34
Hungary,HUN,8/1/24,3.87,3870,399.95,0.25,6.91,25.84,30.86,3189.29
Hungary,HUN,9/1/24,3.67,3670,379.28,0.21,6.07,21.7,34.53,3568.58
Hungary,HUN,10/1/24,3.86,3860,398.92,0.28,7.82,28.94,38.39,3967.5
Hungary,HUN,11/1/24,4.17,4170,430.96,0.24,6.11,24.8,42.56,4398.45
Hungary,HUN,12/1/24,4.19,4190,433.02,0.06,1.45,6.2,46.75,4831.48
Hungary,HUN,1/1/25,4.38,4380,454.72,-0.01,-0.23,-1.04,4.38,454.72
Hungary,HUN,2/1/25,4.14,4140,429.8,0.3,7.81,31.15,8.52,884.52
Hungary,HUN,3/1/25,4.11,4110,426.69,0.28,7.31,29.07,12.63,1311.21
Hungary,HUN,4/1/25,3.66,3660,379.97,0.1,2.81,10.38,16.29,1691.19
Hungary,HUN,5/1/25,3.79,3790,393.47,0.19,5.28,19.73,20.08,2084.65
Hungary,HUN,6/1/25,3.48,3480,361.28,-0.23,-6.2,-23.88,23.56,2445.94
Hungary,HUN,7/1/25,3.85,3850,399.7,-0.21,-5.17,-21.8,27.41,2845.64
Ireland,IRL,1/1/10,2.65,2650,581.26,,,,2.65,581.26
Ireland,IRL,2/1/10,2.37,2370,519.84,,,,5.02,1101.1
Ireland,IRL,3/1/10,2.47,2470,541.78,,,,7.49,1642.88
Ireland,IRL,4/1/10,2.18,2180,478.17,,,,9.67,2121.04
Ireland,IRL,5/1/10,2.1,2100,460.62,,,,11.77,2581.66
Ireland,IRL,6/1/10,2.05,2050,449.65,,,,13.82,3031.31
Ireland,IRL,7/1/10,2.12,2120,465.01,,,,15.94,3496.32
Ireland,IRL,8/1/10,2.04,2040,447.46,,,,17.98,3943.78
Ireland,IRL,9/1/10,2.21,2210,484.75,,,,20.19,4428.53
Ireland,IRL,10/1/10,2.27,2270,497.91,,,,22.46,4926.43
Ireland,IRL,11/1/10,2.49,2490,546.16,,,,24.95,5472.6
Ireland,IRL,12/1/10,2.67,2670,585.64,,,,27.62,6058.24
Ireland,IRL,1/1/11,2.56,2560,559,-0.09,-3.4,-19.65,2.56,559
Ireland,IRL,2/1/11,2.23,2230,486.94,-0.14,-5.91,-30.57,4.79,1045.94
Ireland,IRL,3/1/11,2.34,2340,510.96,-0.13,-5.26,-28.39,7.13,1556.9
Ireland,IRL,4/1/11,2.05,2050,447.64,-0.13,-5.96,-28.39,9.18,2004.54
Ireland,IRL,5/1/11,2.11,2110,460.74,0.01,0.48,2.18,11.29,2465.28
Ireland,IRL,6/1/11,1.98,1980,432.35,-0.07,-3.41,-15.29,13.27,2897.63
Ireland,IRL,7/1/11,2,2000,436.72,-0.12,-5.66,-26.2,15.27,3334.35
Ireland,IRL,8/1/11,2.05,2050,447.64,0.01,0.49,2.18,17.32,3781.99
Ireland,IRL,9/1/11,2.05,2050,447.64,-0.16,-7.24,-34.94,19.37,4229.63
Ireland,IRL,10/1/11,2.27,2270,495.68,0,0,0,21.64,4725.3
Ireland,IRL,11/1/11,2.36,2360,515.33,-0.13,-5.22,-28.39,24,5240.63
Ireland,IRL,12/1/11,2.55,2550,556.82,-0.12,-4.49,-26.2,26.55,5797.45
Ireland,IRL,1/1/12,2.62,2620,569.55,0.06,2.34,13.04,2.62,569.55
Ireland,IRL,2/1/12,2.32,2320,504.33,0.09,4.04,19.56,4.94,1073.88
Ireland,IRL,3/1/12,2.24,2240,486.94,-0.1,-4.27,-21.74,7.18,1560.83
Ireland,IRL,4/1/12,2.1,2100,456.51,0.05,2.44,10.87,9.28,2017.33
Ireland,IRL,5/1/12,2.14,2140,465.2,0.03,1.42,6.52,11.42,2482.54
Ireland,IRL,6/1/12,1.97,1970,428.25,-0.01,-0.51,-2.17,13.39,2910.79
Ireland,IRL,7/1/12,2.01,2010,436.94,0.01,0.5,2.17,15.4,3347.73
Ireland,IRL,8/1/12,2.04,2040,443.47,-0.01,-0.49,-2.17,17.44,3791.2
Ireland,IRL,9/1/12,2.02,2020,439.12,-0.03,-1.46,-6.52,19.46,4230.32
Ireland,IRL,10/1/12,2.26,2260,491.29,-0.01,-0.44,-2.17,21.72,4721.61
Ireland,IRL,11/1/12,2.38,2380,517.38,0.02,0.85,4.35,24.1,5238.98
Ireland,IRL,12/1/12,2.44,2440,530.42,-0.11,-4.31,-23.91,26.54,5769.4
Ireland,IRL,1/1/13,2.52,2520,544.9,-0.1,-3.82,-21.62,2.52,544.9
Ireland,IRL,2/1/13,2.3,2300,497.33,-0.02,-0.86,-4.32,4.82,1042.23
Ireland,IRL,3/1/13,2.47,2470,534.09,0.23,10.27,49.73,7.29,1576.32
Ireland,IRL,4/1/13,2.25,2250,486.52,0.15,7.14,32.43,9.54,2062.84
Ireland,IRL,5/1/13,2.13,2130,460.57,-0.01,-0.47,-2.16,11.67,2523.41
Ireland,IRL,6/1/13,2.01,2010,434.62,0.04,2.03,8.65,13.68,2958.04
Ireland,IRL,7/1/13,2.08,2080,449.76,0.07,3.48,15.14,15.76,3407.8
Ireland,IRL,8/1/13,2.09,2090,451.92,0.05,2.45,10.81,17.85,3859.72
Ireland,IRL,9/1/13,2.08,2080,449.76,0.06,2.97,12.97,19.93,4309.48
Ireland,IRL,10/1/13,2.33,2330,503.82,0.07,3.1,15.14,22.26,4813.3
Ireland,IRL,11/1/13,2.31,2310,499.49,-0.07,-2.94,-15.14,24.57,5312.79
Ireland,IRL,12/1/13,2.45,2450,529.77,0.01,0.41,2.16,27.02,5842.55
Ireland,IRL,1/1/14,2.54,2540,545.27,0.02,0.79,4.29,2.54,545.27
Ireland,IRL,2/1/14,2.29,2290,491.6,-0.01,-0.43,-2.15,4.83,1036.87
Ireland,IRL,3/1/14,2.48,2480,532.39,0.01,0.4,2.15,7.31,1569.26
Ireland,IRL,4/1/14,2.23,2230,478.72,-0.02,-0.89,-4.29,9.54,2047.98
Ireland,IRL,5/1/14,2.21,2210,474.43,0.08,3.76,17.17,11.75,2522.41
Ireland,IRL,6/1/14,2.1,2100,450.81,0.09,4.48,19.32,13.85,2973.23
Ireland,IRL,7/1/14,2.18,2180,467.99,0.1,4.81,21.47,16.03,3441.21
Ireland,IRL,8/1/14,2.17,2170,465.84,0.08,3.83,17.17,18.2,3907.06
Ireland,IRL,9/1/14,2.18,2180,467.99,0.1,4.81,21.47,20.38,4375.04
Ireland,IRL,10/1/14,2.34,2340,502.34,0.01,0.43,2.15,22.72,4877.38
Ireland,IRL,11/1/14,2.41,2410,517.36,0.1,4.33,21.47,25.13,5394.74
Ireland,IRL,12/1/14,2.61,2610,560.3,0.16,6.53,34.35,27.74,5955.04
Ireland,IRL,1/1/15,2.69,2690,572.04,0.15,5.91,31.9,2.69,572.04
Ireland,IRL,2/1/15,2.41,2410,512.49,0.12,5.24,25.52,5.1,1084.53
Ireland,IRL,3/1/15,2.57,2570,546.52,0.09,3.63,19.14,7.67,1631.05
Ireland,IRL,4/1/15,2.32,2320,493.36,0.09,4.04,19.14,9.99,2124.41
Ireland,IRL,5/1/15,2.36,2360,501.86,0.15,6.79,31.9,12.35,2626.27
Ireland,IRL,6/1/15,2.2,2200,467.84,0.1,4.76,21.27,14.55,3094.11
Ireland,IRL,7/1/15,2.3,2300,489.1,0.12,5.5,25.52,16.85,3583.21
Ireland,IRL,8/1/15,2.29,2290,486.98,0.12,5.53,25.52,19.14,4070.18
Ireland,IRL,9/1/15,2.33,2330,495.48,0.15,6.88,31.9,21.47,4565.67
Ireland,IRL,10/1/15,2.51,2510,533.76,0.17,7.26,36.15,23.98,5099.43
Ireland,IRL,11/1/15,2.59,2590,550.77,0.18,7.47,38.28,26.57,5650.2
Ireland,IRL,12/1/15,2.68,2680,569.91,0.07,2.68,14.89,29.25,6220.11
Ireland,IRL,1/1/16,2.74,2740,576.42,0.05,1.86,10.52,2.74,576.42
Ireland,IRL,2/1/16,2.65,2650,557.48,0.24,9.96,50.49,5.39,1133.9
Ireland,IRL,3/1/16,2.7,2700,568,0.13,5.06,27.35,8.09,1701.9
Ireland,IRL,4/1/16,2.51,2510,528.03,0.19,8.19,39.97,10.6,2229.94
Ireland,IRL,5/1/16,2.44,2440,513.31,0.08,3.39,16.83,13.04,2743.24
Ireland,IRL,6/1/16,2.39,2390,502.79,0.19,8.64,39.97,15.43,3246.03
Ireland,IRL,7/1/16,2.56,2560,538.55,0.26,11.3,54.7,17.99,3784.58
Ireland,IRL,8/1/16,2.61,2610,549.07,0.32,13.97,67.32,20.6,4333.65
Ireland,IRL,9/1/16,2.45,2450,515.41,0.12,5.15,25.24,23.05,4849.06
Ireland,IRL,10/1/16,2.51,2510,528.03,0,0,0,25.56,5377.09
Ireland,IRL,11/1/16,2.63,2630,553.28,0.04,1.54,8.41,28.19,5930.37
Ireland,IRL,12/1/16,2.68,2680,563.8,0,0,0,30.87,6494.16
Ireland,IRL,1/1/17,2.97,2970,617.43,0.23,8.39,47.81,2.97,617.43
Ireland,IRL,2/1/17,2.68,2680,557.14,0.03,1.13,6.24,5.65,1174.57
Ireland,IRL,3/1/17,2.76,2760,573.77,0.06,2.22,12.47,8.41,1748.35
Ireland,IRL,4/1/17,2.44,2440,507.25,-0.07,-2.79,-14.55,10.85,2255.6
Ireland,IRL,5/1/17,2.33,2330,484.38,-0.11,-4.51,-22.87,13.18,2739.98
Ireland,IRL,6/1/17,2.48,2480,515.56,0.09,3.77,18.71,15.66,3255.54
Ireland,IRL,7/1/17,2.63,2630,546.75,0.07,2.73,14.55,18.29,3802.29
Ireland,IRL,8/1/17,2.53,2530,525.96,-0.08,-3.07,-16.63,20.82,4328.25
Ireland,IRL,9/1/17,2.63,2630,546.75,0.18,7.35,37.42,23.45,4875
Ireland,IRL,10/1/17,2.65,2650,550.91,0.14,5.58,29.1,26.1,5425.9
Ireland,IRL,11/1/17,2.8,2800,582.09,0.17,6.46,35.34,28.9,6007.99
Ireland,IRL,12/1/17,2.95,2950,613.27,0.27,10.07,56.13,31.85,6621.26
Ireland,IRL,1/1/18,3.01,3010,617.75,0.04,1.35,8.21,3.01,617.75
Ireland,IRL,2/1/18,2.68,2680,550.02,0,0,0,5.69,1167.76
Ireland,IRL,3/1/18,2.72,2720,558.23,-0.04,-1.45,-8.21,8.41,1725.99
Ireland,IRL,4/1/18,2.63,2630,539.76,0.19,7.79,38.99,11.04,2265.75
Ireland,IRL,5/1/18,2.6,2600,533.6,0.27,11.59,55.41,13.64,2799.35
Ireland,IRL,6/1/18,2.63,2630,539.76,0.15,6.05,30.78,16.27,3339.11
Ireland,IRL,7/1/18,2.65,2650,543.86,0.02,0.76,4.1,18.92,3882.97
Ireland,IRL,8/1/18,2.61,2610,535.65,0.08,3.16,16.42,21.53,4418.62
Ireland,IRL,9/1/18,2.5,2500,513.08,-0.13,-4.94,-26.68,24.03,4931.7
Ireland,IRL,10/1/18,2.67,2670,547.97,0.02,0.75,4.1,26.7,5479.67
Ireland,IRL,11/1/18,2.85,2850,584.91,0.05,1.79,10.26,29.55,6064.57
Ireland,IRL,12/1/18,3.01,3010,617.75,0.06,2.03,12.31,32.56,6682.32
Ireland,IRL,1/1/19,2.91,2910,589.85,-0.1,-3.32,-20.27,2.91,589.85
Ireland,IRL,2/1/19,2.7,2700,547.28,0.02,0.75,4.05,5.61,1137.13
Ireland,IRL,3/1/19,2.86,2860,579.71,0.14,5.15,28.38,8.47,1716.84
Ireland,IRL,4/1/19,2.73,2730,553.36,0.1,3.8,20.27,11.2,2270.2
Ireland,IRL,5/1/19,2.61,2610,529.04,0.01,0.38,2.03,13.81,2799.24
Ireland,IRL,6/1/19,2.56,2560,518.9,-0.07,-2.66,-14.19,16.37,3318.14
Ireland,IRL,7/1/19,2.47,2470,500.66,-0.18,-6.79,-36.49,18.84,3818.8
Ireland,IRL,8/1/19,2.51,2510,508.77,-0.1,-3.83,-20.27,21.35,4327.57
Ireland,IRL,9/1/19,2.55,2550,516.88,0.05,2,10.13,23.9,4844.44
Ireland,IRL,10/1/19,2.89,2890,585.79,0.22,8.24,44.59,26.79,5430.23
Ireland,IRL,11/1/19,3.01,3010,610.12,0.16,5.61,32.43,29.8,6040.35
Ireland,IRL,12/1/19,3.08,3080,624.3,0.07,2.33,14.19,32.88,6664.65
Ireland,IRL,1/1/20,3.06,3060,614.14,0.15,5.15,30.1,3.06,614.14
Ireland,IRL,2/1/20,3.14,3140,630.19,0.44,16.3,88.31,6.2,1244.33
Ireland,IRL,3/1/20,2.99,2990,600.09,0.13,4.55,26.09,9.19,1844.41
Ireland,IRL,4/1/20,2.37,2370,475.65,-0.36,-13.19,-72.25,11.56,2320.07
Ireland,IRL,5/1/20,2.59,2590,519.81,-0.02,-0.77,-4.01,14.15,2839.88
Ireland,IRL,6/1/20,2.59,2590,519.81,0.03,1.17,6.02,16.74,3359.68
Ireland,IRL,7/1/20,2.72,2720,545.9,0.25,10.12,50.17,19.46,3905.58
Ireland,IRL,8/1/20,2.66,2660,533.86,0.15,5.98,30.1,22.12,4439.44
Ireland,IRL,9/1/20,2.75,2750,551.92,0.2,7.84,40.14,24.87,4991.36
Ireland,IRL,10/1/20,2.96,2960,594.07,0.07,2.42,14.05,27.83,5585.43
Ireland,IRL,11/1/20,2.99,2990,600.09,-0.02,-0.66,-4.01,30.82,6185.51
Ireland,IRL,12/1/20,3.22,3220,646.25,0.14,4.55,28.1,34.04,6831.76
Ireland,IRL,1/1/21,3.05,3050,606.55,-0.01,-0.33,-1.99,3.05,606.55
Ireland,IRL,2/1/21,2.84,2840,564.79,-0.3,-9.55,-59.66,5.89,1171.34
Ireland,IRL,3/1/21,2.9,2900,576.72,-0.09,-3.01,-17.9,8.79,1748.06
Ireland,IRL,4/1/21,2.55,2550,507.12,0.18,7.59,35.8,11.34,2255.18
Ireland,IRL,5/1/21,2.65,2650,527,0.06,2.32,11.93,13.99,2782.19
Ireland,IRL,6/1/21,2.43,2430,483.25,-0.16,-6.18,-31.82,16.42,3265.44
Ireland,IRL,7/1/21,2.49,2490,495.19,-0.23,-8.46,-45.74,18.91,3760.62
Ireland,IRL,8/1/21,2.56,2560,509.11,-0.1,-3.76,-19.89,21.47,4269.73
Ireland,IRL,9/1/21,2.57,2570,511.09,-0.18,-6.55,-35.8,24.04,4780.83
Ireland,IRL,10/1/21,2.83,2830,562.8,-0.13,-4.39,-25.85,26.87,5343.63
Ireland,IRL,11/1/21,2.99,2990,594.62,0,0,0,29.86,5938.25
Ireland,IRL,12/1/21,3.27,3270,650.3,0.05,1.55,9.94,33.13,6588.55
Ireland,IRL,1/1/22,3.22,3220,630.13,0.17,5.57,33.27,3.22,630.13
Ireland,IRL,2/1/22,3.01,3010,589.04,0.17,5.99,33.27,6.23,1219.17
Ireland,IRL,3/1/22,2.96,2960,579.25,0.06,2.07,11.74,9.19,1798.43
Ireland,IRL,4/1/22,2.65,2650,518.59,0.1,3.92,19.57,11.84,2317.02
Ireland,IRL,5/1/22,2.68,2680,524.46,0.03,1.13,5.87,14.52,2841.48
Ireland,IRL,6/1/22,2.65,2650,518.59,0.22,9.05,43.05,17.17,3360.07
Ireland,IRL,7/1/22,2.78,2780,544.03,0.29,11.65,56.75,19.95,3904.09
Ireland,IRL,8/1/22,2.81,2810,549.9,0.25,9.77,48.92,22.76,4453.99
Ireland,IRL,9/1/22,2.66,2660,520.55,0.09,3.5,17.61,25.42,4974.54
Ireland,IRL,10/1/22,2.97,2970,581.21,0.14,4.95,27.4,28.39,5555.75
Ireland,IRL,11/1/22,3.09,3090,604.69,0.1,3.34,19.57,31.48,6160.45
Ireland,IRL,12/1/22,3.21,3210,628.18,-0.06,-1.83,-11.74,34.69,6788.62
Ireland,IRL,1/1/23,3.12,3120,600.39,-0.1,-3.11,-19.24,3.12,600.39
Ireland,IRL,2/1/23,2.8,2800,538.81,-0.21,-6.98,-40.41,5.92,1139.2
Ireland,IRL,3/1/23,3.07,3070,590.77,0.11,3.72,21.17,8.99,1729.97
Ireland,IRL,4/1/23,2.75,2750,529.19,0.1,3.77,19.24,11.74,2259.16
Ireland,IRL,5/1/23,2.66,2660,511.87,-0.02,-0.75,-3.85,14.4,2771.03
Ireland,IRL,6/1/23,2.52,2520,484.93,-0.13,-4.91,-25.02,16.92,3255.96
Ireland,IRL,7/1/23,2.66,2660,511.87,-0.12,-4.32,-23.09,19.58,3767.83
Ireland,IRL,8/1/23,2.67,2670,513.79,-0.14,-4.98,-26.94,22.25,4281.62
Ireland,IRL,9/1/23,2.64,2640,508.02,-0.02,-0.75,-3.85,24.89,4789.64
Ireland,IRL,10/1/23,2.81,2810,540.74,-0.16,-5.39,-30.79,27.7,5330.38
Ireland,IRL,11/1/23,2.97,2970,571.52,-0.12,-3.88,-23.09,30.67,5901.9
Ireland,IRL,12/1/23,3.11,3110,598.46,-0.1,-3.12,-19.24,33.78,6500.37
Ireland,IRL,1/1/24,3.23,3230,614.65,0.11,3.53,20.93,3.23,614.65
Ireland,IRL,2/1/24,2.91,2910,553.76,0.11,3.93,20.93,6.14,1168.41
Ireland,IRL,3/1/24,3.09,3090,588.01,0.02,0.65,3.81,9.23,1756.42
Ireland,IRL,4/1/24,2.78,2780,529.02,0.03,1.09,5.71,12.01,2285.43
Ireland,IRL,5/1/24,2.7,2700,513.79,0.04,1.5,7.61,14.71,2799.23
Ireland,IRL,6/1/24,2.51,2510,477.64,-0.01,-0.4,-1.9,17.22,3276.87
Ireland,IRL,7/1/24,2.68,2680,509.99,0.02,0.75,3.81,19.9,3786.86
Ireland,IRL,8/1/24,2.71,2710,515.7,0.04,1.5,7.61,22.61,4302.55
Ireland,IRL,9/1/24,2.7,2700,513.79,0.06,2.27,11.42,25.31,4816.35
Ireland,IRL,10/1/24,2.99,2990,568.98,0.18,6.41,34.25,28.3,5385.33
Ireland,IRL,11/1/24,3.1,3100,589.91,0.13,4.38,24.74,31.4,5975.24
Ireland,IRL,12/1/24,3.2,3200,608.94,0.09,2.89,17.13,34.6,6584.18
Ireland,IRL,1/1/25,3.39,3390,638.65,0.16,4.95,30.14,3.39,638.65
Ireland,IRL,2/1/25,3.17,3170,597.21,0.26,8.93,48.98,6.56,1235.86
Ireland,IRL,3/1/25,3.15,3150,593.44,0.06,1.94,11.3,9.71,1829.3
Ireland,IRL,4/1/25,2.85,2850,536.92,0.07,2.52,13.19,12.56,2366.22
Ireland,IRL,5/1/25,2.76,2760,519.97,0.06,2.22,11.3,15.32,2886.19
Ireland,IRL,6/1/25,2.74,2740,516.2,0.23,9.16,43.33,18.06,3402.39
Italy,ITA,1/1/16,25.96,25960,429.25,,,,25.96,429.25
Italy,ITA,2/1/16,25.03,25030,413.87,,,,50.99,843.12
Italy,ITA,3/1/16,25.59,25590,423.13,,,,76.58,1266.24
Italy,ITA,4/1/16,23.35,23350,386.09,,,,99.93,1652.33
Italy,ITA,5/1/16,24.34,24340,402.46,,,,124.27,2054.79
Italy,ITA,6/1/16,24.74,24740,409.07,,,,149.01,2463.87
Italy,ITA,7/1/16,28.52,28520,471.58,,,,177.53,2935.44
Italy,ITA,8/1/16,23.95,23950,396.01,,,,201.48,3331.45
Italy,ITA,9/1/16,25.76,25760,425.94,,,,227.24,3757.39
Italy,ITA,10/1/16,25.13,25130,415.52,,,,252.37,4172.92
Italy,ITA,11/1/16,25.25,25250,417.51,,,,277.62,4590.42
Italy,ITA,12/1/16,25.71,25710,425.11,,,,303.33,5015.53
Italy,ITA,1/1/17,27.29,27290,451.89,1.33,5.12,22.02,27.29,451.89
Italy,ITA,2/1/17,24.48,24480,405.36,-0.55,-2.2,-9.11,51.77,857.26
Italy,ITA,3/1/17,25.8,25800,427.22,0.21,0.82,3.48,77.57,1284.48
Italy,ITA,4/1/17,23.37,23370,386.98,0.02,0.09,0.33,100.94,1671.46
Italy,ITA,5/1/17,25.25,25250,418.11,0.91,3.74,15.07,126.19,2089.57
Italy,ITA,6/1/17,27.12,27120,449.08,2.38,9.62,39.41,153.31,2538.65
Italy,ITA,7/1/17,29.05,29050,481.04,0.53,1.86,8.78,182.36,3019.69
Italy,ITA,8/1/17,26.04,26040,431.2,2.09,8.73,34.61,208.4,3450.89
Italy,ITA,9/1/17,25.16,25160,416.62,-0.6,-2.33,-9.94,233.56,3867.51
Italy,ITA,10/1/17,25.53,25530,422.75,0.4,1.59,6.62,259.09,4290.26
Italy,ITA,11/1/17,25.83,25830,427.72,0.58,2.3,9.6,284.92,4717.98
Italy,ITA,12/1/17,26.24,26240,434.51,0.53,2.06,8.78,311.16,5152.48
Italy,ITA,1/1/18,26.72,26720,443.28,-0.57,-2.09,-9.46,26.72,443.28
Italy,ITA,2/1/18,25.56,25560,424.04,1.08,4.41,17.92,52.28,867.32
Italy,ITA,3/1/18,27.21,27210,451.41,1.41,5.47,23.39,79.49,1318.73
Italy,ITA,4/1/18,23.72,23720,393.51,0.35,1.5,5.81,103.21,1712.25
Italy,ITA,5/1/18,25.41,25410,421.55,0.16,0.63,2.65,128.62,2133.8
Italy,ITA,6/1/18,26.28,26280,435.98,-0.84,-3.1,-13.94,154.9,2569.78
Italy,ITA,7/1/18,29.73,29730,493.22,0.68,2.34,11.28,184.63,3063
Italy,ITA,8/1/18,25.98,25980,431.01,-0.06,-0.23,-1,210.61,3494.01
Italy,ITA,9/1/18,26.29,26290,436.15,1.13,4.49,18.75,236.9,3930.16
Italy,ITA,10/1/18,26.11,26110,433.16,0.58,2.27,9.62,263.01,4363.32
Italy,ITA,11/1/18,25.47,25470,422.55,-0.36,-1.39,-5.97,288.48,4785.87
Italy,ITA,12/1/18,26.83,26830,445.11,0.59,2.25,9.79,315.31,5230.97
Italy,ITA,1/1/19,28.05,28050,466.49,1.33,4.98,22.12,28.05,466.49
Italy,ITA,2/1/19,25.03,25030,416.26,-0.53,-2.07,-8.81,53.08,882.75
Italy,ITA,3/1/19,26,26000,432.4,-1.21,-4.45,-20.12,79.08,1315.15
Italy,ITA,4/1/19,23.62,23620,392.81,-0.1,-0.42,-1.66,102.7,1707.96
Italy,ITA,5/1/19,24.7,24700,410.78,-0.71,-2.79,-11.81,127.4,2118.74
Italy,ITA,6/1/19,27.04,27040,449.69,0.76,2.89,12.64,154.44,2568.43
Italy,ITA,7/1/19,30.5,30500,507.23,0.77,2.59,12.81,184.94,3075.66
Italy,ITA,8/1/19,25.86,25860,430.07,-0.12,-0.46,-2,210.8,3505.73
Italy,ITA,9/1/19,25.67,25670,426.91,-0.62,-2.36,-10.31,236.47,3932.64
Italy,ITA,10/1/19,25.33,25330,421.25,-0.78,-2.99,-12.97,261.8,4353.89
Italy,ITA,11/1/19,24.81,24810,412.61,-0.66,-2.59,-10.98,286.61,4766.5
Italy,ITA,12/1/19,24.67,24670,410.28,-2.16,-8.05,-35.92,311.28,5176.78
Italy,ITA,1/1/20,26.55,26550,443.14,-1.5,-5.35,-25.04,26.55,443.14
Italy,ITA,2/1/20,24.79,24790,413.77,-0.24,-0.96,-4.01,51.34,856.91
Italy,ITA,3/1/20,22.82,22820,380.89,-3.18,-12.23,-53.08,74.16,1237.8
Italy,ITA,4/1/20,19.05,19050,317.96,-4.57,-19.35,-76.28,93.21,1555.76
Italy,ITA,5/1/20,21.78,21780,363.53,-2.92,-11.82,-48.74,114.99,1919.29
Italy,ITA,6/1/20,22.84,22840,381.22,-4.2,-15.53,-70.1,137.83,2300.51
Italy,ITA,7/1/20,27.62,27620,461,-2.88,-9.44,-48.07,165.45,2761.51
Italy,ITA,8/1/20,25.04,25040,417.94,-0.82,-3.17,-13.69,190.49,3179.45
Italy,ITA,9/1/20,25.25,25250,421.45,-0.42,-1.64,-7.01,215.74,3600.9
Italy,ITA,10/1/20,24.74,24740,412.93,-0.59,-2.33,-9.85,240.48,4013.83
Italy,ITA,11/1/20,24.35,24350,406.42,-0.46,-1.85,-7.68,264.83,4420.26
Italy,ITA,12/1/20,25.13,25130,419.44,0.46,1.86,7.68,289.96,4839.7
Italy,ITA,1/1/21,26.08,26080,436.64,-0.47,-1.77,-7.87,26.08,436.64
Italy,ITA,2/1/21,23.8,23800,398.46,-0.99,-3.99,-16.57,49.88,835.1
Italy,ITA,3/1/21,25.46,25460,426.26,2.64,11.57,44.2,75.34,1261.36
Italy,ITA,4/1/21,23.28,23280,389.76,4.23,22.2,70.82,98.62,1651.11
Italy,ITA,5/1/21,23.4,23400,391.77,1.62,7.44,27.12,122.02,2042.88
Italy,ITA,6/1/21,25.92,25920,433.96,3.08,13.49,51.57,147.94,2476.84
Italy,ITA,7/1/21,29.06,29060,486.53,1.44,5.21,24.11,177,2963.36
Italy,ITA,8/1/21,25.66,25660,429.6,0.62,2.48,10.38,202.66,3392.97
Italy,ITA,9/1/21,25.72,25720,430.61,0.47,1.86,7.87,228.38,3823.58
Italy,ITA,10/1/21,25.15,25150,421.07,0.41,1.66,6.86,253.53,4244.64
Italy,ITA,11/1/21,25.43,25430,425.75,1.08,4.44,18.08,278.96,4670.4
Italy,ITA,12/1/21,26.5,26500,443.67,1.37,5.45,22.94,305.46,5114.06
Italy,ITA,1/1/22,26.43,26430,443.31,0.35,1.34,5.87,26.43,443.31
Italy,ITA,2/1/22,24.48,24480,410.61,0.68,2.86,11.41,50.91,853.92
Italy,ITA,3/1/22,26.47,26470,443.99,1.01,3.97,16.94,77.38,1297.91
Italy,ITA,4/1/22,23.45,23450,393.33,0.17,0.73,2.85,100.83,1691.24
Italy,ITA,5/1/22,24.88,24880,417.32,1.48,6.32,24.82,125.71,2108.55
Italy,ITA,6/1/22,26.84,26840,450.19,0.92,3.55,15.43,152.55,2558.74
Italy,ITA,7/1/22,29.89,29890,501.35,0.83,2.86,13.92,182.44,3060.09
Italy,ITA,8/1/22,24.97,24970,418.83,-0.69,-2.69,-11.57,207.41,3478.92
Italy,ITA,9/1/22,24.81,24810,416.14,-0.91,-3.54,-15.26,232.22,3895.06
Italy,ITA,10/1/22,23.59,23590,395.68,-1.56,-6.2,-26.17,255.81,4290.74
Italy,ITA,11/1/22,23.79,23790,399.03,-1.64,-6.45,-27.51,279.6,4689.77
Italy,ITA,12/1/22,24.19,24190,405.74,-2.31,-8.72,-38.75,303.79,5095.51
Italy,ITA,1/1/23,25.27,25270,424.71,-1.16,-4.39,-19.5,25.27,424.71
Italy,ITA,2/1/23,23.9,23900,401.68,-0.58,-2.37,-9.75,49.17,826.39
Italy,ITA,3/1/23,25.09,25090,421.68,-1.38,-5.21,-23.19,74.26,1248.08
Italy,ITA,4/1/23,22.46,22460,377.48,-0.99,-4.22,-16.64,96.72,1625.56
Italy,ITA,5/1/23,23.06,23060,387.57,-1.82,-7.32,-30.59,119.78,2013.13
Italy,ITA,6/1/23,23.98,23980,403.03,-2.86,-10.66,-48.07,143.76,2416.15
Italy,ITA,7/1/23,28.72,28720,482.69,-1.17,-3.91,-19.66,172.48,2898.85
Italy,ITA,8/1/23,24.57,24570,412.94,-0.4,-1.6,-6.72,197.05,3311.79
Italy,ITA,9/1/23,24.92,24920,418.83,0.11,0.44,1.85,221.97,3730.62
Italy,ITA,10/1/23,24.64,24640,414.12,1.05,4.45,17.65,246.61,4144.74
Italy,ITA,11/1/23,23.92,23920,402.02,0.13,0.55,2.18,270.53,4546.76
Italy,ITA,12/1/23,24.06,24060,404.37,-0.13,-0.54,-2.18,294.59,4951.13
Italy,ITA,1/1/24,25.63,25630,431.9,0.36,1.42,6.07,25.63,431.9
Italy,ITA,2/1/24,24.25,24250,408.64,0.35,1.46,5.9,49.88,840.54
Italy,ITA,3/1/24,24.44,24440,411.84,-0.65,-2.59,-10.95,74.32,1252.38
Italy,ITA,4/1/24,22.06,22060,371.74,-0.4,-1.78,-6.74,96.38,1624.12
Italy,ITA,5/1/24,23.19,23190,390.78,0.13,0.56,2.19,119.57,2014.9
Italy,ITA,6/1/24,24.01,24010,404.6,0.03,0.13,0.51,143.58,2419.5
Italy,ITA,7/1/24,29.86,29860,503.18,1.14,3.97,19.21,173.44,2922.67
Italy,ITA,8/1/24,26.59,26590,448.07,2.02,8.22,34.04,200.03,3370.75
Italy,ITA,9/1/24,24.33,24330,409.99,-0.59,-2.37,-9.94,224.36,3780.74
Italy,ITA,10/1/24,23.75,23750,400.22,-0.89,-3.61,-15,248.11,4180.96
Italy,ITA,11/1/24,24.43,24430,411.68,0.51,2.13,8.59,272.54,4592.63
Italy,ITA,12/1/24,24.71,24710,416.39,0.65,2.7,10.95,297.25,5009.02
Italy,ITA,1/1/25,26.55,26550,448.89,0.92,3.59,15.55,26.55,448.89
Italy,ITA,2/1/25,24.62,24620,416.26,0.37,1.53,6.26,51.17,865.14
Italy,ITA,3/1/25,25.34,25340,428.43,0.9,3.68,15.22,76.51,1293.57
Italy,ITA,4/1/25,23.25,23250,393.09,1.19,5.39,20.12,99.76,1686.67
Kosovo,XKX,1/1/22,0.86,860,500.6,,,,0.86,500.6
Kosovo,XKX,2/1/22,0.68,680,395.82,,,,1.54,896.42
Kosovo,XKX,3/1/22,0.74,740,430.75,,,,2.28,1327.16
Kosovo,XKX,4/1/22,0.55,550,320.15,,,,2.83,1647.31
Kosovo,XKX,5/1/22,0.47,470,273.58,,,,3.3,1920.89
Kosovo,XKX,6/1/22,0.43,430,250.3,,,,3.73,2171.19
Kosovo,XKX,7/1/22,0.48,480,279.4,,,,4.21,2450.6
Kosovo,XKX,8/1/22,0.46,460,267.76,,,,4.67,2718.36
Kosovo,XKX,9/1/22,0.45,450,261.94,,,,5.12,2980.3
Kosovo,XKX,10/1/22,0.53,530,308.51,,,,5.65,3288.8
Kosovo,XKX,11/1/22,0.63,630,366.72,,,,6.28,3655.52
Kosovo,XKX,12/1/22,0.82,820,477.31,,,,7.1,4132.83
Kosovo,XKX,1/1/23,0.83,830,488.23,-0.03,-3.49,-17.65,0.83,488.23
Kosovo,XKX,2/1/23,0.7,700,411.76,0.02,2.94,11.76,1.53,899.98
Kosovo,XKX,3/1/23,0.69,690,405.88,-0.05,-6.76,-29.41,2.22,1305.86
Kosovo,XKX,4/1/23,0.63,630,370.58,0.08,14.55,47.06,2.85,1676.44
Kosovo,XKX,5/1/23,0.5,500,294.11,0.03,6.38,17.65,3.35,1970.55
Kosovo,XKX,6/1/23,0.45,450,264.7,0.02,4.65,11.76,3.8,2235.25
Kosovo,XKX,7/1/23,0.53,530,311.76,0.05,10.42,29.41,4.33,2547.01
Kosovo,XKX,8/1/23,0.54,540,317.64,0.08,17.39,47.06,4.87,2864.66
Kosovo,XKX,9/1/23,0.46,460,270.58,0.01,2.22,5.88,5.33,3135.24
Kosovo,XKX,10/1/23,0.52,520,305.88,-0.01,-1.89,-5.88,5.85,3441.12
Kosovo,XKX,11/1/23,0.64,640,376.46,0.01,1.59,5.88,6.49,3817.58
Kosovo,XKX,12/1/23,0.82,820,482.34,0,0,0,7.31,4299.92
Kosovo,XKX,1/1/24,0.85,850,504.51,0.02,2.41,11.87,0.85,504.51
Kosovo,XKX,2/1/24,0.65,650,385.8,-0.05,-7.14,-29.68,1.5,890.32
Kosovo,XKX,3/1/24,0.65,650,385.8,-0.04,-5.8,-23.74,2.15,1276.12
Kosovo,XKX,4/1/24,0.53,530,314.58,-0.1,-15.87,-59.35,2.68,1590.7
Kosovo,XKX,5/1/24,0.52,520,308.64,0.02,4,11.87,3.2,1899.35
Kosovo,XKX,6/1/24,0.47,470,278.97,0.02,4.44,11.87,3.67,2178.31
Kosovo,XKX,7/1/24,0.52,520,308.64,-0.01,-1.89,-5.94,4.19,2486.96
Kosovo,XKX,8/1/24,0.51,510,302.71,-0.03,-5.56,-17.81,4.7,2789.67
Kosovo,XKX,9/1/24,0.46,460,273.03,0,0,0,5.16,3062.7
Kosovo,XKX,10/1/24,0.55,550,326.45,0.03,5.77,17.81,5.71,3389.15
Kosovo,XKX,11/1/24,0.74,740,439.22,0.1,15.63,59.35,6.45,3828.37
Kosovo,XKX,12/1/24,0.9,900,534.19,0.08,9.76,47.48,7.35,4362.56
Kosovo,XKX,1/1/25,0.91,910,543.57,0.06,7.06,35.84,0.91,543.57
Kosovo,XKX,2/1/25,0.76,760,453.97,0.11,16.92,65.71,1.67,997.54
Kosovo,XKX,3/1/25,0.67,670,400.21,0.02,3.08,11.95,2.34,1397.75
Kosovo,XKX,4/1/25,0.56,560,334.5,0.03,5.66,17.92,2.9,1732.25
Kosovo,XKX,5/1/25,0.5,500,298.66,-0.02,-3.85,-11.95,3.4,2030.92
Latvia,LVA,1/1/15,0.66,660,333.69,,,,0.66,333.69
Latvia,LVA,2/1/15,0.6,600,303.36,,,,1.26,637.05
Latvia,LVA,3/1/15,0.6,600,303.36,,,,1.86,940.41
Latvia,LVA,4/1/15,0.58,580,293.24,,,,2.44,1233.65
Latvia,LVA,5/1/15,0.56,560,283.13,,,,3,1516.78
Latvia,LVA,6/1/15,0.52,520,262.91,,,,3.52,1779.69
Latvia,LVA,7/1/15,0.56,560,283.13,,,,4.08,2062.83
Latvia,LVA,8/1/15,0.57,570,288.19,,,,4.65,2351.01
Latvia,LVA,9/1/15,0.55,550,278.08,,,,5.2,2629.09
Latvia,LVA,10/1/15,0.61,610,308.41,,,,5.81,2937.5
Latvia,LVA,11/1/15,0.62,620,313.47,,,,6.43,3250.97
Latvia,LVA,12/1/15,0.66,660,333.69,,,,7.09,3584.66
Latvia,LVA,1/1/16,0.73,730,372.48,0.07,10.61,35.72,0.73,372.48
Latvia,LVA,2/1/16,0.65,650,331.66,0.05,8.33,25.51,1.38,704.13
Latvia,LVA,3/1/16,0.64,640,326.55,0.04,6.67,20.41,2.02,1030.69
Latvia,LVA,4/1/16,0.59,590,301.04,0.01,1.72,5.1,2.61,1331.73
Latvia,LVA,5/1/16,0.55,550,280.63,-0.01,-1.79,-5.1,3.16,1612.36
Latvia,LVA,6/1/16,0.51,510,260.22,-0.01,-1.92,-5.1,3.67,1872.58
Latvia,LVA,7/1/16,0.53,530,270.43,-0.03,-5.36,-15.31,4.2,2143.01
Latvia,LVA,8/1/16,0.57,570,290.84,0,0,0,4.77,2433.85
Latvia,LVA,9/1/16,0.56,560,285.73,0.01,1.82,5.1,5.33,2719.58
Latvia,LVA,10/1/16,0.61,610,311.25,0,0,0,5.94,3030.83
Latvia,LVA,11/1/16,0.65,650,331.66,0.03,4.84,15.31,6.59,3362.49
Latvia,LVA,12/1/16,0.67,670,341.86,0.01,1.52,5.1,7.26,3704.35
Latvia,LVA,1/1/17,0.68,680,350.05,-0.05,-6.85,-25.74,0.68,350.05
Latvia,LVA,2/1/17,0.63,630,324.31,-0.02,-3.08,-10.3,1.31,674.36
Latvia,LVA,3/1/17,0.64,640,329.46,0,0,0,1.95,1003.81
Latvia,LVA,4/1/17,0.57,570,293.42,-0.02,-3.39,-10.3,2.52,1297.24
Latvia,LVA,5/1/17,0.59,590,303.72,0.04,7.27,20.59,3.11,1600.96
Latvia,LVA,6/1/17,0.53,530,272.83,0.02,3.92,10.3,3.64,1873.79
Latvia,LVA,7/1/17,0.55,550,283.13,0.02,3.77,10.3,4.19,2156.91
Latvia,LVA,8/1/17,0.57,570,293.42,0,0,0,4.76,2450.34
Latvia,LVA,9/1/17,0.56,560,288.27,0,0,0,5.32,2738.61
Latvia,LVA,10/1/17,0.64,640,329.46,0.03,4.92,15.44,5.96,3068.07
Latvia,LVA,11/1/17,0.64,640,329.46,-0.01,-1.54,-5.15,6.6,3397.53
Latvia,LVA,12/1/17,0.65,650,334.6,-0.02,-2.99,-10.3,7.25,3732.13
Latvia,LVA,1/1/18,0.69,690,357.96,0.01,1.47,5.19,0.69,357.96
Latvia,LVA,2/1/18,0.64,640,332.02,0.01,1.59,5.19,1.33,689.98
Latvia,LVA,3/1/18,0.68,680,352.77,0.04,6.25,20.75,2.01,1042.75
Latvia,LVA,4/1/18,0.76,760,394.27,0.19,33.33,98.57,2.77,1437.03
Latvia,LVA,5/1/18,0.48,480,249.02,-0.11,-18.64,-57.07,3.25,1686.04
Latvia,LVA,6/1/18,0.5,500,259.39,-0.03,-5.66,-15.56,3.75,1945.43
Latvia,LVA,7/1/18,0.58,580,300.89,0.03,5.45,15.56,4.33,2246.33
Latvia,LVA,8/1/18,0.6,600,311.27,0.03,5.26,15.56,4.93,2557.6
Latvia,LVA,9/1/18,0.55,550,285.33,-0.01,-1.79,-5.19,5.48,2842.93
Latvia,LVA,10/1/18,0.63,630,326.83,-0.01,-1.56,-5.19,6.11,3169.76
Latvia,LVA,11/1/18,0.64,640,332.02,0,0,0,6.75,3501.78
Latvia,LVA,12/1/18,0.69,690,357.96,0.04,6.15,20.75,7.44,3859.74
Latvia,LVA,1/1/19,0.7,700,365.68,0.01,1.45,5.22,0.7,365.68
Latvia,LVA,2/1/19,0.61,610,318.66,-0.03,-4.69,-15.67,1.31,684.34
Latvia,LVA,3/1/19,0.65,650,339.56,-0.03,-4.41,-15.67,1.96,1023.89
Latvia,LVA,4/1/19,0.59,590,308.21,-0.17,-22.37,-88.81,2.55,1332.11
Latvia,LVA,5/1/19,0.58,580,302.99,0.1,20.83,52.24,3.13,1635.1
Latvia,LVA,6/1/19,0.55,550,287.32,0.05,10,26.12,3.68,1922.41
Latvia,LVA,7/1/19,0.56,560,292.54,-0.02,-3.45,-10.45,4.24,2214.96
Latvia,LVA,8/1/19,0.58,580,302.99,-0.02,-3.33,-10.45,4.82,2517.94
Latvia,LVA,9/1/19,0.58,580,302.99,0.03,5.45,15.67,5.4,2820.93
Latvia,LVA,10/1/19,0.63,630,329.11,0,0,0,6.03,3150.04
Latvia,LVA,11/1/19,0.62,620,323.88,-0.02,-3.13,-10.45,6.65,3473.93
Latvia,LVA,12/1/19,0.66,660,344.78,-0.03,-4.35,-15.67,7.31,3818.71
Latvia,LVA,1/1/20,0.66,660,347.16,-0.04,-5.71,-21.04,0.66,347.16
Latvia,LVA,2/1/20,0.61,610,320.86,0,0,0,1.27,668.03
Latvia,LVA,3/1/20,0.63,630,331.38,-0.02,-3.08,-10.52,1.9,999.41
Latvia,LVA,4/1/20,0.55,550,289.3,-0.04,-6.78,-21.04,2.45,1288.71
Latvia,LVA,5/1/20,0.55,550,289.3,-0.03,-5.17,-15.78,3,1578.02
Latvia,LVA,6/1/20,0.54,540,284.04,-0.01,-1.82,-5.26,3.54,1862.06
Latvia,LVA,7/1/20,0.54,540,284.04,-0.02,-3.57,-10.52,4.08,2146.1
Latvia,LVA,8/1/20,0.55,550,289.3,-0.03,-5.17,-15.78,4.63,2435.41
Latvia,LVA,9/1/20,0.55,550,289.3,-0.03,-5.17,-15.78,5.18,2724.71
Latvia,LVA,10/1/20,0.62,620,326.12,-0.01,-1.59,-5.26,5.8,3050.83
Latvia,LVA,11/1/20,0.6,600,315.6,-0.02,-3.23,-10.52,6.4,3366.44
Latvia,LVA,12/1/20,0.64,640,336.64,-0.02,-3.03,-10.52,7.04,3703.08
Latvia,LVA,1/1/21,0.66,660,350.02,0,0,0,0.66,350.02
Latvia,LVA,2/1/21,0.63,630,334.11,0.02,3.28,10.61,1.29,684.14
Latvia,LVA,3/1/21,0.63,630,334.11,0,0,0,1.92,1018.25
Latvia,LVA,4/1/21,0.58,580,307.6,0.03,5.45,15.91,2.5,1325.84
Latvia,LVA,5/1/21,0.56,560,296.99,0.01,1.82,5.3,3.06,1622.83
Latvia,LVA,6/1/21,0.56,560,296.99,0.02,3.7,10.61,3.62,1919.82
Latvia,LVA,7/1/21,0.6,600,318.2,0.06,11.11,31.82,4.22,2238.03
Latvia,LVA,8/1/21,0.56,560,296.99,0.01,1.82,5.3,4.78,2535.02
Latvia,LVA,9/1/21,0.59,590,312.9,0.04,7.27,21.21,5.37,2847.91
Latvia,LVA,10/1/21,0.61,610,323.51,-0.01,-1.61,-5.3,5.98,3171.42
Latvia,LVA,11/1/21,0.62,620,328.81,0.02,3.33,10.61,6.6,3500.23
Latvia,LVA,12/1/21,0.71,710,376.54,0.07,10.94,37.12,7.31,3876.77
Latvia,LVA,1/1/22,0.67,670,356.18,0.01,1.52,5.32,0.67,356.18
Latvia,LVA,2/1/22,0.61,610,324.29,-0.02,-3.17,-10.63,1.28,680.47
Latvia,LVA,3/1/22,0.65,650,345.55,0.02,3.17,10.63,1.93,1026.02
Latvia,LVA,4/1/22,0.56,560,297.7,-0.02,-3.45,-10.63,2.49,1323.72
Latvia,LVA,5/1/22,0.55,550,292.39,-0.01,-1.79,-5.32,3.04,1616.11
Latvia,LVA,6/1/22,0.5,500,265.81,-0.06,-10.71,-31.9,3.54,1881.92
Latvia,LVA,7/1/22,0.53,530,281.76,-0.07,-11.67,-37.21,4.07,2163.67
Latvia,LVA,8/1/22,0.55,550,292.39,-0.01,-1.79,-5.32,4.62,2456.06
Latvia,LVA,9/1/22,0.5,500,265.81,-0.09,-15.25,-47.85,5.12,2721.87
Latvia,LVA,10/1/22,0.54,540,287.07,-0.07,-11.48,-37.21,5.66,3008.94
Latvia,LVA,11/1/22,0.57,570,303.02,-0.05,-8.06,-26.58,6.23,3311.96
Latvia,LVA,12/1/22,0.63,630,334.92,-0.08,-11.27,-42.53,6.86,3646.88
Latvia,LVA,1/1/23,0.61,610,324.05,-0.06,-8.96,-31.87,0.61,324.05
Latvia,LVA,2/1/23,0.54,540,286.87,-0.07,-11.48,-37.19,1.15,610.92
Latvia,LVA,3/1/23,0.59,590,313.43,-0.06,-9.23,-31.87,1.74,924.35
Latvia,LVA,4/1/23,0.51,510,270.93,-0.05,-8.93,-26.56,2.25,1195.28
Latvia,LVA,5/1/23,0.51,510,270.93,-0.04,-7.27,-21.25,2.76,1466.21
Latvia,LVA,6/1/23,0.49,490,260.31,-0.01,-2,-5.31,3.25,1726.52
Latvia,LVA,7/1/23,0.49,490,260.31,-0.04,-7.55,-21.25,3.74,1986.83
Latvia,LVA,8/1/23,0.54,540,286.87,-0.01,-1.82,-5.31,4.28,2273.69
Latvia,LVA,9/1/23,0.52,520,276.24,0.02,4,10.62,4.8,2549.94
Latvia,LVA,10/1/23,0.57,570,302.8,0.03,5.56,15.94,5.37,2852.74
Latvia,LVA,11/1/23,0.58,580,308.12,0.01,1.75,5.31,5.95,3160.86
Latvia,LVA,12/1/23,0.62,620,329.37,-0.01,-1.59,-5.31,6.57,3490.23
Latvia,LVA,1/1/24,0.66,660,352.59,0.05,8.2,26.71,0.66,352.59
Latvia,LVA,2/1/24,0.59,590,315.19,0.05,9.26,26.71,1.25,667.78
Latvia,LVA,3/1/24,0.58,580,309.85,-0.01,-1.69,-5.34,1.83,977.63
Latvia,LVA,4/1/24,0.57,570,304.51,0.06,11.76,32.05,2.4,1282.14
Latvia,LVA,5/1/24,0.53,530,283.14,0.02,3.92,10.68,2.93,1565.28
Latvia,LVA,6/1/24,0.5,500,267.11,0.01,2.04,5.34,3.43,1832.39
Latvia,LVA,7/1/24,0.55,550,293.82,0.06,12.24,32.05,3.98,2126.22
Latvia,LVA,8/1/24,0.54,540,288.48,0,0,0,4.52,2414.7
Latvia,LVA,9/1/24,0.53,530,283.14,0.01,1.92,5.34,5.05,2697.84
Latvia,LVA,10/1/24,0.59,590,315.19,0.02,3.51,10.68,5.64,3013.03
Latvia,LVA,11/1/24,0.61,610,325.88,0.03,5.17,16.03,6.25,3338.91
Latvia,LVA,12/1/24,0.65,650,347.25,0.03,4.84,16.03,6.9,3686.15
Latvia,LVA,1/1/25,0.65,650,350.68,-0.01,-1.52,-5.4,0.65,350.68
Latvia,LVA,2/1/25,0.62,620,334.49,0.03,5.08,16.19,1.27,685.17
Latvia,LVA,3/1/25,0.61,610,329.1,0.03,5.17,16.19,1.88,1014.26
Latvia,LVA,4/1/25,0.56,560,302.12,-0.01,-1.75,-5.4,2.44,1316.39
Latvia,LVA,5/1/25,0.56,560,302.12,0.03,5.66,16.19,3,1618.51
Latvia,LVA,6/1/25,0.5,500,269.75,0,0,0,3.5,1888.26
Latvia,LVA,7/1/25,0.56,560,302.12,0.01,1.82,5.4,4.06,2190.38
Lithuania,LTU,1/1/15,1.02,1020,351.03,,,,1.02,351.03
Lithuania,LTU,2/1/15,0.9,900,309.73,,,,1.92,660.76
Lithuania,LTU,3/1/15,0.94,940,323.5,,,,2.86,984.25
Lithuania,LTU,4/1/15,0.85,850,292.52,,,,3.71,1276.77
Lithuania,LTU,5/1/15,0.86,860,295.96,,,,4.57,1572.74
Lithuania,LTU,6/1/15,0.84,840,289.08,,,,5.41,1861.82
Lithuania,LTU,7/1/15,0.86,860,295.96,,,,6.27,2157.78
Lithuania,LTU,8/1/15,0.85,850,292.52,,,,7.12,2450.31
Lithuania,LTU,9/1/15,0.86,860,295.96,,,,7.98,2746.27
Lithuania,LTU,10/1/15,0.93,930,320.05,,,,8.91,3066.32
Lithuania,LTU,11/1/15,0.93,930,320.05,,,,9.84,3386.38
Lithuania,LTU,12/1/15,0.96,960,330.38,,,,10.8,3716.76
Lithuania,LTU,1/1/16,1.07,1070,372.94,0.05,4.9,17.43,1.07,372.94
Lithuania,LTU,2/1/16,0.94,940,327.63,0.04,4.44,13.94,2.01,700.57
Lithuania,LTU,3/1/16,0.97,970,338.08,0.03,3.19,10.46,2.98,1038.65
Lithuania,LTU,4/1/16,0.89,890,310.2,0.04,4.71,13.94,3.87,1348.85
Lithuania,LTU,5/1/16,0.88,880,306.72,0.02,2.33,6.97,4.75,1655.57
Lithuania,LTU,6/1/16,0.89,890,310.2,0.05,5.95,17.43,5.64,1965.77
Lithuania,LTU,7/1/16,0.91,910,317.17,0.05,5.81,17.43,6.55,2282.94
Lithuania,LTU,8/1/16,0.93,930,324.14,0.08,9.41,27.88,7.48,2607.08
Lithuania,LTU,9/1/16,0.92,920,320.66,0.06,6.98,20.91,8.4,2927.74
Lithuania,LTU,10/1/16,0.97,970,338.08,0.04,4.3,13.94,9.37,3265.82
Lithuania,LTU,11/1/16,0.98,980,341.57,0.05,5.38,17.43,10.35,3607.39
Lithuania,LTU,12/1/16,0.99,990,345.05,0.03,3.13,10.46,11.34,3952.45
Lithuania,LTU,1/1/17,1.11,1110,392.32,0.04,3.74,14.14,1.11,392.32
Lithuania,LTU,2/1/17,0.94,940,332.24,0,0,0,2.05,724.56
Lithuania,LTU,3/1/17,0.94,940,332.24,-0.03,-3.09,-10.6,2.99,1056.79
Lithuania,LTU,4/1/17,0.91,910,321.63,0.02,2.25,7.07,3.9,1378.43
Lithuania,LTU,5/1/17,0.93,930,328.7,0.05,5.68,17.67,4.83,1707.13
Lithuania,LTU,6/1/17,0.84,840,296.89,-0.05,-5.62,-17.67,5.67,2004.02
Lithuania,LTU,7/1/17,0.88,880,311.03,-0.03,-3.3,-10.6,6.55,2315.05
Lithuania,LTU,8/1/17,0.95,950,335.77,0.02,2.15,7.07,7.5,2650.82
Lithuania,LTU,9/1/17,0.94,940,332.24,0.02,2.17,7.07,8.44,2983.06
Lithuania,LTU,10/1/17,1,1000,353.44,0.03,3.09,10.6,9.44,3336.5
Lithuania,LTU,11/1/17,1.02,1020,360.51,0.04,4.08,14.14,10.46,3697.01
Lithuania,LTU,12/1/17,1.08,1080,381.72,0.09,9.09,31.81,11.54,4078.73
Lithuania,LTU,1/1/18,1.26,1260,449.6,0.15,13.51,53.52,1.26,449.6
Lithuania,LTU,2/1/18,1.06,1060,378.24,0.12,12.77,42.82,2.32,827.84
Lithuania,LTU,3/1/18,1.12,1120,399.65,0.18,19.15,64.23,3.44,1227.48
Lithuania,LTU,4/1/18,0.92,920,328.28,0.01,1.1,3.57,4.36,1555.76
Lithuania,LTU,5/1/18,0.99,990,353.26,0.06,6.45,21.41,5.35,1909.02
Lithuania,LTU,6/1/18,0.95,950,338.99,0.11,13.1,39.25,6.3,2248.01
Lithuania,LTU,7/1/18,0.97,970,346.12,0.09,10.23,32.11,7.27,2594.13
Lithuania,LTU,8/1/18,0.99,990,353.26,0.04,4.21,14.27,8.26,2947.39
Lithuania,LTU,9/1/18,0.97,970,346.12,0.03,3.19,10.7,9.23,3293.51
Lithuania,LTU,10/1/18,1.06,1060,378.24,0.06,6,21.41,10.29,3671.75
Lithuania,LTU,11/1/18,1.08,1080,385.37,0.06,5.88,21.41,11.37,4057.12
Lithuania,LTU,12/1/18,1.15,1150,410.35,0.07,6.48,24.98,12.52,4467.47
Lithuania,LTU,1/1/19,1.19,1190,425.75,-0.07,-5.56,-25.04,1.19,425.75
Lithuania,LTU,2/1/19,1,1000,357.77,-0.06,-5.66,-21.47,2.19,783.53
Lithuania,LTU,3/1/19,1.07,1070,382.82,-0.05,-4.46,-17.89,3.26,1166.34
Lithuania,LTU,4/1/19,0.99,990,354.2,0.07,7.61,25.04,4.25,1520.54
Lithuania,LTU,5/1/19,1,1000,357.77,0.01,1.01,3.58,5.25,1878.31
Lithuania,LTU,6/1/19,1,1000,357.77,0.05,5.26,17.89,6.25,2236.09
Lithuania,LTU,7/1/19,0.99,990,354.2,0.02,2.06,7.16,7.24,2590.28
Lithuania,LTU,8/1/19,1.03,1030,368.51,0.04,4.04,14.31,8.27,2958.79
Lithuania,LTU,9/1/19,1,1000,357.77,0.03,3.09,10.73,9.27,3316.57
Lithuania,LTU,10/1/19,1.06,1060,379.24,0,0,0,10.33,3695.81
Lithuania,LTU,11/1/19,1.07,1070,382.82,-0.01,-0.93,-3.58,11.4,4078.62
Lithuania,LTU,12/1/19,1.09,1090,389.97,-0.06,-5.22,-21.47,12.49,4468.6
Lithuania,LTU,1/1/20,1.16,1160,414.91,-0.03,-2.52,-10.73,1.16,414.91
Lithuania,LTU,2/1/20,1.05,1050,375.57,0.05,5,17.88,2.21,790.48
Lithuania,LTU,3/1/20,1.01,1010,361.26,-0.06,-5.61,-21.46,3.22,1151.74
Lithuania,LTU,4/1/20,0.89,890,318.34,-0.1,-10.1,-35.77,4.11,1470.08
Lithuania,LTU,5/1/20,0.94,940,336.22,-0.06,-6,-21.46,5.05,1806.31
Lithuania,LTU,6/1/20,0.93,930,332.65,-0.07,-7,-25.04,5.98,2138.95
Lithuania,LTU,7/1/20,0.95,950,339.8,-0.04,-4.04,-14.31,6.93,2478.75
Lithuania,LTU,8/1/20,0.99,990,354.11,-0.04,-3.88,-14.31,7.92,2832.86
Lithuania,LTU,9/1/20,0.98,980,350.53,-0.02,-2,-7.15,8.9,3183.39
Lithuania,LTU,10/1/20,1.04,1040,371.99,-0.02,-1.89,-7.15,9.94,3555.38
Lithuania,LTU,11/1/20,1.08,1080,386.3,0.01,0.93,3.58,11.02,3941.68
Lithuania,LTU,12/1/20,1.16,1160,414.91,0.07,6.42,25.04,12.18,4356.6
Lithuania,LTU,1/1/21,1.18,1180,422.26,0.02,1.72,7.16,1.18,422.26
Lithuania,LTU,2/1/21,1.08,1080,386.47,0.03,2.86,10.74,2.26,808.73
Lithuania,LTU,3/1/21,1.08,1080,386.47,0.07,6.93,25.05,3.34,1195.21
Lithuania,LTU,4/1/21,0.95,950,339.95,0.06,6.74,21.47,4.29,1535.16
Lithuania,LTU,5/1/21,0.97,970,347.11,0.03,3.19,10.74,5.26,1882.28
Lithuania,LTU,6/1/21,0.95,950,339.95,0.02,2.15,7.16,6.21,2222.23
Lithuania,LTU,7/1/21,1.03,1030,368.58,0.08,8.42,28.63,7.24,2590.81
Lithuania,LTU,8/1/21,1,1000,357.85,0.01,1.01,3.58,8.24,2948.66
Lithuania,LTU,9/1/21,1,1000,357.85,0.02,2.04,7.16,9.24,3306.51
Lithuania,LTU,10/1/21,1.08,1080,386.47,0.04,3.85,14.31,10.32,3692.98
Lithuania,LTU,11/1/21,1.12,1120,400.79,0.04,3.7,14.31,11.44,4093.77
Lithuania,LTU,12/1/21,1.24,1240,443.73,0.08,6.9,28.63,12.68,4537.5
Lithuania,LTU,1/1/22,1.19,1190,422.45,0.01,0.85,3.55,1.19,422.45
Lithuania,LTU,2/1/22,1.08,1080,383.4,0,0,0,2.27,805.84
Lithuania,LTU,3/1/22,1.17,1170,415.35,0.09,8.33,31.95,3.44,1221.19
Lithuania,LTU,4/1/22,1.02,1020,362.1,0.07,7.37,24.85,4.46,1583.29
Lithuania,LTU,5/1/22,0.96,960,340.8,-0.01,-1.03,-3.55,5.42,1924.09
Lithuania,LTU,6/1/22,0.93,930,330.15,-0.02,-2.11,-7.1,6.35,2254.24
Lithuania,LTU,7/1/22,0.98,980,347.9,-0.05,-4.85,-17.75,7.33,2602.13
Lithuania,LTU,8/1/22,1,1000,355,0,0,0,8.33,2957.13
Lithuania,LTU,9/1/22,0.89,890,315.95,-0.11,-11,-39.05,9.22,3273.08
Lithuania,LTU,10/1/22,0.94,940,333.7,-0.14,-12.96,-49.7,10.16,3606.78
Lithuania,LTU,11/1/22,1.04,1040,369.2,-0.08,-7.14,-28.4,11.2,3975.97
Lithuania,LTU,12/1/22,1.14,1140,404.7,-0.1,-8.06,-35.5,12.34,4380.67
Lithuania,LTU,1/1/23,1.14,1140,399.43,-0.05,-4.2,-17.52,1.14,399.43
Lithuania,LTU,2/1/23,1.03,1030,360.88,-0.05,-4.63,-17.52,2.17,760.31
Lithuania,LTU,3/1/23,1.08,1080,378.4,-0.09,-7.69,-31.53,3.25,1138.71
Lithuania,LTU,4/1/23,0.95,950,332.85,-0.07,-6.86,-24.53,4.2,1471.57
Lithuania,LTU,5/1/23,0.94,940,329.35,-0.02,-2.08,-7.01,5.14,1800.92
Lithuania,LTU,6/1/23,0.93,930,325.85,0,0,0,6.07,2126.77
Lithuania,LTU,7/1/23,0.92,920,322.34,-0.06,-6.12,-21.02,6.99,2449.11
Lithuania,LTU,8/1/23,0.99,990,346.87,-0.01,-1,-3.5,7.98,2795.98
Lithuania,LTU,9/1/23,0.97,970,339.86,0.08,8.99,28.03,8.95,3135.84
Lithuania,LTU,10/1/23,1.07,1070,374.9,0.13,13.83,45.55,10.02,3510.74
Lithuania,LTU,11/1/23,1.15,1150,402.93,0.11,10.58,38.54,11.17,3913.67
Lithuania,LTU,12/1/23,1.22,1220,427.46,0.08,7.02,28.03,12.39,4341.12
Lithuania,LTU,1/1/24,1.31,1310,458.18,0.17,14.91,59.46,1.31,458.18
Lithuania,LTU,2/1/24,1.09,1090,381.24,0.06,5.83,20.99,2.4,839.42
Lithuania,LTU,3/1/24,1.08,1080,377.74,0,0,0,3.48,1217.16
Lithuania,LTU,4/1/24,1.01,1010,353.26,0.06,6.32,20.99,4.49,1570.42
Lithuania,LTU,5/1/24,0.96,960,335.77,0.02,2.13,7,5.45,1906.19
Lithuania,LTU,6/1/24,0.96,960,335.77,0.03,3.23,10.49,6.41,2241.96
Lithuania,LTU,7/1/24,1.03,1030,360.25,0.11,11.96,38.47,7.44,2602.21
Lithuania,LTU,8/1/24,1.02,1020,356.75,0.03,3.03,10.49,8.46,2958.96
Lithuania,LTU,9/1/24,0.99,990,346.26,0.02,2.06,7,9.45,3305.22
Lithuania,LTU,10/1/24,1.06,1060,370.74,-0.01,-0.93,-3.5,10.51,3675.97
Lithuania,LTU,11/1/24,1.1,1100,384.74,-0.05,-4.35,-17.49,11.61,4060.7
Lithuania,LTU,12/1/24,1.19,1190,416.21,-0.03,-2.46,-10.49,12.8,4476.92
Lithuania,LTU,1/1/25,1.22,1220,431.07,-0.09,-6.87,-31.8,1.22,431.07
Lithuania,LTU,2/1/25,1.1,1100,388.67,0.01,0.92,3.53,2.32,819.75
Lithuania,LTU,3/1/25,1.06,1060,374.54,-0.02,-1.85,-7.07,3.38,1194.29
Lithuania,LTU,4/1/25,0.91,910,321.54,-0.1,-9.9,-35.33,4.29,1515.83
Lithuania,LTU,5/1/25,0.95,950,335.67,-0.01,-1.04,-3.53,5.24,1851.5
Lithuania,LTU,6/1/25,0.91,910,321.54,-0.05,-5.21,-17.67,6.15,2173.04
Lithuania,LTU,7/1/25,0.95,950,335.67,-0.08,-7.77,-28.27,7.1,2508.71
Luxembourg,LUX,1/1/18,0.46,460,756.45,,,,0.46,756.45
Luxembourg,LUX,2/1/18,0.44,440,723.56,,,,0.9,1480.02
Luxembourg,LUX,3/1/18,0.46,460,756.45,,,,1.36,2236.47
Luxembourg,LUX,4/1/18,0.42,420,690.67,,,,1.78,2927.15
Luxembourg,LUX,5/1/18,0.41,410,674.23,,,,2.19,3601.38
Luxembourg,LUX,6/1/18,0.41,410,674.23,,,,2.6,4275.61
Luxembourg,LUX,7/1/18,0.41,410,674.23,,,,3.01,4949.84
Luxembourg,LUX,8/1/18,0.4,400,657.79,,,,3.41,5607.62
Luxembourg,LUX,9/1/18,0.4,400,657.79,,,,3.81,6265.41
Luxembourg,LUX,10/1/18,0.44,440,723.56,,,,4.25,6988.97
Luxembourg,LUX,11/1/18,0.43,430,707.12,,,,4.68,7696.09
Luxembourg,LUX,12/1/18,0.44,440,723.56,,,,5.12,8419.65
Luxembourg,LUX,1/1/19,0.47,470,757.87,0.01,2.17,16.12,0.47,757.87
Luxembourg,LUX,2/1/19,0.42,420,677.24,-0.02,-4.55,-32.25,0.89,1435.11
Luxembourg,LUX,3/1/19,0.44,440,709.49,-0.02,-4.35,-32.25,1.33,2144.6
Luxembourg,LUX,4/1/19,0.41,410,661.12,-0.01,-2.38,-16.12,1.74,2805.71
Luxembourg,LUX,5/1/19,0.43,430,693.37,0.02,4.88,32.25,2.17,3499.08
Luxembourg,LUX,6/1/19,0.4,400,644.99,-0.01,-2.44,-16.12,2.57,4144.07
Luxembourg,LUX,7/1/19,0.42,420,677.24,0.01,2.44,16.12,2.99,4821.31
Luxembourg,LUX,8/1/19,0.4,400,644.99,0,0,0,3.39,5466.3
Luxembourg,LUX,9/1/19,0.41,410,661.12,0.01,2.5,16.12,3.8,6127.42
Luxembourg,LUX,10/1/19,0.45,450,725.62,0.01,2.27,16.12,4.25,6853.04
Luxembourg,LUX,11/1/19,0.45,450,725.62,0.02,4.65,32.25,4.7,7578.65
Luxembourg,LUX,12/1/19,0.45,450,725.62,0.01,2.27,16.12,5.15,8304.27
Luxembourg,LUX,1/1/20,0.47,470,745.33,0,0,0,0.47,745.33
Luxembourg,LUX,2/1/20,0.42,420,666.04,0,0,0,0.89,1411.36
Luxembourg,LUX,3/1/20,0.42,420,666.04,-0.02,-4.55,-31.72,1.31,2077.4
Luxembourg,LUX,4/1/20,0.36,360,570.89,-0.05,-12.2,-79.29,1.67,2648.28
Luxembourg,LUX,5/1/20,0.37,370,586.75,-0.06,-13.95,-95.15,2.04,3235.03
Luxembourg,LUX,6/1/20,0.38,380,602.6,-0.02,-5,-31.72,2.42,3837.63
Luxembourg,LUX,7/1/20,0.4,400,634.32,-0.02,-4.76,-31.72,2.82,4471.95
Luxembourg,LUX,8/1/20,0.39,390,618.46,-0.01,-2.5,-15.86,3.21,5090.41
Luxembourg,LUX,9/1/20,0.38,380,602.6,-0.03,-7.32,-47.57,3.59,5693.02
Luxembourg,LUX,10/1/20,0.44,440,697.75,-0.01,-2.22,-15.86,4.03,6390.77
Luxembourg,LUX,11/1/20,0.43,430,681.89,-0.02,-4.44,-31.72,4.46,7072.66
Luxembourg,LUX,12/1/20,0.44,440,697.75,-0.01,-2.22,-15.86,4.9,7770.41
Luxembourg,LUX,1/1/21,0.45,450,702.82,-0.02,-4.26,-31.24,0.45,702.82
Luxembourg,LUX,2/1/21,0.43,430,671.59,0.01,2.38,15.62,0.88,1374.41
Luxembourg,LUX,3/1/21,0.46,460,718.44,0.04,9.52,62.47,1.34,2092.85
Luxembourg,LUX,4/1/21,0.43,430,671.59,0.07,19.44,109.33,1.77,2764.44
Luxembourg,LUX,5/1/21,0.43,430,671.59,0.06,16.22,93.71,2.2,3436.03
Luxembourg,LUX,6/1/21,0.41,410,640.35,0.03,7.89,46.85,2.61,4076.38
Luxembourg,LUX,7/1/21,0.41,410,640.35,0.01,2.5,15.62,3.02,4716.73
Luxembourg,LUX,8/1/21,0.38,380,593.5,-0.01,-2.56,-15.62,3.4,5310.23
Luxembourg,LUX,9/1/21,0.4,400,624.73,0.02,5.26,31.24,3.8,5934.96
Luxembourg,LUX,10/1/21,0.43,430,671.59,-0.01,-2.27,-15.62,4.23,6606.55
Luxembourg,LUX,11/1/21,0.46,460,718.44,0.03,6.98,46.85,4.69,7324.99
Luxembourg,LUX,12/1/21,0.45,450,702.82,0.01,2.27,15.62,5.14,8027.81
Luxembourg,LUX,1/1/22,0.46,460,704.1,0.01,2.22,15.31,0.46,704.1
Luxembourg,LUX,2/1/22,0.42,420,642.88,-0.01,-2.33,-15.31,0.88,1346.98
Luxembourg,LUX,3/1/22,0.47,470,719.41,0.01,2.17,15.31,1.35,2066.39
Luxembourg,LUX,4/1/22,0.41,410,627.57,-0.02,-4.65,-30.61,1.76,2693.97
Luxembourg,LUX,5/1/22,0.42,420,642.88,-0.01,-2.33,-15.31,2.18,3336.84
Luxembourg,LUX,6/1/22,0.41,410,627.57,0,0,0,2.59,3964.42
Luxembourg,LUX,7/1/22,0.42,420,642.88,0.01,2.44,15.31,3.01,4607.29
Luxembourg,LUX,8/1/22,0.39,390,596.96,0.01,2.63,15.31,3.4,5204.25
Luxembourg,LUX,9/1/22,0.4,400,612.26,0,0,0,3.8,5816.52
Luxembourg,LUX,10/1/22,0.41,410,627.57,-0.02,-4.65,-30.61,4.21,6444.09
Luxembourg,LUX,11/1/22,0.42,420,642.88,-0.04,-8.7,-61.23,4.63,7086.97
Luxembourg,LUX,12/1/22,0.42,420,642.88,-0.03,-6.67,-45.92,5.05,7729.84
Luxembourg,LUX,1/1/23,0.43,430,646.52,-0.03,-6.52,-45.11,0.43,646.52
Luxembourg,LUX,2/1/23,0.41,410,616.45,-0.01,-2.38,-15.04,0.84,1262.97
Luxembourg,LUX,3/1/23,0.43,430,646.52,-0.04,-8.51,-60.14,1.27,1909.49
Luxembourg,LUX,4/1/23,0.39,390,586.38,-0.02,-4.88,-30.07,1.66,2495.87
Luxembourg,LUX,5/1/23,0.38,380,571.34,-0.04,-9.52,-60.14,2.04,3067.22
Luxembourg,LUX,6/1/23,0.36,360,541.27,-0.05,-12.2,-75.18,2.4,3608.49
Luxembourg,LUX,7/1/23,0.36,360,541.27,-0.06,-14.29,-90.21,2.76,4149.76
Luxembourg,LUX,8/1/23,0.36,360,541.27,-0.03,-7.69,-45.11,3.12,4691.04
Luxembourg,LUX,9/1/23,0.36,360,541.27,-0.04,-10,-60.14,3.48,5232.31
Luxembourg,LUX,10/1/23,0.39,390,586.38,-0.02,-4.88,-30.07,3.87,5818.69
Luxembourg,LUX,11/1/23,0.42,420,631.49,0,0,0,4.29,6450.18
Luxembourg,LUX,12/1/23,0.4,400,601.42,-0.02,-4.76,-30.07,4.69,7051.59
Luxembourg,LUX,1/1/24,0.46,460,683.47,0.03,6.98,44.57,0.46,683.47
Luxembourg,LUX,2/1/24,0.4,400,594.32,-0.01,-2.44,-14.86,0.86,1277.79
Luxembourg,LUX,3/1/24,0.41,410,609.18,-0.02,-4.65,-29.72,1.27,1886.97
Luxembourg,LUX,4/1/24,0.4,400,594.32,0.01,2.56,14.86,1.67,2481.29
Luxembourg,LUX,5/1/24,0.39,390,579.46,0.01,2.63,14.86,2.06,3060.76
Luxembourg,LUX,6/1/24,0.37,370,549.75,0.01,2.78,14.86,2.43,3610.51
Luxembourg,LUX,7/1/24,0.41,410,609.18,0.05,13.89,74.29,2.84,4219.69
Luxembourg,LUX,8/1/24,0.38,380,564.61,0.02,5.56,29.72,3.22,4784.29
Luxembourg,LUX,9/1/24,0.39,390,579.46,0.03,8.33,44.57,3.61,5363.75
Luxembourg,LUX,10/1/24,0.43,430,638.9,0.04,10.26,59.43,4.04,6002.65
Luxembourg,LUX,11/1/24,0.44,440,653.75,0.02,4.76,29.72,4.48,6656.4
Luxembourg,LUX,12/1/24,0.44,440,653.75,0.04,10,59.43,4.92,7310.16
Luxembourg,LUX,1/1/25,0.47,470,690.72,0.01,2.17,14.7,0.47,690.72
Luxembourg,LUX,2/1/25,0.42,420,617.23,0.02,5,29.39,0.89,1307.95
Luxembourg,LUX,3/1/25,0.44,440,646.63,0.03,7.32,44.09,1.33,1954.58
Luxembourg,LUX,4/1/25,0.38,380,558.45,-0.02,-5,-29.39,1.71,2513.03
Luxembourg,LUX,5/1/25,0.39,390,573.15,0,0,0,2.1,3086.17
Luxembourg,LUX,6/1/25,0.37,370,543.75,0,0,0,2.47,3629.93
Luxembourg,LUX,7/1/25,0.39,390,573.15,-0.02,-4.88,-29.39,2.86,4203.08
Malta,MLT,1/1/19,0.31,310,615.06,,,,0.31,615.06
Malta,MLT,2/1/19,0.28,280,555.54,,,,0.59,1170.6
Malta,MLT,3/1/19,0.27,270,535.7,,,,0.86,1706.3
Malta,MLT,4/1/19,0.25,250,496.02,,,,1.11,2202.31
Malta,MLT,5/1/19,0.25,250,496.02,,,,1.36,2698.33
Malta,MLT,6/1/19,0.3,300,595.22,,,,1.66,3293.55
Malta,MLT,7/1/19,0.34,340,674.58,,,,2,3968.13
Malta,MLT,8/1/19,0.35,350,694.42,,,,2.35,4662.55
Malta,MLT,9/1/19,0.31,310,615.06,,,,2.66,5277.61
Malta,MLT,10/1/19,0.29,290,575.38,,,,2.95,5852.99
Malta,MLT,11/1/19,0.28,280,555.54,,,,3.23,6408.53
Malta,MLT,12/1/19,0.28,280,555.54,,,,3.51,6964.06
Malta,MLT,1/1/20,0.3,300,578.92,-0.01,-3.23,-19.3,0.3,578.92
Malta,MLT,2/1/20,0.27,270,521.03,-0.01,-3.57,-19.3,0.57,1099.95
Malta,MLT,3/1/20,0.28,280,540.33,0.01,3.7,19.3,0.85,1640.27
Malta,MLT,4/1/20,0.23,230,443.84,-0.02,-8,-38.59,1.08,2084.11
Malta,MLT,5/1/20,0.24,240,463.14,-0.01,-4,-19.3,1.32,2547.25
Malta,MLT,6/1/20,0.24,240,463.14,-0.06,-20,-115.78,1.56,3010.39
Malta,MLT,7/1/20,0.31,310,598.22,-0.03,-8.82,-57.89,1.87,3608.6
Malta,MLT,8/1/20,0.34,340,656.11,-0.01,-2.86,-19.3,2.21,4264.71
Malta,MLT,9/1/20,0.31,310,598.22,0,0,0,2.52,4862.93
Malta,MLT,10/1/20,0.27,270,521.03,-0.02,-6.9,-38.59,2.79,5383.96
Malta,MLT,11/1/20,0.26,260,501.73,-0.02,-7.14,-38.59,3.05,5885.69
Malta,MLT,12/1/20,0.28,280,540.33,0,0,0,3.33,6426.02
Malta,MLT,1/1/21,0.29,290,553.04,-0.01,-3.33,-19.07,0.29,553.04
Malta,MLT,2/1/21,0.25,250,476.76,-0.02,-7.41,-38.14,0.54,1029.8
Malta,MLT,3/1/21,0.26,260,495.83,-0.02,-7.14,-38.14,0.8,1525.62
Malta,MLT,4/1/21,0.24,240,457.69,0.01,4.35,19.07,1.04,1983.31
Malta,MLT,5/1/21,0.24,240,457.69,0,0,0,1.28,2441
Malta,MLT,6/1/21,0.29,290,553.04,0.05,20.83,95.35,1.57,2994.03
Malta,MLT,7/1/21,0.35,350,667.46,0.04,12.9,76.28,1.92,3661.49
Malta,MLT,8/1/21,0.37,370,705.6,0.03,8.82,57.21,2.29,4367.1
Malta,MLT,9/1/21,0.32,320,610.25,0.01,3.23,19.07,2.61,4977.34
Malta,MLT,10/1/21,0.29,290,553.04,0.02,7.41,38.14,2.9,5530.38
Malta,MLT,11/1/21,0.28,280,533.97,0.02,7.69,38.14,3.18,6064.35
Malta,MLT,12/1/21,0.3,300,572.11,0.02,7.14,38.14,3.48,6636.46
Malta,MLT,1/1/22,0.3,300,567.98,0.01,3.45,18.93,0.3,567.98
Malta,MLT,2/1/22,0.28,280,530.11,0.03,12,56.8,0.58,1098.09
Malta,MLT,3/1/22,0.3,300,567.98,0.04,15.38,75.73,0.88,1666.06
Malta,MLT,4/1/22,0.3,300,567.98,0.06,25,113.6,1.18,2234.04
Malta,MLT,5/1/22,0.25,250,473.31,0.01,4.17,18.93,1.43,2707.35
Malta,MLT,6/1/22,0.31,310,586.91,0.02,6.9,37.87,1.74,3294.26
Malta,MLT,7/1/22,0.38,380,719.44,0.03,8.57,56.8,2.12,4013.69
Malta,MLT,8/1/22,0.41,410,776.23,0.04,10.81,75.73,2.53,4789.92
Malta,MLT,9/1/22,0.34,340,643.71,0.02,6.25,37.87,2.87,5433.63
Malta,MLT,10/1/22,0.33,330,624.77,0.04,13.79,75.73,3.2,6058.4
Malta,MLT,11/1/22,0.28,280,530.11,0,0,0,3.48,6588.51
Malta,MLT,12/1/22,0.28,280,530.11,-0.02,-6.67,-37.87,3.76,7118.62
Malta,MLT,1/1/23,0.33,330,619.19,0.03,10,56.29,0.33,619.19
Malta,MLT,2/1/23,0.33,330,619.19,0.05,17.86,93.82,0.66,1238.38
Malta,MLT,3/1/23,0.31,310,581.66,0.01,3.33,18.76,0.97,1820.04
Malta,MLT,4/1/23,0.3,300,562.9,0,0,0,1.27,2382.94
Malta,MLT,5/1/23,0.31,310,581.66,0.06,24,112.58,1.58,2964.6
Malta,MLT,6/1/23,0.34,340,637.95,0.03,9.68,56.29,1.92,3602.55
Malta,MLT,7/1/23,0.43,430,806.82,0.05,13.16,93.82,2.35,4409.37
Malta,MLT,8/1/23,0.4,400,750.53,-0.01,-2.44,-18.76,2.75,5159.9
Malta,MLT,9/1/23,0.36,360,675.48,0.02,5.88,37.53,3.11,5835.38
Malta,MLT,10/1/23,0.36,360,675.48,0.03,9.09,56.29,3.47,6510.86
Malta,MLT,11/1/23,0.32,320,600.42,0.04,14.29,75.05,3.79,7111.28
Malta,MLT,12/1/23,0.33,330,619.19,0.05,17.86,93.82,4.12,7730.47
Malta,MLT,1/1/24,0.34,340,630.09,0.01,3.03,18.53,0.34,630.09
Malta,MLT,2/1/24,0.32,320,593.02,-0.01,-3.03,-18.53,0.66,1223.11
Malta,MLT,3/1/24,0.33,330,611.56,0.02,6.45,37.06,0.99,1834.67
Malta,MLT,4/1/24,0.31,310,574.49,0.01,3.33,18.53,1.3,2409.16
Malta,MLT,5/1/24,0.33,330,611.56,0.02,6.45,37.06,1.63,3020.72
Malta,MLT,6/1/24,0.37,370,685.68,0.03,8.82,55.6,2,3706.4
Malta,MLT,7/1/24,0.44,440,815.41,0.01,2.33,18.53,2.44,4521.81
Malta,MLT,8/1/24,0.46,460,852.47,0.06,15,111.19,2.9,5374.28
Malta,MLT,9/1/24,0.4,400,741.28,0.04,11.11,74.13,3.3,6115.56
Malta,MLT,10/1/24,0.36,360,667.15,0,0,0,3.66,6782.71
Malta,MLT,11/1/24,0.33,330,611.56,0.01,3.13,18.53,3.99,7394.27
Malta,MLT,12/1/24,0.33,330,611.56,0,0,0,4.32,8005.83
Malta,MLT,1/1/25,0.35,350,641.72,0.01,2.94,18.33,0.35,641.72
Malta,MLT,2/1/25,0.32,320,586.72,0,0,0,0.67,1228.44
Malta,MLT,3/1/25,0.34,340,623.39,0.01,3.03,18.33,1.01,1851.83
Malta,MLT,4/1/25,0.32,320,586.72,0.01,3.23,18.33,1.33,2438.55
Moldova,MDA,1/1/20,0.5,500,162.91,,,,0.5,162.91
Moldova,MDA,2/1/20,0.47,470,153.14,,,,0.97,316.05
Moldova,MDA,3/1/20,0.47,470,153.14,,,,1.44,469.19
Moldova,MDA,4/1/20,0.41,410,133.59,,,,1.85,602.78
Moldova,MDA,5/1/20,0.41,410,133.59,,,,2.26,736.37
Moldova,MDA,6/1/20,0.43,430,140.1,,,,2.69,876.47
Moldova,MDA,7/1/20,0.48,480,156.4,,,,3.17,1032.87
Moldova,MDA,8/1/20,0.48,480,156.4,,,,3.65,1189.26
Moldova,MDA,9/1/20,0.45,450,146.62,,,,4.1,1335.88
Moldova,MDA,10/1/20,0.47,470,153.14,,,,4.57,1489.02
Moldova,MDA,11/1/20,0.51,510,166.17,,,,5.08,1655.19
Moldova,MDA,12/1/20,0.56,560,182.46,,,,5.64,1837.65
Moldova,MDA,1/1/21,0.52,520,171.97,0.02,4,6.61,0.52,171.97
Moldova,MDA,2/1/21,0.51,510,168.66,0.04,8.51,13.23,1.03,340.63
Moldova,MDA,3/1/21,0.53,530,175.28,0.06,12.77,19.84,1.56,515.91
Moldova,MDA,4/1/21,0.48,480,158.74,0.07,17.07,23.15,2.04,674.65
Moldova,MDA,5/1/21,0.44,440,145.51,0.03,7.32,9.92,2.48,820.17
Moldova,MDA,6/1/21,0.45,450,148.82,0.02,4.65,6.61,2.93,968.99
Moldova,MDA,7/1/21,0.51,510,168.66,0.03,6.25,9.92,3.44,1137.65
Moldova,MDA,8/1/21,0.49,490,162.05,0.01,2.08,3.31,3.93,1299.7
Moldova,MDA,9/1/21,0.46,460,152.13,0.01,2.22,3.31,4.39,1451.83
Moldova,MDA,10/1/21,0.5,500,165.36,0.03,6.38,9.92,4.89,1617.18
Moldova,MDA,11/1/21,0.53,530,175.28,0.02,3.92,6.61,5.42,1792.46
Moldova,MDA,12/1/21,0.57,570,188.51,0.01,1.79,3.31,5.99,1980.96
Moldova,MDA,1/1/22,0.54,540,177.63,0.02,3.85,6.58,0.54,177.63
Moldova,MDA,2/1/22,0.49,490,161.19,-0.02,-3.92,-6.58,1.03,338.82
Moldova,MDA,3/1/22,0.52,520,171.05,-0.01,-1.89,-3.29,1.55,509.87
Moldova,MDA,4/1/22,0.44,440,144.74,-0.04,-8.33,-13.16,1.99,654.61
Moldova,MDA,5/1/22,0.44,440,144.74,0,0,0,2.43,799.35
Moldova,MDA,6/1/22,0.47,470,154.61,0.02,4.44,6.58,2.9,953.95
Moldova,MDA,7/1/22,0.48,480,157.9,-0.03,-5.88,-9.87,3.38,1111.85
Moldova,MDA,8/1/22,0.48,480,157.9,-0.01,-2.04,-3.29,3.86,1269.75
Moldova,MDA,9/1/22,0.44,440,144.74,-0.02,-4.35,-6.58,4.3,1414.48
Moldova,MDA,10/1/22,0.44,440,144.74,-0.06,-12,-19.74,4.74,1559.22
Moldova,MDA,11/1/22,0.45,450,148.03,-0.08,-15.09,-26.32,5.19,1707.25
Moldova,MDA,12/1/22,0.49,490,161.19,-0.08,-14.04,-26.32,5.68,1868.43
Moldova,MDA,1/1/23,0.47,470,153.24,-0.07,-12.96,-22.82,0.47,153.24
Moldova,MDA,2/1/23,0.43,430,140.2,-0.06,-12.24,-19.56,0.9,293.44
Moldova,MDA,3/1/23,0.46,460,149.98,-0.06,-11.54,-19.56,1.36,443.42
Moldova,MDA,4/1/23,0.44,440,143.46,0,0,0,1.8,586.88
Moldova,MDA,5/1/23,0.42,420,136.94,-0.02,-4.55,-6.52,2.22,723.82
Moldova,MDA,6/1/23,0.43,430,140.2,-0.04,-8.51,-13.04,2.65,864.02
Moldova,MDA,7/1/23,0.46,460,149.98,-0.02,-4.17,-6.52,3.11,1014
Moldova,MDA,8/1/23,0.48,480,156.5,0,0,0,3.59,1170.5
Moldova,MDA,9/1/23,0.43,430,140.2,-0.01,-2.27,-3.26,4.02,1310.7
Moldova,MDA,10/1/23,0.45,450,146.72,0.01,2.27,3.26,4.47,1457.42
Moldova,MDA,11/1/23,0.48,480,156.5,0.03,6.67,9.78,4.95,1613.92
Moldova,MDA,12/1/23,0.52,520,169.54,0.03,6.12,9.78,5.47,1783.46
Moldova,MDA,1/1/24,0.53,530,174.63,0.06,12.77,19.77,0.53,174.63
Moldova,MDA,2/1/24,0.47,470,154.86,0.04,9.3,13.18,1,329.49
Moldova,MDA,3/1/24,0.5,500,164.75,0.04,8.7,13.18,1.5,494.24
Moldova,MDA,4/1/24,0.44,440,144.98,0,0,0,1.94,639.22
Moldova,MDA,5/1/24,0.42,420,138.39,0,0,0,2.36,777.6
Moldova,MDA,6/1/24,0.44,440,144.98,0.01,2.33,3.29,2.8,922.58
Moldova,MDA,7/1/24,0.52,520,171.34,0.06,13.04,19.77,3.32,1093.92
Moldova,MDA,8/1/24,0.48,480,158.16,0,0,0,3.8,1252.08
Montenegro,MNE,1/1/15,0.21,210,334.32,,,,0.21,334.32
Montenegro,MNE,2/1/15,0.14,140,222.88,,,,0.35,557.2
Montenegro,MNE,3/1/15,0.16,160,254.72,,,,0.51,811.91
Montenegro,MNE,4/1/15,0.17,170,270.64,,,,0.68,1082.55
Montenegro,MNE,5/1/15,0.2,200,318.4,,,,0.88,1400.95
Montenegro,MNE,6/1/15,0.24,240,382.08,,,,1.12,1783.03
Montenegro,MNE,7/1/15,0.28,280,445.76,,,,1.4,2228.78
Montenegro,MNE,8/1/15,0.31,310,493.52,,,,1.71,2722.3
Montenegro,MNE,9/1/15,0.22,220,350.24,,,,1.93,3072.54
Montenegro,MNE,10/1/15,0.17,170,270.64,,,,2.1,3343.18
Montenegro,MNE,11/1/15,0.19,190,302.48,,,,2.29,3645.66
Montenegro,MNE,12/1/15,0.28,280,445.76,,,,2.57,4091.41
Montenegro,MNE,1/1/16,0.24,240,384.46,0.03,14.29,48.06,0.24,384.46
Montenegro,MNE,2/1/16,0.13,130,208.25,-0.01,-7.14,-16.02,0.37,592.71
Montenegro,MNE,3/1/16,0.1,100,160.19,-0.06,-37.5,-96.12,0.47,752.91
Montenegro,MNE,4/1/16,0.16,160,256.31,-0.01,-5.88,-16.02,0.63,1009.21
Montenegro,MNE,5/1/16,0.11,110,176.21,-0.09,-45,-144.17,0.74,1185.43
Montenegro,MNE,6/1/16,0.17,170,272.33,-0.07,-29.17,-112.13,0.91,1457.75
Montenegro,MNE,7/1/16,0.24,240,384.46,-0.04,-14.29,-64.08,1.15,1842.22
Montenegro,MNE,8/1/16,0.28,280,448.54,-0.03,-9.68,-48.06,1.43,2290.76
Montenegro,MNE,9/1/16,0.21,210,336.4,-0.01,-4.55,-16.02,1.64,2627.16
Montenegro,MNE,10/1/16,0.2,200,320.39,0.03,17.65,48.06,1.84,2947.55
Montenegro,MNE,11/1/16,0.17,170,272.33,-0.02,-10.53,-32.04,2.01,3219.87
Montenegro,MNE,12/1/16,0.27,270,432.52,-0.01,-3.57,-16.02,2.28,3652.39
Montenegro,MNE,1/1/17,0.33,330,532.16,0.09,37.5,145.13,0.33,532.16
Montenegro,MNE,2/1/17,0.19,190,306.4,0.06,46.15,96.76,0.52,838.56
Montenegro,MNE,3/1/17,0.17,170,274.14,0.07,70,112.88,0.69,1112.7
Montenegro,MNE,4/1/17,0.21,210,338.65,0.05,31.25,80.63,0.9,1451.35
Montenegro,MNE,5/1/17,0.19,190,306.4,0.08,72.73,129.01,1.09,1757.74
Montenegro,MNE,6/1/17,0.26,260,419.28,0.09,52.94,145.13,1.35,2177.02
Montenegro,MNE,7/1/17,0.29,290,467.66,0.05,20.83,80.63,1.64,2644.68
Montenegro,MNE,8/1/17,0.32,320,516.03,0.04,14.29,64.5,1.96,3160.71
Montenegro,MNE,9/1/17,0.24,240,387.03,0.03,14.29,48.38,2.2,3547.73
Montenegro,MNE,10/1/17,0.23,230,370.9,0.03,15,48.38,2.43,3918.63
Montenegro,MNE,11/1/17,0.21,210,338.65,0.04,23.53,64.5,2.64,4257.28
Montenegro,MNE,12/1/17,0.17,170,274.14,-0.1,-37.04,-161.26,2.81,4531.42
Montenegro,MNE,1/1/18,0.18,180,292.31,-0.15,-45.45,-243.59,0.18,292.31
Montenegro,MNE,2/1/18,0.11,110,178.63,-0.08,-42.11,-129.91,0.29,470.94
Montenegro,MNE,3/1/18,0.08,80,129.91,-0.09,-52.94,-146.15,0.37,600.85
Montenegro,MNE,4/1/18,0.04,40,64.96,-0.17,-80.95,-276.07,0.41,665.81
Montenegro,MNE,5/1/18,0.15,150,243.59,-0.04,-21.05,-64.96,0.56,909.39
Montenegro,MNE,6/1/18,0.24,240,389.74,-0.02,-7.69,-32.48,0.8,1299.13
Montenegro,MNE,7/1/18,0.3,300,487.18,0.01,3.45,16.24,1.1,1786.31
Montenegro,MNE,8/1/18,0.34,340,552.13,0.02,6.25,32.48,1.44,2338.44
Montenegro,MNE,9/1/18,0.26,260,422.22,0.02,8.33,32.48,1.7,2760.66
Montenegro,MNE,10/1/18,0.24,240,389.74,0.01,4.35,16.24,1.94,3150.4
Montenegro,MNE,11/1/18,0.34,340,552.13,0.13,61.9,211.11,2.28,3702.53
Montenegro,MNE,12/1/18,0.32,320,519.65,0.15,88.24,243.59,2.6,4222.18
Montenegro,MNE,1/1/19,0.34,340,555.86,0.16,88.89,261.58,0.34,555.86
Montenegro,MNE,2/1/19,0.28,280,457.77,0.17,154.55,277.93,0.62,1013.63
Montenegro,MNE,3/1/19,0.27,270,441.42,0.19,237.5,310.63,0.89,1455.04
Montenegro,MNE,4/1/19,0.28,280,457.77,0.24,600,392.37,1.17,1912.81
Montenegro,MNE,5/1/19,0.3,300,490.46,0.15,100,245.23,1.47,2403.27
Montenegro,MNE,6/1/19,0.32,320,523.16,0.08,33.33,130.79,1.79,2926.43
Montenegro,MNE,7/1/19,0.41,410,670.3,0.11,36.67,179.84,2.2,3596.73
Montenegro,MNE,8/1/19,0.47,470,768.39,0.13,38.24,212.53,2.67,4365.13
Montenegro,MNE,9/1/19,0.41,410,670.3,0.15,57.69,245.23,3.08,5035.43
Montenegro,MNE,10/1/19,0.32,320,523.16,0.08,33.33,130.79,3.4,5558.59
Montenegro,MNE,11/1/19,0.4,400,653.95,0.06,17.65,98.09,3.8,6212.54
Montenegro,MNE,12/1/19,0.53,530,866.49,0.21,65.63,343.32,4.33,7079.03
Montenegro,MNE,1/1/20,0.58,580,954.05,0.24,70.59,394.78,0.58,954.05
Montenegro,MNE,2/1/20,0.52,520,855.35,0.24,85.71,394.78,1.1,1809.4
Montenegro,MNE,3/1/20,0.28,280,460.58,0.01,3.7,16.45,1.38,2269.98
Montenegro,MNE,4/1/20,0.2,200,328.98,-0.08,-28.57,-131.59,1.58,2598.96
Montenegro,MNE,5/1/20,0.2,200,328.98,-0.1,-33.33,-164.49,1.78,2927.94
Montenegro,MNE,6/1/20,0.22,220,361.88,-0.1,-31.25,-164.49,2,3289.83
Montenegro,MNE,7/1/20,0.26,260,427.68,-0.15,-36.59,-246.74,2.26,3717.5
Montenegro,MNE,8/1/20,0.25,250,411.23,-0.22,-46.81,-361.88,2.51,4128.73
Montenegro,MNE,9/1/20,0.26,260,427.68,-0.15,-36.59,-246.74,2.77,4556.41
Montenegro,MNE,10/1/20,0.23,230,378.33,-0.09,-28.13,-148.04,3,4934.74
Montenegro,MNE,11/1/20,0.27,270,444.13,-0.13,-32.5,-213.84,3.27,5378.86
Montenegro,MNE,12/1/20,0.31,310,509.92,-0.22,-41.51,-361.88,3.58,5888.79
Montenegro,MNE,1/1/21,0.3,300,496.81,-0.28,-48.28,-463.69,0.3,496.81
Montenegro,MNE,2/1/21,0.28,280,463.69,-0.24,-46.15,-397.45,0.58,960.5
Montenegro,MNE,3/1/21,0.29,290,480.25,0.01,3.57,16.56,0.87,1440.75
Montenegro,MNE,4/1/21,0.26,260,430.57,0.06,30,99.36,1.13,1871.32
Montenegro,MNE,5/1/21,0.19,190,314.65,-0.01,-5,-16.56,1.32,2185.97
Montenegro,MNE,6/1/21,0.23,230,380.89,0.01,4.55,16.56,1.55,2566.86
Montenegro,MNE,7/1/21,0.31,310,513.37,0.05,19.23,82.8,1.86,3080.23
Montenegro,MNE,8/1/21,0.33,330,546.49,0.08,32,132.48,2.19,3626.72
Montenegro,MNE,9/1/21,0.25,250,414.01,-0.01,-3.85,-16.56,2.44,4040.73
Montenegro,MNE,10/1/21,0.25,250,414.01,0.02,8.7,33.12,2.69,4454.74
Montenegro,MNE,11/1/21,0.27,270,447.13,0,0,0,2.96,4901.87
Montenegro,MNE,12/1/21,0.32,320,529.93,0.01,3.23,16.56,3.28,5431.8
Montenegro,MNE,1/1/22,0.32,320,520.62,0.02,6.67,32.54,0.32,520.62
Montenegro,MNE,2/1/22,0.23,230,374.2,-0.05,-17.86,-81.35,0.55,894.82
Montenegro,MNE,3/1/22,0.18,180,292.85,-0.11,-37.93,-178.96,0.73,1187.67
Montenegro,MNE,4/1/22,0.13,130,211.5,-0.13,-50,-211.5,0.86,1399.17
Montenegro,MNE,5/1/22,0.08,80,130.16,-0.11,-57.89,-178.96,0.94,1529.33
Montenegro,MNE,6/1/22,0.06,60,97.62,-0.17,-73.91,-276.58,1,1626.95
Montenegro,MNE,7/1/22,0.11,110,178.96,-0.2,-64.52,-325.39,1.11,1805.91
Montenegro,MNE,8/1/22,0.08,80,130.16,-0.25,-75.76,-406.74,1.19,1936.07
Montenegro,MNE,9/1/22,0.08,80,130.16,-0.17,-68,-276.58,1.27,2066.22
Montenegro,MNE,10/1/22,0.25,250,406.74,0,0,0,1.52,2472.96
Montenegro,MNE,11/1/22,0.22,220,357.93,-0.05,-18.52,-81.35,1.74,2830.89
Montenegro,MNE,12/1/22,0.27,270,439.28,-0.05,-15.63,-81.35,2.01,3270.16
Montenegro,MNE,1/1/23,0.26,260,410.38,-0.06,-18.75,-94.7,0.26,410.38
Montenegro,MNE,2/1/23,0.25,250,394.6,0.02,8.7,31.57,0.51,804.99
Montenegro,MNE,3/1/23,0.29,290,457.74,0.11,61.11,173.62,0.8,1262.72
Montenegro,MNE,4/1/23,0.19,190,299.9,0.06,46.15,94.7,0.99,1562.62
Montenegro,MNE,5/1/23,0.26,260,410.38,0.18,225,284.11,1.25,1973
Montenegro,MNE,6/1/23,0.15,150,236.76,0.09,150,142.06,1.4,2209.76
Montenegro,MNE,7/1/23,0.29,290,457.74,0.18,163.64,284.11,1.69,2667.5
Montenegro,MNE,8/1/23,0.28,280,441.95,0.2,250,315.68,1.97,3109.45
Montenegro,MNE,9/1/23,0.18,180,284.11,0.1,125,157.84,2.15,3393.57
Montenegro,MNE,10/1/23,0.2,200,315.68,-0.05,-20,-78.92,2.35,3709.25
Montenegro,MNE,11/1/23,0.28,280,441.95,0.06,27.27,94.7,2.63,4151.2
Montenegro,MNE,12/1/23,0.35,350,552.44,0.08,29.63,126.27,2.98,4703.64
Montenegro,MNE,1/1/24,0.34,340,532.52,0.08,30.77,125.3,0.34,532.52
Montenegro,MNE,2/1/24,0.24,240,375.89,-0.01,-4,-15.66,0.58,908.41
Montenegro,MNE,3/1/24,0.26,260,407.22,-0.03,-10.34,-46.99,0.84,1315.63
Montenegro,MNE,4/1/24,0.12,120,187.95,-0.07,-36.84,-109.64,0.96,1503.57
Montenegro,MNE,5/1/24,0.13,130,203.61,-0.13,-50,-203.61,1.09,1707.18
Montenegro,MNE,6/1/24,0.26,260,407.22,0.11,73.33,172.28,1.35,2114.4
Montenegro,MNE,7/1/24,0.33,330,516.85,0.04,13.79,62.65,1.68,2631.25
Montenegro,MNE,8/1/24,0.37,370,579.5,0.09,32.14,140.96,2.05,3210.76
Montenegro,MNE,9/1/24,0.26,260,407.22,0.08,44.44,125.3,2.31,3617.97
Montenegro,MNE,10/1/24,0.27,270,422.88,0.07,35,109.64,2.58,4040.85
Montenegro,MNE,11/1/24,0.38,380,595.16,0.1,35.71,156.62,2.96,4636.02
Montenegro,MNE,12/1/24,0.43,430,673.48,0.08,22.86,125.3,3.39,5309.49
Montenegro,MNE,1/1/25,0.36,360,568.96,0.02,5.88,31.61,0.36,568.96
Montenegro,MNE,2/1/25,0.32,320,505.75,0.08,33.33,126.44,0.68,1074.71
Montenegro,MNE,3/1/25,0.4,400,632.18,0.14,53.85,221.26,1.08,1706.89
Montenegro,MNE,4/1/25,0.42,420,663.79,0.3,250,474.14,1.5,2370.68
Montenegro,MNE,5/1/25,0.29,290,458.33,0.16,123.08,252.87,1.79,2829.02
Montenegro,MNE,6/1/25,0.32,320,505.75,0.06,23.08,94.83,2.11,3334.76
Montenegro,MNE,7/1/25,0.45,450,711.2,0.12,36.36,189.65,2.56,4045.97
Netherlands,NLD,1/1/15,11.8,11800,689.76,,,,11.8,689.76
Netherlands,NLD,2/1/15,9.93,9930,580.45,,,,21.73,1270.21
Netherlands,NLD,3/1/15,10.43,10430,609.68,,,,32.16,1879.89
Netherlands,NLD,4/1/15,9.14,9140,534.27,,,,41.3,2414.16
Netherlands,NLD,5/1/15,9.23,9230,539.53,,,,50.53,2953.69
Netherlands,NLD,6/1/15,9.15,9150,534.86,,,,59.68,3488.55
Netherlands,NLD,7/1/15,9.6,9600,561.16,,,,69.28,4049.71
Netherlands,NLD,8/1/15,9.41,9410,550.05,,,,78.69,4599.76
Netherlands,NLD,9/1/15,9.45,9450,552.39,,,,88.14,5152.16
Netherlands,NLD,10/1/15,10.12,10120,591.56,,,,98.26,5743.71
Netherlands,NLD,11/1/15,10.37,10370,606.17,,,,108.63,6349.88
Netherlands,NLD,12/1/15,10.75,10750,628.38,,,,119.38,6978.27
Netherlands,NLD,1/1/16,10.93,10930,635.29,-0.87,-7.37,-50.57,10.93,635.29
Netherlands,NLD,2/1/16,10.21,10210,593.44,0.28,2.82,16.27,21.14,1228.73
Netherlands,NLD,3/1/16,10.45,10450,607.39,0.02,0.19,1.16,31.59,1836.13
Netherlands,NLD,4/1/16,9.4,9400,546.36,0.26,2.84,15.11,40.99,2382.49
Netherlands,NLD,5/1/16,9.34,9340,542.87,0.11,1.19,6.39,50.33,2925.36
Netherlands,NLD,6/1/16,9.24,9240,537.06,0.09,0.98,5.23,59.57,3462.43
Netherlands,NLD,7/1/16,9.53,9530,553.92,-0.07,-0.73,-4.07,69.1,4016.34
Netherlands,NLD,8/1/16,9.48,9480,551.01,0.07,0.74,4.07,78.58,4567.36
Netherlands,NLD,9/1/16,9.41,9410,546.94,-0.04,-0.42,-2.32,87.99,5114.3
Netherlands,NLD,10/1/16,10.24,10240,595.19,0.12,1.19,6.97,98.23,5709.49
Netherlands,NLD,11/1/16,10.57,10570,614.37,0.2,1.93,11.62,108.8,6323.85
Netherlands,NLD,12/1/16,11.04,11040,641.69,0.29,2.7,16.86,119.84,6965.54
Netherlands,NLD,1/1/17,11.35,11350,655.49,0.42,3.84,24.26,11.35,655.49
Netherlands,NLD,2/1/17,9.97,9970,575.79,-0.24,-2.35,-13.86,21.32,1231.27
Netherlands,NLD,3/1/17,10.31,10310,595.42,-0.14,-1.34,-8.09,31.63,1826.7
Netherlands,NLD,4/1/17,9.33,9330,538.83,-0.07,-0.74,-4.04,40.96,2365.52
Netherlands,NLD,5/1/17,9.59,9590,553.84,0.25,2.68,14.44,50.55,2919.37
Netherlands,NLD,6/1/17,9.46,9460,546.33,0.22,2.38,12.71,60.01,3465.7
Netherlands,NLD,7/1/17,9.78,9780,564.82,0.25,2.62,14.44,69.79,4030.52
Netherlands,NLD,8/1/17,9.66,9660,557.88,0.18,1.9,10.4,79.45,4588.4
Netherlands,NLD,9/1/17,9.7,9700,560.19,0.29,3.08,16.75,89.15,5148.6
Netherlands,NLD,10/1/17,10.33,10330,596.58,0.09,0.88,5.2,99.48,5745.17
Netherlands,NLD,11/1/17,10.78,10780,622.57,0.21,1.99,12.13,110.26,6367.74
Netherlands,NLD,12/1/17,11.24,11240,649.13,0.2,1.81,11.55,121.5,7016.88
Netherlands,NLD,1/1/18,11.09,11090,636.58,-0.26,-2.29,-14.92,11.09,636.58
Netherlands,NLD,2/1/18,10.17,10170,583.77,0.2,2.01,11.48,21.26,1220.35
Netherlands,NLD,3/1/18,10.65,10650,611.32,0.34,3.3,19.52,31.91,1831.67
Netherlands,NLD,4/1/18,9.36,9360,537.27,0.03,0.32,1.72,41.27,2368.94
Netherlands,NLD,5/1/18,9.64,9640,553.35,0.05,0.52,2.87,50.91,2922.28
Netherlands,NLD,6/1/18,9.15,9150,525.22,-0.31,-3.28,-17.79,60.06,3447.5
Netherlands,NLD,7/1/18,9.97,9970,572.29,0.19,1.94,10.91,70.03,4019.79
Netherlands,NLD,8/1/18,9.5,9500,545.31,-0.16,-1.66,-9.18,79.53,4565.1
Netherlands,NLD,9/1/18,9.41,9410,540.14,-0.29,-2.99,-16.65,88.94,5105.24
Netherlands,NLD,10/1/18,9.99,9990,573.44,-0.34,-3.29,-19.52,98.93,5678.68
Netherlands,NLD,11/1/18,10.36,10360,594.67,-0.42,-3.9,-24.11,109.29,6273.36
Netherlands,NLD,12/1/18,10.67,10670,612.47,-0.57,-5.07,-32.72,119.96,6885.82
Netherlands,NLD,1/1/19,11.19,11190,638.06,0.1,0.9,5.7,11.19,638.06
Netherlands,NLD,2/1/19,9.86,9860,562.22,-0.31,-3.05,-17.68,21.05,1200.29
Netherlands,NLD,3/1/19,10.57,10570,602.71,-0.08,-0.75,-4.56,31.62,1802.99
Netherlands,NLD,4/1/19,9.43,9430,537.7,0.07,0.75,3.99,41.05,2340.7
Netherlands,NLD,5/1/19,9.55,9550,544.55,-0.09,-0.93,-5.13,50.6,2885.25
Netherlands,NLD,6/1/19,9.08,9080,517.75,-0.07,-0.77,-3.99,59.68,3402.99
Netherlands,NLD,7/1/19,9.65,9650,550.25,-0.32,-3.21,-18.25,69.33,3953.24
Netherlands,NLD,8/1/19,9.49,9490,541.13,-0.01,-0.11,-0.57,78.82,4494.37
Netherlands,NLD,9/1/19,9.3,9300,530.29,-0.11,-1.17,-6.27,88.12,5024.66
Netherlands,NLD,10/1/19,10.28,10280,586.17,0.29,2.9,16.54,98.4,5610.83
Netherlands,NLD,11/1/19,10.52,10520,599.86,0.16,1.54,9.12,108.92,6210.69
Netherlands,NLD,12/1/19,10.91,10910,622.1,0.24,2.25,13.68,119.83,6832.79
Netherlands,NLD,1/1/20,11.13,11130,631.07,-0.06,-0.54,-3.4,11.13,631.07
Netherlands,NLD,2/1/20,10.32,10320,585.14,0.46,4.67,26.08,21.45,1216.21
Netherlands,NLD,3/1/20,10.08,10080,571.54,-0.49,-4.64,-27.78,31.53,1787.75
Netherlands,NLD,4/1/20,8.79,8790,498.39,-0.64,-6.79,-36.29,40.32,2286.14
Netherlands,NLD,5/1/20,9.12,9120,517.1,-0.43,-4.5,-24.38,49.44,2803.25
Netherlands,NLD,6/1/20,9.06,9060,513.7,-0.02,-0.22,-1.13,58.5,3316.95
Netherlands,NLD,7/1/20,9.43,9430,534.68,-0.22,-2.28,-12.47,67.93,3851.63
Netherlands,NLD,8/1/20,9.79,9790,555.09,0.3,3.16,17.01,77.72,4406.72
Netherlands,NLD,9/1/20,9.6,9600,544.32,0.3,3.23,17.01,87.32,4951.04
Netherlands,NLD,10/1/20,10.31,10310,584.58,0.03,0.29,1.7,97.63,5535.62
Netherlands,NLD,11/1/20,10.28,10280,582.88,-0.24,-2.28,-13.61,107.91,6118.49
Netherlands,NLD,12/1/20,10.9,10900,618.03,-0.01,-0.09,-0.57,118.81,6736.52
Netherlands,NLD,1/1/21,11.66,11660,657.62,0.53,4.76,29.89,11.66,657.62
Netherlands,NLD,2/1/21,10.37,10370,584.86,0.05,0.48,2.82,22.03,1242.48
Netherlands,NLD,3/1/21,10.93,10930,616.45,0.85,8.43,47.94,32.96,1858.93
Netherlands,NLD,4/1/21,9.92,9920,559.48,1.13,12.86,63.73,42.88,2418.42
Netherlands,NLD,5/1/21,9.87,9870,556.66,0.75,8.22,42.3,52.75,2975.08
Netherlands,NLD,6/1/21,9.85,9850,555.54,0.79,8.72,44.56,62.6,3530.62
Netherlands,NLD,7/1/21,10.11,10110,570.2,0.68,7.21,38.35,72.71,4100.82
Netherlands,NLD,8/1/21,9.78,9780,551.59,-0.01,-0.1,-0.56,82.49,4652.41
Netherlands,NLD,9/1/21,9.92,9920,559.48,0.32,3.33,18.05,92.41,5211.89
Netherlands,NLD,10/1/21,10.24,10240,577.53,-0.07,-0.68,-3.95,102.65,5789.43
Netherlands,NLD,11/1/21,10.37,10370,584.86,0.09,0.88,5.08,113.02,6374.29
Netherlands,NLD,12/1/21,10.85,10850,611.94,-0.05,-0.46,-2.82,123.87,6986.23
Netherlands,NLD,1/1/22,11.1,11100,619.96,-0.56,-4.8,-31.28,11.1,619.96
Netherlands,NLD,2/1/22,10.12,10120,565.22,-0.25,-2.41,-13.96,21.22,1185.18
Netherlands,NLD,3/1/22,9.95,9950,555.73,-0.98,-8.97,-54.74,31.17,1740.91
Netherlands,NLD,4/1/22,9.74,9740,544,-0.18,-1.81,-10.05,40.91,2284.91
Netherlands,NLD,5/1/22,9.81,9810,547.91,-0.06,-0.61,-3.35,50.72,2832.82
Netherlands,NLD,6/1/22,9.65,9650,538.97,-0.2,-2.03,-11.17,60.37,3371.8
Netherlands,NLD,7/1/22,9.89,9890,552.38,-0.22,-2.18,-12.29,70.26,3924.18
Netherlands,NLD,8/1/22,9.62,9620,537.3,-0.16,-1.64,-8.94,79.88,4461.47
Netherlands,NLD,9/1/22,9.19,9190,513.28,-0.73,-7.36,-40.77,89.07,4974.75
Netherlands,NLD,10/1/22,9.11,9110,508.81,-1.13,-11.04,-63.11,98.18,5483.57
Netherlands,NLD,11/1/22,9.53,9530,532.27,-0.84,-8.1,-46.92,107.71,6015.84
Netherlands,NLD,12/1/22,10.44,10440,583.1,-0.41,-3.78,-22.9,118.15,6598.94
Netherlands,NLD,1/1/23,10.35,10350,572.06,-0.75,-6.76,-41.45,10.35,572.06
Netherlands,NLD,2/1/23,9.19,9190,507.95,-0.93,-9.19,-51.4,19.54,1080.01
Netherlands,NLD,3/1/23,10.14,10140,560.45,0.19,1.91,10.5,29.68,1640.46
Netherlands,NLD,4/1/23,8.98,8980,496.34,-0.76,-7.8,-42.01,38.66,2136.8
Netherlands,NLD,5/1/23,9.2,9200,508.5,-0.61,-6.22,-33.72,47.86,2645.3
Netherlands,NLD,6/1/23,9.84,9840,543.87,0.19,1.97,10.5,57.7,3189.17
Netherlands,NLD,7/1/23,9.51,9510,525.63,-0.38,-3.84,-21,67.21,3714.8
Netherlands,NLD,8/1/23,9.38,9380,518.45,-0.24,-2.49,-13.27,76.59,4233.25
Netherlands,NLD,9/1/23,9.31,9310,514.58,0.12,1.31,6.63,85.9,4747.82
Netherlands,NLD,10/1/23,9.43,9430,521.21,0.32,3.51,17.69,95.33,5269.03
Netherlands,NLD,11/1/23,10.05,10050,555.48,0.52,5.46,28.74,105.38,5824.51
Netherlands,NLD,12/1/23,10.51,10510,580.9,0.07,0.67,3.87,115.89,6405.42
Netherlands,NLD,1/1/24,11.07,11070,607.28,0.72,6.96,39.5,11.07,607.28
Netherlands,NLD,2/1/24,9.8,9800,537.61,0.61,6.64,33.46,20.87,1144.9
Netherlands,NLD,3/1/24,9.91,9910,543.65,-0.23,-2.27,-12.62,30.78,1688.55
Netherlands,NLD,4/1/24,8.86,8860,486.05,-0.12,-1.34,-6.58,39.64,2174.59
Netherlands,NLD,5/1/24,9.69,9690,531.58,0.49,5.33,26.88,49.33,2706.17
Netherlands,NLD,6/1/24,9.55,9550,523.9,-0.29,-2.95,-15.91,58.88,3230.07
Netherlands,NLD,7/1/24,10.06,10060,551.88,0.55,5.78,30.17,68.94,3781.95
Netherlands,NLD,8/1/24,10.11,10110,554.62,0.73,7.78,40.05,79.05,4336.57
Netherlands,NLD,9/1/24,9.61,9610,527.19,0.3,3.22,16.46,88.66,4863.76
Netherlands,NLD,10/1/24,10,10000,548.59,0.57,6.04,31.27,98.66,5412.34
Netherlands,NLD,11/1/24,10.45,10450,573.27,0.4,3.98,21.94,109.11,5985.62
Netherlands,NLD,12/1/24,11.04,11040,605.64,0.53,5.04,29.08,120.15,6591.25
Netherlands,NLD,1/1/25,11.46,11460,624.63,0.39,3.52,21.26,11.46,624.63
Netherlands,NLD,2/1/25,10.13,10130,552.14,0.33,3.37,17.99,21.59,1176.77
Netherlands,NLD,3/1/25,10.08,10080,549.41,0.17,1.72,9.27,31.67,1726.19
Netherlands,NLD,4/1/25,9.47,9470,516.17,0.61,6.88,33.25,41.14,2242.35
Netherlands,NLD,5/1/25,10.38,10380,565.77,0.69,7.12,37.61,51.52,2808.12
Netherlands,NLD,6/1/25,10.49,10490,571.76,0.94,9.84,51.24,62.01,3379.88
North Macedonia,MKD,1/1/17,0.96,960,494.62,,,,0.96,494.62
North Macedonia,MKD,2/1/17,0.76,760,391.57,,,,1.72,886.2
North Macedonia,MKD,3/1/17,0.71,710,365.81,,,,2.43,1252.01
North Macedonia,MKD,4/1/17,0.66,660,340.05,,,,3.09,1592.06
North Macedonia,MKD,5/1/17,0.58,580,298.83,,,,3.67,1890.89
North Macedonia,MKD,6/1/17,0.54,540,278.22,,,,4.21,2169.12
North Macedonia,MKD,7/1/17,0.64,640,329.75,,,,4.85,2498.87
North Macedonia,MKD,8/1/17,0.63,630,324.6,,,,5.48,2823.46
North Macedonia,MKD,9/1/17,0.57,570,293.68,,,,6.05,3117.14
North Macedonia,MKD,10/1/17,0.63,630,324.6,,,,6.68,3441.74
North Macedonia,MKD,11/1/17,0.74,740,381.27,,,,7.42,3823.01
North Macedonia,MKD,12/1/17,0.87,870,448.25,,,,8.29,4271.26
North Macedonia,MKD,1/1/18,0.85,850,442.77,-0.11,-11.46,-57.3,0.85,442.77
North Macedonia,MKD,2/1/18,0.76,760,395.89,0,0,0,1.61,838.66
North Macedonia,MKD,3/1/18,0.8,800,416.73,0.09,12.68,46.88,2.41,1255.38
North Macedonia,MKD,4/1/18,0.62,620,322.96,-0.04,-6.06,-20.84,3.03,1578.35
North Macedonia,MKD,5/1/18,0.57,570,296.92,-0.01,-1.72,-5.21,3.6,1875.26
North Macedonia,MKD,6/1/18,0.58,580,302.13,0.04,7.41,20.84,4.18,2177.39
North Macedonia,MKD,7/1/18,0.62,620,322.96,-0.02,-3.13,-10.42,4.8,2500.35
North Macedonia,MKD,8/1/18,0.57,570,296.92,-0.06,-9.52,-31.25,5.37,2797.27
North Macedonia,MKD,9/1/18,0.61,610,317.75,0.04,7.02,20.84,5.98,3115.02
North Macedonia,MKD,10/1/18,0.64,640,333.38,0.01,1.59,5.21,6.62,3448.4
North Macedonia,MKD,11/1/18,0.73,730,380.26,-0.01,-1.35,-5.21,7.35,3828.66
North Macedonia,MKD,12/1/18,0.94,940,489.65,0.07,8.05,36.46,8.29,4318.32
North Macedonia,MKD,1/1/19,0.96,960,505.89,0.11,12.94,57.97,0.96,505.89
North Macedonia,MKD,2/1/19,0.8,800,421.58,0.04,5.26,21.08,1.76,927.47
North Macedonia,MKD,3/1/19,0.74,740,389.96,-0.06,-7.5,-31.62,2.5,1317.43
North Macedonia,MKD,4/1/19,0.7,700,368.88,0.08,12.9,42.16,3.2,1686.31
North Macedonia,MKD,5/1/19,0.63,630,331.99,0.06,10.53,31.62,3.83,2018.3
North Macedonia,MKD,6/1/19,0.6,600,316.18,0.02,3.45,10.54,4.43,2334.48
North Macedonia,MKD,7/1/19,0.63,630,331.99,0.01,1.61,5.27,5.06,2666.47
North Macedonia,MKD,8/1/19,0.62,620,326.72,0.05,8.77,26.35,5.68,2993.19
North Macedonia,MKD,9/1/19,0.61,610,321.45,0,0,0,6.29,3314.64
North Macedonia,MKD,10/1/19,0.65,650,342.53,0.01,1.56,5.27,6.94,3657.17
North Macedonia,MKD,11/1/19,0.72,720,379.42,-0.01,-1.37,-5.27,7.66,4036.59
North Macedonia,MKD,12/1/19,0.87,870,458.46,-0.07,-7.45,-36.89,8.53,4495.06
North Macedonia,MKD,1/1/20,0.95,950,507.47,-0.01,-1.04,-5.34,0.95,507.47
North Macedonia,MKD,2/1/20,0.82,820,438.03,0.02,2.5,10.68,1.77,945.5
North Macedonia,MKD,3/1/20,0.79,790,422,0.05,6.76,26.71,2.56,1367.51
North Macedonia,MKD,4/1/20,0.67,670,357.9,-0.03,-4.29,-16.03,3.23,1725.41
North Macedonia,MKD,5/1/20,0.57,570,304.48,-0.06,-9.52,-32.05,3.8,2029.89
North Macedonia,MKD,6/1/20,0.55,550,293.8,-0.05,-8.33,-26.71,4.35,2323.69
North Macedonia,MKD,7/1/20,0.64,640,341.88,0.01,1.59,5.34,4.99,2665.57
North Macedonia,MKD,8/1/20,0.6,600,320.51,-0.02,-3.23,-10.68,5.59,2986.08
North Macedonia,MKD,9/1/20,0.61,610,325.85,0,0,0,6.2,3311.93
North Macedonia,MKD,10/1/20,0.68,680,363.24,0.03,4.62,16.03,6.88,3675.17
North Macedonia,MKD,11/1/20,0.76,760,405.98,0.04,5.56,21.37,7.64,4081.15
North Macedonia,MKD,12/1/20,0.98,980,523.5,0.11,12.64,58.76,8.62,4604.65
North Macedonia,MKD,1/1/21,0.91,910,491.6,-0.04,-4.21,-21.61,0.91,491.6
North Macedonia,MKD,2/1/21,0.82,820,442.98,0,0,0,1.73,934.57
North Macedonia,MKD,3/1/21,0.87,870,469.99,0.08,10.13,43.22,2.6,1404.56
North Macedonia,MKD,4/1/21,0.73,730,394.36,0.06,8.96,32.41,3.33,1798.92
North Macedonia,MKD,5/1/21,0.57,570,307.92,0,0,0,3.9,2106.84
North Macedonia,MKD,6/1/21,0.6,600,324.13,0.05,9.09,27.01,4.5,2430.97
North Macedonia,MKD,7/1/21,0.66,660,356.54,0.02,3.13,10.8,5.16,2787.52
North Macedonia,MKD,8/1/21,0.65,650,351.14,0.05,8.33,27.01,5.81,3138.66
North Macedonia,MKD,9/1/21,0.59,590,318.73,-0.02,-3.28,-10.8,6.4,3457.39
North Macedonia,MKD,10/1/21,0.74,740,399.76,0.06,8.82,32.41,7.14,3857.15
North Macedonia,MKD,11/1/21,0.79,790,426.77,0.03,3.95,16.21,7.93,4283.92
North Macedonia,MKD,12/1/21,0.96,960,518.61,-0.02,-2.04,-10.8,8.89,4802.52
North Macedonia,MKD,1/1/22,0.95,950,516.24,0.04,4.4,21.74,0.95,516.24
North Macedonia,MKD,2/1/22,0.76,760,412.99,-0.06,-7.32,-32.6,1.71,929.23
North Macedonia,MKD,3/1/22,0.93,930,505.37,0.06,6.9,32.6,2.64,1434.6
North Macedonia,MKD,4/1/22,0.63,630,342.35,-0.1,-13.7,-54.34,3.27,1776.95
North Macedonia,MKD,5/1/22,0.52,520,282.57,-0.05,-8.77,-27.17,3.79,2059.53
North Macedonia,MKD,6/1/22,0.61,610,331.48,0.01,1.67,5.43,4.4,2391.01
North Macedonia,MKD,7/1/22,0.73,730,396.69,0.07,10.61,38.04,5.13,2787.7
North Macedonia,MKD,8/1/22,0.75,750,407.56,0.1,15.38,54.34,5.88,3195.25
North Macedonia,MKD,9/1/22,0.55,550,298.88,-0.04,-6.78,-21.74,6.43,3494.13
North Macedonia,MKD,10/1/22,0.49,490,266.27,-0.25,-33.78,-135.85,6.92,3760.4
North Macedonia,MKD,11/1/22,0.64,640,347.78,-0.15,-18.99,-81.51,7.56,4108.18
North Macedonia,MKD,12/1/22,0.71,710,385.82,-0.25,-26.04,-135.85,8.27,4494
North Macedonia,MKD,1/1/23,0.69,690,376.68,-0.26,-27.37,-141.94,0.69,376.68
North Macedonia,MKD,2/1/23,0.69,690,376.68,-0.07,-9.21,-38.21,1.38,753.36
North Macedonia,MKD,3/1/23,0.62,620,338.46,-0.31,-33.33,-169.23,2,1091.82
North Macedonia,MKD,4/1/23,0.64,640,349.38,0.01,1.59,5.46,2.64,1441.21
North Macedonia,MKD,5/1/23,0.39,390,212.91,-0.13,-25,-70.97,3.03,1654.11
North Macedonia,MKD,6/1/23,0.49,490,267.5,-0.12,-19.67,-65.51,3.52,1921.61
North Macedonia,MKD,7/1/23,0.53,530,289.33,-0.2,-27.4,-109.18,4.05,2210.94
North Macedonia,MKD,8/1/23,0.56,560,305.71,-0.19,-25.33,-103.72,4.61,2516.65
North Macedonia,MKD,9/1/23,0.59,590,322.09,0.04,7.27,21.84,5.2,2838.74
North Macedonia,MKD,10/1/23,0.61,610,333.01,0.12,24.49,65.51,5.81,3171.74
North Macedonia,MKD,11/1/23,0.64,640,349.38,0,0,0,6.45,3521.13
North Macedonia,MKD,12/1/23,0.75,750,409.43,0.04,5.63,21.84,7.2,3930.56
North Macedonia,MKD,1/1/24,0.78,780,427.86,0.09,13.04,49.37,0.78,427.86
North Macedonia,MKD,2/1/24,0.59,590,323.64,-0.1,-14.49,-54.85,1.37,751.5
North Macedonia,MKD,3/1/24,0.53,530,290.73,-0.09,-14.52,-49.37,1.9,1042.23
North Macedonia,MKD,4/1/24,0.53,530,290.73,-0.11,-17.19,-60.34,2.43,1332.96
North Macedonia,MKD,5/1/24,0.41,410,224.9,0.02,5.13,10.97,2.84,1557.86
North Macedonia,MKD,6/1/24,0.36,360,197.48,-0.13,-26.53,-71.31,3.2,1755.34
North Macedonia,MKD,7/1/24,0.55,550,301.7,0.02,3.77,10.97,3.75,2057.04
North Macedonia,MKD,8/1/24,0.52,520,285.24,-0.04,-7.14,-21.94,4.27,2342.28
North Macedonia,MKD,9/1/24,0.48,480,263.3,-0.11,-18.64,-60.34,4.75,2605.58
North Macedonia,MKD,10/1/24,0.47,470,257.82,-0.14,-22.95,-76.8,5.22,2863.4
North Macedonia,MKD,11/1/24,0.75,750,411.41,0.11,17.19,60.34,5.97,3274.8
North Macedonia,MKD,12/1/24,0.87,870,477.23,0.12,16,65.83,6.84,3752.04
North Macedonia,MKD,1/1/25,0.87,870,479.66,0.09,11.54,49.62,0.87,479.66
North Macedonia,MKD,2/1/25,0.8,800,441.07,0.21,35.59,115.78,1.67,920.72
Norway,NOR,1/1/15,12.77,12770,2460.61,,,,12.77,2460.61
Norway,NOR,2/1/15,12.16,12160,2343.07,,,,24.93,4803.68
Norway,NOR,3/1/15,12.28,12280,2366.19,,,,37.21,7169.87
Norway,NOR,4/1/15,10.45,10450,2013.58,,,,47.66,9183.45
Norway,NOR,5/1/15,9.97,9970,1921.09,,,,57.63,11104.54
Norway,NOR,6/1/15,8.98,8980,1730.33,,,,66.61,12834.87
Norway,NOR,7/1/15,8.49,8490,1635.91,,,,75.1,14470.78
Norway,NOR,8/1/15,8.67,8670,1670.59,,,,83.77,16141.37
Norway,NOR,9/1/15,9.04,9040,1741.89,,,,92.81,17883.26
Norway,NOR,10/1/15,10.75,10750,2071.38,,,,103.56,19954.64
Norway,NOR,11/1/15,11.85,11850,2283.34,,,,115.41,22237.98
Norway,NOR,12/1/15,12.94,12940,2493.37,,,,128.35,24731.35
Norway,NOR,1/1/16,15.19,15190,2901.08,2.42,18.95,462.19,15.19,2901.08
Norway,NOR,2/1/16,13.21,13210,2522.93,1.05,8.63,200.54,28.4,5424.01
Norway,NOR,3/1/16,12.76,12760,2436.98,0.48,3.91,91.67,41.16,7860.99
Norway,NOR,4/1/16,11.09,11090,2118.04,0.64,6.12,122.23,52.25,9979.03
Norway,NOR,5/1/16,9.69,9690,1850.66,-0.28,-2.81,-53.48,61.94,11829.69
Norway,NOR,6/1/16,8.56,8560,1634.84,-0.42,-4.68,-80.21,70.5,13464.53
Norway,NOR,7/1/16,8.3,8300,1585.19,-0.19,-2.24,-36.29,78.8,15049.71
Norway,NOR,8/1/16,8.77,8770,1674.95,0.1,1.15,19.1,87.57,16724.66
Norway,NOR,9/1/16,8.72,8720,1665.4,-0.32,-3.54,-61.12,96.29,18390.06
Norway,NOR,10/1/16,11.07,11070,2114.22,0.32,2.98,61.12,107.36,20504.28
Norway,NOR,11/1/16,12.77,12770,2438.89,0.92,7.76,175.71,120.13,22943.17
Norway,NOR,12/1/16,13.14,13140,2509.56,0.2,1.55,38.2,133.27,25452.73
Norway,NOR,1/1/17,13.98,13980,2649.33,-1.21,-7.97,-229.31,13.98,2649.33
Norway,NOR,2/1/17,12.69,12690,2404.87,-0.52,-3.94,-98.54,26.67,5054.2
Norway,NOR,3/1/17,12.92,12920,2448.45,0.16,1.25,30.32,39.59,7502.65
Norway,NOR,4/1/17,11.1,11100,2103.55,0.01,0.09,1.9,50.69,9606.2
Norway,NOR,5/1/17,9.85,9850,1866.66,0.16,1.65,30.32,60.54,11472.86
Norway,NOR,6/1/17,8.74,8740,1656.31,0.18,2.1,34.11,69.28,13129.17
Norway,NOR,7/1/17,8.46,8460,1603.24,0.16,1.93,30.32,77.74,14732.41
Norway,NOR,8/1/17,8.94,8940,1694.21,0.17,1.94,32.22,86.68,16426.62
Norway,NOR,9/1/17,9.24,9240,1751.06,0.52,5.96,98.54,95.92,18177.68
Norway,NOR,10/1/17,10.96,10960,2077.02,-0.11,-0.99,-20.85,106.88,20254.7
Norway,NOR,11/1/17,12.66,12660,2399.18,-0.11,-0.86,-20.85,119.54,22653.88
Norway,NOR,12/1/17,14.1,14100,2672.07,0.96,7.31,181.93,133.64,25325.96
Norway,NOR,1/1/18,14.56,14560,2741.09,0.58,4.15,109.19,14.56,2741.09
Norway,NOR,2/1/18,13.48,13480,2537.77,0.79,6.23,148.73,28.04,5278.86
Norway,NOR,3/1/18,14.18,14180,2669.55,1.26,9.75,237.21,42.22,7948.42
Norway,NOR,4/1/18,11.14,11140,2097.24,0.04,0.36,7.53,53.36,10045.65
Norway,NOR,5/1/18,9.45,9450,1779.07,-0.4,-4.06,-75.3,62.81,11824.73
Norway,NOR,6/1/18,8.75,8750,1647.29,0.01,0.11,1.88,71.56,13472.02
Norway,NOR,7/1/18,8.39,8390,1579.52,-0.07,-0.83,-13.18,79.95,15051.54
Norway,NOR,8/1/18,8.93,8930,1681.18,-0.01,-0.11,-1.88,88.88,16732.72
Norway,NOR,9/1/18,9.52,9520,1792.25,0.28,3.03,52.71,98.4,18524.97
Norway,NOR,10/1/18,11.39,11390,2144.3,0.43,3.92,80.95,109.79,20669.27
Norway,NOR,11/1/18,12.16,12160,2289.26,-0.5,-3.95,-94.13,121.95,22958.54
Norway,NOR,12/1/18,13.85,13850,2607.43,-0.25,-1.77,-47.07,135.8,25565.96
Norway,NOR,1/1/19,14.56,14560,2722.65,0,0,0,14.56,2722.65
Norway,NOR,2/1/19,12.32,12320,2303.78,-1.16,-8.61,-216.91,26.88,5026.43
Norway,NOR,3/1/19,13.01,13010,2432.81,-1.17,-8.25,-218.78,39.89,7459.24
Norway,NOR,4/1/19,10.47,10470,1957.84,-0.67,-6.01,-125.29,50.36,9417.08
Norway,NOR,5/1/19,9.98,9980,1866.21,0.53,5.61,99.11,60.34,11283.29
Norway,NOR,6/1/19,8.8,8800,1645.56,0.05,0.57,9.35,69.14,12928.85
Norway,NOR,7/1/19,8.51,8510,1591.33,0.12,1.43,22.44,77.65,14520.18
Norway,NOR,8/1/19,8.65,8650,1617.51,-0.28,-3.14,-52.36,86.3,16137.69
Norway,NOR,9/1/19,9.21,9210,1722.23,-0.31,-3.26,-57.97,95.51,17859.91
Norway,NOR,10/1/19,11.43,11430,2137.36,0.04,0.35,7.48,106.94,19997.27
Norway,NOR,11/1/19,13.08,13080,2445.9,0.92,7.57,172.04,120.02,22443.17
Norway,NOR,12/1/19,13.53,13530,2530.05,-0.32,-2.31,-59.84,133.55,24973.21
Norway,NOR,1/1/20,13.38,13380,2487.33,-1.18,-8.1,-219.36,13.38,2487.33
Norway,NOR,2/1/20,12.81,12810,2381.36,0.49,3.98,91.09,26.19,4868.69
Norway,NOR,3/1/20,13.14,13140,2442.71,0.13,1,24.17,39.33,7311.4
Norway,NOR,4/1/20,11.02,11020,2048.61,0.55,5.25,102.24,50.35,9360.01
Norway,NOR,5/1/20,10.25,10250,1905.46,0.27,2.71,50.19,60.6,11265.47
Norway,NOR,6/1/20,8.56,8560,1591.29,-0.24,-2.73,-44.62,69.16,12856.76
Norway,NOR,7/1/20,8.56,8560,1591.29,0.05,0.59,9.29,77.72,14448.06
Norway,NOR,8/1/20,8.65,8650,1608.02,0,0,0,86.37,16056.08
Norway,NOR,9/1/20,8.98,8980,1669.37,-0.23,-2.5,-42.76,95.35,17725.45
Norway,NOR,10/1/20,10.59,10590,1968.67,-0.84,-7.35,-156.16,105.94,19694.12
Norway,NOR,11/1/20,11.34,11340,2108.09,-1.74,-13.3,-323.46,117.28,21802.21
Norway,NOR,12/1/20,12.69,12690,2359.06,-0.84,-6.21,-156.16,129.97,24161.27
Norway,NOR,1/1/21,14.5,14500,2681.17,1.12,8.37,207.1,14.5,2681.17
Norway,NOR,2/1/21,13.05,13050,2413.05,0.24,1.87,44.38,27.55,5094.22
Norway,NOR,3/1/21,12.34,12340,2281.77,-0.8,-6.09,-147.93,39.89,7375.99
Norway,NOR,4/1/21,10.83,10830,2002.56,-0.19,-1.72,-35.13,50.72,9378.54
Norway,NOR,5/1/21,10.04,10040,1856.48,-0.21,-2.05,-38.83,60.76,11235.02
Norway,NOR,6/1/21,8.56,8560,1582.81,0,0,0,69.32,12817.83
Norway,NOR,7/1/21,8.08,8080,1494.06,-0.48,-5.61,-88.76,77.4,14311.89
Norway,NOR,8/1/21,8.37,8370,1547.68,-0.28,-3.24,-51.77,85.77,15859.57
Norway,NOR,9/1/21,8.65,8650,1599.46,-0.33,-3.67,-61.02,94.42,17459.03
Norway,NOR,10/1/21,10.42,10420,1926.74,-0.17,-1.61,-31.43,104.84,19385.77
Norway,NOR,11/1/21,12.18,12180,2252.18,0.84,7.41,155.32,117.02,21637.95
Norway,NOR,12/1/21,13.83,13830,2557.28,1.14,8.98,210.8,130.85,24195.23
Norway,NOR,1/1/22,13.55,13550,2483.14,-0.95,-6.55,-174.09,13.55,2483.14
Norway,NOR,2/1/22,12.29,12290,2252.24,-0.76,-5.82,-139.28,25.84,4735.38
Norway,NOR,3/1/22,12.14,12140,2224.75,-0.2,-1.62,-36.65,37.98,6960.12
Norway,NOR,4/1/22,10.77,10770,1973.68,-0.06,-0.55,-11,48.75,8933.81
Norway,NOR,5/1/22,9.96,9960,1825.25,-0.08,-0.8,-14.66,58.71,10759.05
Norway,NOR,6/1/22,8.99,8990,1647.49,0.43,5.02,78.8,67.7,12406.54
Norway,NOR,7/1/22,9.29,9290,1702.46,1.21,14.98,221.74,76.99,14109
Norway,NOR,8/1/22,9.52,9520,1744.61,1.15,13.74,210.75,86.51,15853.61
Norway,NOR,9/1/22,9.22,9220,1689.63,0.57,6.59,104.46,95.73,17543.25
Norway,NOR,10/1/22,10.75,10750,1970.02,0.33,3.17,60.48,106.48,19513.27
Norway,NOR,11/1/22,11.43,11430,2094.63,-0.75,-6.16,-137.44,117.91,21607.9
Norway,NOR,12/1/22,13.64,13640,2499.63,-0.19,-1.37,-34.82,131.55,24107.54
Norway,NOR,1/1/23,13.34,13340,2417.03,-0.21,-1.55,-38.05,13.34,2417.03
Norway,NOR,2/1/23,11.69,11690,2118.07,-0.6,-4.88,-108.71,25.03,4535.1
Norway,NOR,3/1/23,13.19,13190,2389.85,1.05,8.65,190.25,38.22,6924.95
Norway,NOR,4/1/23,10.74,10740,1945.94,-0.03,-0.28,-5.44,48.96,8870.9
Norway,NOR,5/1/23,9.81,9810,1777.44,-0.15,-1.51,-27.18,58.77,10648.34
Norway,NOR,6/1/23,8.69,8690,1574.51,-0.3,-3.34,-54.36,67.46,12222.85
Norway,NOR,7/1/23,8.84,8840,1601.69,-0.45,-4.84,-81.53,76.3,13824.54
Norway,NOR,8/1/23,9.03,9030,1636.12,-0.49,-5.15,-88.78,85.33,15460.66
Norway,NOR,9/1/23,9.09,9090,1646.99,-0.13,-1.41,-23.55,94.42,17107.64
Norway,NOR,10/1/23,11.59,11590,2099.95,0.84,7.81,152.2,106.01,19207.6
Norway,NOR,11/1/23,12.98,12980,2351.8,1.55,13.56,280.84,118.99,21559.4
Norway,NOR,12/1/23,14.54,14540,2634.45,0.9,6.6,163.07,133.53,24193.86
Norway,NOR,1/1/24,14.92,14920,2675.44,1.58,11.84,283.32,14.92,2675.44
Norway,NOR,2/1/24,13,13000,2331.14,1.31,11.21,234.91,27.92,5006.58
Norway,NOR,3/1/24,12.55,12550,2250.45,-0.64,-4.85,-114.76,40.47,7257.03
Norway,NOR,4/1/24,11.2,11200,2008.37,0.46,4.28,82.49,51.67,9265.4
Norway,NOR,5/1/24,9.64,9640,1728.63,-0.17,-1.73,-30.48,61.31,10994.04
Norway,NOR,6/1/24,9.23,9230,1655.11,0.54,6.21,96.83,70.54,12649.15
Norway,NOR,7/1/24,8.97,8970,1608.49,0.13,1.47,23.31,79.51,14257.64
Norway,NOR,8/1/24,9.31,9310,1669.46,0.28,3.1,50.21,88.82,15927.1
Norway,NOR,9/1/24,9.54,9540,1710.7,0.45,4.95,80.69,98.36,17637.8
Norway,NOR,10/1/24,11.2,11200,2008.37,-0.39,-3.36,-69.93,109.56,19646.17
Norway,NOR,11/1/24,12.31,12310,2207.41,-0.67,-5.16,-120.14,121.87,21853.58
Norway,NOR,12/1/24,13.47,13470,2415.42,-1.07,-7.36,-191.87,135.34,24269.01
Norway,NOR,1/1/25,14.26,14260,2535.98,-0.66,-4.42,-117.37,14.26,2535.98
Norway,NOR,2/1/25,12.54,12540,2230.1,-0.46,-3.54,-81.81,26.8,4766.08
Norway,NOR,3/1/25,12.75,12750,2267.44,0.2,1.59,35.57,39.55,7033.52
Norway,NOR,4/1/25,10.59,10590,1883.31,-0.61,-5.45,-108.48,50.14,8916.84
Norway,NOR,5/1/25,9.95,9950,1769.5,0.31,3.22,55.13,60.09,10686.33
Norway,NOR,6/1/25,9.21,9210,1637.9,-0.02,-0.22,-3.56,69.3,12324.23
Norway,NOR,7/1/25,8.85,8850,1573.87,-0.12,-1.34,-21.34,78.15,13898.1
Poland,POL,1/1/15,12.26,12260,320.39,,,,12.26,320.39
Poland,POL,2/1/15,12.14,12140,317.25,,,,24.4,637.64
Poland,POL,3/1/15,13.06,13060,341.29,,,,37.46,978.93
Poland,POL,4/1/15,11.85,11850,309.67,,,,49.31,1288.6
Poland,POL,5/1/15,11.8,11800,308.37,,,,61.11,1596.97
Poland,POL,6/1/15,11.46,11460,299.48,,,,72.57,1896.45
Poland,POL,7/1/15,12.11,12110,316.47,,,,84.68,2212.91
Poland,POL,8/1/15,11.98,11980,313.07,,,,96.66,2525.98
Poland,POL,9/1/15,11.88,11880,310.46,,,,108.54,2836.44
Poland,POL,10/1/15,12.89,12890,336.85,,,,121.43,3173.29
Poland,POL,11/1/15,12.76,12760,333.45,,,,134.19,3506.74
Poland,POL,12/1/15,12.98,12980,339.2,,,,147.17,3845.94
Poland,POL,1/1/16,13.53,13530,353.6,1.27,10.36,33.19,13.53,353.6
Poland,POL,2/1/16,12.39,12390,323.81,0.25,2.06,6.53,25.92,677.41
Poland,POL,3/1/16,12.84,12840,335.57,-0.22,-1.68,-5.75,38.76,1012.98
Poland,POL,4/1/16,11.88,11880,310.48,0.03,0.25,0.78,50.64,1323.46
Poland,POL,5/1/16,11.67,11670,304.99,-0.13,-1.1,-3.4,62.31,1628.45
Poland,POL,6/1/16,11.81,11810,308.65,0.35,3.05,9.15,74.12,1937.1
Poland,POL,7/1/16,12.02,12020,314.14,-0.09,-0.74,-2.35,86.14,2251.24
Poland,POL,8/1/16,12.05,12050,314.92,0.07,0.58,1.83,98.19,2566.17
Poland,POL,9/1/16,12.01,12010,313.88,0.13,1.09,3.4,110.2,2880.04
Poland,POL,10/1/16,12.86,12860,336.09,-0.03,-0.23,-0.78,123.06,3216.14
Poland,POL,11/1/16,13.07,13070,341.58,0.31,2.43,8.1,136.13,3557.72
Poland,POL,12/1/16,13.61,13610,355.69,0.63,4.85,16.46,149.74,3913.41
Poland,POL,1/1/17,14.11,14110,368.84,0.58,4.29,15.16,14.11,368.84
Poland,POL,2/1/17,12.67,12670,331.2,0.28,2.26,7.32,26.78,700.04
Poland,POL,3/1/17,13.11,13110,342.7,0.27,2.1,7.06,39.89,1042.74
Poland,POL,4/1/17,12.05,12050,314.99,0.17,1.43,4.44,51.94,1357.73
Poland,POL,5/1/17,12.13,12130,317.08,0.46,3.94,12.02,64.07,1674.81
Poland,POL,6/1/17,11.81,11810,308.72,0,0,0,75.88,1983.53
Poland,POL,7/1/17,12.24,12240,319.96,0.22,1.83,5.75,88.12,2303.49
Poland,POL,8/1/17,12.43,12430,324.92,0.38,3.15,9.93,100.55,2628.41
Poland,POL,9/1/17,12.39,12390,323.88,0.38,3.16,9.93,112.94,2952.29
Poland,POL,10/1/17,13.3,13300,347.67,0.44,3.42,11.5,126.24,3299.96
Poland,POL,11/1/17,13.47,13470,352.11,0.4,3.06,10.46,139.71,3652.07
Poland,POL,12/1/17,13.79,13790,360.48,0.18,1.32,4.71,153.5,4012.55
Poland,POL,1/1/18,14.2,14200,371.33,0.09,0.64,2.35,14.2,371.33
Poland,POL,2/1/18,13.1,13100,342.56,0.43,3.39,11.24,27.3,713.89
Poland,POL,3/1/18,14.13,14130,369.5,1.02,7.78,26.67,41.43,1083.39
Poland,POL,4/1/18,12.15,12150,317.72,0.1,0.83,2.61,53.58,1401.11
Poland,POL,5/1/18,12.26,12260,320.6,0.13,1.07,3.4,65.84,1721.71
Poland,POL,6/1/18,12.35,12350,322.95,0.54,4.57,14.12,78.19,2044.66
Poland,POL,7/1/18,12.68,12680,331.58,0.44,3.59,11.51,90.87,2376.24
Poland,POL,8/1/18,12.79,12790,334.46,0.36,2.9,9.41,103.66,2710.7
Poland,POL,9/1/18,12.54,12540,327.92,0.15,1.21,3.92,116.2,3038.62
Poland,POL,10/1/18,13.39,13390,350.15,0.09,0.68,2.35,129.59,3388.76
Poland,POL,11/1/18,13.42,13420,350.93,-0.05,-0.37,-1.31,143.01,3739.69
Poland,POL,12/1/18,13.82,13820,361.39,0.03,0.22,0.78,156.83,4101.08
Poland,POL,1/1/19,14.57,14570,381.16,0.37,2.61,9.68,14.57,381.16
Poland,POL,2/1/19,12.76,12760,333.81,-0.34,-2.6,-8.89,27.33,714.96
Poland,POL,3/1/19,13.6,13600,355.78,-0.53,-3.75,-13.86,40.93,1070.74
Poland,POL,4/1/19,12.38,12380,323.86,0.23,1.89,6.02,53.31,1394.6
Poland,POL,5/1/19,12.6,12600,329.62,0.34,2.77,8.89,65.91,1724.22
Poland,POL,6/1/19,12.37,12370,323.6,0.02,0.16,0.52,78.28,2047.83
Poland,POL,7/1/19,12.61,12610,329.88,-0.07,-0.55,-1.83,90.89,2377.71
Poland,POL,8/1/19,12.49,12490,326.74,-0.3,-2.35,-7.85,103.38,2704.45
Poland,POL,9/1/19,12.36,12360,323.34,-0.18,-1.44,-4.71,115.74,3027.79
Poland,POL,10/1/19,13.47,13470,352.38,0.08,0.6,2.09,129.21,3380.17
Poland,POL,11/1/19,13.18,13180,344.79,-0.24,-1.79,-6.28,142.39,3724.96
Poland,POL,12/1/19,13.5,13500,353.16,-0.32,-2.32,-8.37,155.89,4078.13
Poland,POL,1/1/20,13.97,13970,365.98,-0.6,-4.12,-15.72,13.97,365.98
Poland,POL,2/1/20,13.13,13130,343.98,0.37,2.9,9.69,27.1,709.96
Poland,POL,3/1/20,13.26,13260,347.38,-0.34,-2.5,-8.91,40.36,1057.35
Poland,POL,4/1/20,11.28,11280,295.51,-1.1,-8.89,-28.82,51.64,1352.86
Poland,POL,5/1/20,11.55,11550,302.59,-1.05,-8.33,-27.51,63.19,1655.45
Poland,POL,6/1/20,11.63,11630,304.68,-0.74,-5.98,-19.39,74.82,1960.13
Poland,POL,7/1/20,12.29,12290,321.97,-0.32,-2.54,-8.38,87.11,2282.1
Poland,POL,8/1/20,12.4,12400,324.85,-0.09,-0.72,-2.36,99.51,2606.95
Poland,POL,9/1/20,12.43,12430,325.64,0.07,0.57,1.83,111.94,2932.59
Poland,POL,10/1/20,13.65,13650,357.6,0.18,1.34,4.72,125.59,3290.19
Poland,POL,11/1/20,13.48,13480,353.15,0.3,2.28,7.86,139.07,3643.34
Poland,POL,12/1/20,14.15,14150,370.7,0.65,4.81,17.03,153.22,4014.04
Poland,POL,1/1/21,14.37,14370,377.76,0.4,2.86,10.52,14.37,377.76
Poland,POL,2/1/21,13.46,13460,353.84,0.33,2.51,8.68,27.83,731.59
Poland,POL,3/1/21,14.2,14200,373.29,0.94,7.09,24.71,42.03,1104.88
Poland,POL,4/1/21,12.78,12780,335.96,1.5,13.3,39.43,54.81,1440.84
Poland,POL,5/1/21,12.63,12630,332.02,1.08,9.35,28.39,67.44,1772.86
Poland,POL,6/1/21,12.61,12610,331.49,0.98,8.43,25.76,80.05,2104.35
Poland,POL,7/1/21,13.3,13300,349.63,1.01,8.22,26.55,93.35,2453.98
Poland,POL,8/1/21,12.87,12870,338.33,0.47,3.79,12.36,106.22,2792.3
Poland,POL,9/1/21,12.81,12810,336.75,0.38,3.06,9.99,119.03,3129.05
Poland,POL,10/1/21,13.59,13590,357.25,-0.06,-0.44,-1.58,132.62,3486.3
Poland,POL,11/1/21,13.85,13850,364.09,0.37,2.74,9.73,146.47,3850.39
Poland,POL,12/1/21,15,15000,394.32,0.85,6.01,22.34,161.47,4244.71
Poland,POL,1/1/22,14.67,14670,382.17,0.3,2.09,7.82,14.67,382.17
Poland,POL,2/1/22,13.22,13220,344.4,-0.24,-1.78,-6.25,27.89,726.57
Poland,POL,3/1/22,14.3,14300,372.53,0.1,0.7,2.61,42.19,1099.11
Poland,POL,4/1/22,13.25,13250,345.18,0.47,3.68,12.24,55.44,1444.29
Poland,POL,5/1/22,12.78,12780,332.94,0.15,1.19,3.91,68.22,1777.22
Poland,POL,6/1/22,12.61,12610,328.51,0,0,0,80.83,2105.73
Poland,POL,7/1/22,12.92,12920,336.58,-0.38,-2.86,-9.9,93.75,2442.32
Poland,POL,8/1/22,12.99,12990,338.41,0.12,0.93,3.13,106.74,2780.72
Poland,POL,9/1/22,12.53,12530,326.42,-0.28,-2.19,-7.29,119.27,3107.15
Poland,POL,10/1/22,13.22,13220,344.4,-0.37,-2.72,-9.64,132.49,3451.55
Poland,POL,11/1/22,13.61,13610,354.56,-0.24,-1.73,-6.25,146.1,3806.1
Poland,POL,12/1/22,14.41,14410,375.4,-0.59,-3.93,-15.37,160.51,4181.51
Poland,POL,1/1/23,14.11,14110,364.01,-0.56,-3.82,-14.45,14.11,364.01
Poland,POL,2/1/23,13.05,13050,336.66,-0.17,-1.29,-4.39,27.16,700.67
Poland,POL,3/1/23,13.93,13930,359.37,-0.37,-2.59,-9.55,41.09,1060.04
Poland,POL,4/1/23,12.34,12340,318.35,-0.91,-6.87,-23.48,53.43,1378.38
Poland,POL,5/1/23,12.15,12150,313.44,-0.63,-4.93,-16.25,65.58,1691.83
Poland,POL,6/1/23,11.76,11760,303.38,-0.85,-6.74,-21.93,77.34,1995.21
Poland,POL,7/1/23,12.28,12280,316.8,-0.64,-4.95,-16.51,89.62,2312.01
Poland,POL,8/1/23,12.42,12420,320.41,-0.57,-4.39,-14.7,102.04,2632.42
Poland,POL,9/1/23,12.25,12250,316.02,-0.28,-2.23,-7.22,114.29,2948.45
Poland,POL,10/1/23,13.23,13230,341.31,0.01,0.08,0.26,127.52,3289.75
Poland,POL,11/1/23,13.71,13710,353.69,0.1,0.73,2.58,141.23,3643.44
Poland,POL,12/1/23,14.26,14260,367.88,-0.15,-1.04,-3.87,155.49,4011.32
Poland,POL,1/1/24,14.96,14960,388.18,0.85,6.02,22.06,14.96,388.18
Poland,POL,2/1/24,13.22,13220,343.03,0.17,1.3,4.41,28.18,731.2
Poland,POL,3/1/24,13.55,13550,351.59,-0.38,-2.73,-9.86,41.73,1082.79
Poland,POL,4/1/24,12.61,12610,327.2,0.27,2.19,7.01,54.34,1409.99
Poland,POL,5/1/24,12.43,12430,322.53,0.28,2.3,7.27,66.77,1732.52
Poland,POL,6/1/24,12.85,12850,333.43,1.09,9.27,28.28,79.62,2065.95
Poland,POL,7/1/24,13.02,13020,337.84,0.74,6.03,19.2,92.64,2403.79
Poland,POL,8/1/24,12.71,12710,329.79,0.29,2.33,7.52,105.35,2733.58
Poland,POL,9/1/24,12.39,12390,321.49,0.14,1.14,3.63,117.74,3055.07
Poland,POL,10/1/24,13.67,13670,354.7,0.44,3.33,11.42,131.41,3409.77
Poland,POL,11/1/24,13.9,13900,360.67,0.19,1.39,4.93,145.31,3770.45
Poland,POL,12/1/24,14.17,14170,367.68,-0.09,-0.63,-2.34,159.48,4138.12
Poland,POL,1/1/25,14.81,14810,388.3,-0.15,-1,-3.93,14.81,388.3
Poland,POL,2/1/25,13.75,13750,360.51,0.53,4.01,13.9,28.56,748.8
Poland,POL,3/1/25,13.67,13670,358.41,0.12,0.89,3.15,42.23,1107.21
Poland,POL,4/1/25,12.39,12390,324.85,-0.22,-1.74,-5.77,54.62,1432.06
Poland,POL,5/1/25,12.63,12630,331.14,0.2,1.61,5.24,67.25,1763.2
Poland,POL,6/1/25,11.98,11980,314.1,-0.87,-6.77,-22.81,79.23,2077.3
Poland,POL,7/1/25,12.71,12710,333.24,-0.31,-2.38,-8.13,91.94,2410.54
Portugal,PRT,1/1/15,4.63,4630,446.47,,,,4.63,446.47
Portugal,PRT,2/1/15,4.18,4180,403.07,,,,8.81,849.54
Portugal,PRT,3/1/15,4.14,4140,399.22,,,,12.95,1248.76
Portugal,PRT,4/1/15,3.7,3700,356.79,,,,16.65,1605.55
Portugal,PRT,5/1/15,3.94,3940,379.93,,,,20.59,1985.48
Portugal,PRT,6/1/15,3.92,3920,378,,,,24.51,2363.48
Portugal,PRT,7/1/15,4.28,4280,412.72,,,,28.79,2776.2
Portugal,PRT,8/1/15,3.91,3910,377.04,,,,32.7,3153.24
Portugal,PRT,9/1/15,3.86,3860,372.22,,,,36.56,3525.45
Portugal,PRT,10/1/15,3.96,3960,381.86,,,,40.52,3907.31
Portugal,PRT,11/1/15,3.96,3960,381.86,,,,44.48,4289.17
Portugal,PRT,12/1/15,4.21,4210,405.97,,,,48.69,4695.14
Portugal,PRT,1/1/16,4.14,4140,400.14,-0.49,-10.58,-47.36,4.14,400.14
Portugal,PRT,2/1/16,3.89,3890,375.98,-0.29,-6.94,-28.03,8.03,776.12
Portugal,PRT,3/1/16,4.18,4180,404.01,0.04,0.97,3.87,12.21,1180.12
Portugal,PRT,4/1/16,3.65,3650,352.78,-0.05,-1.35,-4.83,15.86,1532.9
Portugal,PRT,5/1/16,3.66,3660,353.75,-0.28,-7.11,-27.06,19.52,1886.65
Portugal,PRT,6/1/16,3.72,3720,359.55,-0.2,-5.1,-19.33,23.24,2246.19
Portugal,PRT,7/1/16,4.16,4160,402.07,-0.12,-2.8,-11.6,27.4,2648.26
Portugal,PRT,8/1/16,3.96,3960,382.74,0.05,1.28,4.83,31.36,3031.01
Portugal,PRT,9/1/16,3.88,3880,375.01,0.02,0.52,1.93,35.24,3406.02
Portugal,PRT,10/1/16,3.92,3920,378.88,-0.04,-1.01,-3.87,39.16,3784.89
Portugal,PRT,11/1/16,4.06,4060,392.41,0.1,2.53,9.67,43.22,4177.3
Portugal,PRT,12/1/16,4.33,4330,418.5,0.12,2.85,11.6,47.55,4595.8
Portugal,PRT,1/1/17,4.63,4630,448.17,0.49,11.84,47.43,4.63,448.17
Portugal,PRT,2/1/17,3.91,3910,378.48,0.02,0.51,1.94,8.54,826.65
Portugal,PRT,3/1/17,4.24,4240,410.42,0.06,1.44,5.81,12.78,1237.08
Portugal,PRT,4/1/17,3.79,3790,366.86,0.14,3.84,13.55,16.57,1603.94
Portugal,PRT,5/1/17,3.99,3990,386.22,0.33,9.02,31.94,20.56,1990.17
Portugal,PRT,6/1/17,4.09,4090,395.9,0.37,9.95,35.82,24.65,2386.07
Portugal,PRT,7/1/17,4.2,4200,406.55,0.04,0.96,3.87,28.85,2792.62
Portugal,PRT,8/1/17,3.99,3990,386.22,0.03,0.76,2.9,32.84,3178.84
Portugal,PRT,9/1/17,3.99,3990,386.22,0.11,2.84,10.65,36.83,3565.07
Portugal,PRT,10/1/17,4.09,4090,395.9,0.17,4.34,16.46,40.92,3960.97
Portugal,PRT,11/1/17,4.07,4070,393.97,0.01,0.25,0.97,44.99,4354.94
Portugal,PRT,12/1/17,4.49,4490,434.62,0.16,3.7,15.49,49.48,4789.56
Portugal,PRT,1/1/18,4.65,4650,450.35,0.02,0.43,1.94,4.65,450.35
Portugal,PRT,2/1/18,4.19,4190,405.8,0.28,7.16,27.12,8.84,856.14
Portugal,PRT,3/1/18,4.32,4320,418.39,0.08,1.89,7.75,13.16,1274.53
Portugal,PRT,4/1/18,3.88,3880,375.77,0.09,2.37,8.72,17.04,1650.3
Portugal,PRT,5/1/18,3.93,3930,380.61,-0.06,-1.5,-5.81,20.97,2030.91
Portugal,PRT,6/1/18,3.89,3890,376.74,-0.2,-4.89,-19.37,24.86,2407.65
Portugal,PRT,7/1/18,4.09,4090,396.11,-0.11,-2.62,-10.65,28.95,2803.77
Portugal,PRT,8/1/18,4.06,4060,393.21,0.07,1.75,6.78,33.01,3196.97
Portugal,PRT,9/1/18,4.06,4060,393.21,0.07,1.75,6.78,37.07,3590.18
Portugal,PRT,10/1/18,4.07,4070,394.17,-0.02,-0.49,-1.94,41.14,3984.35
Portugal,PRT,11/1/18,4.24,4240,410.64,0.17,4.18,16.46,45.38,4394.99
Portugal,PRT,12/1/18,4.28,4280,414.51,-0.21,-4.68,-20.34,49.66,4809.5
Portugal,PRT,1/1/19,4.75,4750,459.24,0.1,2.15,9.67,4.75,459.24
Portugal,PRT,2/1/19,4.04,4040,390.59,-0.15,-3.58,-14.5,8.79,849.83
Portugal,PRT,3/1/19,4.13,4130,399.3,-0.19,-4.4,-18.37,12.92,1249.13
Portugal,PRT,4/1/19,3.94,3940,380.93,0.06,1.55,5.8,16.86,1630.06
Portugal,PRT,5/1/19,4.05,4050,391.56,0.12,3.05,11.6,20.91,2021.62
Portugal,PRT,6/1/19,3.94,3940,380.93,0.05,1.29,4.83,24.85,2402.54
Portugal,PRT,7/1/19,4.27,4270,412.83,0.18,4.4,17.4,29.12,2815.38
Portugal,PRT,8/1/19,3.94,3940,380.93,-0.12,-2.96,-11.6,33.06,3196.3
Portugal,PRT,9/1/19,4.04,4040,390.59,-0.02,-0.49,-1.93,37.1,3586.9
Portugal,PRT,10/1/19,4.16,4160,402.2,0.09,2.21,8.7,41.26,3989.09
Portugal,PRT,11/1/19,4.28,4280,413.8,0.04,0.94,3.87,45.54,4402.89
Portugal,PRT,12/1/19,4.07,4070,393.5,-0.21,-4.91,-20.3,49.61,4796.39
Portugal,PRT,1/1/20,4.68,4680,451.28,-0.07,-1.47,-6.75,4.68,451.28
Portugal,PRT,2/1/20,4,4000,385.71,-0.04,-0.99,-3.86,8.68,836.99
Portugal,PRT,3/1/20,4.05,4050,390.53,-0.08,-1.94,-7.71,12.73,1227.52
Portugal,PRT,4/1/20,3.46,3460,333.64,-0.48,-12.18,-46.29,16.19,1561.16
Portugal,PRT,5/1/20,3.48,3480,335.57,-0.57,-14.07,-54.96,19.67,1896.73
Portugal,PRT,6/1/20,3.61,3610,348.1,-0.33,-8.38,-31.82,23.28,2244.83
Portugal,PRT,7/1/20,4.27,4270,411.74,0,0,0,27.55,2656.57
Portugal,PRT,8/1/20,4.01,4010,386.67,0.07,1.78,6.75,31.56,3043.25
Portugal,PRT,9/1/20,4.03,4030,388.6,-0.01,-0.25,-0.96,35.59,3431.85
Portugal,PRT,10/1/20,4,4000,385.71,-0.16,-3.85,-15.43,39.59,3817.56
Portugal,PRT,11/1/20,4.05,4050,390.53,-0.23,-5.37,-22.18,43.64,4208.09
Portugal,PRT,12/1/20,4.44,4440,428.14,0.37,9.09,35.68,48.08,4636.23
Portugal,PRT,1/1/21,4.86,4860,467.71,0.18,3.85,17.32,4.86,467.71
Portugal,PRT,2/1/21,3.61,3610,347.42,-0.39,-9.75,-37.53,8.47,815.13
Portugal,PRT,3/1/21,3.99,3990,383.99,-0.06,-1.48,-5.77,12.46,1199.11
Portugal,PRT,4/1/21,3.7,3700,356.08,0.24,6.94,23.1,16.16,1555.19
Portugal,PRT,5/1/21,3.94,3940,379.17,0.46,13.22,44.27,20.1,1934.37
Portugal,PRT,6/1/21,3.83,3830,368.59,0.22,6.09,21.17,23.93,2302.95
Portugal,PRT,7/1/21,4.15,4150,399.38,-0.12,-2.81,-11.55,28.08,2702.34
Portugal,PRT,8/1/21,3.89,3890,374.36,-0.12,-2.99,-11.55,31.97,3076.7
Portugal,PRT,9/1/21,4.03,4030,387.84,0,0,0,36,3464.54
Portugal,PRT,10/1/21,4,4000,384.95,0,0,0,40,3849.49
Portugal,PRT,11/1/21,4.14,4140,398.42,0.09,2.22,8.66,44.14,4247.91
Portugal,PRT,12/1/21,4.42,4420,425.37,-0.02,-0.45,-1.92,48.56,4673.27
Portugal,PRT,1/1/22,4.64,4640,445.42,-0.22,-4.53,-21.12,4.64,445.42
Portugal,PRT,2/1/22,4.22,4220,405.1,0.61,16.9,58.56,8.86,850.52
Portugal,PRT,3/1/22,4.48,4480,430.06,0.49,12.28,47.04,13.34,1280.59
Portugal,PRT,4/1/22,4.11,4110,394.54,0.41,11.08,39.36,17.45,1675.13
Portugal,PRT,5/1/22,4.11,4110,394.54,0.17,4.31,16.32,21.56,2069.67
Portugal,PRT,6/1/22,4.12,4120,395.5,0.29,7.57,27.84,25.68,2465.18
Portugal,PRT,7/1/22,4.5,4500,431.98,0.35,8.43,33.6,30.18,2897.16
Portugal,PRT,8/1/22,4.13,4130,396.46,0.24,6.17,23.04,34.31,3293.62
Portugal,PRT,9/1/22,4.12,4120,395.5,0.09,2.23,8.64,38.43,3689.13
Portugal,PRT,10/1/22,4.18,4180,401.26,0.18,4.5,17.28,42.61,4090.39
Portugal,PRT,11/1/22,4.12,4120,395.5,-0.02,-0.48,-1.92,46.73,4485.89
Portugal,PRT,12/1/22,4.11,4110,394.54,-0.31,-7.01,-29.76,50.84,4880.44
Portugal,PRT,1/1/23,4.52,4520,433.34,-0.12,-2.59,-11.5,4.52,433.34
Portugal,PRT,2/1/23,4.23,4230,405.53,0.01,0.24,0.96,8.75,838.87
Portugal,PRT,3/1/23,4.53,4530,434.29,0.05,1.12,4.79,13.28,1273.16
Portugal,PRT,4/1/23,3.93,3930,376.77,-0.18,-4.38,-17.26,17.21,1649.94
Portugal,PRT,5/1/23,4.24,4240,406.49,0.13,3.16,12.46,21.45,2056.43
Portugal,PRT,6/1/23,4.13,4130,395.95,0.01,0.24,0.96,25.58,2452.38
Portugal,PRT,7/1/23,4.46,4460,427.58,-0.04,-0.89,-3.83,30.04,2879.96
Portugal,PRT,8/1/23,4.34,4340,416.08,0.21,5.08,20.13,34.38,3296.04
Portugal,PRT,9/1/23,4.15,4150,397.86,0.03,0.73,2.88,38.53,3693.9
Portugal,PRT,10/1/23,4.15,4150,397.86,-0.03,-0.72,-2.88,42.68,4091.77
Portugal,PRT,11/1/23,4.06,4060,389.24,-0.06,-1.46,-5.75,46.74,4481
Portugal,PRT,12/1/23,4.56,4560,437.17,0.45,10.95,43.14,51.3,4918.17
Portugal,PRT,1/1/24,4.59,4590,440.28,0.07,1.55,6.71,4.59,440.28
Portugal,PRT,2/1/24,4.17,4170,399.99,-0.06,-1.42,-5.76,8.76,840.26
Portugal,PRT,3/1/24,4.34,4340,416.29,-0.19,-4.19,-18.22,13.1,1256.56
Portugal,PRT,4/1/24,3.89,3890,373.13,-0.04,-1.02,-3.84,16.99,1629.69
Portugal,PRT,5/1/24,4.26,4260,408.62,0.02,0.47,1.92,21.25,2038.31
Portugal,PRT,6/1/24,4.11,4110,394.23,-0.02,-0.48,-1.92,25.36,2432.54
Portugal,PRT,7/1/24,4.57,4570,438.36,0.11,2.47,10.55,29.93,2870.9
Portugal,PRT,8/1/24,4.37,4370,419.17,0.03,0.69,2.88,34.3,3290.07
Portugal,PRT,9/1/24,4.28,4280,410.54,0.13,3.13,12.47,38.58,3700.61
Portugal,PRT,10/1/24,4.43,4430,424.93,0.28,6.75,26.86,43.01,4125.54
Portugal,PRT,11/1/24,4.27,4270,409.58,0.21,5.17,20.14,47.28,4535.12
Portugal,PRT,12/1/24,4.83,4830,463.3,0.27,5.92,25.9,52.11,4998.42
Portugal,PRT,1/1/25,4.96,4960,476.38,0.37,8.06,35.54,4.96,476.38
Portugal,PRT,2/1/25,4.35,4350,417.8,0.18,4.32,17.29,9.31,894.18
Portugal,PRT,3/1/25,4.75,4750,456.21,0.41,9.45,39.38,14.06,1350.39
Portugal,PRT,4/1/25,4.07,4070,390.9,0.18,4.63,17.29,18.13,1741.29
Portugal,PRT,5/1/25,4.22,4220,405.31,-0.04,-0.94,-3.84,22.35,2146.6
Portugal,PRT,6/1/25,4.35,4350,417.8,0.24,5.84,23.05,26.7,2564.4
Portugal,PRT,7/1/25,4.78,4780,459.09,0.21,4.6,20.17,31.48,3023.49
Romania,ROU,1/1/15,6.01,6010,302.45,,,,6.01,302.45
Romania,ROU,2/1/15,4.99,4990,251.12,,,,11,553.57
Romania,ROU,3/1/15,5.2,5200,261.69,,,,16.2,815.26
Romania,ROU,4/1/15,4.71,4710,237.03,,,,20.91,1052.29
Romania,ROU,5/1/15,4.34,4340,218.41,,,,25.25,1270.7
Romania,ROU,6/1/15,4.33,4330,217.91,,,,29.58,1488.6
Romania,ROU,7/1/15,4.78,4780,240.55,,,,34.36,1729.15
Romania,ROU,8/1/15,4.61,4610,232,,,,38.97,1961.15
Romania,ROU,9/1/15,4.44,4440,223.44,,,,43.41,2184.59
Romania,ROU,10/1/15,4.86,4860,244.58,,,,48.27,2429.17
Romania,ROU,11/1/15,4.92,4920,247.6,,,,53.19,2676.77
Romania,ROU,12/1/15,5.04,5040,253.64,,,,58.23,2930.4
Romania,ROU,1/1/16,5.38,5380,272.03,-0.63,-10.48,-31.86,5.38,272.03
Romania,ROU,2/1/16,4.74,4740,239.67,-0.25,-5.01,-12.64,10.12,511.7
Romania,ROU,3/1/16,4.92,4920,248.77,-0.28,-5.38,-14.16,15.04,760.48
Romania,ROU,4/1/16,4.28,4280,216.41,-0.43,-9.13,-21.74,19.32,976.89
Romania,ROU,5/1/16,4.3,4300,217.42,-0.04,-0.92,-2.02,23.62,1194.31
Romania,ROU,6/1/16,4.51,4510,228.04,0.18,4.16,9.1,28.13,1422.35
Romania,ROU,7/1/16,4.71,4710,238.15,-0.07,-1.46,-3.54,32.84,1660.51
Romania,ROU,8/1/16,4.64,4640,234.61,0.03,0.65,1.52,37.48,1895.12
Romania,ROU,9/1/16,4.5,4500,227.54,0.06,1.35,3.03,41.98,2122.66
Romania,ROU,10/1/16,5.06,5060,255.85,0.2,4.12,10.11,47.04,2378.51
Romania,ROU,11/1/16,5.25,5250,265.46,0.33,6.71,16.69,52.29,2643.97
Romania,ROU,12/1/16,5.53,5530,279.62,0.49,9.72,24.78,57.82,2923.58
Romania,ROU,1/1/17,5.67,5670,287.97,0.29,5.39,14.73,5.67,287.97
Romania,ROU,2/1/17,4.96,4960,251.91,0.22,4.64,11.17,10.63,539.88
Romania,ROU,3/1/17,5.12,5120,260.04,0.2,4.07,10.16,15.75,799.92
Romania,ROU,4/1/17,4.56,4560,231.6,0.28,6.54,14.22,20.31,1031.52
Romania,ROU,5/1/17,4.39,4390,222.96,0.09,2.09,4.57,24.7,1254.48
Romania,ROU,6/1/17,4.47,4470,227.03,-0.04,-0.89,-2.03,29.17,1481.51
Romania,ROU,7/1/17,4.72,4720,239.72,0.01,0.21,0.51,33.89,1721.23
Romania,ROU,8/1/17,4.79,4790,243.28,0.15,3.23,7.62,38.68,1964.51
Romania,ROU,9/1/17,4.61,4610,234.14,0.11,2.44,5.59,43.29,2198.64
Romania,ROU,10/1/17,5.04,5040,255.98,-0.02,-0.4,-1.02,48.33,2454.62
Romania,ROU,11/1/17,5.27,5270,267.66,0.02,0.38,1.02,53.6,2722.28
Romania,ROU,12/1/17,5.48,5480,278.32,-0.05,-0.9,-2.54,59.08,3000.6
Romania,ROU,1/1/18,5.62,5620,286.77,-0.05,-0.88,-2.55,5.62,286.77
Romania,ROU,2/1/18,5.28,5280,269.42,0.32,6.45,16.33,10.9,556.18
Romania,ROU,3/1/18,5.7,5700,290.85,0.58,11.33,29.6,16.6,847.03
Romania,ROU,4/1/18,4.56,4560,232.68,0,0,0,21.16,1079.71
Romania,ROU,5/1/18,4.68,4680,238.8,0.29,6.61,14.8,25.84,1318.51
Romania,ROU,6/1/18,4.75,4750,242.37,0.28,6.26,14.29,30.59,1560.88
Romania,ROU,7/1/18,4.88,4880,249.01,0.16,3.39,8.16,35.47,1809.89
Romania,ROU,8/1/18,4.9,4900,250.03,0.11,2.3,5.61,40.37,2059.91
Romania,ROU,9/1/18,4.66,4660,237.78,0.05,1.08,2.55,45.03,2297.7
Romania,ROU,10/1/18,5,5000,255.13,-0.04,-0.79,-2.04,50.03,2552.82
Romania,ROU,11/1/18,5.29,5290,269.93,0.02,0.38,1.02,55.32,2822.75
Romania,ROU,12/1/18,5.7,5700,290.85,0.22,4.01,11.23,61.02,3113.6
Romania,ROU,1/1/19,5.78,5780,296.39,0.16,2.85,8.2,5.78,296.39
Romania,ROU,2/1/19,5.11,5110,262.03,-0.17,-3.22,-8.72,10.89,558.42
Romania,ROU,3/1/19,5.18,5180,265.62,-0.52,-9.12,-26.66,16.07,824.04
Romania,ROU,4/1/19,4.79,4790,245.62,0.23,5.04,11.79,20.86,1069.66
Romania,ROU,5/1/19,4.78,4780,245.11,0.1,2.14,5.13,25.64,1314.77
Romania,ROU,6/1/19,4.7,4700,241.01,-0.05,-1.05,-2.56,30.34,1555.78
Romania,ROU,7/1/19,4.9,4900,251.26,0.02,0.41,1.03,35.24,1807.04
Romania,ROU,8/1/19,4.95,4950,253.83,0.05,1.02,2.56,40.19,2060.87
Romania,ROU,9/1/19,4.63,4630,237.42,-0.03,-0.64,-1.54,44.82,2298.28
Romania,ROU,10/1/19,4.94,4940,253.31,-0.06,-1.2,-3.08,49.76,2551.6
Romania,ROU,11/1/19,5.08,5080,260.49,-0.21,-3.97,-10.77,54.84,2812.09
Romania,ROU,12/1/19,5.35,5350,274.34,-0.35,-6.14,-17.95,60.19,3086.43
Romania,ROU,1/1/20,5.55,5550,286.19,-0.23,-3.98,-11.86,5.55,286.19
Romania,ROU,2/1/20,5.1,5100,262.99,-0.01,-0.2,-0.52,10.65,549.18
Romania,ROU,3/1/20,5.01,5010,258.35,-0.17,-3.28,-8.77,15.66,807.53
Romania,ROU,4/1/20,4.1,4100,211.42,-0.69,-14.41,-35.58,19.76,1018.95
Romania,ROU,5/1/20,4.23,4230,218.13,-0.55,-11.51,-28.36,23.99,1237.08
Romania,ROU,6/1/20,4.31,4310,222.25,-0.39,-8.3,-20.11,28.3,1459.33
Romania,ROU,7/1/20,4.82,4820,248.55,-0.08,-1.63,-4.13,33.12,1707.88
Romania,ROU,8/1/20,4.78,4780,246.49,-0.17,-3.43,-8.77,37.9,1954.36
Romania,ROU,9/1/20,4.61,4610,237.72,-0.02,-0.43,-1.03,42.51,2192.08
Romania,ROU,10/1/20,4.9,4900,252.68,-0.04,-0.81,-2.06,47.41,2444.76
Romania,ROU,11/1/20,5.23,5230,269.69,0.15,2.95,7.73,52.64,2714.45
Romania,ROU,12/1/20,5.51,5510,284.13,0.16,2.99,8.25,58.15,2998.58
Romania,ROU,1/1/21,5.57,5570,289.38,0.02,0.36,1.04,5.57,289.38
Romania,ROU,2/1/21,5.12,5120,266,0.02,0.39,1.04,10.69,555.38
Romania,ROU,3/1/21,5.55,5550,288.34,0.54,10.78,28.05,16.24,843.72
Romania,ROU,4/1/21,5.01,5010,260.28,0.91,22.2,47.28,21.25,1104
Romania,ROU,5/1/21,4.64,4640,241.06,0.41,9.69,21.3,25.89,1345.06
Romania,ROU,6/1/21,4.69,4690,243.66,0.38,8.82,19.74,30.58,1588.72
Romania,ROU,7/1/21,5.16,5160,268.08,0.34,7.05,17.66,35.74,1856.8
Romania,ROU,8/1/21,4.94,4940,256.65,0.16,3.35,8.31,40.68,2113.44
Romania,ROU,9/1/21,4.62,4620,240.02,0.01,0.22,0.52,45.3,2353.47
Romania,ROU,10/1/21,5,5000,259.76,0.1,2.04,5.2,50.3,2613.23
Romania,ROU,11/1/21,5.12,5120,266,-0.11,-2.1,-5.71,55.42,2879.23
Romania,ROU,12/1/21,5.55,5550,288.34,0.04,0.73,2.08,60.97,3167.57
Romania,ROU,1/1/22,5.51,5510,287.48,-0.06,-1.08,-3.13,5.51,287.48
Romania,ROU,2/1/22,4.83,4830,252,-0.29,-5.66,-15.13,10.34,539.47
Romania,ROU,3/1/22,5.2,5200,271.3,-0.35,-6.31,-18.26,15.54,810.78
Romania,ROU,4/1/22,4.56,4560,237.91,-0.45,-8.98,-23.48,20.1,1048.69
Romania,ROU,5/1/22,4.54,4540,236.87,-0.1,-2.16,-5.22,24.64,1285.56
Romania,ROU,6/1/22,4.46,4460,232.69,-0.23,-4.9,-12,29.1,1518.25
Romania,ROU,7/1/22,4.79,4790,249.91,-0.37,-7.17,-19.3,33.89,1768.16
Romania,ROU,8/1/22,4.56,4560,237.91,-0.38,-7.69,-19.83,38.45,2006.07
Romania,ROU,9/1/22,4.24,4240,221.22,-0.38,-8.23,-19.83,42.69,2227.29
Romania,ROU,10/1/22,4.36,4360,227.48,-0.64,-12.8,-33.39,47.05,2454.77
Romania,ROU,11/1/22,4.57,4570,238.43,-0.55,-10.74,-28.7,51.62,2693.2
Romania,ROU,12/1/22,4.86,4860,253.56,-0.69,-12.43,-36,56.48,2946.76
Romania,ROU,1/1/23,4.81,4810,251.59,-0.7,-12.7,-36.61,4.81,251.59
Romania,ROU,2/1/23,4.55,4550,237.99,-0.28,-5.8,-14.65,9.36,489.58
Romania,ROU,3/1/23,4.72,4720,246.88,-0.48,-9.23,-25.11,14.08,736.46
Romania,ROU,4/1/23,4.34,4340,227.01,-0.22,-4.82,-11.51,18.42,963.46
Romania,ROU,5/1/23,4.23,4230,221.25,-0.31,-6.83,-16.21,22.65,1184.72
Romania,ROU,6/1/23,4.16,4160,217.59,-0.3,-6.73,-15.69,26.81,1402.31
Romania,ROU,7/1/23,4.61,4610,241.13,-0.18,-3.76,-9.41,31.42,1643.43
Romania,ROU,8/1/23,4.52,4520,236.42,-0.04,-0.88,-2.09,35.94,1879.85
Romania,ROU,9/1/23,4.2,4200,219.68,-0.04,-0.94,-2.09,40.14,2099.54
Romania,ROU,10/1/23,4.36,4360,228.05,0,0,0,44.5,2327.59
Romania,ROU,11/1/23,4.66,4660,243.74,0.09,1.97,4.71,49.16,2571.33
Romania,ROU,12/1/23,4.87,4870,254.73,0.01,0.21,0.52,54.03,2826.06
Romania,ROU,1/1/24,5.14,5140,270.31,0.33,6.86,17.35,5.14,270.31
Romania,ROU,2/1/24,4.6,4600,241.91,0.05,1.1,2.63,9.74,512.22
Romania,ROU,3/1/24,4.79,4790,251.91,0.07,1.48,3.68,14.53,764.13
Romania,ROU,4/1/24,4.32,4320,227.19,-0.02,-0.46,-1.05,18.85,991.32
Romania,ROU,5/1/24,4.27,4270,224.56,0.04,0.95,2.1,23.12,1215.88
Romania,ROU,6/1/24,4.53,4530,238.23,0.37,8.89,19.46,27.65,1454.11
Romania,ROU,7/1/24,5.09,5090,267.68,0.48,10.41,25.24,32.74,1721.79
Romania,ROU,8/1/24,4.66,4660,245.07,0.14,3.1,7.36,37.4,1966.86
Romania,ROU,9/1/24,4.26,4260,224.03,0.06,1.43,3.16,41.66,2190.89
Romania,ROU,10/1/24,4.63,4630,243.49,0.27,6.19,14.2,46.29,2434.38
Romania,ROU,11/1/24,4.85,4850,255.06,0.19,4.08,9.99,51.14,2689.44
Romania,ROU,12/1/24,4.88,4880,256.64,0.01,0.21,0.53,56.02,2946.08
Romania,ROU,1/1/25,4.82,4820,254.91,-0.32,-6.23,-16.92,4.82,254.91
Romania,ROU,2/1/25,4.65,4650,245.92,0.05,1.09,2.64,9.47,500.83
Romania,ROU,3/1/25,4.57,4570,241.69,-0.22,-4.59,-11.63,14.04,742.52
Romania,ROU,4/1/25,4.23,4230,223.71,-0.09,-2.08,-4.76,18.27,966.22
Romania,ROU,5/1/25,4.24,4240,224.24,-0.03,-0.7,-1.59,22.51,1190.46
Romania,ROU,6/1/25,4.33,4330,229,-0.2,-4.42,-10.58,26.84,1419.45
Romania,ROU,7/1/25,4.76,4760,251.74,-0.33,-6.48,-17.45,31.6,1671.19
Russia,RUS,1/1/19,102.82,102820,701.68,,,,102.82,701.68
Russia,RUS,2/1/19,92.36,92360,630.3,,,,195.18,1331.99
Russia,RUS,3/1/19,95.66,95660,652.82,,,,290.84,1984.81
Russia,RUS,4/1/19,85.93,85930,586.42,,,,376.77,2571.23
Russia,RUS,5/1/19,81.11,81110,553.53,,,,457.88,3124.76
Russia,RUS,6/1/19,77.99,77990,532.24,,,,535.87,3656.99
Russia,RUS,7/1/19,79.65,79650,543.56,,,,615.52,4200.56
Russia,RUS,8/1/19,80.77,80770,551.21,,,,696.29,4751.76
Russia,RUS,9/1/19,81.83,81830,558.44,,,,778.12,5310.2
Russia,RUS,10/1/19,90.57,90570,618.09,,,,868.69,5928.29
Russia,RUS,11/1/19,95.92,95920,654.6,,,,964.61,6582.89
Russia,RUS,12/1/19,101.78,101780,694.59,,,,1066.39,7277.47
Russia,RUS,1/1/20,99.58,99580,680.33,-3.24,-3.15,-22.14,99.58,680.33
Russia,RUS,2/1/20,93.82,93820,640.97,1.46,1.58,9.97,193.4,1321.3
Russia,RUS,3/1/20,94.03,94030,642.41,-1.63,-1.7,-11.14,287.43,1963.71
Russia,RUS,4/1/20,83.47,83470,570.26,-2.46,-2.86,-16.81,370.9,2533.97
Russia,RUS,5/1/20,76.76,76760,524.42,-4.35,-5.36,-29.72,447.66,3058.39
Russia,RUS,6/1/20,73.43,73430,501.67,-4.56,-5.85,-31.15,521.09,3560.06
Russia,RUS,7/1/20,77.7,77700,530.84,-1.95,-2.45,-13.32,598.79,4090.91
Russia,RUS,8/1/20,77.96,77960,532.62,-2.81,-3.48,-19.2,676.75,4623.53
Russia,RUS,9/1/20,79.23,79230,541.3,-2.6,-3.18,-17.76,755.98,5164.82
Russia,RUS,10/1/20,87.85,87850,600.19,-2.72,-3,-18.58,843.83,5765.01
Russia,RUS,11/1/20,93.14,93140,636.33,-2.78,-2.9,-18.99,936.97,6401.34
Russia,RUS,12/1/20,104.39,104390,713.19,2.61,2.56,17.83,1041.36,7114.52
Russia,RUS,1/1/21,104.08,104080,713.68,4.5,4.52,30.86,104.08,713.68
Russia,RUS,2/1/21,95.98,95980,658.14,2.16,2.3,14.81,200.06,1371.81
Russia,RUS,3/1/21,99.7,99700,683.64,5.67,6.03,38.88,299.76,2055.46
Russia,RUS,4/1/21,87.87,87870,602.53,4.4,5.27,30.17,387.63,2657.99
Russia,RUS,5/1/21,82.25,82250,563.99,5.49,7.15,37.65,469.88,3221.98
Russia,RUS,6/1/21,79.2,79200,543.08,5.77,7.86,39.56,549.08,3765.05
Russia,RUS,7/1/21,82.92,82920,568.58,5.22,6.72,35.79,632,4333.64
Russia,RUS,8/1/21,83.45,83450,572.22,5.49,7.04,37.65,715.45,4905.85
Russia,RUS,9/1/21,84.72,84720,580.93,5.49,6.93,37.65,800.17,5486.78
Russia,RUS,10/1/21,94.25,94250,646.27,6.4,7.29,43.88,894.42,6133.05
Russia,RUS,11/1/21,98.28,98280,673.91,5.14,5.52,35.25,992.7,6806.96
Russia,RUS,12/1/21,108.42,108420,743.44,4.03,3.86,27.63,1101.12,7550.4
Russia,RUS,1/1/22,108.01,108010,741.93,3.93,3.78,27,108.01,741.93
Russia,RUS,2/1/22,95.6,95600,656.68,-0.38,-0.4,-2.61,203.61,1398.61
Russia,RUS,3/1/22,102.09,102090,701.26,2.39,2.4,16.42,305.7,2099.88
Russia,RUS,4/1/22,89.59,89590,615.4,1.72,1.96,11.81,395.29,2715.28
Russia,RUS,5/1/22,85.33,85330,586.14,3.08,3.74,21.16,480.62,3301.42
Russia,RUS,6/1/22,79.06,79060,543.07,-0.14,-0.18,-0.96,559.68,3844.48
Russia,RUS,7/1/22,82.22,82220,564.78,-0.7,-0.84,-4.81,641.9,4409.26
Russia,RUS,8/1/22,85.05,85050,584.21,1.6,1.92,10.99,726.95,4993.47
Russia,RUS,9/1/22,84.3,84300,579.06,-0.42,-0.5,-2.89,811.25,5572.54
Russia,RUS,10/1/22,93.41,93410,641.64,-0.84,-0.89,-5.77,904.66,6214.18
Russia,RUS,11/1/22,99.87,99870,686.01,1.59,1.62,10.92,1004.53,6900.19
Russia,RUS,12/1/22,109.89,109890,754.84,1.47,1.36,10.1,1114.42,7655.04
Russia,RUS,1/1/23,108.89,108890,748.69,0.88,0.81,6.05,108.89,748.69
Russia,RUS,2/1/23,98.92,98920,680.14,3.32,3.47,22.83,207.81,1428.84
Russia,RUS,3/1/23,101.08,101080,694.99,-1.01,-0.99,-6.94,308.89,2123.83
Russia,RUS,4/1/23,90.59,90590,622.87,1,1.12,6.88,399.48,2746.7
Russia,RUS,5/1/23,86.35,86350,593.72,1.02,1.2,7.01,485.83,3340.42
Russia,RUS,6/1/23,80.58,80580,554.04,1.52,1.92,10.45,566.41,3894.46
Russia,RUS,7/1/23,84.41,84410,580.38,2.19,2.66,15.06,650.82,4474.83
Russia,RUS,8/1/23,86.88,86880,597.36,1.83,2.15,12.58,737.7,5072.19
Russia,RUS,9/1/23,84.27,84270,579.41,-0.03,-0.04,-0.21,821.97,5651.61
Russia,RUS,10/1/23,96.32,96320,662.27,2.91,3.12,20.01,918.29,6313.88
Russia,RUS,11/1/23,101.22,101220,695.96,1.35,1.35,9.28,1019.51,7009.83
Russia,RUS,12/1/23,113.53,113530,780.6,3.64,3.31,25.03,1133.04,7790.43
Russia,RUS,1/1/24,114.25,114250,788.91,5.36,4.92,37.01,114.25,788.91
Russia,RUS,2/1/24,105.3,105300,727.11,6.38,6.45,44.05,219.55,1516.02
Russia,RUS,3/1/24,105.32,105320,727.25,4.24,4.19,29.28,324.87,2243.27
Russia,RUS,4/1/24,91.59,91590,632.44,1,1.1,6.91,416.46,2875.71
Russia,RUS,5/1/24,88.97,88970,614.35,2.62,3.03,18.09,505.43,3490.06
Russia,RUS,6/1/24,84.58,84580,584.04,4,4.96,27.62,590.01,4074.09
Russia,RUS,7/1/24,88.56,88560,611.52,4.15,4.92,28.66,678.57,4685.61
Russia,RUS,8/1/24,87.22,87220,602.26,0.34,0.39,2.35,765.79,5287.87
Russia,RUS,9/1/24,85.66,85660,591.49,1.39,1.65,9.6,851.45,5879.37
Russia,RUS,10/1/24,97.89,97890,675.94,1.57,1.63,10.84,949.34,6555.31
Russia,RUS,11/1/24,103.72,103720,716.2,2.5,2.47,17.26,1053.06,7271.51
Russia,RUS,12/1/24,112.35,112350,775.79,-1.18,-1.04,-8.15,1165.41,8047.3
Russia,RUS,1/1/25,109.86,109860,762.93,-4.39,-3.84,-30.49,109.86,762.93
Russia,RUS,2/1/25,101.78,101780,706.82,-3.52,-3.34,-24.44,211.64,1469.75
Russia,RUS,3/1/25,103.25,103250,717.03,-2.07,-1.97,-14.38,314.89,2186.78
Russia,RUS,4/1/25,92.27,92270,640.78,0.68,0.74,4.72,407.16,2827.56
Russia,RUS,5/1/25,87.93,87930,610.64,-1.04,-1.17,-7.22,495.09,3438.2
Russia,RUS,6/1/25,82.19,82190,570.78,-2.39,-2.83,-16.6,577.28,4008.97
Republic of Serbia,SRB,1/1/17,3.98,3980,562.66,,,,3.98,562.66
Republic of Serbia,SRB,2/1/17,3.16,3160,446.74,,,,7.14,1009.4
Republic of Serbia,SRB,3/1/17,2.95,2950,417.05,,,,10.09,1426.45
Republic of Serbia,SRB,4/1/17,2.56,2560,361.91,,,,12.65,1788.36
Republic of Serbia,SRB,5/1/17,2.35,2350,332.23,,,,15,2120.59
Republic of Serbia,SRB,6/1/17,2.29,2290,323.74,,,,17.29,2444.33
Republic of Serbia,SRB,7/1/17,2.47,2470,349.19,,,,19.76,2793.52
Republic of Serbia,SRB,8/1/17,2.55,2550,360.5,,,,22.31,3154.02
Republic of Serbia,SRB,9/1/17,2.41,2410,340.71,,,,24.72,3494.73
Republic of Serbia,SRB,10/1/17,2.8,2800,395.84,,,,27.52,3890.57
Republic of Serbia,SRB,11/1/17,3.36,3360,475.01,,,,30.88,4365.58
Republic of Serbia,SRB,12/1/17,3.83,3830,541.46,,,,34.71,4907.04
Republic of Serbia,SRB,1/1/18,3.43,3430,488.6,-0.55,-13.82,-78.35,3.43,488.6
Republic of Serbia,SRB,2/1/18,2.76,2760,393.16,-0.4,-12.66,-56.98,6.19,881.76
Republic of Serbia,SRB,3/1/18,3.38,3380,481.48,0.43,14.58,61.25,9.57,1363.24
Republic of Serbia,SRB,4/1/18,2.53,2530,360.4,-0.03,-1.17,-4.27,12.1,1723.64
Republic of Serbia,SRB,5/1/18,2.24,2240,319.09,-0.11,-4.68,-15.67,14.34,2042.73
Republic of Serbia,SRB,6/1/18,2.52,2520,358.97,0.23,10.04,32.76,16.86,2401.7
Republic of Serbia,SRB,7/1/18,2.48,2480,353.28,0.01,0.4,1.42,19.34,2754.98
Republic of Serbia,SRB,8/1/18,2.56,2560,364.67,0.01,0.39,1.42,21.9,3119.65
Republic of Serbia,SRB,9/1/18,2.53,2530,360.4,0.12,4.98,17.09,24.43,3480.05
Republic of Serbia,SRB,10/1/18,2.89,2890,411.68,0.09,3.21,12.82,27.32,3891.73
Republic of Serbia,SRB,11/1/18,3.23,3230,460.11,-0.13,-3.87,-18.52,30.55,4351.84
Republic of Serbia,SRB,12/1/18,3.74,3740,532.76,-0.09,-2.35,-12.82,34.29,4884.6
Republic of Serbia,SRB,1/1/19,3.69,3690,529.7,0.26,7.58,37.32,3.69,529.7
Republic of Serbia,SRB,2/1/19,3.09,3090,443.57,0.33,11.96,47.37,6.78,973.28
Republic of Serbia,SRB,3/1/19,2.98,2980,427.78,-0.4,-11.83,-57.42,9.76,1401.06
Republic of Serbia,SRB,4/1/19,2.82,2820,404.81,0.29,11.46,41.63,12.58,1805.88
Republic of Serbia,SRB,5/1/19,2.79,2790,400.51,0.55,24.55,78.95,15.37,2206.38
Republic of Serbia,SRB,6/1/19,2.5,2500,358.88,-0.02,-0.79,-2.87,17.87,2565.26
Republic of Serbia,SRB,7/1/19,2.6,2600,373.23,0.12,4.84,17.23,20.47,2938.5
Republic of Serbia,SRB,8/1/19,2.6,2600,373.23,0.04,1.56,5.74,23.07,3311.73
Republic of Serbia,SRB,9/1/19,2.43,2430,348.83,-0.1,-3.95,-14.36,25.5,3660.56
Republic of Serbia,SRB,10/1/19,2.67,2670,383.28,-0.22,-7.61,-31.58,28.17,4043.84
Republic of Serbia,SRB,11/1/19,2.91,2910,417.73,-0.32,-9.91,-45.94,31.08,4461.57
Republic of Serbia,SRB,12/1/19,3.56,3560,511.04,-0.18,-4.81,-25.84,34.64,4972.62
Republic of Serbia,SRB,1/1/20,3.64,3640,526.94,-0.05,-1.36,-7.24,3.64,526.94
Republic of Serbia,SRB,2/1/20,3.13,3130,453.11,0.04,1.29,5.79,6.77,980.05
Republic of Serbia,SRB,3/1/20,3.19,3190,461.8,0.21,7.05,30.4,9.96,1441.85
Republic of Serbia,SRB,4/1/20,2.54,2540,367.7,-0.28,-9.93,-40.53,12.5,1809.55
Republic of Serbia,SRB,5/1/20,2.36,2360,341.64,-0.43,-15.41,-62.25,14.86,2151.19
Republic of Serbia,SRB,6/1/20,2.46,2460,356.12,-0.04,-1.6,-5.79,17.32,2507.31
Republic of Serbia,SRB,7/1/20,2.51,2510,363.36,-0.09,-3.46,-13.03,19.83,2870.66
Republic of Serbia,SRB,8/1/20,2.42,2420,350.33,-0.18,-6.92,-26.06,22.25,3220.99
Republic of Serbia,SRB,9/1/20,2.33,2330,337.3,-0.1,-4.12,-14.48,24.58,3558.29
Republic of Serbia,SRB,10/1/20,2.81,2810,406.79,0.14,5.24,20.27,27.39,3965.08
Republic of Serbia,SRB,11/1/20,3.09,3090,447.32,0.18,6.19,26.06,30.48,4412.4
Republic of Serbia,SRB,12/1/20,3.62,3620,524.04,0.06,1.69,8.69,34.1,4936.44
Republic of Serbia,SRB,1/1/21,3.45,3450,504.72,-0.19,-5.22,-27.8,3.45,504.72
Republic of Serbia,SRB,2/1/21,3.09,3090,452.06,-0.04,-1.28,-5.85,6.54,956.78
Republic of Serbia,SRB,3/1/21,3.34,3340,488.63,0.15,4.7,21.94,9.88,1445.41
Republic of Serbia,SRB,4/1/21,3.01,3010,440.35,0.47,18.5,68.76,12.89,1885.76
Republic of Serbia,SRB,5/1/21,2.66,2660,389.15,0.3,12.71,43.89,15.55,2274.91
Republic of Serbia,SRB,6/1/21,2.6,2600,380.37,0.14,5.69,20.48,18.15,2655.28
Republic of Serbia,SRB,7/1/21,2.77,2770,405.24,0.26,10.36,38.04,20.92,3060.52
Republic of Serbia,SRB,8/1/21,2.67,2670,390.61,0.25,10.33,36.57,23.59,3451.14
Republic of Serbia,SRB,9/1/21,2.52,2520,368.67,0.19,8.15,27.8,26.11,3819.8
Republic of Serbia,SRB,10/1/21,3.11,3110,454.98,0.3,10.68,43.89,29.22,4274.79
Republic of Serbia,SRB,11/1/21,3.19,3190,466.69,0.1,3.24,14.63,32.41,4741.47
Republic of Serbia,SRB,12/1/21,3.62,3620,529.59,0,0,0,36.03,5271.07
Republic of Serbia,SRB,1/1/22,3.6,3600,530.1,0.15,4.35,22.09,3.6,530.1
Republic of Serbia,SRB,2/1/22,3.19,3190,469.72,0.1,3.24,14.72,6.79,999.82
Republic of Serbia,SRB,3/1/22,3.41,3410,502.12,0.07,2.1,10.31,10.2,1501.94
Republic of Serbia,SRB,4/1/22,3.03,3030,446.16,0.02,0.66,2.94,13.23,1948.11
Republic of Serbia,SRB,5/1/22,2.7,2700,397.57,0.04,1.5,5.89,15.93,2345.68
Republic of Serbia,SRB,6/1/22,2.67,2670,393.16,0.07,2.69,10.31,18.6,2738.83
Republic of Serbia,SRB,7/1/22,2.76,2760,406.41,-0.01,-0.36,-1.47,21.36,3145.24
Republic of Serbia,SRB,8/1/22,2.67,2670,393.16,0,0,0,24.03,3538.4
Republic of Serbia,SRB,9/1/22,2.66,2660,391.68,0.14,5.56,20.61,26.69,3930.08
Republic of Serbia,SRB,10/1/22,2.86,2860,421.13,-0.25,-8.04,-36.81,29.55,4351.21
Republic of Serbia,SRB,11/1/22,2.97,2970,437.33,-0.22,-6.9,-32.39,32.52,4788.54
Republic of Serbia,SRB,12/1/22,3.4,3400,500.65,-0.22,-6.08,-32.39,35.92,5289.19
Republic of Serbia,SRB,1/1/23,3.35,3350,494.6,-0.25,-6.94,-36.91,3.35,494.6
Republic of Serbia,SRB,2/1/23,3.11,3110,459.16,-0.08,-2.51,-11.81,6.46,953.76
Republic of Serbia,SRB,3/1/23,3.09,3090,456.21,-0.32,-9.38,-47.25,9.55,1409.97
Republic of Serbia,SRB,4/1/23,2.89,2890,426.68,-0.14,-4.62,-20.67,12.44,1836.65
Republic of Serbia,SRB,5/1/23,2.79,2790,411.92,0.09,3.33,13.29,15.23,2248.57
Republic of Serbia,SRB,6/1/23,2.48,2480,366.15,-0.19,-7.12,-28.05,17.71,2614.72
Republic of Serbia,SRB,7/1/23,2.68,2680,395.68,-0.08,-2.9,-11.81,20.39,3010.39
Republic of Serbia,SRB,8/1/23,2.56,2560,377.96,-0.11,-4.12,-16.24,22.95,3388.35
Republic of Serbia,SRB,9/1/23,2.49,2490,367.63,-0.17,-6.39,-25.1,25.44,3755.98
Republic of Serbia,SRB,10/1/23,2.51,2510,370.58,-0.35,-12.24,-51.67,27.95,4126.56
Republic of Serbia,SRB,11/1/23,2.97,2970,438.49,0,0,0,30.92,4565.05
Republic of Serbia,SRB,12/1/23,3.25,3250,479.83,-0.15,-4.41,-22.15,34.17,5044.88
Republic of Serbia,SRB,1/1/24,3.15,3150,467.62,-0.2,-5.97,-29.69,3.15,467.62
Republic of Serbia,SRB,2/1/24,2.89,2890,429.02,-0.22,-7.07,-32.66,6.04,896.65
Republic of Serbia,SRB,3/1/24,2.95,2950,437.93,-0.14,-4.53,-20.78,8.99,1334.58
Republic of Serbia,SRB,4/1/24,2.58,2580,383,-0.31,-10.73,-46.02,11.57,1717.58
Republic of Serbia,SRB,5/1/24,2.57,2570,381.52,-0.22,-7.89,-32.66,14.14,2099.1
Republic of Serbia,SRB,6/1/24,2.59,2590,384.49,0.11,4.44,16.33,16.73,2483.59
Republic of Serbia,SRB,7/1/24,3.13,3130,464.65,0.45,16.79,66.8,19.86,2948.24
Republic of Serbia,SRB,8/1/24,2.74,2740,406.76,0.18,7.03,26.72,22.6,3355
Republic of Serbia,SRB,9/1/24,2.58,2580,383,0.09,3.61,13.36,25.18,3738
Republic of Serbia,SRB,10/1/24,2.92,2920,433.48,0.41,16.33,60.86,28.1,4171.48
Republic of Serbia,SRB,11/1/24,3.17,3170,470.59,0.2,6.73,29.69,31.27,4642.07
Republic of Serbia,SRB,12/1/24,3.45,3450,512.16,0.2,6.15,29.69,34.72,5154.23
Republic of Serbia,SRB,1/1/25,3.48,3480,520.25,0.33,10.48,49.33,3.48,520.25
Republic of Serbia,SRB,2/1/25,3.19,3190,476.9,0.3,10.38,44.85,6.67,997.15
Republic of Serbia,SRB,3/1/25,3.12,3120,466.43,0.17,5.76,25.41,9.79,1463.59
Republic of Serbia,SRB,4/1/25,2.73,2730,408.13,0.15,5.81,22.42,12.52,1871.72
Republic of Serbia,SRB,5/1/25,2.56,2560,382.72,-0.01,-0.39,-1.49,15.08,2254.43
Republic of Serbia,SRB,6/1/25,2.49,2490,372.25,-0.1,-3.86,-14.95,17.57,2626.68
Republic of Serbia,SRB,7/1/25,2.67,2670,399.16,-0.46,-14.7,-68.77,20.24,3025.85
Slovakia,SVK,1/1/15,2.92,2920,538.72,,,,2.92,538.72
Slovakia,SVK,2/1/15,2.72,2720,501.82,,,,5.64,1040.54
Slovakia,SVK,3/1/15,2.76,2760,509.2,,,,8.4,1549.74
Slovakia,SVK,4/1/15,2.47,2470,455.7,,,,10.87,2005.43
Slovakia,SVK,5/1/15,2.46,2460,453.85,,,,13.33,2459.28
Slovakia,SVK,6/1/15,2.41,2410,444.63,,,,15.74,2903.91
Slovakia,SVK,7/1/15,2.64,2640,487.06,,,,18.38,3390.97
Slovakia,SVK,8/1/15,2.55,2550,470.46,,,,20.93,3861.42
Slovakia,SVK,9/1/15,2.64,2640,487.06,,,,23.57,4348.48
Slovakia,SVK,10/1/15,2.66,2660,490.75,,,,26.23,4839.23
Slovakia,SVK,11/1/15,2.66,2660,490.75,,,,28.89,5329.98
Slovakia,SVK,12/1/15,2.94,2940,542.41,,,,31.83,5872.39
Slovakia,SVK,1/1/16,3.1,3100,571.19,0.18,6.16,33.17,3.1,571.19
Slovakia,SVK,2/1/16,2.72,2720,501.17,0,0,0,5.82,1072.36
Slovakia,SVK,3/1/16,2.77,2770,510.39,0.01,0.36,1.84,8.59,1582.75
Slovakia,SVK,4/1/16,2.57,2570,473.54,0.1,4.05,18.43,11.16,2056.29
Slovakia,SVK,5/1/16,2.59,2590,477.22,0.13,5.28,23.95,13.75,2533.51
Slovakia,SVK,6/1/16,2.38,2380,438.53,-0.03,-1.24,-5.53,16.13,2972.03
Slovakia,SVK,7/1/16,2.47,2470,455.11,-0.17,-6.44,-31.32,18.6,3427.14
Slovakia,SVK,8/1/16,2.33,2330,429.31,-0.22,-8.63,-40.54,20.93,3856.46
Slovakia,SVK,9/1/16,2.45,2450,451.42,-0.19,-7.2,-35.01,23.38,4307.88
Slovakia,SVK,10/1/16,2.66,2660,490.12,0,0,0,26.04,4798
Slovakia,SVK,11/1/16,2.69,2690,495.65,0.03,1.13,5.53,28.73,5293.65
Slovakia,SVK,12/1/16,2.94,2940,541.71,0,0,0,31.67,5835.36
Slovakia,SVK,1/1/17,3.3,3300,607.1,0.2,6.45,36.79,3.3,607.1
Slovakia,SVK,2/1/17,2.85,2850,524.31,0.13,4.78,23.92,6.15,1131.41
Slovakia,SVK,3/1/17,2.83,2830,520.63,0.06,2.17,11.04,8.98,1652.04
Slovakia,SVK,4/1/17,2.74,2740,504.07,0.17,6.61,31.27,11.72,2156.12
Slovakia,SVK,5/1/17,2.66,2660,489.36,0.07,2.7,12.88,14.38,2645.47
Slovakia,SVK,6/1/17,2.55,2550,469.12,0.17,7.14,31.27,16.93,3114.59
Slovakia,SVK,7/1/17,2.64,2640,485.68,0.17,6.88,31.27,19.57,3600.27
Slovakia,SVK,8/1/17,2.69,2690,494.88,0.36,15.45,66.23,22.26,4095.15
Slovakia,SVK,9/1/17,2.43,2430,447.04,-0.02,-0.82,-3.68,24.69,4542.19
Slovakia,SVK,10/1/17,2.63,2630,483.84,-0.03,-1.13,-5.52,27.32,5026.03
Slovakia,SVK,11/1/17,2.63,2630,483.84,-0.06,-2.23,-11.04,29.95,5509.87
Slovakia,SVK,12/1/17,2.71,2710,498.56,-0.23,-7.82,-42.31,32.66,6008.43
Slovakia,SVK,1/1/18,2.77,2770,508.89,-0.53,-16.06,-97.37,2.77,508.89
Slovakia,SVK,2/1/18,2.58,2580,473.98,-0.27,-9.47,-49.6,5.35,982.87
Slovakia,SVK,3/1/18,2.78,2780,510.73,-0.05,-1.77,-9.19,8.13,1493.6
Slovakia,SVK,4/1/18,2.39,2390,439.08,-0.35,-12.77,-64.3,10.52,1932.68
Slovakia,SVK,5/1/18,2.46,2460,451.94,-0.2,-7.52,-36.74,12.98,2384.61
Slovakia,SVK,6/1/18,2.4,2400,440.91,-0.15,-5.88,-27.56,15.38,2825.53
Slovakia,SVK,7/1/18,2.4,2400,440.91,-0.24,-9.09,-44.09,17.78,3266.44
Slovakia,SVK,8/1/18,2.45,2450,450.1,-0.24,-8.92,-44.09,20.23,3716.54
Slovakia,SVK,9/1/18,2.33,2330,428.05,-0.1,-4.12,-18.37,22.56,4144.6
Slovakia,SVK,10/1/18,2.53,2530,464.8,-0.1,-3.8,-18.37,25.09,4609.4
Slovakia,SVK,11/1/18,2.51,2510,461.12,-0.12,-4.56,-22.05,27.6,5070.52
Slovakia,SVK,12/1/18,2.66,2660,488.68,-0.05,-1.85,-9.19,30.26,5559.2
Slovakia,SVK,1/1/19,2.83,2830,519.21,0.06,2.17,11.01,2.83,519.21
Slovakia,SVK,2/1/19,2.46,2460,451.32,-0.12,-4.65,-22.02,5.29,970.53
Slovakia,SVK,3/1/19,2.59,2590,475.18,-0.19,-6.83,-34.86,7.88,1445.71
Slovakia,SVK,4/1/19,2.32,2320,425.64,-0.07,-2.93,-12.84,10.2,1871.35
Slovakia,SVK,5/1/19,2.41,2410,442.15,-0.05,-2.03,-9.17,12.61,2313.5
Slovakia,SVK,6/1/19,2.26,2260,414.63,-0.14,-5.83,-25.69,14.87,2728.13
Slovakia,SVK,7/1/19,2.3,2300,421.97,-0.1,-4.17,-18.35,17.17,3150.1
Slovakia,SVK,8/1/19,2.32,2320,425.64,-0.13,-5.31,-23.85,19.49,3575.74
Slovakia,SVK,9/1/19,2.27,2270,416.47,-0.06,-2.58,-11.01,21.76,3992.21
Slovakia,SVK,10/1/19,2.44,2440,447.66,-0.09,-3.56,-16.51,24.2,4439.86
Slovakia,SVK,11/1/19,2.47,2470,453.16,-0.04,-1.59,-7.34,26.67,4893.02
Slovakia,SVK,12/1/19,2.59,2590,475.18,-0.07,-2.63,-12.84,29.26,5368.2
Slovakia,SVK,1/1/20,2.77,2770,507.79,-0.06,-2.12,-11,2.77,507.79
Slovakia,SVK,2/1/20,2.5,2500,458.29,0.04,1.63,7.33,5.27,966.08
Slovakia,SVK,3/1/20,2.5,2500,458.29,-0.09,-3.47,-16.5,7.77,1424.38
Slovakia,SVK,4/1/20,2.05,2050,375.8,-0.27,-11.64,-49.5,9.82,1800.18
Slovakia,SVK,5/1/20,2.09,2090,383.13,-0.32,-13.28,-58.66,11.91,2183.31
Slovakia,SVK,6/1/20,2.1,2100,384.97,-0.16,-7.08,-29.33,14.01,2568.28
Slovakia,SVK,7/1/20,2.18,2180,399.63,-0.12,-5.22,-22,16.19,2967.91
Slovakia,SVK,8/1/20,2.21,2210,405.13,-0.11,-4.74,-20.16,18.4,3373.04
Slovakia,SVK,9/1/20,2.19,2190,401.47,-0.08,-3.52,-14.67,20.59,3774.5
Slovakia,SVK,10/1/20,2.43,2430,445.46,-0.01,-0.41,-1.83,23.02,4219.97
Slovakia,SVK,11/1/20,2.53,2530,463.79,0.06,2.43,11,25.55,4683.76
Slovakia,SVK,12/1/20,2.61,2610,478.46,0.02,0.77,3.67,28.16,5162.22
Slovakia,SVK,1/1/21,2.68,2680,492.4,-0.09,-3.25,-16.54,2.68,492.4
Slovakia,SVK,2/1/21,2.45,2450,450.14,-0.05,-2,-9.19,5.13,942.54
Slovakia,SVK,3/1/21,2.64,2640,485.05,0.14,5.6,25.72,7.77,1427.58
Slovakia,SVK,4/1/21,2.4,2400,440.95,0.35,17.07,64.31,10.17,1868.54
Slovakia,SVK,5/1/21,2.38,2380,437.28,0.29,13.88,53.28,12.55,2305.82
Slovakia,SVK,6/1/21,2.33,2330,428.09,0.23,10.95,42.26,14.88,2733.91
Slovakia,SVK,7/1/21,2.4,2400,440.95,0.22,10.09,40.42,17.28,3174.86
Slovakia,SVK,8/1/21,2.35,2350,431.77,0.14,6.33,25.72,19.63,3606.63
Slovakia,SVK,9/1/21,2.28,2280,418.91,0.09,4.11,16.54,21.91,4025.53
Slovakia,SVK,10/1/21,2.51,2510,461.16,0.08,3.29,14.7,24.42,4486.69
Slovakia,SVK,11/1/21,2.55,2550,468.51,0.02,0.79,3.67,26.97,4955.21
Slovakia,SVK,12/1/21,2.69,2690,494.23,0.08,3.07,14.7,29.66,5449.44
Slovakia,SVK,1/1/22,2.73,2730,498.79,0.05,1.87,9.14,2.73,498.79
Slovakia,SVK,2/1/22,2.39,2390,436.67,-0.06,-2.45,-10.96,5.12,935.47
Slovakia,SVK,3/1/22,2.56,2560,467.73,-0.08,-3.03,-14.62,7.68,1403.2
Slovakia,SVK,4/1/22,2.34,2340,427.54,-0.06,-2.5,-10.96,10.02,1830.74
Slovakia,SVK,5/1/22,2.28,2280,416.58,-0.1,-4.2,-18.27,12.3,2247.31
Slovakia,SVK,6/1/22,2.18,2180,398.3,-0.15,-6.44,-27.41,14.48,2645.62
Slovakia,SVK,7/1/22,2.12,2120,387.34,-0.28,-11.67,-51.16,16.6,3032.96
Slovakia,SVK,8/1/22,2.09,2090,381.86,-0.26,-11.06,-47.5,18.69,3414.82
Slovakia,SVK,9/1/22,1.89,1890,345.32,-0.39,-17.11,-71.26,20.58,3760.14
Slovakia,SVK,10/1/22,2.11,2110,385.51,-0.4,-15.94,-73.08,22.69,4145.66
Slovakia,SVK,11/1/22,2.21,2210,403.79,-0.34,-13.33,-62.12,24.9,4549.44
Slovakia,SVK,12/1/22,2.31,2310,422.06,-0.38,-14.13,-69.43,27.21,4971.5
Slovakia,SVK,1/1/23,2.34,2340,424.06,-0.39,-14.29,-70.68,2.34,424.06
Slovakia,SVK,2/1/23,2.24,2240,405.94,-0.15,-6.28,-27.18,4.58,830
Slovakia,SVK,3/1/23,2.29,2290,415,-0.27,-10.55,-48.93,6.87,1245.01
Slovakia,SVK,4/1/23,2.06,2060,373.32,-0.28,-11.97,-50.74,8.93,1618.33
Slovakia,SVK,5/1/23,2.04,2040,369.7,-0.24,-10.53,-43.49,10.97,1988.02
Slovakia,SVK,6/1/23,1.93,1930,349.76,-0.25,-11.47,-45.31,12.9,2337.78
Slovakia,SVK,7/1/23,1.98,1980,358.82,-0.14,-6.6,-25.37,14.88,2696.6
Slovakia,SVK,8/1/23,1.98,1980,358.82,-0.11,-5.26,-19.93,16.86,3055.43
Slovakia,SVK,9/1/23,1.9,1900,344.32,0.01,0.53,1.81,18.76,3399.75
Slovakia,SVK,10/1/23,2.16,2160,391.44,0.05,2.37,9.06,20.92,3791.19
Slovakia,SVK,11/1/23,2.26,2260,409.56,0.05,2.26,9.06,23.18,4200.76
Slovakia,SVK,12/1/23,2.38,2380,431.31,0.07,3.03,12.69,25.56,4632.07
Slovakia,SVK,1/1/24,2.49,2490,452.17,0.15,6.41,27.24,2.49,452.17
Slovakia,SVK,2/1/24,2.19,2190,397.69,-0.05,-2.23,-9.08,4.68,849.86
Slovakia,SVK,3/1/24,2.21,2210,401.32,-0.08,-3.49,-14.53,6.89,1251.19
Slovakia,SVK,4/1/24,2.05,2050,372.27,-0.01,-0.49,-1.82,8.94,1623.46
Slovakia,SVK,5/1/24,1.98,1980,359.56,-0.06,-2.94,-10.9,10.92,1983.02
Slovakia,SVK,6/1/24,1.95,1950,354.11,0.02,1.04,3.63,12.87,2337.13
Slovakia,SVK,7/1/24,2.04,2040,370.45,0.06,3.03,10.9,14.91,2707.58
Slovakia,SVK,8/1/24,2.08,2080,377.72,0.1,5.05,18.16,16.99,3085.3
Slovakia,SVK,9/1/24,1.97,1970,357.74,0.07,3.68,12.71,18.96,3443.04
Slovakia,SVK,10/1/24,2.14,2140,388.61,-0.02,-0.93,-3.63,21.1,3831.65
Slovakia,SVK,11/1/24,2.3,2300,417.67,0.04,1.77,7.26,23.4,4249.32
Slovakia,SVK,12/1/24,2.34,2340,424.93,-0.04,-1.68,-7.26,25.74,4674.25
Slovakia,SVK,1/1/25,2.45,2450,447.5,-0.04,-1.61,-7.31,2.45,447.5
Slovakia,SVK,2/1/25,2.3,2300,420.1,0.11,5.02,20.09,4.75,867.6
Slovakia,SVK,3/1/25,2.26,2260,412.79,0.05,2.26,9.13,7.01,1280.39
Slovakia,SVK,4/1/25,2.04,2040,372.61,-0.01,-0.49,-1.83,9.05,1653
Slovakia,SVK,5/1/25,2.03,2030,370.78,0.05,2.53,9.13,11.08,2023.79
Slovakia,SVK,6/1/25,1.95,1950,356.17,0,0,0,13.03,2379.96
Slovakia,SVK,7/1/25,1.96,1960,358,-0.08,-3.92,-14.61,14.99,2737.96
Slovenia,SVN,1/1/16,1.28,1280,620.95,,,,1.28,620.95
Slovenia,SVN,2/1/16,1.17,1170,567.58,,,,2.45,1188.53
Slovenia,SVN,3/1/16,1.21,1210,586.99,,,,3.66,1775.52
Slovenia,SVN,4/1/16,1.11,1110,538.48,,,,4.77,2314
Slovenia,SVN,5/1/16,1.16,1160,562.73,,,,5.93,2876.73
Slovenia,SVN,6/1/16,1.13,1130,548.18,,,,7.06,3424.91
Slovenia,SVN,7/1/16,1.16,1160,562.73,,,,8.22,3987.64
Slovenia,SVN,8/1/16,1.08,1080,523.92,,,,9.3,4511.56
Slovenia,SVN,9/1/16,1.13,1130,548.18,,,,10.43,5059.74
Slovenia,SVN,10/1/16,1.2,1200,582.14,,,,11.63,5641.88
Slovenia,SVN,11/1/16,1.17,1170,567.58,,,,12.8,6209.46
Slovenia,SVN,12/1/16,1.25,1250,606.39,,,,14.05,6815.86
Slovenia,SVN,1/1/17,1.38,1380,669.12,0.1,7.81,48.49,1.38,669.12
Slovenia,SVN,2/1/17,1.18,1180,572.15,0.01,0.85,4.85,2.56,1241.27
Slovenia,SVN,3/1/17,1.23,1230,596.39,0.02,1.65,9.7,3.79,1837.66
Slovenia,SVN,4/1/17,1.1,1100,533.36,-0.01,-0.9,-4.85,4.89,2371.01
Slovenia,SVN,5/1/17,1.16,1160,562.45,0,0,0,6.05,2933.46
Slovenia,SVN,6/1/17,1.18,1180,572.15,0.05,4.42,24.24,7.23,3505.61
Slovenia,SVN,7/1/17,1.17,1170,567.3,0.01,0.86,4.85,8.4,4072.9
Slovenia,SVN,8/1/17,1.14,1140,552.75,0.06,5.56,29.09,9.54,4625.66
Slovenia,SVN,9/1/17,1.15,1150,557.6,0.02,1.77,9.7,10.69,5183.26
Slovenia,SVN,10/1/17,1.22,1220,591.54,0.02,1.67,9.7,11.91,5774.8
Slovenia,SVN,11/1/17,1.24,1240,601.24,0.07,5.98,33.94,13.15,6376.04
Slovenia,SVN,12/1/17,1.3,1300,630.33,0.05,4,24.24,14.45,7006.37
Slovenia,SVN,1/1/18,1.3,1300,628.18,-0.08,-5.8,-38.66,1.3,628.18
Slovenia,SVN,2/1/18,1.24,1240,599.18,0.06,5.08,28.99,2.54,1227.36
Slovenia,SVN,3/1/18,1.36,1360,657.17,0.13,10.57,62.82,3.9,1884.53
Slovenia,SVN,4/1/18,1.13,1130,546.03,0.03,2.73,14.5,5.03,2430.56
Slovenia,SVN,5/1/18,1.18,1180,570.19,0.02,1.72,9.66,6.21,3000.75
Slovenia,SVN,6/1/18,1.18,1180,570.19,0,0,0,7.39,3570.95
Slovenia,SVN,7/1/18,1.19,1190,575.02,0.02,1.71,9.66,8.58,4145.97
Slovenia,SVN,8/1/18,1.16,1160,560.53,0.02,1.75,9.66,9.74,4706.5
Slovenia,SVN,9/1/18,1.16,1160,560.53,0.01,0.87,4.83,10.9,5267.02
Slovenia,SVN,10/1/18,1.2,1200,579.86,-0.02,-1.64,-9.66,12.1,5846.88
Slovenia,SVN,11/1/18,1.22,1220,589.52,-0.02,-1.61,-9.66,13.32,6436.4
Slovenia,SVN,12/1/18,1.27,1270,613.68,-0.03,-2.31,-14.5,14.59,7050.08
Slovenia,SVN,1/1/19,1.31,1310,628.77,0.01,0.77,4.8,1.31,628.77
Slovenia,SVN,2/1/19,1.19,1190,571.17,-0.05,-4.03,-24,2.5,1199.94
Slovenia,SVN,3/1/19,1.27,1270,609.57,-0.09,-6.62,-43.2,3.77,1809.51
Slovenia,SVN,4/1/19,1.16,1160,556.77,0.03,2.65,14.4,4.93,2366.28
Slovenia,SVN,5/1/19,1.19,1190,571.17,0.01,0.85,4.8,6.12,2937.45
Slovenia,SVN,6/1/19,1.16,1160,556.77,-0.02,-1.69,-9.6,7.28,3494.22
Slovenia,SVN,7/1/19,1.2,1200,575.97,0.01,0.84,4.8,8.48,4070.19
Slovenia,SVN,8/1/19,1.13,1130,542.37,-0.03,-2.59,-14.4,9.61,4612.56
Slovenia,SVN,9/1/19,1.14,1140,547.17,-0.02,-1.72,-9.6,10.75,5159.74
Slovenia,SVN,10/1/19,1.19,1190,571.17,-0.01,-0.83,-4.8,11.94,5730.91
Slovenia,SVN,11/1/19,1.18,1180,566.37,-0.04,-3.28,-19.2,13.12,6297.28
Slovenia,SVN,12/1/19,1.23,1230,590.37,-0.04,-3.15,-19.2,14.35,6887.65
Slovenia,SVN,1/1/20,1.34,1340,637.36,0.03,2.29,14.27,1.34,637.36
Slovenia,SVN,2/1/20,1.2,1200,570.77,0.01,0.84,4.76,2.54,1208.13
Slovenia,SVN,3/1/20,1.23,1230,585.04,-0.04,-3.15,-19.03,3.77,1793.17
Slovenia,SVN,4/1/20,0.98,980,466.13,-0.18,-15.52,-85.62,4.75,2259.3
Slovenia,SVN,5/1/20,1.01,1010,480.4,-0.18,-15.13,-85.62,5.76,2739.7
Slovenia,SVN,6/1/20,1.01,1010,480.4,-0.15,-12.93,-71.35,6.77,3220.1
Slovenia,SVN,7/1/20,1.08,1080,513.69,-0.12,-10,-57.08,7.85,3733.79
Slovenia,SVN,8/1/20,1.07,1070,508.94,-0.06,-5.31,-28.54,8.92,4242.73
Slovenia,SVN,9/1/20,1.1,1100,523.21,-0.04,-3.51,-19.03,10.02,4765.94
Slovenia,SVN,10/1/20,1.21,1210,575.53,0.02,1.68,9.51,11.23,5341.46
Slovenia,SVN,11/1/20,1.2,1200,570.77,0.02,1.69,9.51,12.43,5912.23
Slovenia,SVN,12/1/20,1.25,1250,594.55,0.02,1.63,9.51,13.68,6506.79
Slovenia,SVN,1/1/21,1.33,1330,629.29,-0.01,-0.75,-4.73,1.33,629.29
Slovenia,SVN,2/1/21,1.15,1150,544.12,-0.05,-4.17,-23.66,2.48,1173.41
Slovenia,SVN,3/1/21,1.25,1250,591.44,0.02,1.63,9.46,3.73,1764.85
Slovenia,SVN,4/1/21,1.14,1140,539.39,0.16,16.33,75.7,4.87,2304.25
Slovenia,SVN,5/1/21,1.14,1140,539.39,0.13,12.87,61.51,6.01,2843.64
Slovenia,SVN,6/1/21,1.09,1090,515.73,0.08,7.92,37.85,7.1,3359.37
Slovenia,SVN,7/1/21,1.11,1110,525.2,0.03,2.78,14.19,8.21,3884.57
Slovenia,SVN,8/1/21,1.06,1060,501.54,-0.01,-0.93,-4.73,9.27,4386.11
Slovenia,SVN,9/1/21,1.09,1090,515.73,-0.01,-0.91,-4.73,10.36,4901.84
Slovenia,SVN,10/1/21,1.19,1190,563.05,-0.02,-1.65,-9.46,11.55,5464.89
Slovenia,SVN,11/1/21,1.21,1210,572.51,0.01,0.83,4.73,12.76,6037.41
Slovenia,SVN,12/1/21,1.34,1340,634.02,0.09,7.2,42.58,14.1,6671.43
Slovenia,SVN,1/1/22,1.32,1320,624.05,-0.01,-0.75,-4.73,1.32,624.05
Slovenia,SVN,2/1/22,1.14,1140,538.95,-0.01,-0.87,-4.73,2.46,1162.99
Slovenia,SVN,3/1/22,1.28,1280,605.14,0.03,2.4,14.18,3.74,1768.13
Slovenia,SVN,4/1/22,1.13,1130,534.22,-0.01,-0.88,-4.73,4.87,2302.35
Slovenia,SVN,5/1/22,1.1,1100,520.04,-0.04,-3.51,-18.91,5.97,2822.39
Slovenia,SVN,6/1/22,1.16,1160,548.4,0.07,6.42,33.09,7.13,3370.79
Slovenia,SVN,7/1/22,1.04,1040,491.67,-0.07,-6.31,-33.09,8.17,3862.46
Slovenia,SVN,8/1/22,1.01,1010,477.49,-0.05,-4.72,-23.64,9.18,4339.95
Slovenia,SVN,9/1/22,1.03,1030,486.94,-0.06,-5.5,-28.37,10.21,4826.9
Slovenia,SVN,10/1/22,0.96,960,453.85,-0.23,-19.33,-108.74,11.17,5280.75
Slovenia,SVN,11/1/22,1.09,1090,515.31,-0.12,-9.92,-56.73,12.26,5796.06
Slovenia,SVN,12/1/22,1.21,1210,572.04,-0.13,-9.7,-61.46,13.47,6368.1
Slovenia,SVN,1/1/23,1.22,1220,575.91,-0.1,-7.58,-47.21,1.22,575.91
Slovenia,SVN,2/1/23,1.14,1140,538.14,0,0,0,2.36,1114.05
Slovenia,SVN,3/1/23,1.18,1180,557.02,-0.1,-7.81,-47.21,3.54,1671.07
Slovenia,SVN,4/1/23,1.02,1020,481.5,-0.11,-9.73,-51.93,4.56,2152.57
Slovenia,SVN,5/1/23,1.01,1010,476.77,-0.09,-8.18,-42.48,5.57,2629.34
Slovenia,SVN,6/1/23,1,1000,472.05,-0.16,-13.79,-75.53,6.57,3101.4
Slovenia,SVN,7/1/23,1,1000,472.05,-0.04,-3.85,-18.88,7.57,3573.45
Slovenia,SVN,8/1/23,0.9,900,424.85,-0.11,-10.89,-51.93,8.47,3998.3
Slovenia,SVN,9/1/23,0.95,950,448.45,-0.08,-7.77,-37.76,9.42,4446.75
Slovenia,SVN,10/1/23,1.04,1040,490.94,0.08,8.33,37.76,10.46,4937.69
Slovenia,SVN,11/1/23,1.13,1130,533.42,0.04,3.67,18.88,11.59,5471.11
Slovenia,SVN,12/1/23,1.17,1170,552.3,-0.04,-3.31,-18.88,12.76,6023.41
Slovenia,SVN,1/1/24,1.29,1290,608.86,0.07,5.74,33.04,1.29,608.86
Slovenia,SVN,2/1/24,1.12,1120,528.63,-0.02,-1.75,-9.44,2.41,1137.49
Slovenia,SVN,3/1/24,1.14,1140,538.07,-0.04,-3.39,-18.88,3.55,1675.56
Slovenia,SVN,4/1/24,1.08,1080,509.75,0.06,5.88,28.32,4.63,2185.3
Slovenia,SVN,5/1/24,1.01,1010,476.71,0,0,0,5.64,2662.01
Slovenia,SVN,6/1/24,1.02,1020,481.43,0.02,2,9.44,6.66,3143.44
Slovenia,SVN,7/1/24,1.08,1080,509.75,0.08,8,37.76,7.74,3653.18
Slovenia,SVN,8/1/24,1,1000,471.99,0.1,11.11,47.2,8.74,4125.17
Slovenia,SVN,9/1/24,1.08,1080,509.75,0.13,13.68,61.36,9.82,4634.92
Slovenia,SVN,10/1/24,1.08,1080,509.75,0.04,3.85,18.88,10.9,5144.66
Slovenia,SVN,11/1/24,1.2,1200,566.39,0.07,6.19,33.04,12.1,5711.05
Slovenia,SVN,12/1/24,1.22,1220,575.82,0.05,4.27,23.6,13.32,6286.87
Slovenia,SVN,1/1/25,1.24,1240,585.72,-0.05,-3.88,-23.62,1.24,585.72
Slovenia,SVN,2/1/25,1.17,1170,552.65,0.05,4.46,23.62,2.41,1138.37
Slovenia,SVN,3/1/25,1.15,1150,543.2,0.01,0.88,4.72,3.56,1681.57
Slovenia,SVN,4/1/25,1.04,1040,491.24,-0.04,-3.7,-18.89,4.6,2172.81
Slovenia,SVN,5/1/25,0.98,980,462.9,-0.03,-2.97,-14.17,5.58,2635.72
Slovenia,SVN,6/1/25,0.99,990,467.63,-0.03,-2.94,-14.17,6.57,3103.35
Slovenia,SVN,7/1/25,0.96,960,453.46,-0.12,-11.11,-56.68,7.53,3556.8
Spain,ESP,1/1/15,23.1,23100,494.82,,,,23.1,494.82
Spain,ESP,2/1/15,21.54,21540,461.4,,,,44.64,956.22
Spain,ESP,3/1/15,21.54,21540,461.4,,,,66.18,1417.63
Spain,ESP,4/1/15,19.08,19080,408.71,,,,85.26,1826.33
Spain,ESP,5/1/15,20.08,20080,430.13,,,,105.34,2256.46
Spain,ESP,6/1/15,20.33,20330,435.48,,,,125.67,2691.95
Spain,ESP,7/1/15,23.56,23560,504.67,,,,149.23,3196.62
Spain,ESP,8/1/15,21.03,21030,450.48,,,,170.26,3647.1
Spain,ESP,9/1/15,19.6,19600,419.85,,,,189.86,4066.94
Spain,ESP,10/1/15,19.89,19890,426.06,,,,209.75,4493
Spain,ESP,11/1/15,20.22,20220,433.13,,,,229.97,4926.13
Spain,ESP,12/1/15,21.33,21330,456.9,,,,251.3,5383.04
Spain,ESP,1/1/16,22.24,22240,475.9,-0.86,-3.72,-18.4,22.24,475.9
Spain,ESP,2/1/16,21.27,21270,455.14,-0.27,-1.25,-5.78,43.51,931.04
Spain,ESP,3/1/16,21.88,21880,468.19,0.34,1.58,7.28,65.39,1399.23
Spain,ESP,4/1/16,20.3,20300,434.38,1.22,6.39,26.11,85.69,1833.62
Spain,ESP,5/1/16,19.84,19840,424.54,-0.24,-1.2,-5.14,105.53,2258.16
Spain,ESP,6/1/16,20.18,20180,431.82,-0.15,-0.74,-3.21,125.71,2689.97
Spain,ESP,7/1/16,22.17,22170,474.4,-1.39,-5.9,-29.74,147.88,3164.37
Spain,ESP,8/1/16,21.39,21390,457.71,0.36,1.71,7.7,169.27,3622.08
Spain,ESP,9/1/16,20.72,20720,443.37,1.12,5.71,23.97,189.99,4065.45
Spain,ESP,10/1/16,19.77,19770,423.04,-0.12,-0.6,-2.57,209.76,4488.5
Spain,ESP,11/1/16,20.78,20780,444.66,0.56,2.77,11.98,230.54,4933.15
Spain,ESP,12/1/16,21.52,21520,460.49,0.19,0.89,4.07,252.06,5393.64
Spain,ESP,1/1/17,23.33,23330,497.77,1.09,4.9,23.26,23.33,497.77
Spain,ESP,2/1/17,20.2,20200,430.99,-1.07,-5.03,-22.83,43.53,928.77
Spain,ESP,3/1/17,21.22,21220,452.76,-0.66,-3.02,-14.08,64.75,1381.52
Spain,ESP,4/1/17,19.03,19030,406.03,-1.27,-6.26,-27.1,83.78,1787.55
Spain,ESP,5/1/17,20.19,20190,430.78,0.35,1.76,7.47,103.97,2218.33
Spain,ESP,6/1/17,21.74,21740,463.85,1.56,7.73,33.28,125.71,2682.18
Spain,ESP,7/1/17,22.54,22540,480.92,0.37,1.67,7.89,148.25,3163.1
Spain,ESP,8/1/17,21.95,21950,468.33,0.56,2.62,11.95,170.2,3631.43
Spain,ESP,9/1/17,20.3,20300,433.13,-0.42,-2.03,-8.96,190.5,4064.55
Spain,ESP,10/1/17,20.31,20310,433.34,0.54,2.73,11.52,210.81,4497.89
Spain,ESP,11/1/17,21.04,21040,448.91,0.26,1.25,5.55,231.85,4946.81
Spain,ESP,12/1/17,22.71,22710,484.55,1.19,5.53,25.39,254.56,5431.35
Spain,ESP,1/1/18,23.03,23030,489.03,-0.3,-1.29,-6.37,23.03,489.03
Spain,ESP,2/1/18,21.59,21590,458.46,1.39,6.88,29.52,44.62,947.49
Spain,ESP,3/1/18,22.86,22860,485.42,1.64,7.73,34.82,67.48,1432.92
Spain,ESP,4/1/18,20.28,20280,430.64,1.25,6.57,26.54,87.76,1863.55
Spain,ESP,5/1/18,20.21,20210,429.15,0.02,0.1,0.42,107.97,2292.71
Spain,ESP,6/1/18,20.42,20420,433.61,-1.32,-6.07,-28.03,128.39,2726.32
Spain,ESP,7/1/18,22.38,22380,475.23,-0.16,-0.71,-3.4,150.77,3201.55
Spain,ESP,8/1/18,22.24,22240,472.26,0.29,1.32,6.16,173.01,3673.81
Spain,ESP,9/1/18,20.92,20920,444.23,0.62,3.05,13.17,193.93,4118.04
Spain,ESP,10/1/18,20.68,20680,439.13,0.37,1.82,7.86,214.61,4557.17
Spain,ESP,11/1/18,21.17,21170,449.54,0.13,0.62,2.76,235.78,5006.71
Spain,ESP,12/1/18,21.5,21500,456.55,-1.21,-5.33,-25.69,257.28,5463.26
Spain,ESP,1/1/19,23.75,23750,500.68,0.72,3.13,15.18,23.75,500.68
Spain,ESP,2/1/19,20.52,20520,432.59,-1.07,-4.96,-22.56,44.27,933.28
Spain,ESP,3/1/19,21.17,21170,446.29,-1.69,-7.39,-35.63,65.44,1379.57
Spain,ESP,4/1/19,19.75,19750,416.36,-0.53,-2.61,-11.17,85.19,1795.93
Spain,ESP,5/1/19,20.17,20170,425.21,-0.04,-0.2,-0.84,105.36,2221.14
Spain,ESP,6/1/19,20.15,20150,424.79,-0.27,-1.32,-5.69,125.51,2645.93
Spain,ESP,7/1/19,22.98,22980,484.45,0.6,2.68,12.65,148.49,3130.38
Spain,ESP,8/1/19,21.53,21530,453.88,-0.71,-3.19,-14.97,170.02,3584.27
Spain,ESP,9/1/19,20.24,20240,426.69,-0.68,-3.25,-14.34,190.26,4010.95
Spain,ESP,10/1/19,20.41,20410,430.27,-0.27,-1.31,-5.69,210.67,4441.23
Spain,ESP,11/1/19,21.16,21160,446.08,-0.01,-0.05,-0.21,231.83,4887.31
Spain,ESP,12/1/19,21.53,21530,453.88,0.03,0.14,0.63,253.36,5341.19
Spain,ESP,1/1/20,23.17,23170,485.95,-0.58,-2.44,-12.16,23.17,485.95
Spain,ESP,2/1/20,20.35,20350,426.81,-0.17,-0.83,-3.57,43.52,912.76
Spain,ESP,3/1/20,20.45,20450,428.91,-0.72,-3.4,-15.1,63.97,1341.67
Spain,ESP,4/1/20,16.89,16890,354.24,-2.86,-14.48,-59.98,80.86,1695.91
Spain,ESP,5/1/20,17.76,17760,372.49,-2.41,-11.95,-50.55,98.62,2068.39
Spain,ESP,6/1/20,18.67,18670,391.57,-1.48,-7.34,-31.04,117.29,2459.97
Spain,ESP,7/1/20,22.33,22330,468.34,-0.65,-2.83,-13.63,139.62,2928.3
Spain,ESP,8/1/20,21.11,21110,442.75,-0.42,-1.95,-8.81,160.73,3371.05
Spain,ESP,9/1/20,19.64,19640,411.92,-0.6,-2.96,-12.58,180.37,3782.97
Spain,ESP,10/1/20,19.91,19910,417.58,-0.5,-2.45,-10.49,200.28,4200.55
Spain,ESP,11/1/20,19.91,19910,417.58,-1.25,-5.91,-26.22,220.19,4618.13
Spain,ESP,12/1/20,21.82,21820,457.64,0.29,1.35,6.08,242.01,5075.77
Spain,ESP,1/1/21,23.53,23530,492.92,0.36,1.55,7.54,23.53,492.92
Spain,ESP,2/1/21,20.2,20200,423.16,-0.15,-0.74,-3.14,43.73,916.09
Spain,ESP,3/1/21,21.43,21430,448.93,0.98,4.79,20.53,65.16,1365.02
Spain,ESP,4/1/21,19.29,19290,404.1,2.4,14.21,50.28,84.45,1769.12
Spain,ESP,5/1/21,19.77,19770,414.16,2.01,11.32,42.11,104.22,2183.27
Spain,ESP,6/1/21,19.92,19920,417.3,1.25,6.7,26.19,124.14,2600.57
Spain,ESP,7/1/21,21.91,21910,458.99,-0.42,-1.88,-8.8,146.05,3059.56
Spain,ESP,8/1/21,21.01,21010,440.13,-0.1,-0.47,-2.09,167.06,3499.69
Spain,ESP,9/1/21,19.83,19830,415.41,0.19,0.97,3.98,186.89,3915.1
Spain,ESP,10/1/21,19.37,19370,405.78,-0.54,-2.71,-11.31,206.26,4320.88
Spain,ESP,11/1/21,20.58,20580,431.12,0.67,3.37,14.04,226.84,4752
Spain,ESP,12/1/21,21.33,21330,446.84,-0.49,-2.25,-10.26,248.17,5198.83
Spain,ESP,1/1/22,21.96,21960,459.14,-1.57,-6.67,-32.83,21.96,459.14
Spain,ESP,2/1/22,19.63,19630,410.43,-0.57,-2.82,-11.92,41.59,869.57
Spain,ESP,3/1/22,20.77,20770,434.26,-0.66,-3.08,-13.8,62.36,1303.83
Spain,ESP,4/1/22,19.15,19150,400.39,-0.14,-0.73,-2.93,81.51,1704.22
Spain,ESP,5/1/22,19.65,19650,410.84,-0.12,-0.61,-2.51,101.16,2115.06
Spain,ESP,6/1/22,20.67,20670,432.17,0.75,3.77,15.68,121.83,2547.23
Spain,ESP,7/1/22,22.56,22560,471.69,0.65,2.97,13.59,144.39,3018.92
Spain,ESP,8/1/22,21.23,21230,443.88,0.22,1.05,4.6,165.62,3462.8
Spain,ESP,9/1/22,19.65,19650,410.84,-0.18,-0.91,-3.76,185.27,3873.64
Spain,ESP,10/1/22,18.84,18840,393.91,-0.53,-2.74,-11.08,204.11,4267.55
Spain,ESP,11/1/22,19.03,19030,397.88,-1.55,-7.53,-32.41,223.14,4665.43
Spain,ESP,12/1/22,19.71,19710,412.1,-1.62,-7.59,-33.87,242.85,5077.53
Spain,ESP,1/1/23,21.18,21180,442.06,-0.78,-3.55,-16.28,21.18,442.06
Spain,ESP,2/1/23,19.29,19290,402.62,-0.34,-1.73,-7.1,40.47,844.68
Spain,ESP,3/1/23,19.84,19840,414.1,-0.93,-4.48,-19.41,60.31,1258.78
Spain,ESP,4/1/23,17.57,17570,366.72,-1.58,-8.25,-32.98,77.88,1625.49
Spain,ESP,5/1/23,18.49,18490,385.92,-1.16,-5.9,-24.21,96.37,2011.41
Spain,ESP,6/1/23,18.81,18810,392.6,-1.86,-9,-38.82,115.18,2404.01
Spain,ESP,7/1/23,21.81,21810,455.21,-0.75,-3.32,-15.65,136.99,2859.22
Spain,ESP,8/1/23,20.91,20910,436.43,-0.32,-1.51,-6.68,157.9,3295.65
Spain,ESP,9/1/23,18.74,18740,391.14,-0.91,-4.63,-18.99,176.64,3686.79
Spain,ESP,10/1/23,18.96,18960,395.73,0.12,0.64,2.5,195.6,4082.52
Spain,ESP,11/1/23,19.1,19100,398.65,0.07,0.37,1.46,214.7,4481.17
Spain,ESP,12/1/23,20.03,20030,418.06,0.32,1.62,6.68,234.73,4899.23
Spain,ESP,1/1/24,21.05,21050,439.36,-0.13,-0.61,-2.71,21.05,439.36
Spain,ESP,2/1/24,19.41,19410,405.13,0.12,0.62,2.5,40.46,844.49
Spain,ESP,3/1/24,20.06,20060,418.7,0.22,1.11,4.59,60.52,1263.19
Spain,ESP,4/1/24,18.63,18630,388.85,1.06,6.03,22.12,79.15,1652.04
Spain,ESP,5/1/24,19.52,19520,407.43,1.03,5.57,21.5,98.67,2059.47
Spain,ESP,6/1/24,19.24,19240,401.58,0.43,2.29,8.98,117.91,2461.05
Spain,ESP,7/1/24,22.25,22250,464.41,0.44,2.02,9.18,140.16,2925.45
Spain,ESP,8/1/24,21.64,21640,451.68,0.73,3.49,15.24,161.8,3377.13
Spain,ESP,9/1/24,19.13,19130,399.29,0.39,2.08,8.14,180.93,3776.42
Spain,ESP,10/1/24,19.1,19100,398.66,0.14,0.74,2.92,200.03,4175.08
Spain,ESP,11/1/24,18.46,18460,385.3,-0.64,-3.35,-13.36,218.49,4560.38
Spain,ESP,12/1/24,20.39,20390,425.59,0.36,1.8,7.51,238.88,4985.96
Spain,ESP,1/1/25,21.74,21740,453.96,0.69,3.28,14.41,21.74,453.96
Spain,ESP,2/1/25,18.98,18980,396.32,-0.43,-2.22,-8.98,40.72,850.28
Spain,ESP,3/1/25,20.96,20960,437.67,0.9,4.49,18.79,61.68,1287.95
Spain,ESP,4/1/25,18.33,18330,382.75,-0.3,-1.61,-6.26,80.01,1670.7
Spain,ESP,5/1/25,18.93,18930,395.28,-0.59,-3.02,-12.32,98.94,2065.98
Spain,ESP,6/1/25,21.46,21460,448.11,2.22,11.54,46.36,120.4,2514.09
Spain,ESP,7/1/25,22.57,22570,471.29,0.32,1.44,6.68,142.97,2985.38
Sweden,SWE,1/1/15,13.78,13780,1406.2,,,,13.78,1406.2
Sweden,SWE,2/1/15,11.96,11960,1220.47,,,,25.74,2626.67
Sweden,SWE,3/1/15,11.92,11920,1216.39,,,,37.66,3843.06
Sweden,SWE,4/1/15,10.29,10290,1050.06,,,,47.95,4893.12
Sweden,SWE,5/1/15,9.66,9660,985.77,,,,57.61,5878.88
Sweden,SWE,6/1/15,8.87,8870,905.15,,,,66.48,6784.03
Sweden,SWE,7/1/15,8.23,8230,839.84,,,,74.71,7623.87
Sweden,SWE,8/1/15,8.7,8700,887.8,,,,83.41,8511.68
Sweden,SWE,9/1/15,9.25,9250,943.93,,,,92.66,9455.6
Sweden,SWE,10/1/15,10.73,10730,1094.96,,,,103.39,10550.56
Sweden,SWE,11/1/15,11.35,11350,1158.22,,,,114.74,11708.78
Sweden,SWE,12/1/15,12.48,12480,1273.54,,,,127.22,12982.32
Sweden,SWE,1/1/16,14.85,14850,1496.48,1.07,7.76,107.83,14.85,1496.48
Sweden,SWE,2/1/16,13.04,13040,1314.08,1.08,9.03,108.83,27.89,2810.56
Sweden,SWE,3/1/16,12.73,12730,1282.84,0.81,6.8,81.63,40.62,4093.4
Sweden,SWE,4/1/16,11.01,11010,1109.51,0.72,7,72.56,51.63,5202.92
Sweden,SWE,5/1/16,9.7,9700,977.5,0.04,0.41,4.03,61.33,6180.42
Sweden,SWE,6/1/16,8.78,8780,884.79,-0.09,-1.01,-9.07,70.11,7065.2
Sweden,SWE,7/1/16,8.25,8250,831.38,0.02,0.24,2.02,78.36,7896.58
Sweden,SWE,8/1/16,8.93,8930,899.9,0.23,2.64,23.18,87.29,8796.49
Sweden,SWE,9/1/16,9.15,9150,922.07,-0.1,-1.08,-10.08,96.44,9718.56
Sweden,SWE,10/1/16,11.05,11050,1113.54,0.32,2.98,32.25,107.49,10832.1
Sweden,SWE,11/1/16,12.66,12660,1275.79,1.31,11.54,132.01,120.15,12107.89
Sweden,SWE,12/1/16,13.27,13270,1337.26,0.79,6.33,79.61,133.42,13445.15
Sweden,SWE,1/1/17,14.57,14570,1448.61,-0.28,-1.89,-27.84,14.57,1448.61
Sweden,SWE,2/1/17,12.65,12650,1257.72,-0.39,-2.99,-38.78,27.22,2706.33
Sweden,SWE,3/1/17,12.79,12790,1271.64,0.06,0.47,5.97,40.01,3977.97
Sweden,SWE,4/1/17,11.04,11040,1097.64,0.03,0.27,2.98,51.05,5075.61
Sweden,SWE,5/1/17,10.03,10030,997.23,0.33,3.4,32.81,61.08,6072.84
Sweden,SWE,6/1/17,8.83,8830,877.92,0.05,0.57,4.97,69.91,6950.76
Sweden,SWE,7/1/17,8.46,8460,841.13,0.21,2.55,20.88,78.37,7791.88
Sweden,SWE,8/1/17,9.06,9060,900.78,0.13,1.46,12.93,87.43,8692.67
Sweden,SWE,9/1/17,9.65,9650,959.44,0.5,5.46,49.71,97.08,9652.11
Sweden,SWE,10/1/17,11.04,11040,1097.64,-0.01,-0.09,-0.99,108.12,10749.76
Sweden,SWE,11/1/17,12.54,12540,1246.78,-0.12,-0.95,-11.93,120.66,11996.54
Sweden,SWE,12/1/17,13.73,13730,1365.1,0.46,3.47,45.74,134.39,13361.64
Sweden,SWE,1/1/18,14.43,14430,1418.13,-0.14,-0.96,-13.76,14.43,1418.13
Sweden,SWE,2/1/18,13.87,13870,1363.09,1.22,9.64,119.9,28.3,2781.22
Sweden,SWE,3/1/18,14.48,14480,1423.04,1.69,13.21,166.09,42.78,4204.26
Sweden,SWE,4/1/18,10.95,10950,1076.12,-0.09,-0.82,-8.84,53.73,5280.38
Sweden,SWE,5/1/18,9.55,9550,938.54,-0.48,-4.79,-47.17,63.28,6218.92
Sweden,SWE,6/1/18,8.75,8750,859.92,-0.08,-0.91,-7.86,72.03,7078.84
Sweden,SWE,7/1/18,8.39,8390,824.54,-0.07,-0.83,-6.88,80.42,7903.37
Sweden,SWE,8/1/18,8.99,8990,883.5,-0.07,-0.77,-6.88,89.41,8786.88
Sweden,SWE,9/1/18,9.36,9360,919.87,-0.29,-3.01,-28.5,98.77,9706.74
Sweden,SWE,10/1/18,11.02,11020,1083,-0.02,-0.18,-1.97,109.79,10789.75
Sweden,SWE,11/1/18,12.22,12220,1200.94,-0.32,-2.55,-31.45,122.01,11990.68
Sweden,SWE,12/1/18,13.61,13610,1337.54,-0.12,-0.87,-11.79,135.62,13328.22
Sweden,SWE,1/1/19,14.64,14640,1424.25,0.21,1.46,20.43,14.64,1424.25
Sweden,SWE,2/1/19,12.35,12350,1201.47,-1.52,-10.96,-147.87,26.99,2625.72
Sweden,SWE,3/1/19,12.66,12660,1231.63,-1.82,-12.57,-177.06,39.65,3857.34
Sweden,SWE,4/1/19,10.51,10510,1022.46,-0.44,-4.02,-42.81,50.16,4879.8
Sweden,SWE,5/1/19,9.98,9980,970.9,0.43,4.5,41.83,60.14,5850.71
Sweden,SWE,6/1/19,8.74,8740,850.27,-0.01,-0.11,-0.97,68.88,6700.98
Sweden,SWE,7/1/19,8.53,8530,829.84,0.14,1.67,13.62,77.41,7530.81
Sweden,SWE,8/1/19,8.92,8920,867.78,-0.07,-0.78,-6.81,86.33,8398.6
Sweden,SWE,9/1/19,9.46,9460,920.31,0.1,1.07,9.73,95.79,9318.91
Sweden,SWE,10/1/19,11.3,11300,1099.32,0.28,2.54,27.24,107.09,10418.23
Sweden,SWE,11/1/19,12.36,12360,1202.44,0.14,1.15,13.62,119.45,11620.67
Sweden,SWE,12/1/19,13.01,13010,1265.68,-0.6,-4.41,-58.37,132.46,12886.34
Sweden,SWE,1/1/20,13.06,13060,1261.38,-1.58,-10.79,-152.6,13.06,1261.38
Sweden,SWE,2/1/20,12.58,12580,1215.02,0.23,1.86,22.21,25.64,2476.41
Sweden,SWE,3/1/20,12.97,12970,1252.69,0.31,2.45,29.94,38.61,3729.1
Sweden,SWE,4/1/20,10.68,10680,1031.52,0.17,1.62,16.42,49.29,4760.62
Sweden,SWE,5/1/20,9.86,9860,952.32,-0.12,-1.2,-11.59,59.15,5712.93
Sweden,SWE,6/1/20,8.6,8600,830.62,-0.14,-1.6,-13.52,67.75,6543.55
Sweden,SWE,7/1/20,8.15,8150,787.16,-0.38,-4.45,-36.7,75.9,7330.71
Sweden,SWE,8/1/20,8.94,8940,863.46,0.02,0.22,1.93,84.84,8194.17
Sweden,SWE,9/1/20,9.32,9320,900.16,-0.14,-1.48,-13.52,94.16,9094.33
Sweden,SWE,10/1/20,10.88,10880,1050.83,-0.42,-3.72,-40.57,105.04,10145.17
Sweden,SWE,11/1/20,11.66,11660,1126.17,-0.7,-5.66,-67.61,116.7,11271.33
Sweden,SWE,12/1/20,13.08,13080,1263.32,0.07,0.54,6.76,129.78,12534.65
Sweden,SWE,1/1/21,14.88,14880,1428.56,1.82,13.94,174.73,14.88,1428.56
Sweden,SWE,2/1/21,13.69,13690,1314.31,1.11,8.82,106.57,28.57,2742.87
Sweden,SWE,3/1/21,12.91,12910,1239.43,-0.06,-0.46,-5.76,41.48,3982.3
Sweden,SWE,4/1/21,11.39,11390,1093.5,0.71,6.65,68.16,52.87,5075.8
Sweden,SWE,5/1/21,10.49,10490,1007.09,0.63,6.39,60.48,63.36,6082.89
Sweden,SWE,6/1/21,9,9000,864.05,0.4,4.65,38.4,72.36,6946.94
Sweden,SWE,7/1/21,8.69,8690,834.29,0.54,6.63,51.84,81.05,7781.22
Sweden,SWE,8/1/21,9.16,9160,879.41,0.22,2.46,21.12,90.21,8660.63
Sweden,SWE,9/1/21,9.6,9600,921.65,0.28,3,26.88,99.81,9582.28
Sweden,SWE,10/1/21,10.73,10730,1030.14,-0.15,-1.38,-14.4,110.54,10612.42
Sweden,SWE,11/1/21,12.21,12210,1172.22,0.55,4.72,52.8,122.75,11784.64
Sweden,SWE,12/1/21,14.66,14660,1407.44,1.58,12.08,151.69,137.41,13192.08
Sweden,SWE,1/1/22,13.88,13880,1323.51,-1,-6.72,-95.35,13.88,1323.51
Sweden,SWE,2/1/22,12.51,12510,1192.87,-1.18,-8.62,-112.52,26.39,2516.38
Sweden,SWE,3/1/22,12.7,12700,1210.99,-0.21,-1.63,-20.02,39.09,3727.37
Sweden,SWE,4/1/22,11.21,11210,1068.91,-0.18,-1.58,-17.16,50.3,4796.28
Sweden,SWE,5/1/22,9.83,9830,937.32,-0.66,-6.29,-62.93,60.13,5733.6
Sweden,SWE,6/1/22,8.91,8910,849.6,-0.09,-1,-8.58,69.04,6583.2
Sweden,SWE,7/1/22,8.6,8600,820.04,-0.09,-1.04,-8.58,77.64,7403.24
Sweden,SWE,8/1/22,9.07,9070,864.86,-0.09,-0.98,-8.58,86.71,8268.1
Sweden,SWE,9/1/22,9.19,9190,876.3,-0.41,-4.27,-39.09,95.9,9144.39
Sweden,SWE,10/1/22,9.6,9600,915.39,-1.13,-10.53,-107.75,105.5,10059.79
Sweden,SWE,11/1/22,11.15,11150,1063.19,-1.06,-8.68,-101.07,116.65,11122.98
Sweden,SWE,12/1/22,13.46,13460,1283.46,-1.2,-8.19,-114.42,130.11,12406.43
Sweden,SWE,1/1/23,12.8,12800,1213.1,-1.08,-7.78,-102.36,12.8,1213.1
Sweden,SWE,2/1/23,11.58,11580,1097.47,-0.93,-7.43,-88.14,24.38,2310.57
Sweden,SWE,3/1/23,12.58,12580,1192.25,-0.12,-0.94,-11.37,36.96,3502.82
Sweden,SWE,4/1/23,10.4,10400,985.64,-0.81,-7.23,-76.77,47.36,4488.46
Sweden,SWE,5/1/23,9.37,9370,888.03,-0.46,-4.68,-43.6,56.73,5376.49
Sweden,SWE,6/1/23,8.52,8520,807.47,-0.39,-4.38,-36.96,65.25,6183.95
Sweden,SWE,7/1/23,8.07,8070,764.82,-0.53,-6.16,-50.23,73.32,6948.78
Sweden,SWE,8/1/23,8.82,8820,835.9,-0.25,-2.76,-23.69,82.14,7784.68
Sweden,SWE,9/1/23,8.81,8810,834.95,-0.38,-4.13,-36.01,90.95,8619.63
Sweden,SWE,10/1/23,10.92,10920,1034.92,1.32,13.75,125.1,101.87,9654.55
Sweden,SWE,11/1/23,12.64,12640,1197.93,1.49,13.36,141.21,114.51,10852.49
Sweden,SWE,12/1/23,13.96,13960,1323.03,0.5,3.71,47.39,128.47,12175.52
Sweden,SWE,1/1/24,14.85,14850,1400.02,2.05,16.02,193.27,14.85,1400.02
Sweden,SWE,2/1/24,12.82,12820,1208.64,1.24,10.71,116.9,27.67,2608.65
Sweden,SWE,3/1/24,12.25,12250,1154.9,-0.33,-2.62,-31.11,39.92,3763.55
Sweden,SWE,4/1/24,10.88,10880,1025.74,0.48,4.62,45.25,50.8,4789.29
Sweden,SWE,5/1/24,9.45,9450,890.92,0.08,0.85,7.54,60.25,5680.21
Sweden,SWE,6/1/24,8.51,8510,802.3,-0.01,-0.12,-0.94,68.76,6482.51
Sweden,SWE,7/1/24,8.27,8270,779.67,0.2,2.48,18.86,77.03,7262.19
Sweden,SWE,8/1/24,8.88,8880,837.18,0.06,0.68,5.66,85.91,8099.37
Sweden,SWE,9/1/24,9.17,9170,864.52,0.36,4.09,33.94,95.08,8963.89
Sweden,SWE,10/1/24,10.5,10500,989.91,-0.42,-3.85,-39.6,105.58,9953.8
Sweden,SWE,11/1/24,11.89,11890,1120.96,-0.75,-5.93,-70.71,117.47,11074.76
Sweden,SWE,12/1/24,12.91,12910,1217.12,-1.05,-7.52,-98.99,130.38,12291.88
Sweden,SWE,1/1/25,13.78,13780,1293.1,-1.07,-7.21,-100.41,13.78,1293.1
Sweden,SWE,2/1/25,12.58,12580,1180.49,-0.24,-1.87,-22.52,26.36,2473.58
Sweden,SWE,3/1/25,12.19,12190,1143.89,-0.06,-0.49,-5.63,38.55,3617.48
Sweden,SWE,4/1/25,10.28,10280,964.66,-0.6,-5.51,-56.3,48.83,4582.14
Sweden,SWE,5/1/25,9.63,9630,903.67,0.18,1.9,16.89,58.46,5485.8
Sweden,SWE,6/1/25,8.72,8720,818.27,0.21,2.47,19.71,67.18,6304.07
Sweden,SWE,7/1/25,8.42,8420,790.12,0.15,1.81,14.08,75.6,7094.2
Switzerland,CHE,1/1/17,6.79,6790,803.21,,,,6.79,803.21
Switzerland,CHE,2/1/17,5.77,5770,682.55,,,,12.56,1485.75
Switzerland,CHE,3/1/17,5.88,5880,695.56,,,,18.44,2181.31
Switzerland,CHE,4/1/17,5.09,5090,602.11,,,,23.53,2783.42
Switzerland,CHE,5/1/17,5.28,5280,624.58,,,,28.81,3408
Switzerland,CHE,6/1/17,5.12,5120,605.66,,,,33.93,4013.66
Switzerland,CHE,7/1/17,5.07,5070,599.74,,,,39,4613.4
Switzerland,CHE,8/1/17,5.18,5180,612.75,,,,44.18,5226.16
Switzerland,CHE,9/1/17,5.2,5200,615.12,,,,49.38,5841.28
Switzerland,CHE,10/1/17,5.61,5610,663.62,,,,54.99,6504.9
Switzerland,CHE,11/1/17,6.17,6170,729.86,,,,61.16,7234.76
Switzerland,CHE,12/1/17,6.64,6640,785.46,,,,67.8,8020.22
Switzerland,CHE,1/1/18,6.4,6400,751.5,-0.39,-5.74,-45.79,6.4,751.5
Switzerland,CHE,2/1/18,6.04,6040,709.22,0.27,4.68,31.7,12.44,1460.72
Switzerland,CHE,3/1/18,6.37,6370,747.97,0.49,8.33,57.54,18.81,2208.7
Switzerland,CHE,4/1/18,5.18,5180,608.24,0.09,1.77,10.57,23.99,2816.94
Switzerland,CHE,5/1/18,5.24,5240,615.29,-0.04,-0.76,-4.7,29.23,3432.23
Switzerland,CHE,6/1/18,5.23,5230,614.11,0.11,2.15,12.92,34.46,4046.34
Switzerland,CHE,7/1/18,4.99,4990,585.93,-0.08,-1.58,-9.39,39.45,4632.27
Switzerland,CHE,8/1/18,4.98,4980,584.76,-0.2,-3.86,-23.48,44.43,5217.03
Switzerland,CHE,9/1/18,5.38,5380,631.73,0.18,3.46,21.14,49.81,5848.76
Switzerland,CHE,10/1/18,6.08,6080,713.92,0.47,8.38,55.19,55.89,6562.68
Switzerland,CHE,11/1/18,6.25,6250,733.88,0.08,1.3,9.39,62.14,7296.56
Switzerland,CHE,12/1/18,6.33,6330,743.28,-0.31,-4.67,-36.4,68.47,8039.84
Switzerland,CHE,1/1/19,6.48,6480,755.46,0.08,1.25,9.33,6.48,755.46
Switzerland,CHE,2/1/19,5.77,5770,672.69,-0.27,-4.47,-31.48,12.25,1428.15
Switzerland,CHE,3/1/19,6.03,6030,703,-0.34,-5.34,-39.64,18.28,2131.15
Switzerland,CHE,4/1/19,5.21,5210,607.4,0.03,0.58,3.5,23.49,2738.55
Switzerland,CHE,5/1/19,5.56,5560,648.21,0.32,6.11,37.31,29.05,3386.76
Switzerland,CHE,6/1/19,5.37,5370,626.06,0.14,2.68,16.32,34.42,4012.81
Switzerland,CHE,7/1/19,5.06,5060,589.91,0.07,1.4,8.16,39.48,4602.73
Switzerland,CHE,8/1/19,5.02,5020,585.25,0.04,0.8,4.66,44.5,5187.98
Switzerland,CHE,9/1/19,5.45,5450,635.38,0.07,1.3,8.16,49.95,5823.36
Switzerland,CHE,10/1/19,6.04,6040,704.17,-0.04,-0.66,-4.66,55.99,6527.53
Switzerland,CHE,11/1/19,6.2,6200,722.82,-0.05,-0.8,-5.83,62.19,7250.35
Switzerland,CHE,12/1/19,6.25,6250,728.65,-0.08,-1.26,-9.33,68.44,7979
Switzerland,CHE,1/1/20,6.4,6400,740.69,-0.08,-1.23,-9.26,6.4,740.69
Switzerland,CHE,2/1/20,6.01,6010,695.56,0.24,4.16,27.78,12.41,1436.25
Switzerland,CHE,3/1/20,5.87,5870,679.35,-0.16,-2.65,-18.52,18.28,2115.6
Switzerland,CHE,4/1/20,4.86,4860,562.46,-0.35,-6.72,-40.51,23.14,2678.06
Switzerland,CHE,5/1/20,5.13,5130,593.71,-0.43,-7.73,-49.77,28.27,3271.77
Switzerland,CHE,6/1/20,4.94,4940,571.72,-0.43,-8.01,-49.77,33.21,3843.49
Switzerland,CHE,7/1/20,5.11,5110,591.4,0.05,0.99,5.79,38.32,4434.89
Switzerland,CHE,8/1/20,5.01,5010,579.82,-0.01,-0.2,-1.16,43.33,5014.71
Switzerland,CHE,9/1/20,4.9,4900,567.09,-0.55,-10.09,-63.65,48.23,5581.8
Switzerland,CHE,10/1/20,5.67,5670,656.21,-0.37,-6.13,-42.82,53.9,6238.01
Switzerland,CHE,11/1/20,5.83,5830,674.72,-0.37,-5.97,-42.82,59.73,6912.73
Switzerland,CHE,12/1/20,6.33,6330,732.59,0.08,1.28,9.26,66.06,7645.32
Switzerland,CHE,1/1/21,6.47,6470,743.08,0.07,1.09,8.04,6.47,743.08
Switzerland,CHE,2/1/21,5.73,5730,658.09,-0.28,-4.66,-32.16,12.2,1401.17
Switzerland,CHE,3/1/21,5.99,5990,687.95,0.12,2.04,13.78,18.19,2089.12
Switzerland,CHE,4/1/21,5.32,5320,611,0.46,9.47,52.83,23.51,2700.12
Switzerland,CHE,5/1/21,5.48,5480,629.38,0.35,6.82,40.2,28.99,3329.5
Switzerland,CHE,6/1/21,5.19,5190,596.07,0.25,5.06,28.71,34.18,3925.57
Switzerland,CHE,7/1/21,5.4,5400,620.19,0.29,5.68,33.31,39.58,4545.76
Switzerland,CHE,8/1/21,5.2,5200,597.22,0.19,3.79,21.82,44.78,5142.98
Switzerland,CHE,9/1/21,5.2,5200,597.22,0.3,6.12,34.45,49.98,5740.2
Switzerland,CHE,10/1/21,5.75,5750,660.39,0.08,1.41,9.19,55.73,6400.58
Switzerland,CHE,11/1/21,6.21,6210,713.22,0.38,6.52,43.64,61.94,7113.8
Switzerland,CHE,12/1/21,6.62,6620,760.31,0.29,4.58,33.31,68.56,7874.11
Switzerland,CHE,1/1/22,6.58,6580,748.39,0.11,1.7,12.51,6.58,748.39
Switzerland,CHE,2/1/22,6,6000,682.42,0.27,4.71,30.71,12.58,1430.82
Switzerland,CHE,3/1/22,6.01,6010,683.56,0.02,0.33,2.27,18.59,2114.38
Switzerland,CHE,4/1/22,5.42,5420,616.46,0.1,1.88,11.37,24.01,2730.84
Switzerland,CHE,5/1/22,5.38,5380,611.91,-0.1,-1.82,-11.37,29.39,3342.74
Switzerland,CHE,6/1/22,5.29,5290,601.67,0.1,1.93,11.37,34.68,3944.41
Switzerland,CHE,7/1/22,5.36,5360,609.63,-0.04,-0.74,-4.55,40.04,4554.05
Switzerland,CHE,8/1/22,5.3,5300,602.81,0.1,1.92,11.37,45.34,5156.86
Switzerland,CHE,9/1/22,5.27,5270,599.4,0.07,1.35,7.96,50.61,5756.25
Switzerland,CHE,10/1/22,5.52,5520,627.83,-0.23,-4,-26.16,56.13,6384.08
Switzerland,CHE,11/1/22,5.86,5860,666.5,-0.35,-5.64,-39.81,61.99,7050.58
Switzerland,CHE,12/1/22,6.41,6410,729.06,-0.21,-3.17,-23.88,68.4,7779.64
Switzerland,CHE,1/1/23,6.46,6460,728.25,-0.12,-1.82,-13.53,6.46,728.25
Switzerland,CHE,2/1/23,5.65,5650,636.94,-0.35,-5.83,-39.46,12.11,1365.19
Switzerland,CHE,3/1/23,5.88,5880,662.87,-0.13,-2.16,-14.66,17.99,2028.06
Switzerland,CHE,4/1/23,5.41,5410,609.88,-0.01,-0.18,-1.13,23.4,2637.94
Switzerland,CHE,5/1/23,5.23,5230,589.59,-0.15,-2.79,-16.91,28.63,3227.53
Switzerland,CHE,6/1/23,5.38,5380,606.5,0.09,1.7,10.15,34.01,3834.03
Switzerland,CHE,7/1/23,5.71,5710,643.7,0.35,6.53,39.46,39.72,4477.73
Switzerland,CHE,8/1/23,5.21,5210,587.34,-0.09,-1.7,-10.15,44.93,5065.07
Switzerland,CHE,9/1/23,5.15,5150,580.57,-0.12,-2.28,-13.53,50.08,5645.64
Switzerland,CHE,10/1/23,5.48,5480,617.77,-0.04,-0.72,-4.51,55.56,6263.42
Switzerland,CHE,11/1/23,5.92,5920,667.38,0.06,1.02,6.76,61.48,6930.79
Switzerland,CHE,12/1/23,6.38,6380,719.23,-0.03,-0.47,-3.38,67.86,7650.02
Switzerland,CHE,1/1/24,6.54,6540,733.02,0.08,1.24,8.97,6.54,733.02
Switzerland,CHE,2/1/24,5.87,5870,657.93,0.22,3.89,24.66,12.41,1390.95
Switzerland,CHE,3/1/24,5.79,5790,648.96,-0.09,-1.53,-10.09,18.2,2039.91
Switzerland,CHE,4/1/24,5.52,5520,618.7,0.11,2.03,12.33,23.72,2658.6
Switzerland,CHE,5/1/24,5.5,5500,616.46,0.27,5.16,30.26,29.22,3275.06
Switzerland,CHE,6/1/24,5.47,5470,613.09,0.09,1.67,10.09,34.69,3888.15
Switzerland,CHE,7/1/24,5.42,5420,607.49,-0.29,-5.08,-32.5,40.11,4495.64
Switzerland,CHE,8/1/24,5.34,5340,598.52,0.13,2.5,14.57,45.45,5094.16
Switzerland,CHE,9/1/24,5.34,5340,598.52,0.19,3.69,21.3,50.79,5692.68
Switzerland,CHE,10/1/24,5.59,5590,626.54,0.11,2.01,12.33,56.38,6319.23
Switzerland,CHE,11/1/24,6.15,6150,689.31,0.23,3.89,25.78,62.53,7008.53
Switzerland,CHE,12/1/24,6.54,6540,733.02,0.16,2.51,17.93,69.07,7741.56
Switzerland,CHE,1/1/25,6.61,6610,737.11,0.07,1.07,7.81,6.61,737.11
Switzerland,CHE,2/1/25,5.91,5910,659.05,0.04,0.68,4.46,12.52,1396.17
Switzerland,CHE,3/1/25,6.1,6100,680.24,0.31,5.35,34.57,18.62,2076.41
Switzerland,CHE,4/1/25,5.24,5240,584.34,-0.28,-5.07,-31.22,23.86,2660.75
Switzerland,CHE,5/1/25,5.36,5360,597.72,-0.14,-2.55,-15.61,29.22,3258.47
Switzerland,CHE,6/1/25,5.71,5710,636.75,0.24,4.39,26.76,34.93,3895.22
Switzerland,CHE,7/1/25,6.84,6840,762.76,1.42,26.2,158.35,41.77,4657.98
Turkey,TUR,1/1/18,26.13,26130,309.54,,,,26.13,309.54
Turkey,TUR,2/1/18,23.17,23170,274.47,,,,49.3,584.01
Turkey,TUR,3/1/18,24.72,24720,292.84,,,,74.02,876.85
Turkey,TUR,4/1/18,23.53,23530,278.74,,,,97.55,1155.59
Turkey,TUR,5/1/18,23.76,23760,281.46,,,,121.31,1437.05
Turkey,TUR,6/1/18,23.66,23660,280.28,,,,144.97,1717.33
Turkey,TUR,7/1/18,29.15,29150,345.31,,,,174.12,2062.64
Turkey,TUR,8/1/18,27.59,27590,326.83,,,,201.71,2389.48
Turkey,TUR,9/1/18,25.01,25010,296.27,,,,226.72,2685.75
Turkey,TUR,10/1/18,23.34,23340,276.49,,,,250.06,2962.23
Turkey,TUR,11/1/18,23.79,23790,281.82,,,,273.85,3244.05
Turkey,TUR,12/1/18,25.43,25430,301.25,,,,299.28,3545.3
Turkey,TUR,1/1/19,25.68,25680,300.85,-0.45,-1.72,-5.27,25.68,300.85
Turkey,TUR,2/1/19,23.15,23150,271.21,-0.02,-0.09,-0.23,48.83,572.06
Turkey,TUR,3/1/19,24.59,24590,288.08,-0.13,-0.53,-1.52,73.42,860.15
Turkey,TUR,4/1/19,23.38,23380,273.91,-0.15,-0.64,-1.76,96.8,1134.05
Turkey,TUR,5/1/19,24.56,24560,287.73,0.8,3.37,9.37,121.36,1421.78
Turkey,TUR,6/1/19,23.99,23990,281.05,0.33,1.39,3.87,145.35,1702.83
Turkey,TUR,7/1/19,28.5,28500,333.89,-0.65,-2.23,-7.62,173.85,2036.72
Turkey,TUR,8/1/19,27.47,27470,321.82,-0.12,-0.43,-1.41,201.32,2358.55
Turkey,TUR,9/1/19,25.07,25070,293.71,0.06,0.24,0.7,226.39,2652.25
Turkey,TUR,10/1/19,23.67,23670,277.3,0.33,1.41,3.87,250.06,2929.55
Turkey,TUR,11/1/19,23.66,23660,277.19,-0.13,-0.55,-1.52,273.72,3206.74
Turkey,TUR,12/1/19,25.88,25880,303.19,0.45,1.77,5.27,299.6,3509.94
Turkey,TUR,1/1/20,26.67,26670,309.79,0.99,3.86,11.5,26.67,309.79
Turkey,TUR,2/1/20,24.75,24750,287.48,1.6,6.91,18.58,51.42,597.27
Turkey,TUR,3/1/20,24.55,24550,285.16,-0.04,-0.16,-0.46,75.97,882.43
Turkey,TUR,4/1/20,20.09,20090,233.36,-3.29,-14.07,-38.22,96.06,1115.79
Turkey,TUR,5/1/20,20.74,20740,240.91,-3.82,-15.55,-44.37,116.8,1356.69
Turkey,TUR,6/1/20,23.64,23640,274.59,-0.35,-1.46,-4.07,140.44,1631.28
Turkey,TUR,7/1/20,28.48,28480,330.81,-0.02,-0.07,-0.23,168.92,1962.09
Turkey,TUR,8/1/20,28.57,28570,331.86,1.1,4,12.78,197.49,2293.95
Turkey,TUR,9/1/20,27.18,27180,315.71,2.11,8.42,24.51,224.67,2609.66
Turkey,TUR,10/1/20,24.92,24920,289.46,1.25,5.28,14.52,249.59,2899.12
Turkey,TUR,11/1/20,25.11,25110,291.67,1.45,6.13,16.84,274.7,3190.78
Turkey,TUR,12/1/20,26.8,26800,311.3,0.92,3.55,10.69,301.5,3502.08
Turkey,TUR,1/1/21,26.65,26650,307.43,-0.02,-0.07,-0.23,26.65,307.43
Turkey,TUR,2/1/21,24.05,24050,277.44,-0.7,-2.83,-8.08,50.7,584.87
Turkey,TUR,3/1/21,27.42,27420,316.31,2.87,11.69,33.11,78.12,901.18
Turkey,TUR,4/1/21,25.56,25560,294.86,5.47,27.23,63.1,103.68,1196.04
Turkey,TUR,5/1/21,24.88,24880,287.01,4.14,19.96,47.76,128.56,1483.05
Turkey,TUR,6/1/21,26.51,26510,305.82,2.87,12.14,33.11,155.07,1788.86
Turkey,TUR,7/1/21,30.37,30370,350.34,1.89,6.64,21.8,185.44,2139.21
Turkey,TUR,8/1/21,32.2,32200,371.45,3.63,12.71,41.88,217.64,2510.66
Turkey,TUR,9/1/21,27.34,27340,315.39,0.16,0.59,1.85,244.98,2826.05
Turkey,TUR,10/1/21,25.99,25990,299.82,1.07,4.29,12.34,270.97,3125.87
Turkey,TUR,11/1/21,26.38,26380,304.32,1.27,5.06,14.65,297.35,3430.18
Turkey,TUR,12/1/21,28.73,28730,331.42,1.93,7.2,22.26,326.08,3761.61
Turkey,TUR,1/1/22,28.24,28240,324.38,1.59,5.97,18.26,28.24,324.38
Turkey,TUR,2/1/22,25.38,25380,291.53,1.33,5.53,15.28,53.62,615.91
Turkey,TUR,3/1/22,28.2,28200,323.92,0.78,2.84,8.96,81.82,939.83
Turkey,TUR,4/1/22,25.69,25690,295.09,0.13,0.51,1.49,107.51,1234.92
Turkey,TUR,5/1/22,25.1,25100,288.31,0.22,0.88,2.53,132.61,1523.23
Turkey,TUR,6/1/22,26.99,26990,310.02,0.48,1.81,5.51,159.6,1833.25
Turkey,TUR,7/1/22,28.72,28720,329.89,-1.65,-5.43,-18.95,188.32,2163.14
Turkey,TUR,8/1/22,31.46,31460,361.37,-0.74,-2.3,-8.5,219.78,2524.51
Turkey,TUR,9/1/22,27.12,27120,311.51,-0.22,-0.8,-2.53,246.9,2836.02
Turkey,TUR,10/1/22,25.05,25050,287.74,-0.94,-3.62,-10.8,271.95,3123.76
Turkey,TUR,11/1/22,24.68,24680,283.49,-1.7,-6.44,-19.53,296.63,3407.25
Turkey,TUR,12/1/22,26.58,26580,305.31,-2.15,-7.48,-24.7,323.21,3712.56
Turkey,TUR,1/1/23,27.27,27270,312.48,-0.97,-3.43,-11.11,27.27,312.48
Turkey,TUR,2/1/23,24.14,24140,276.61,-1.24,-4.89,-14.21,51.41,589.09
Turkey,TUR,3/1/23,26.2,26200,300.22,-2,-7.09,-22.92,77.61,889.3
Turkey,TUR,4/1/23,23.75,23750,272.14,-1.94,-7.55,-22.23,101.36,1161.45
Turkey,TUR,5/1/23,25.99,25990,297.81,0.89,3.55,10.2,127.35,1459.26
Turkey,TUR,6/1/23,24.83,24830,284.52,-2.16,-8,-24.75,152.18,1743.77
Turkey,TUR,7/1/23,31.36,31360,359.34,2.64,9.19,30.25,183.54,2103.12
Turkey,TUR,8/1/23,33.04,33040,378.59,1.58,5.02,18.1,216.58,2481.71
Turkey,TUR,9/1/23,28.2,28200,323.13,1.08,3.98,12.38,244.78,2804.84
Turkey,TUR,10/1/23,25.67,25670,294.14,0.62,2.48,7.1,270.45,3098.99
Turkey,TUR,11/1/23,25.9,25900,296.78,1.22,4.94,13.98,296.35,3395.76
Turkey,TUR,12/1/23,27.46,27460,314.65,0.88,3.31,10.08,323.81,3710.42
Turkey,TUR,1/1/24,27.7,27700,316.67,0.43,1.58,4.92,27.7,316.67
Turkey,TUR,2/1/24,26.44,26440,302.26,2.3,9.53,26.29,54.14,618.93
Turkey,TUR,3/1/24,27.49,27490,314.27,1.29,4.92,14.75,81.63,933.19
Turkey,TUR,4/1/24,24,24000,274.37,0.25,1.05,2.86,105.63,1207.56
Turkey,TUR,5/1/24,26.89,26890,307.41,0.9,3.46,10.29,132.52,1514.97
Turkey,TUR,6/1/24,28.45,28450,325.24,3.62,14.58,41.38,160.97,1840.21
Turkey,TUR,7/1/24,34.05,34050,389.26,2.69,8.58,30.75,195.02,2229.47
Turkey,TUR,8/1/24,33.3,33300,380.69,0.26,0.79,2.97,228.32,2610.15
Turkey,TUR,9/1/24,28.16,28160,321.92,-0.04,-0.14,-0.46,256.48,2932.08
Turkey,TUR,10/1/24,27.33,27330,312.44,1.66,6.47,18.98,283.81,3244.51
Turkey,TUR,11/1/24,28,28000,320.1,2.1,8.11,24.01,311.81,3564.61
Turkey,TUR,12/1/24,30.42,30420,347.76,2.96,10.78,33.84,342.23,3912.37
Turkey,TUR,1/1/25,29.96,29960,341.68,2.26,8.16,25.77,29.96,341.68
Turkey,TUR,2/1/25,28.01,28010,319.44,1.57,5.94,17.9,57.97,661.11
Turkey,TUR,3/1/25,27.94,27940,318.64,0.45,1.64,5.13,85.91,979.75
Turkey,TUR,4/1/25,26.57,26570,303.02,2.57,10.71,29.31,112.48,1282.77
Turkey,TUR,5/1/25,27.88,27880,317.95,0.99,3.68,11.29,140.36,1600.72
Turkey,TUR,6/1/25,27.82,27820,317.27,-0.63,-2.21,-7.18,168.18,1917.99
Ukraine,UKR,1/1/14,18.97,18970,412.64,,,,18.97,412.64
Ukraine,UKR,2/1/14,17.23,17230,374.79,,,,36.2,787.43
Ukraine,UKR,3/1/14,16.65,16650,362.17,,,,52.85,1149.6
Ukraine,UKR,4/1/14,14.72,14720,320.19,,,,67.57,1469.79
Ukraine,UKR,5/1/14,13.68,13680,297.57,,,,81.25,1767.36
Ukraine,UKR,6/1/14,13.05,13050,283.87,,,,94.3,2051.23
Ukraine,UKR,7/1/14,13.66,13660,297.13,,,,107.96,2348.37
Ukraine,UKR,8/1/14,13,13000,282.78,,,,120.96,2631.14
Ukraine,UKR,9/1/14,12.4,12400,269.73,,,,133.36,2900.87
Ukraine,UKR,10/1/14,14.96,14960,325.41,,,,148.32,3226.28
Ukraine,UKR,11/1/14,16.43,16430,357.39,,,,164.75,3583.67
Ukraine,UKR,12/1/14,17.82,17820,387.62,,,,182.57,3971.3
Ukraine,UKR,1/1/15,17.21,17210,375.89,-1.76,-9.28,-38.44,17.21,375.89
Ukraine,UKR,2/1/15,14.29,14290,312.11,-2.94,-17.06,-64.21,31.5,688
Ukraine,UKR,3/1/15,14.33,14330,312.99,-2.32,-13.93,-50.67,45.83,1000.99
Ukraine,UKR,4/1/15,12.8,12800,279.57,-1.92,-13.04,-41.94,58.63,1280.55
Ukraine,UKR,5/1/15,11.7,11700,255.54,-1.98,-14.47,-43.25,70.33,1536.1
Ukraine,UKR,6/1/15,11.2,11200,244.62,-1.85,-14.18,-40.41,81.53,1780.72
Ukraine,UKR,7/1/15,11.44,11440,249.86,-2.22,-16.25,-48.49,92.97,2030.58
Ukraine,UKR,8/1/15,11.42,11420,249.43,-1.58,-12.15,-34.51,104.39,2280.01
Ukraine,UKR,9/1/15,11.02,11020,240.69,-1.38,-11.13,-30.14,115.41,2520.7
Ukraine,UKR,10/1/15,12.87,12870,281.1,-2.09,-13.97,-45.65,128.28,2801.8
Ukraine,UKR,11/1/15,13.28,13280,290.05,-3.15,-19.17,-68.8,141.56,3091.85
Ukraine,UKR,12/1/15,13.91,13910,303.81,-3.91,-21.94,-85.4,155.47,3395.66
Ukraine,UKR,1/1/16,14.49,14490,317.65,-2.72,-15.8,-59.63,14.49,317.65
Ukraine,UKR,2/1/16,12.73,12730,279.06,-1.56,-10.92,-34.2,27.22,596.71
Ukraine,UKR,3/1/16,12.93,12930,283.45,-1.4,-9.77,-30.69,40.15,880.16
Ukraine,UKR,4/1/16,11.11,11110,243.55,-1.69,-13.2,-37.05,51.26,1123.71
Ukraine,UKR,5/1/16,10.63,10630,233.03,-1.07,-9.15,-23.46,61.89,1356.74
Ukraine,UKR,6/1/16,10.54,10540,231.06,-0.66,-5.89,-14.47,72.43,1587.79
Ukraine,UKR,7/1/16,11.29,11290,247.5,-0.15,-1.31,-3.29,83.72,1835.29
Ukraine,UKR,8/1/16,11.14,11140,244.21,-0.28,-2.45,-6.14,94.86,2079.5
Ukraine,UKR,9/1/16,10.83,10830,237.41,-0.19,-1.72,-4.17,105.69,2316.91
Ukraine,UKR,10/1/16,12.84,12840,281.48,-0.03,-0.23,-0.66,118.53,2598.38
Ukraine,UKR,11/1/16,13.5,13500,295.94,0.22,1.66,4.82,132.03,2894.33
Ukraine,UKR,12/1/16,14.83,14830,325.1,0.92,6.61,20.17,146.86,3219.43
Ukraine,UKR,1/1/17,14.74,14740,324.41,0.25,1.73,5.5,14.74,324.41
Ukraine,UKR,2/1/17,13.21,13210,290.74,0.48,3.77,10.56,27.95,615.15
Ukraine,UKR,3/1/17,12.58,12580,276.87,-0.35,-2.71,-7.7,40.53,892.02
Ukraine,UKR,4/1/17,11.3,11300,248.7,0.19,1.71,4.18,51.83,1140.73
Ukraine,UKR,5/1/17,10.7,10700,235.5,0.07,0.66,1.54,62.53,1376.22
Ukraine,UKR,6/1/17,10.53,10530,231.75,-0.01,-0.09,-0.22,73.06,1607.98
Ukraine,UKR,7/1/17,11.06,11060,243.42,-0.23,-2.04,-5.06,84.12,1851.4
Ukraine,UKR,8/1/17,11.48,11480,252.66,0.34,3.05,7.48,95.6,2104.06
Ukraine,UKR,9/1/17,10.72,10720,235.94,-0.11,-1.02,-2.42,106.32,2339.99
Ukraine,UKR,10/1/17,12.42,12420,273.35,-0.42,-3.27,-9.24,118.74,2613.35
Ukraine,UKR,11/1/17,13.32,13320,293.16,-0.18,-1.33,-3.96,132.06,2906.51
Ukraine,UKR,12/1/17,13.94,13940,306.81,-0.89,-6,-19.59,146,3213.31
Ukraine,UKR,1/1/18,14.29,14290,316.09,-0.45,-3.05,-9.95,14.29,316.09
Ukraine,UKR,2/1/18,12.99,12990,287.33,-0.22,-1.67,-4.87,27.28,603.42
Ukraine,UKR,3/1/18,14.31,14310,316.53,1.73,13.75,38.27,41.59,919.95
Ukraine,UKR,4/1/18,11,11000,243.31,-0.3,-2.65,-6.64,52.59,1163.27
Ukraine,UKR,5/1/18,10.85,10850,240,0.15,1.4,3.32,63.44,1403.26
Ukraine,UKR,6/1/18,10.85,10850,240,0.32,3.04,7.08,74.29,1643.26
Ukraine,UKR,7/1/18,11.35,11350,251.06,0.29,2.62,6.41,85.64,1894.32
Ukraine,UKR,8/1/18,11.38,11380,251.72,-0.1,-0.87,-2.21,97.02,2146.04
Ukraine,UKR,9/1/18,10.84,10840,239.78,0.12,1.12,2.65,107.86,2385.81
Ukraine,UKR,10/1/18,12.14,12140,268.53,-0.28,-2.25,-6.19,120,2654.34
Ukraine,UKR,11/1/18,13.69,13690,302.82,0.37,2.78,8.18,133.69,2957.16
Ukraine,UKR,12/1/18,15.02,15020,332.24,1.08,7.75,23.89,148.71,3289.4
Ukraine,UKR,1/1/19,14.89,14890,331.2,0.6,4.2,13.35,14.89,331.2
Ukraine,UKR,2/1/19,12.92,12920,287.38,-0.07,-0.54,-1.56,27.81,618.58
Ukraine,UKR,3/1/19,13.21,13210,293.83,-1.1,-7.69,-24.47,41.02,912.42
Ukraine,UKR,4/1/19,11.62,11620,258.47,0.62,5.64,13.79,52.64,1170.88
Ukraine,UKR,5/1/19,11.09,11090,246.68,0.24,2.21,5.34,63.73,1417.56
Ukraine,UKR,6/1/19,11.02,11020,245.12,0.17,1.57,3.78,74.75,1662.68
Ukraine,UKR,7/1/19,11.08,11080,246.45,-0.27,-2.38,-6.01,85.83,1909.14
Ukraine,UKR,8/1/19,11.16,11160,248.23,-0.22,-1.93,-4.89,96.99,2157.37
Ukraine,UKR,9/1/19,10.78,10780,239.78,-0.06,-0.55,-1.33,107.77,2397.15
Ukraine,UKR,10/1/19,11.98,11980,266.47,-0.16,-1.32,-3.56,119.75,2663.63
Ukraine,UKR,11/1/19,12.8,12800,284.71,-0.89,-6.5,-19.8,132.55,2948.34
Ukraine,UKR,12/1/19,13.69,13690,304.51,-1.33,-8.85,-29.58,146.24,3252.85
Ukraine,UKR,1/1/20,13.63,13630,305.06,-1.26,-8.46,-28.2,13.63,305.06
Ukraine,UKR,2/1/20,12.72,12720,284.69,-0.2,-1.55,-4.48,26.35,589.75
Ukraine,UKR,3/1/20,12.18,12180,272.61,-1.03,-7.8,-23.05,38.53,862.35
Ukraine,UKR,4/1/20,10.59,10590,237.02,-1.03,-8.86,-23.05,49.12,1099.37
Ukraine,UKR,5/1/20,10.31,10310,230.75,-0.78,-7.03,-17.46,59.43,1330.13
Ukraine,UKR,6/1/20,10.23,10230,228.96,-0.79,-7.17,-17.68,69.66,1559.09
Ukraine,UKR,7/1/20,10.92,10920,244.4,-0.16,-1.44,-3.58,80.58,1803.49
Ukraine,UKR,8/1/20,10.72,10720,239.93,-0.44,-3.94,-9.85,91.3,2043.42
Ukraine,UKR,9/1/20,10.36,10360,231.87,-0.42,-3.9,-9.4,101.66,2275.29
Ukraine,UKR,10/1/20,11.37,11370,254.48,-0.61,-5.09,-13.65,113.03,2529.77
Ukraine,UKR,11/1/20,12.99,12990,290.73,0.19,1.48,4.25,126.02,2820.5
Ukraine,UKR,12/1/20,14.69,14690,328.78,1,7.3,22.38,140.71,3149.28
Ukraine,UKR,1/1/21,14.14,14140,319.2,0.51,3.74,11.51,14.14,319.2
Ukraine,UKR,2/1/21,13.42,13420,302.94,0.7,5.5,15.8,27.56,622.14
Ukraine,UKR,3/1/21,13.56,13560,306.1,1.38,11.33,31.15,41.12,928.25
Ukraine,UKR,4/1/21,11.86,11860,267.73,1.27,11.99,28.67,52.98,1195.97
Ukraine,UKR,5/1/21,10.77,10770,243.12,0.46,4.46,10.38,63.75,1439.1
Ukraine,UKR,6/1/21,10.58,10580,238.83,0.35,3.42,7.9,74.33,1677.93
Ukraine,UKR,7/1/21,11.64,11640,262.76,0.72,6.59,16.25,85.97,1940.69
Ukraine,UKR,8/1/21,11.4,11400,257.34,0.68,6.34,15.35,97.37,2198.04
Ukraine,UKR,9/1/21,10.96,10960,247.41,0.6,5.79,13.54,108.33,2445.45
Ukraine,UKR,10/1/21,12.47,12470,281.5,1.1,9.67,24.83,120.8,2726.95
Ukraine,UKR,11/1/21,13.31,13310,300.46,0.32,2.46,7.22,134.11,3027.41
Ukraine,UKR,12/1/21,15,15000,338.61,0.31,2.11,7,149.11,3366.02
Ukraine,UKR,1/1/22,14.87,14870,362.25,0.73,5.16,17.78,14.87,362.25
Ukraine,UKR,2/1/22,11.04,11040,268.95,-2.38,-17.73,-57.98,25.91,631.2
Ukraine,UKR,3/1/22,8.91,8910,217.06,-4.65,-34.29,-113.28,34.82,848.26
Ukraine,UKR,4/1/22,7.93,7930,193.18,-3.93,-33.14,-95.74,42.75,1041.44
Ukraine,UKR,5/1/22,7.31,7310,178.08,-3.46,-32.13,-84.29,50.06,1219.52
Ukraine,UKR,6/1/22,7.23,7230,176.13,-3.35,-31.66,-81.61,57.29,1395.66
Ukraine,UKR,7/1/22,7.71,7710,187.83,-3.93,-33.76,-95.74,65,1583.48
Ukraine,UKR,8/1/22,8.03,8030,195.62,-3.37,-29.56,-82.1,73.03,1779.1
Ukraine,UKR,9/1/22,7.56,7560,184.17,-3.4,-31.02,-82.83,80.59,1963.27
United Kingdom,GBR,1/1/15,30.16,30160,461.29,,,,30.16,461.29
United Kingdom,GBR,2/1/15,27.21,27210,416.17,,,,57.37,877.46
United Kingdom,GBR,3/1/15,28.31,28310,432.99,,,,85.68,1310.45
United Kingdom,GBR,4/1/15,24.66,24660,377.17,,,,110.34,1687.62
United Kingdom,GBR,5/1/15,24.3,24300,371.66,,,,134.64,2059.28
United Kingdom,GBR,6/1/15,23.15,23150,354.07,,,,157.79,2413.35
United Kingdom,GBR,7/1/15,23.47,23470,358.97,,,,181.26,2772.32
United Kingdom,GBR,8/1/15,23.04,23040,352.39,,,,204.3,3124.71
United Kingdom,GBR,9/1/15,23.48,23480,359.12,,,,227.78,3483.83
United Kingdom,GBR,10/1/15,25.93,25930,396.59,,,,253.71,3880.42
United Kingdom,GBR,11/1/15,26.72,26720,408.67,,,,280.43,4289.09
United Kingdom,GBR,12/1/15,27.08,27080,414.18,,,,307.51,4703.28
United Kingdom,GBR,1/1/16,28.92,28920,438.89,-1.24,-4.11,-18.82,28.92,438.89
United Kingdom,GBR,2/1/16,27.14,27140,411.88,-0.07,-0.26,-1.06,56.06,850.77
United Kingdom,GBR,3/1/16,27.77,27770,421.44,-0.54,-1.91,-8.2,83.83,1272.21
United Kingdom,GBR,4/1/16,24.77,24770,375.91,0.11,0.45,1.67,108.6,1648.12
United Kingdom,GBR,5/1/16,23.31,23310,353.75,-0.99,-4.07,-15.02,131.91,2001.87
United Kingdom,GBR,6/1/16,22.47,22470,341.01,-0.68,-2.94,-10.32,154.38,2342.88
United Kingdom,GBR,7/1/16,22.62,22620,343.28,-0.85,-3.62,-12.9,177,2686.16
United Kingdom,GBR,8/1/16,22.44,22440,340.55,-0.6,-2.6,-9.11,199.44,3026.71
United Kingdom,GBR,9/1/16,22.87,22870,347.08,-0.61,-2.6,-9.26,222.31,3373.78
United Kingdom,GBR,10/1/16,24.97,24970,378.95,-0.96,-3.7,-14.57,247.28,3752.73
United Kingdom,GBR,11/1/16,27.41,27410,415.97,0.69,2.58,10.47,274.69,4168.7
United Kingdom,GBR,12/1/16,27.81,27810,422.05,0.73,2.7,11.08,302.5,4590.75
United Kingdom,GBR,1/1/17,29.74,29740,448.2,0.82,2.84,12.36,29.74,448.2
United Kingdom,GBR,2/1/17,25.89,25890,390.18,-1.25,-4.61,-18.84,55.63,838.38
United Kingdom,GBR,3/1/17,26.71,26710,402.53,-1.06,-3.82,-15.97,82.34,1240.91
United Kingdom,GBR,4/1/17,23.22,23220,349.94,-1.55,-6.26,-23.36,105.56,1590.85
United Kingdom,GBR,5/1/17,23.39,23390,352.5,0.08,0.34,1.21,128.95,1943.35
United Kingdom,GBR,6/1/17,21.96,21960,330.95,-0.51,-2.27,-7.69,150.91,2274.3
United Kingdom,GBR,7/1/17,22.31,22310,336.22,-0.31,-1.37,-4.67,173.22,2610.52
United Kingdom,GBR,8/1/17,22.08,22080,332.76,-0.36,-1.6,-5.43,195.3,2943.28
United Kingdom,GBR,9/1/17,22.49,22490,338.94,-0.38,-1.66,-5.73,217.79,3282.22
United Kingdom,GBR,10/1/17,24.46,24460,368.63,-0.51,-2.04,-7.69,242.25,3650.85
United Kingdom,GBR,11/1/17,26.64,26640,401.48,-0.77,-2.81,-11.6,268.89,4052.33
United Kingdom,GBR,12/1/17,28.18,28180,424.69,0.37,1.33,5.58,297.07,4477.01
United Kingdom,GBR,1/1/18,28.82,28820,431.74,-0.92,-3.09,-13.78,28.82,431.74
United Kingdom,GBR,2/1/18,26.59,26590,398.34,0.7,2.7,10.49,55.41,830.08
United Kingdom,GBR,3/1/18,28.54,28540,427.55,1.83,6.85,27.41,83.95,1257.63
United Kingdom,GBR,4/1/18,24.04,24040,360.14,0.82,3.53,12.28,107.99,1617.77
United Kingdom,GBR,5/1/18,22.79,22790,341.41,-0.6,-2.57,-8.99,130.78,1959.18
United Kingdom,GBR,6/1/18,21.64,21640,324.18,-0.32,-1.46,-4.79,152.42,2283.36
United Kingdom,GBR,7/1/18,22.58,22580,338.26,0.27,1.21,4.04,175,2621.62
United Kingdom,GBR,8/1/18,22.09,22090,330.92,0.01,0.05,0.15,197.09,2952.55
United Kingdom,GBR,9/1/18,21.91,21910,328.23,-0.58,-2.58,-8.69,219,3280.78
United Kingdom,GBR,10/1/18,24.53,24530,367.48,0.07,0.29,1.05,243.53,3648.25
United Kingdom,GBR,11/1/18,26.03,26030,389.95,-0.61,-2.29,-9.14,269.56,4038.2
United Kingdom,GBR,12/1/18,26.58,26580,398.19,-1.6,-5.68,-23.97,296.14,4436.39
United Kingdom,GBR,1/1/19,28.42,28420,423.48,-0.4,-1.39,-5.96,28.42,423.48
United Kingdom,GBR,2/1/19,24.67,24670,367.6,-1.92,-7.22,-28.61,53.09,791.08
United Kingdom,GBR,3/1/19,25.85,25850,385.18,-2.69,-9.43,-40.08,78.94,1176.26
United Kingdom,GBR,4/1/19,23.31,23310,347.34,-0.73,-3.04,-10.88,102.25,1523.6
United Kingdom,GBR,5/1/19,22.59,22590,336.61,-0.2,-0.88,-2.98,124.84,1860.2
United Kingdom,GBR,6/1/19,21.2,21200,315.89,-0.44,-2.03,-6.56,146.04,2176.1
United Kingdom,GBR,7/1/19,21.98,21980,327.52,-0.6,-2.66,-8.94,168.02,2503.61
United Kingdom,GBR,8/1/19,21.4,21400,318.87,-0.69,-3.12,-10.28,189.42,2822.49
United Kingdom,GBR,9/1/19,21.48,21480,320.07,-0.43,-1.96,-6.41,210.9,3142.55
United Kingdom,GBR,10/1/19,24.75,24750,368.79,0.22,0.9,3.28,235.65,3511.35
United Kingdom,GBR,11/1/19,26.28,26280,391.59,0.25,0.96,3.73,261.93,3902.94
United Kingdom,GBR,12/1/19,26.6,26600,396.36,0.02,0.08,0.3,288.53,4299.3
United Kingdom,GBR,1/1/20,27.18,27180,403.55,-1.24,-4.36,-18.41,27.18,403.55
United Kingdom,GBR,2/1/20,25.52,25520,378.91,0.85,3.45,12.62,52.7,782.46
United Kingdom,GBR,3/1/20,25.52,25520,378.91,-0.33,-1.28,-4.9,78.22,1161.36
United Kingdom,GBR,4/1/20,19.62,19620,291.31,-3.69,-15.83,-54.79,97.84,1452.67
United Kingdom,GBR,5/1/20,19.51,19510,289.67,-3.08,-13.63,-45.73,117.35,1742.34
United Kingdom,GBR,6/1/20,19.29,19290,286.41,-1.91,-9.01,-28.36,136.64,2028.75
United Kingdom,GBR,7/1/20,20.31,20310,301.55,-1.67,-7.6,-24.8,156.95,2330.3
United Kingdom,GBR,8/1/20,20.87,20870,309.87,-0.53,-2.48,-7.87,177.82,2640.16
United Kingdom,GBR,9/1/20,21.17,21170,314.32,-0.31,-1.44,-4.6,198.99,2954.48
United Kingdom,GBR,10/1/20,24.05,24050,357.08,-0.7,-2.83,-10.39,223.04,3311.56
United Kingdom,GBR,11/1/20,24.02,24020,356.63,-2.26,-8.6,-33.56,247.06,3668.2
United Kingdom,GBR,12/1/20,26.28,26280,390.19,-0.32,-1.2,-4.75,273.34,4058.39
United Kingdom,GBR,1/1/21,27.18,27180,401.66,0,0,0,27.18,401.66
United Kingdom,GBR,2/1/21,24,24000,354.67,-1.52,-5.96,-22.46,51.18,756.33
United Kingdom,GBR,3/1/21,24.93,24930,368.41,-0.59,-2.31,-8.72,76.11,1124.74
United Kingdom,GBR,4/1/21,22.61,22610,334.13,2.99,15.24,44.19,98.72,1458.87
United Kingdom,GBR,5/1/21,22.35,22350,330.29,2.84,14.56,41.97,121.07,1789.16
United Kingdom,GBR,6/1/21,20.63,20630,304.87,1.34,6.95,19.8,141.7,2094.02
United Kingdom,GBR,7/1/21,21.17,21170,312.85,0.86,4.23,12.71,162.87,2406.87
United Kingdom,GBR,8/1/21,20.74,20740,306.49,-0.13,-0.62,-1.92,183.61,2713.36
United Kingdom,GBR,9/1/21,20.78,20780,307.08,-0.39,-1.84,-5.76,204.39,3020.45
United Kingdom,GBR,10/1/21,22.68,22680,335.16,-1.37,-5.7,-20.25,227.07,3355.61
United Kingdom,GBR,11/1/21,24.57,24570,363.09,0.55,2.29,8.13,251.64,3718.7
United Kingdom,GBR,12/1/21,25.71,25710,379.94,-0.57,-2.17,-8.42,277.35,4098.64
United Kingdom,GBR,1/1/22,26.74,26740,392.2,-0.44,-1.62,-6.45,26.74,392.2
United Kingdom,GBR,2/1/22,23.66,23660,347.03,-0.34,-1.42,-4.99,50.4,739.23
United Kingdom,GBR,3/1/22,24.63,24630,361.25,-0.3,-1.2,-4.4,75.03,1100.48
United Kingdom,GBR,4/1/22,21.69,21690,318.13,-0.92,-4.07,-13.49,96.72,1418.61
United Kingdom,GBR,5/1/22,20.9,20900,306.54,-1.45,-6.49,-21.27,117.62,1725.16
United Kingdom,GBR,6/1/22,19.61,19610,287.62,-1.02,-4.94,-14.96,137.23,2012.78
United Kingdom,GBR,7/1/22,20.27,20270,297.3,-0.9,-4.25,-13.2,157.5,2310.09
United Kingdom,GBR,8/1/22,20.06,20060,294.22,-0.68,-3.28,-9.97,177.56,2604.31
United Kingdom,GBR,9/1/22,19.72,19720,289.24,-1.06,-5.1,-15.55,197.28,2893.55
United Kingdom,GBR,10/1/22,21.16,21160,310.36,-1.52,-6.7,-22.29,218.44,3203.9
United Kingdom,GBR,11/1/22,22.53,22530,330.45,-2.04,-8.3,-29.92,240.97,3534.36
United Kingdom,GBR,12/1/22,25.38,25380,372.25,-0.33,-1.28,-4.84,266.35,3906.61
United Kingdom,GBR,1/1/23,25.64,25640,373.31,-1.1,-4.11,-16.02,25.64,373.31
United Kingdom,GBR,2/1/23,22.24,22240,323.81,-1.42,-6,-20.67,47.88,697.12
United Kingdom,GBR,3/1/23,24.33,24330,354.24,-0.3,-1.22,-4.37,72.21,1051.35
United Kingdom,GBR,4/1/23,21.2,21200,308.66,-0.49,-2.26,-7.13,93.41,1360.02
United Kingdom,GBR,5/1/23,20.09,20090,292.5,-0.81,-3.88,-11.79,113.5,1652.52
United Kingdom,GBR,6/1/23,19.23,19230,279.98,-0.38,-1.94,-5.53,132.73,1932.5
United Kingdom,GBR,7/1/23,19.43,19430,282.89,-0.84,-4.14,-12.23,152.16,2215.4
United Kingdom,GBR,8/1/23,19.45,19450,283.19,-0.61,-3.04,-8.88,171.61,2498.58
United Kingdom,GBR,9/1/23,19.97,19970,290.76,0.25,1.27,3.64,191.58,2789.34
United Kingdom,GBR,10/1/23,21.78,21780,317.11,0.62,2.93,9.03,213.36,3106.45
United Kingdom,GBR,11/1/23,23.67,23670,344.63,1.14,5.06,16.6,237.03,3451.07
United Kingdom,GBR,12/1/23,24.52,24520,357,-0.86,-3.39,-12.52,261.55,3808.07
United Kingdom,GBR,1/1/24,26.27,26270,379.96,0.63,2.46,9.11,26.27,379.96
United Kingdom,GBR,2/1/24,23.15,23150,334.84,0.91,4.09,13.16,49.42,714.8
United Kingdom,GBR,3/1/24,23.88,23880,345.4,-0.45,-1.85,-6.51,73.3,1060.2
United Kingdom,GBR,4/1/24,21.95,21950,317.48,0.75,3.54,10.85,95.25,1377.68
United Kingdom,GBR,5/1/24,20.1,20100,290.72,0.01,0.05,0.14,115.35,1668.4
United Kingdom,GBR,6/1/24,19.33,19330,279.58,0.1,0.52,1.45,134.68,1947.98
United Kingdom,GBR,7/1/24,20.12,20120,291.01,0.69,3.55,9.98,154.8,2238.99
United Kingdom,GBR,8/1/24,19.97,19970,288.84,0.52,2.67,7.52,174.77,2527.84
United Kingdom,GBR,9/1/24,20.25,20250,292.89,0.28,1.4,4.05,195.02,2820.73
United Kingdom,GBR,10/1/24,22.64,22640,327.46,0.86,3.95,12.44,217.66,3148.19
United Kingdom,GBR,11/1/24,24.68,24680,356.97,1.01,4.27,14.61,242.34,3505.15
United Kingdom,GBR,12/1/24,23.83,23830,344.67,-0.69,-2.81,-9.98,266.17,3849.83
United Kingdom,GBR,1/1/25,27.25,27250,391.8,0.98,3.73,14.09,27.25,391.8
United Kingdom,GBR,2/1/25,23.95,23950,344.35,0.8,3.46,11.5,51.2,736.15
United Kingdom,GBR,3/1/25,23.95,23950,344.35,0.07,0.29,1.01,75.15,1080.5
United Kingdom,GBR,4/1/25,20.68,20680,297.33,-1.27,-5.79,-18.26,95.83,1377.83
United Kingdom,GBR,5/1/25,20.3,20300,291.87,0.2,1,2.88,116.13,1669.7
United Kingdom,GBR,6/1/25,19.97,19970,287.13,0.64,3.31,9.2,136.1,1956.83
United Kingdom,GBR,7/1/25,20.55,20550,295.47,0.43,2.14,6.18,156.65,2252.29
Argentina,ARG,1/1/18,12.77,12770,285.97,,,,12.77,285.97
Argentina,ARG,2/1/18,11.77,11770,263.58,,,,24.54,549.55
Argentina,ARG,3/1/18,11.62,11620,260.22,,,,36.16,809.77
Argentina,ARG,4/1/18,10.86,10860,243.2,,,,47.02,1052.96
Argentina,ARG,5/1/18,11.01,11010,246.56,,,,58.03,1299.52
Argentina,ARG,6/1/18,12.32,12320,275.89,,,,70.35,1575.42
Argentina,ARG,7/1/18,13.05,13050,292.24,,,,83.4,1867.66
Argentina,ARG,8/1/18,12.1,12100,270.97,,,,95.5,2138.62
Argentina,ARG,9/1/18,10.11,10110,226.4,,,,105.61,2365.03
Argentina,ARG,10/1/18,10.26,10260,229.76,,,,115.87,2594.79
Argentina,ARG,11/1/18,10.41,10410,233.12,,,,126.28,2827.91
Argentina,ARG,12/1/18,11.27,11270,252.38,,,,137.55,3080.29
Argentina,ARG,1/1/19,12.12,12120,269.49,-0.65,-5.09,-14.45,12.12,269.49
Argentina,ARG,2/1/19,11.06,11060,245.92,-0.71,-6.03,-15.79,23.18,515.41
Argentina,ARG,3/1/19,10.47,10470,232.8,-1.15,-9.9,-25.57,33.65,748.22
Argentina,ARG,4/1/19,9.89,9890,219.91,-0.97,-8.93,-21.57,43.54,968.13
Argentina,ARG,5/1/19,10.78,10780,239.7,-0.23,-2.09,-5.11,54.32,1207.82
Argentina,ARG,6/1/19,11.08,11080,246.37,-1.24,-10.06,-27.57,65.4,1454.19
Argentina,ARG,7/1/19,12.44,12440,276.61,-0.61,-4.67,-13.56,77.84,1730.8
Argentina,ARG,8/1/19,11.95,11950,265.71,-0.15,-1.24,-3.34,89.79,1996.51
Argentina,ARG,9/1/19,10.6,10600,235.69,0.49,4.85,10.9,100.39,2232.2
Argentina,ARG,10/1/19,10.79,10790,239.92,0.53,5.17,11.78,111.18,2472.12
Argentina,ARG,11/1/19,10.97,10970,243.92,0.56,5.38,12.45,122.15,2716.04
Argentina,ARG,12/1/19,11.6,11600,257.93,0.33,2.93,7.34,133.75,2973.97
Argentina,ARG,1/1/20,12.44,12440,275.27,0.32,2.64,7.08,12.44,275.27
Argentina,ARG,2/1/20,11.2,11200,247.83,0.14,1.27,3.1,23.64,523.1
Argentina,ARG,3/1/20,11.55,11550,255.58,1.08,10.32,23.9,35.19,778.68
Argentina,ARG,4/1/20,8.92,8920,197.38,-0.97,-9.81,-21.46,44.11,976.06
Argentina,ARG,5/1/20,10.04,10040,222.16,-0.74,-6.86,-16.37,54.15,1198.22
Argentina,ARG,6/1/20,11.23,11230,248.5,0.15,1.35,3.32,65.38,1446.72
Argentina,ARG,7/1/20,12.7,12700,281.02,0.26,2.09,5.75,78.08,1727.74
Argentina,ARG,8/1/20,11.13,11130,246.28,-0.82,-6.86,-18.14,89.21,1974.02
Argentina,ARG,9/1/20,10.38,10380,229.69,-0.22,-2.08,-4.87,99.59,2203.71
Argentina,ARG,10/1/20,10.39,10390,229.91,-0.4,-3.71,-8.85,109.98,2433.62
Argentina,ARG,11/1/20,10.52,10520,232.78,-0.45,-4.1,-9.96,120.5,2666.4
Argentina,ARG,12/1/20,11.8,11800,261.11,0.2,1.72,4.43,132.3,2927.51
Argentina,ARG,1/1/21,12.39,12390,273.44,-0.05,-0.4,-1.1,12.39,273.44
Argentina,ARG,2/1/21,10.47,10470,231.06,-0.73,-6.52,-16.11,22.86,504.5
Argentina,ARG,3/1/21,11.45,11450,252.69,-0.1,-0.87,-2.21,34.31,757.19
Argentina,ARG,4/1/21,10.16,10160,224.22,1.24,13.9,27.37,44.47,981.41
Argentina,ARG,5/1/21,11.37,11370,250.93,1.33,13.25,29.35,55.84,1232.34
Argentina,ARG,6/1/21,12.45,12450,274.76,1.22,10.86,26.92,68.29,1507.1
Argentina,ARG,7/1/21,12.85,12850,283.59,0.15,1.18,3.31,81.14,1790.68
Argentina,ARG,8/1/21,12.1,12100,267.04,0.97,8.72,21.41,93.24,2057.72
Argentina,ARG,9/1/21,10.75,10750,237.24,0.37,3.56,8.17,103.99,2294.96
Argentina,ARG,10/1/21,10.88,10880,240.11,0.49,4.72,10.81,114.87,2535.07
Argentina,ARG,11/1/21,10.95,10950,241.66,0.43,4.09,9.49,125.82,2776.73
Argentina,ARG,12/1/21,12.93,12930,285.35,1.13,9.58,24.94,138.75,3062.08
Argentina,ARG,1/1/22,13.64,13640,300.39,1.25,10.09,27.53,13.64,300.39
Argentina,ARG,2/1/22,11.03,11030,242.91,0.56,5.35,12.33,24.67,543.3
Argentina,ARG,3/1/22,11.3,11300,248.86,-0.15,-1.31,-3.3,35.97,792.15
Argentina,ARG,4/1/22,10.54,10540,232.12,0.38,3.74,8.37,46.51,1024.27
Argentina,ARG,5/1/22,12.25,12250,269.78,0.88,7.74,19.38,58.76,1294.05
Argentina,ARG,6/1/22,13.7,13700,301.71,1.25,10.04,27.53,72.46,1595.76
Argentina,ARG,7/1/22,13.23,13230,291.36,0.38,2.96,8.37,85.69,1887.12
Argentina,ARG,8/1/22,12.31,12310,271.1,0.21,1.74,4.62,98,2158.21
Argentina,ARG,9/1/22,10.75,10750,236.74,0,0,0,108.75,2394.96
Argentina,ARG,10/1/22,10.77,10770,237.18,-0.11,-1.01,-2.42,119.52,2632.14
Argentina,ARG,11/1/22,11.88,11880,261.63,0.93,8.49,20.48,131.4,2893.77
Argentina,ARG,12/1/22,13.65,13650,300.61,0.72,5.57,15.86,145.05,3194.38
Argentina,ARG,1/1/23,14.23,14230,312.48,0.59,4.33,12.96,14.23,312.48
Argentina,ARG,2/1/23,12.46,12460,273.62,1.43,12.96,31.4,26.69,586.1
Argentina,ARG,3/1/23,14.6,14600,320.61,3.3,29.2,72.47,41.29,906.71
Argentina,ARG,4/1/23,10.47,10470,229.92,-0.07,-0.66,-1.54,51.76,1136.62
Argentina,ARG,5/1/23,11.23,11230,246.61,-1.02,-8.33,-22.4,62.99,1383.23
Argentina,ARG,6/1/23,12.57,12570,276.03,-1.13,-8.25,-24.81,75.56,1659.26
Argentina,ARG,7/1/23,13.08,13080,287.23,-0.15,-1.13,-3.29,88.64,1946.49
Argentina,ARG,8/1/23,12.43,12430,272.96,0.12,0.97,2.64,101.07,2219.45
Argentina,ARG,9/1/23,11.54,11540,253.41,0.79,7.35,17.35,112.61,2472.86
Argentina,ARG,10/1/23,10.95,10950,240.46,0.18,1.67,3.95,123.56,2713.31
Argentina,ARG,11/1/23,11.58,11580,254.29,-0.3,-2.53,-6.59,135.14,2967.61
Argentina,ARG,12/1/23,12.29,12290,269.88,-1.36,-9.96,-29.86,147.43,3237.49
Argentina,ARG,1/1/24,13.55,13550,296.52,-0.68,-4.78,-14.88,13.55,296.52
Argentina,ARG,2/1/24,13.32,13320,291.49,0.86,6.9,18.82,26.87,588.01
Argentina,ARG,3/1/24,12.42,12420,271.8,-2.18,-14.93,-47.71,39.29,859.81
Argentina,ARG,4/1/24,10.39,10390,227.37,-0.08,-0.76,-1.75,49.68,1087.18
Argentina,ARG,5/1/24,12.62,12620,276.17,1.39,12.38,30.42,62.3,1363.35
Argentina,ARG,6/1/24,11.64,11640,254.73,-0.93,-7.4,-20.35,73.94,1618.08
Argentina,ARG,7/1/24,13.75,13750,300.9,0.67,5.12,14.66,87.69,1918.98
Argentina,ARG,8/1/24,12.65,12650,276.83,0.22,1.77,4.81,100.34,2195.81
Argentina,ARG,9/1/24,10.64,10640,232.84,-0.9,-7.8,-19.7,110.98,2428.65
Argentina,ARG,10/1/24,11.11,11110,243.13,0.16,1.46,3.5,122.09,2671.78
Argentina,ARG,11/1/24,11.56,11560,252.98,-0.02,-0.17,-0.44,133.65,2924.75
Argentina,ARG,12/1/24,11.97,11970,261.95,-0.32,-2.6,-7,145.62,3186.7
Argentina,ARG,1/1/25,14.03,14030,305.99,0.48,3.54,10.47,14.03,305.99
Argentina,ARG,2/1/25,13.34,13340,290.94,0.02,0.15,0.44,27.37,596.93
Argentina,ARG,3/1/25,12.07,12070,263.24,-0.35,-2.82,-7.63,39.44,860.17
Argentina,ARG,4/1/25,10.18,10180,222.02,-0.21,-2.02,-4.58,49.62,1082.19
Argentina,ARG,5/1/25,11.36,11360,247.76,-1.26,-9.98,-27.48,60.98,1329.95
Argentina,ARG,6/1/25,13.2,13200,287.89,1.56,13.4,34.02,74.18,1617.84
Bolivia,BOL,1/1/19,0.8,800,68.54,,,,0.8,68.54
Bolivia,BOL,2/1/19,0.74,740,63.4,,,,1.54,131.95
Bolivia,BOL,3/1/19,0.79,790,67.69,,,,2.33,199.63
Bolivia,BOL,4/1/19,0.78,780,66.83,,,,3.11,266.46
Bolivia,BOL,5/1/19,0.79,790,67.69,,,,3.9,334.15
Bolivia,BOL,6/1/19,0.76,760,65.12,,,,4.66,399.27
Bolivia,BOL,7/1/19,0.78,780,66.83,,,,5.44,466.1
Bolivia,BOL,8/1/19,0.8,800,68.54,,,,6.24,534.64
Bolivia,BOL,9/1/19,0.82,820,70.26,,,,7.06,604.9
Bolivia,BOL,10/1/19,0.84,840,71.97,,,,7.9,676.87
Bolivia,BOL,11/1/19,0.77,770,65.97,,,,8.67,742.84
Bolivia,BOL,12/1/19,0.84,840,71.97,,,,9.51,814.81
Bolivia,BOL,1/1/20,0.87,870,73.63,0.07,8.75,5.92,0.87,73.63
Bolivia,BOL,2/1/20,0.77,770,65.16,0.03,4.05,2.54,1.64,138.79
Bolivia,BOL,3/1/20,0.83,830,70.24,0.04,5.06,3.39,2.47,209.03
Bolivia,BOL,4/1/20,0.61,610,51.62,-0.17,-21.79,-14.39,3.08,260.66
Bolivia,BOL,5/1/20,0.63,630,53.32,-0.16,-20.25,-13.54,3.71,313.97
Bolivia,BOL,6/1/20,0.69,690,58.39,-0.07,-9.21,-5.92,4.4,372.37
Bolivia,BOL,7/1/20,0.71,710,60.09,-0.07,-8.97,-5.92,5.11,432.45
Bolivia,BOL,8/1/20,0.73,730,61.78,-0.07,-8.75,-5.92,5.84,494.23
Bolivia,BOL,9/1/20,0.78,780,66.01,-0.04,-4.88,-3.39,6.62,560.24
Bolivia,BOL,10/1/20,0.89,890,75.32,0.05,5.95,4.23,7.51,635.56
Bolivia,BOL,11/1/20,0.86,860,72.78,0.09,11.69,7.62,8.37,708.34
Bolivia,BOL,12/1/20,0.85,850,71.93,0.01,1.19,0.85,9.22,780.28
Bolivia,BOL,1/1/21,0.79,790,66.18,-0.08,-9.2,-6.7,0.79,66.18
Bolivia,BOL,2/1/21,0.75,750,62.83,-0.02,-2.6,-1.68,1.54,129.01
Bolivia,BOL,3/1/21,0.85,850,71.2,0.02,2.41,1.68,2.39,200.21
Bolivia,BOL,4/1/21,0.81,810,67.85,0.2,32.79,16.75,3.2,268.07
Bolivia,BOL,5/1/21,0.81,810,67.85,0.18,28.57,15.08,4.01,335.92
Bolivia,BOL,6/1/21,0.78,780,65.34,0.09,13.04,7.54,4.79,401.26
Bolivia,BOL,7/1/21,0.82,820,68.69,0.11,15.49,9.21,5.61,469.95
Bolivia,BOL,8/1/21,0.83,830,69.53,0.1,13.7,8.38,6.44,539.48
Bolivia,BOL,9/1/21,0.86,860,72.04,0.08,10.26,6.7,7.3,611.52
Bolivia,BOL,10/1/21,0.9,900,75.39,0.01,1.12,0.84,8.2,686.92
Bolivia,BOL,11/1/21,0.86,860,72.04,0,0,0,9.06,758.96
Bolivia,BOL,12/1/21,0.9,900,75.39,0.05,5.88,4.19,9.96,834.35
Bolivia,BOL,1/1/22,0.91,910,75.35,0.12,15.19,9.94,0.91,75.35
Bolivia,BOL,2/1/22,0.84,840,69.55,0.09,12,7.45,1.75,144.9
Bolivia,BOL,3/1/22,0.89,890,73.69,0.04,4.71,3.31,2.64,218.59
Bolivia,BOL,4/1/22,0.86,860,71.21,0.05,6.17,4.14,3.5,289.8
Bolivia,BOL,5/1/22,0.85,850,70.38,0.04,4.94,3.31,4.35,360.18
Bolivia,BOL,6/1/22,0.82,820,67.9,0.04,5.13,3.31,5.17,428.08
Bolivia,BOL,7/1/22,0.89,890,73.69,0.07,8.54,5.8,6.06,501.77
Bolivia,BOL,8/1/22,0.88,880,72.86,0.05,6.02,4.14,6.94,574.64
Bolivia,BOL,9/1/22,0.88,880,72.86,0.02,2.33,1.66,7.82,647.5
Bolivia,BOL,10/1/22,0.93,930,77,0.03,3.33,2.48,8.75,724.51
Bolivia,BOL,11/1/22,0.92,920,76.18,0.06,6.98,4.97,9.67,800.68
Bolivia,BOL,12/1/22,0.97,970,80.32,0.07,7.78,5.8,10.64,881
Bolivia,BOL,1/1/23,0.94,940,76.77,0.03,3.3,2.45,0.94,76.77
Bolivia,BOL,2/1/23,0.83,830,67.79,-0.01,-1.19,-0.82,1.77,144.56
Bolivia,BOL,3/1/23,0.98,980,80.04,0.09,10.11,7.35,2.75,224.6
Bolivia,BOL,4/1/23,0.89,890,72.69,0.03,3.49,2.45,3.64,297.28
Bolivia,BOL,5/1/23,0.89,890,72.69,0.04,4.71,3.27,4.53,369.97
Bolivia,BOL,6/1/23,0.86,860,70.24,0.04,4.88,3.27,5.39,440.21
Bolivia,BOL,7/1/23,0.9,900,73.5,0.01,1.12,0.82,6.29,513.71
Bolivia,BOL,8/1/23,0.94,940,76.77,0.06,6.82,4.9,7.23,590.48
Bolivia,BOL,9/1/23,0.97,970,79.22,0.09,10.23,7.35,8.2,669.7
Bolivia,BOL,10/1/23,1.02,1020,83.3,0.09,9.68,7.35,9.22,753.01
Bolivia,BOL,11/1/23,1.02,1020,83.3,0.1,10.87,8.17,10.24,836.31
Bolivia,BOL,12/1/23,1.04,1040,84.94,0.07,7.22,5.72,11.28,921.25
Bolivia,BOL,1/1/24,1.03,1030,82.98,0.09,9.57,7.25,1.03,82.98
Bolivia,BOL,2/1/24,0.93,930,74.92,0.1,12.05,8.06,1.96,157.9
Bolivia,BOL,3/1/24,1.03,1030,82.98,0.05,5.1,4.03,2.99,240.87
Bolivia,BOL,4/1/24,0.97,970,78.14,0.08,8.99,6.44,3.96,319.01
Bolivia,BOL,5/1/24,0.94,940,75.73,0.05,5.62,4.03,4.9,394.74
Bolivia,BOL,6/1/24,0.9,900,72.5,0.04,4.65,3.22,5.8,467.24
Bolivia,BOL,7/1/24,0.91,910,73.31,0.01,1.11,0.81,6.71,540.55
Bolivia,BOL,8/1/24,0.93,930,74.92,-0.01,-1.06,-0.81,7.64,615.47
Bolivia,BOL,9/1/24,0.97,970,78.14,0,0,0,8.61,693.61
Bolivia,BOL,10/1/24,1.06,1060,85.39,0.04,3.92,3.22,9.67,779
Bolivia,BOL,11/1/24,1.01,1010,81.36,-0.01,-0.98,-0.81,10.68,860.37
Bolivia,BOL,12/1/24,1.01,1010,81.36,-0.03,-2.88,-2.42,11.69,941.73
Bolivia,BOL,1/1/25,1,1000,79.48,-0.03,-2.91,-2.38,1,79.48
Bolivia,BOL,2/1/25,0.96,960,76.3,0.03,3.23,2.38,1.96,155.78
Bolivia,BOL,3/1/25,0.99,990,78.69,-0.04,-3.88,-3.18,2.95,234.47
Bolivia,BOL,4/1/25,0.95,950,75.51,-0.02,-2.06,-1.59,3.9,309.97
Bolivia,BOL,5/1/25,0.98,980,77.89,0.04,4.26,3.18,4.88,387.86
Bolivia,BOL,6/1/25,0.9,900,71.53,0,0,0,5.78,459.39
Brazil,BRA,1/1/18,49.45,49450,239.92,,,,49.45,239.92
Brazil,BRA,2/1/18,44.56,44560,216.2,,,,94.01,456.12
Brazil,BRA,3/1/18,50.65,50650,245.75,,,,144.66,701.87
Brazil,BRA,4/1/18,46.07,46070,223.52,,,,190.73,925.39
Brazil,BRA,5/1/18,44.66,44660,216.68,,,,235.39,1142.08
Brazil,BRA,6/1/18,42.89,42890,208.1,,,,278.28,1350.17
Brazil,BRA,7/1/18,44.34,44340,215.13,,,,322.62,1565.3
Brazil,BRA,8/1/18,44.94,44940,218.04,,,,367.56,1783.35
Brazil,BRA,9/1/18,44.07,44070,213.82,,,,411.63,1997.17
Brazil,BRA,10/1/18,47.29,47290,229.44,,,,458.92,2226.61
Brazil,BRA,11/1/18,46,46000,223.19,,,,504.92,2449.8
Brazil,BRA,12/1/18,48.62,48620,235.9,,,,553.54,2685.69
Brazil,BRA,1/1/19,53.09,53090,255.91,3.64,7.36,17.55,53.09,255.91
Brazil,BRA,2/1/19,46.9,46900,226.07,2.34,5.25,11.28,99.99,481.98
Brazil,BRA,3/1/19,49.71,49710,239.62,-0.94,-1.86,-4.53,149.7,721.6
Brazil,BRA,4/1/19,47.24,47240,227.71,1.17,2.54,5.64,196.94,949.31
Brazil,BRA,5/1/19,46.84,46840,225.78,2.18,4.88,10.51,243.78,1175.1
Brazil,BRA,6/1/19,43.6,43600,210.17,0.71,1.66,3.42,287.38,1385.26
Brazil,BRA,7/1/19,44.39,44390,213.97,0.05,0.11,0.24,331.77,1599.24
Brazil,BRA,8/1/19,45.04,45040,217.11,0.1,0.22,0.48,376.81,1816.35
Brazil,BRA,9/1/19,45.59,45590,219.76,1.52,3.45,7.33,422.4,2036.1
Brazil,BRA,10/1/19,48.87,48870,235.57,1.58,3.34,7.62,471.27,2271.67
Brazil,BRA,11/1/19,47.09,47090,226.99,1.09,2.37,5.25,518.36,2498.66
Brazil,BRA,12/1/19,48.63,48630,234.41,0.01,0.02,0.05,566.99,2733.07
Brazil,BRA,1/1/20,51.33,51330,246,-1.76,-3.32,-8.43,51.33,246
Brazil,BRA,2/1/20,48.21,48210,231.04,1.31,2.79,6.28,99.54,477.04
Brazil,BRA,3/1/20,49.59,49590,237.66,-0.12,-0.24,-0.58,149.13,714.7
Brazil,BRA,4/1/20,41.6,41600,199.37,-5.64,-11.94,-27.03,190.73,914.07
Brazil,BRA,5/1/20,42.08,42080,201.67,-4.76,-10.16,-22.81,232.81,1115.73
Brazil,BRA,6/1/20,41.87,41870,200.66,-1.73,-3.97,-8.29,274.68,1316.39
Brazil,BRA,7/1/20,44.65,44650,213.98,0.26,0.59,1.25,319.33,1530.38
Brazil,BRA,8/1/20,45.59,45590,218.49,0.55,1.22,2.64,364.92,1748.87
Brazil,BRA,9/1/20,47.53,47530,227.79,1.94,4.26,9.3,412.45,1976.65
Brazil,BRA,10/1/20,50.27,50270,240.92,1.4,2.86,6.71,462.72,2217.57
Brazil,BRA,11/1/20,46.65,46650,223.57,-0.44,-0.93,-2.11,509.37,2441.14
Brazil,BRA,12/1/20,49.98,49980,239.53,1.35,2.78,6.47,559.35,2680.66
Brazil,BRA,1/1/21,51.77,51770,247.05,0.44,0.86,2.1,51.77,247.05
Brazil,BRA,2/1/21,46.99,46990,224.24,-1.22,-2.53,-5.82,98.76,471.3
Brazil,BRA,3/1/21,54.28,54280,259.03,4.69,9.46,22.38,153.04,730.33
Brazil,BRA,4/1/21,49.55,49550,236.46,7.95,19.11,37.94,202.59,966.79
Brazil,BRA,5/1/21,50.22,50220,239.66,8.14,19.34,38.85,252.81,1206.44
Brazil,BRA,6/1/21,47.83,47830,228.25,5.96,14.23,28.44,300.64,1434.69
Brazil,BRA,7/1/21,48.74,48740,232.59,4.09,9.16,19.52,349.38,1667.29
Brazil,BRA,8/1/21,49.92,49920,238.22,4.33,9.5,20.66,399.3,1905.51
Brazil,BRA,9/1/21,50.19,50190,239.51,2.66,5.6,12.69,449.49,2145.03
Brazil,BRA,10/1/21,50.17,50170,239.42,-0.1,-0.2,-0.48,499.66,2384.44
Brazil,BRA,11/1/21,50.84,50840,242.62,4.19,8.98,20,550.5,2627.06
Brazil,BRA,12/1/21,52.94,52940,252.64,2.96,5.92,14.13,603.44,2879.69
Brazil,BRA,1/1/22,54.62,54620,259.72,2.85,5.51,13.55,54.62,259.72
Brazil,BRA,2/1/22,50.74,50740,241.27,3.75,7.98,17.83,105.36,500.98
Brazil,BRA,3/1/22,56.6,56600,269.13,2.32,4.27,11.03,161.96,770.12
Brazil,BRA,4/1/22,51.15,51150,243.22,1.6,3.23,7.61,213.11,1013.33
Brazil,BRA,5/1/22,51.51,51510,244.93,1.29,2.57,6.13,264.62,1258.26
Brazil,BRA,6/1/22,49.14,49140,233.66,1.31,2.74,6.23,313.76,1491.92
Brazil,BRA,7/1/22,51.26,51260,243.74,2.52,5.17,11.98,365.02,1735.66
Brazil,BRA,8/1/22,51.77,51770,246.17,1.85,3.71,8.8,416.79,1981.83
Brazil,BRA,9/1/22,50.83,50830,241.7,0.64,1.28,3.04,467.62,2223.52
Brazil,BRA,10/1/22,53.09,53090,252.44,2.92,5.82,13.88,520.71,2475.96
Brazil,BRA,11/1/22,51.07,51070,242.84,0.23,0.45,1.09,571.78,2718.8
Brazil,BRA,12/1/22,53.58,53580,254.77,0.64,1.21,3.04,625.36,2973.57
Brazil,BRA,1/1/23,55.36,55360,262.19,0.74,1.35,3.5,55.36,262.19
Brazil,BRA,2/1/23,52.44,52440,248.36,1.7,3.35,8.05,107.8,510.56
Brazil,BRA,3/1/23,58.96,58960,279.24,2.36,4.17,11.18,166.76,789.8
Brazil,BRA,4/1/23,52.71,52710,249.64,1.56,3.05,7.39,219.47,1039.45
Brazil,BRA,5/1/23,53.75,53750,254.57,2.24,4.35,10.61,273.22,1294.02
Brazil,BRA,6/1/23,50.93,50930,241.21,1.79,3.64,8.48,324.15,1535.23
Brazil,BRA,7/1/23,52.28,52280,247.61,1.02,1.99,4.83,376.43,1782.84
Brazil,BRA,8/1/23,54.26,54260,256.98,2.49,4.81,11.79,430.69,2039.82
Brazil,BRA,9/1/23,54.75,54750,259.31,3.92,7.71,18.57,485.44,2299.13
Brazil,BRA,10/1/23,57.59,57590,272.76,4.5,8.48,21.31,543.03,2571.88
Brazil,BRA,11/1/23,58.22,58220,275.74,7.15,14,33.86,601.25,2847.62
Brazil,BRA,12/1/23,60.12,60120,284.74,6.54,12.21,30.97,661.37,3132.36
Brazil,BRA,1/1/24,59.13,59130,278.92,3.77,6.81,17.78,59.13,278.92
Brazil,BRA,2/1/24,57.95,57950,273.35,5.51,10.51,25.99,117.08,552.27
Brazil,BRA,3/1/24,61.46,61460,289.91,2.5,4.24,11.79,178.54,842.17
Brazil,BRA,4/1/24,57.51,57510,271.27,4.8,9.11,22.64,236.05,1113.45
Brazil,BRA,5/1/24,57.79,57790,272.6,4.04,7.52,19.06,293.84,1386.04
Brazil,BRA,6/1/24,53.73,53730,253.44,2.8,5.5,13.21,347.57,1639.49
Brazil,BRA,7/1/24,56.13,56130,264.77,3.85,7.36,18.16,403.7,1904.25
Brazil,BRA,8/1/24,57.34,57340,270.47,3.08,5.68,14.53,461.04,2174.73
Brazil,BRA,9/1/24,58.01,58010,273.63,3.26,5.95,15.38,519.05,2448.36
Brazil,BRA,10/1/24,60.09,60090,283.44,2.5,4.34,11.79,579.14,2731.81
Brazil,BRA,11/1/24,58.2,58200,274.53,-0.02,-0.03,-0.09,637.34,3006.33
Brazil,BRA,12/1/24,59.31,59310,279.77,-0.81,-1.35,-3.82,696.65,3286.1
Brazil,BRA,1/1/25,62.26,62260,292.56,3.13,5.29,14.71,62.26,292.56
Brazil,BRA,2/1/25,60.61,60610,284.81,2.66,4.59,12.5,122.87,577.36
Brazil,BRA,3/1/25,64.18,64180,301.58,2.72,4.43,12.78,187.05,878.94
Brazil,BRA,4/1/25,57.33,57330,269.39,-0.18,-0.31,-0.85,244.38,1148.34
Brazil,BRA,5/1/25,56.84,56840,267.09,-0.95,-1.64,-4.46,301.22,1415.43
Brazil,BRA,6/1/25,54.43,54430,255.77,0.7,1.3,3.29,355.65,1671.19
Brazil,BRA,7/1/25,56.33,56330,264.69,0.2,0.36,0.94,411.98,1935.89
Chile,CHL,1/1/16,6.18,6180,338.31,,,,6.18,338.31
Chile,CHL,2/1/16,5.98,5980,327.36,,,,12.16,665.67
Chile,CHL,3/1/16,6.42,6420,351.45,,,,18.58,1017.12
Chile,CHL,4/1/16,5.88,5880,321.89,,,,24.46,1339.01
Chile,CHL,5/1/16,6.21,6210,339.95,,,,30.67,1678.97
Chile,CHL,6/1/16,6.2,6200,339.41,,,,36.87,2018.37
Chile,CHL,7/1/16,6.24,6240,341.6,,,,43.11,2359.97
Chile,CHL,8/1/16,6.15,6150,336.67,,,,49.26,2696.64
Chile,CHL,9/1/16,5.86,5860,320.79,,,,55.12,3017.43
Chile,CHL,10/1/16,5.97,5970,326.82,,,,61.09,3344.25
Chile,CHL,11/1/16,6.01,6010,329,,,,67.1,3673.25
Chile,CHL,12/1/16,6.28,6280,343.79,,,,73.38,4017.04
Chile,CHL,1/1/17,6.34,6340,341.62,0.16,2.59,8.62,6.34,341.62
Chile,CHL,2/1/17,5.71,5710,307.67,-0.27,-4.52,-14.55,12.05,649.28
Chile,CHL,3/1/17,6.15,6150,331.38,-0.27,-4.21,-14.55,18.2,980.66
Chile,CHL,4/1/17,5.8,5800,312.52,-0.08,-1.36,-4.31,24,1293.18
Chile,CHL,5/1/17,6.3,6300,339.46,0.09,1.45,4.85,30.3,1632.64
Chile,CHL,6/1/17,6.23,6230,335.69,0.03,0.48,1.62,36.53,1968.33
Chile,CHL,7/1/17,6.4,6400,344.85,0.16,2.56,8.62,42.93,2313.18
Chile,CHL,8/1/17,6.44,6440,347,0.29,4.72,15.63,49.37,2660.18
Chile,CHL,9/1/17,6,6000,323.3,0.14,2.39,7.54,55.37,2983.47
Chile,CHL,10/1/17,6.2,6200,334.07,0.23,3.85,12.39,61.57,3317.55
Chile,CHL,11/1/17,6.17,6170,332.46,0.16,2.66,8.62,67.74,3650
Chile,CHL,12/1/17,6.53,6530,351.85,0.25,3.98,13.47,74.27,4001.85
Chile,CHL,1/1/18,6.58,6580,348.27,0.24,3.79,12.7,6.58,348.27
Chile,CHL,2/1/18,6.03,6030,319.16,0.32,5.6,16.94,12.61,667.44
Chile,CHL,3/1/18,6.55,6550,346.69,0.4,6.5,21.17,19.16,1014.12
Chile,CHL,4/1/18,6.13,6130,324.46,0.33,5.69,17.47,25.29,1338.58
Chile,CHL,5/1/18,6.5,6500,344.04,0.2,3.17,10.59,31.79,1682.62
Chile,CHL,6/1/18,6.55,6550,346.69,0.32,5.14,16.94,38.34,2029.3
Chile,CHL,7/1/18,6.7,6700,354.62,0.3,4.69,15.88,45.04,2383.93
Chile,CHL,8/1/18,6.55,6550,346.69,0.11,1.71,5.82,51.59,2730.61
Chile,CHL,9/1/18,6.07,6070,321.28,0.07,1.17,3.71,57.66,3051.89
Chile,CHL,10/1/18,6.37,6370,337.16,0.17,2.74,9,64.03,3389.05
Chile,CHL,11/1/18,6.31,6310,333.98,0.14,2.27,7.41,70.34,3723.03
Chile,CHL,12/1/18,6.52,6520,345.1,-0.01,-0.15,-0.53,76.86,4068.13
Chile,CHL,1/1/19,6.57,6570,342.23,-0.01,-0.15,-0.52,6.57,342.23
Chile,CHL,2/1/19,6.02,6020,313.58,-0.01,-0.17,-0.52,12.59,655.81
Chile,CHL,3/1/19,6.63,6630,345.35,0.08,1.22,4.17,19.22,1001.16
Chile,CHL,4/1/19,6.19,6190,322.43,0.06,0.98,3.13,25.41,1323.6
Chile,CHL,5/1/19,6.59,6590,343.27,0.09,1.38,4.69,32,1666.87
Chile,CHL,6/1/19,6.51,6510,339.1,-0.04,-0.61,-2.08,38.51,2005.97
Chile,CHL,7/1/19,6.82,6820,355.25,0.12,1.79,6.25,45.33,2361.22
Chile,CHL,8/1/19,6.6,6600,343.79,0.05,0.76,2.6,51.93,2705.01
Chile,CHL,9/1/19,6.1,6100,317.75,0.03,0.49,1.56,58.03,3022.76
Chile,CHL,10/1/19,6.25,6250,325.56,-0.12,-1.88,-6.25,64.28,3348.32
Chile,CHL,11/1/19,6.31,6310,328.69,0,0,0,70.59,3677
Chile,CHL,12/1/19,6.79,6790,353.69,0.27,4.14,14.06,77.38,4030.69
Chile,CHL,1/1/20,6.81,6810,351.56,0.24,3.65,12.39,6.81,351.56
Chile,CHL,2/1/20,6.37,6370,328.85,0.35,5.81,18.07,13.18,680.41
Chile,CHL,3/1/20,6.76,6760,348.98,0.13,1.96,6.71,19.94,1029.4
Chile,CHL,4/1/20,6.19,6190,319.56,0,0,0,26.13,1348.95
Chile,CHL,5/1/20,6.43,6430,331.95,-0.16,-2.43,-8.26,32.56,1680.9
Chile,CHL,6/1/20,6.42,6420,331.43,-0.09,-1.38,-4.65,38.98,2012.33
Chile,CHL,7/1/20,6.47,6470,334.01,-0.35,-5.13,-18.07,45.45,2346.34
Chile,CHL,8/1/20,6.46,6460,333.5,-0.14,-2.12,-7.23,51.91,2679.83
Chile,CHL,9/1/20,6.17,6170,318.52,0.07,1.15,3.61,58.08,2998.36
Chile,CHL,10/1/20,6.45,6450,332.98,0.2,3.2,10.32,64.53,3331.34
Chile,CHL,11/1/20,6.36,6360,328.33,0.05,0.79,2.58,70.89,3659.67
Chile,CHL,12/1/20,6.88,6880,355.18,0.09,1.33,4.65,77.77,4014.85
Chile,CHL,1/1/21,6.78,6780,348.47,-0.03,-0.44,-1.54,6.78,348.47
Chile,CHL,2/1/21,6.17,6170,317.12,-0.2,-3.14,-10.28,12.95,665.59
Chile,CHL,3/1/21,6.98,6980,358.75,0.22,3.25,11.31,19.93,1024.35
Chile,CHL,4/1/21,6.53,6530,335.62,0.34,5.49,17.48,26.46,1359.97
Chile,CHL,5/1/21,6.88,6880,353.61,0.45,7,23.13,33.34,1713.58
Chile,CHL,6/1/21,6.78,6780,348.47,0.36,5.61,18.5,40.12,2062.06
Chile,CHL,7/1/21,7.13,7130,366.46,0.66,10.2,33.92,47.25,2428.52
Chile,CHL,8/1/21,7.06,7060,362.86,0.6,9.29,30.84,54.31,2791.38
Chile,CHL,9/1/21,6.55,6550,336.65,0.38,6.16,19.53,60.86,3128.04
Chile,CHL,10/1/21,6.82,6820,350.53,0.37,5.74,19.02,67.68,3478.56
Chile,CHL,11/1/21,6.73,6730,345.9,0.37,5.82,19.02,74.41,3824.47
Chile,CHL,12/1/21,7.15,7150,367.49,0.27,3.92,13.88,81.56,4191.96
Chile,CHL,1/1/22,7.01,7010,358.51,0.23,3.39,11.76,7.01,358.51
Chile,CHL,2/1/22,6.42,6420,328.34,0.25,4.05,12.79,13.43,686.85
Chile,CHL,3/1/22,7.13,7130,364.65,0.15,2.15,7.67,20.56,1051.5
Chile,CHL,4/1/22,6.63,6630,339.08,0.1,1.53,5.11,27.19,1390.58
Chile,CHL,5/1/22,7.15,7150,365.67,0.27,3.92,13.81,34.34,1756.25
Chile,CHL,6/1/22,7.09,7090,362.6,0.31,4.57,15.85,41.43,2118.86
Chile,CHL,7/1/22,7.23,7230,369.76,0.1,1.4,5.11,48.66,2488.62
Chile,CHL,8/1/22,7.04,7040,360.05,-0.02,-0.28,-1.02,55.7,2848.67
Chile,CHL,9/1/22,6.58,6580,336.52,0.03,0.46,1.53,62.28,3185.19
Chile,CHL,10/1/22,6.8,6800,347.77,-0.02,-0.29,-1.02,69.08,3532.96
Chile,CHL,11/1/22,6.81,6810,348.28,0.08,1.19,4.09,75.89,3881.25
Chile,CHL,12/1/22,7.28,7280,372.32,0.13,1.82,6.65,83.17,4253.57
Chile,CHL,1/1/23,7.08,7080,360.14,0.07,1,3.56,7.08,360.14
Chile,CHL,2/1/23,6.54,6540,332.68,0.12,1.87,6.1,13.62,692.82
Chile,CHL,3/1/23,7.25,7250,368.79,0.12,1.68,6.1,20.87,1061.61
Chile,CHL,4/1/23,6.66,6660,338.78,0.03,0.45,1.53,27.53,1400.39
Chile,CHL,5/1/23,7.05,7050,358.62,-0.1,-1.4,-5.09,34.58,1759.01
Chile,CHL,6/1/23,7.05,7050,358.62,-0.04,-0.56,-2.03,41.63,2117.63
Chile,CHL,7/1/23,7.18,7180,365.23,-0.05,-0.69,-2.54,48.81,2482.86
Chile,CHL,8/1/23,7.11,7110,361.67,0.07,0.99,3.56,55.92,2844.53
Chile,CHL,9/1/23,6.83,6830,347.43,0.25,3.8,12.72,62.75,3191.95
Chile,CHL,10/1/23,6.88,6880,349.97,0.08,1.18,4.07,69.63,3541.93
Chile,CHL,11/1/23,6.77,6770,344.38,-0.04,-0.59,-2.03,76.4,3886.3
Chile,CHL,12/1/23,7.2,7200,366.25,-0.08,-1.1,-4.07,83.6,4252.55
Chile,CHL,1/1/24,7.34,7340,371.37,0.26,3.67,13.15,7.34,371.37
Chile,CHL,2/1/24,7,7000,354.16,0.46,7.03,23.27,14.34,725.53
Chile,CHL,3/1/24,7.28,7280,368.33,0.03,0.41,1.52,21.62,1093.86
Chile,CHL,4/1/24,6.79,6790,343.54,0.13,1.95,6.58,28.41,1437.4
Chile,CHL,5/1/24,7.48,7480,378.45,0.43,6.1,21.76,35.89,1815.85
Chile,CHL,6/1/24,7.16,7160,362.26,0.11,1.56,5.57,43.05,2178.11
Chile,CHL,7/1/24,7.35,7350,371.87,0.17,2.37,8.6,50.4,2549.99
Chile,CHL,8/1/24,7.16,7160,362.26,0.05,0.7,2.53,57.56,2912.25
Chile,CHL,9/1/24,6.67,6670,337.47,-0.16,-2.34,-8.1,64.23,3249.72
Chile,CHL,10/1/24,6.86,6860,347.08,-0.02,-0.29,-1.01,71.09,3596.8
Chile,CHL,11/1/24,6.79,6790,343.54,0.02,0.3,1.01,77.88,3940.34
Chile,CHL,12/1/24,7.31,7310,369.85,0.11,1.53,5.57,85.19,4310.19
Chile,CHL,1/1/25,7.29,7290,367.07,-0.05,-0.68,-2.52,7.29,367.07
Chile,CHL,2/1/25,6.56,6560,330.31,-0.44,-6.29,-22.16,13.85,697.39
Chile,CHL,3/1/25,7.17,7170,361.03,-0.11,-1.51,-5.54,21.02,1058.41
Chile,CHL,4/1/25,6.77,6770,340.89,-0.02,-0.29,-1.01,27.79,1399.3
Chile,CHL,5/1/25,7.17,7170,361.03,-0.31,-4.14,-15.61,34.96,1760.33
Chile,CHL,6/1/25,7.15,7150,360.02,-0.01,-0.14,-0.5,42.11,2120.35
Chile,CHL,7/1/25,7.36,7360,370.6,0.01,0.14,0.5,49.47,2490.95
Colombia,COL,1/1/00,3.28,3280,83.91,,,,3.28,83.91
Colombia,COL,2/1/00,3.21,3210,82.12,,,,6.49,166.03
Colombia,COL,3/1/00,3.42,3420,87.49,,,,9.91,253.52
Colombia,COL,4/1/00,3.23,3230,82.63,,,,13.14,336.15
Colombia,COL,5/1/00,3.42,3420,87.49,,,,16.56,423.64
Colombia,COL,6/1/00,3.31,3310,84.68,,,,19.87,508.32
Colombia,COL,7/1/00,3.39,3390,86.72,,,,23.26,595.04
Colombia,COL,8/1/00,3.44,3440,88,,,,26.7,683.04
Colombia,COL,9/1/00,3.4,3400,86.98,,,,30.1,770.02
Colombia,COL,10/1/00,3.52,3520,90.05,,,,33.62,860.07
Colombia,COL,11/1/00,3.45,3450,88.26,,,,37.07,948.33
Colombia,COL,12/1/00,3.56,3560,91.07,,,,40.63,1039.4
Colombia,COL,1/1/01,3.46,3460,87.13,0.18,5.49,4.53,3.46,87.13
Colombia,COL,2/1/01,3.25,3250,81.84,0.04,1.25,1.01,6.71,168.98
Colombia,COL,3/1/01,3.6,3600,90.66,0.18,5.26,4.53,10.31,259.64
Colombia,COL,4/1/01,3.44,3440,86.63,0.21,6.5,5.29,13.75,346.27
Colombia,COL,5/1/01,3.61,3610,90.91,0.19,5.56,4.78,17.36,437.18
Colombia,COL,6/1/01,3.44,3440,86.63,0.13,3.93,3.27,20.8,523.81
Colombia,COL,7/1/01,3.53,3530,88.9,0.14,4.13,3.53,24.33,612.7
Colombia,COL,8/1/01,3.65,3650,91.92,0.21,6.1,5.29,27.98,704.62
Colombia,COL,9/1/01,3.52,3520,88.64,0.12,3.53,3.02,31.5,793.27
Colombia,COL,10/1/01,3.67,3670,92.42,0.15,4.26,3.78,35.17,885.69
Colombia,COL,11/1/01,3.53,3530,88.9,0.08,2.32,2.01,38.7,974.58
Colombia,COL,12/1/01,3.71,3710,93.43,0.15,4.21,3.78,42.41,1068.01
Colombia,COL,1/1/02,3.61,3610,89.52,0.15,4.34,3.72,3.61,89.52
Colombia,COL,2/1/02,3.42,3420,84.81,0.17,5.23,4.22,7.03,174.33
Colombia,COL,3/1/02,3.62,3620,89.77,0.02,0.56,0.5,10.65,264.11
Colombia,COL,4/1/02,3.59,3590,89.03,0.15,4.36,3.72,14.24,353.13
Colombia,COL,5/1/02,3.72,3720,92.25,0.11,3.05,2.73,17.96,445.38
Colombia,COL,6/1/02,3.53,3530,87.54,0.09,2.62,2.23,21.49,532.92
Colombia,COL,7/1/02,3.69,3690,91.51,0.16,4.53,3.97,25.18,624.43
Colombia,COL,8/1/02,3.75,3750,93,0.1,2.74,2.48,28.93,717.43
Colombia,COL,9/1/02,3.68,3680,91.26,0.16,4.55,3.97,32.61,808.69
Colombia,COL,10/1/02,3.81,3810,94.48,0.14,3.81,3.47,36.42,903.17
Colombia,COL,11/1/02,3.69,3690,91.51,0.16,4.53,3.97,40.11,994.68
Colombia,COL,12/1/02,3.83,3830,94.98,0.12,3.23,2.98,43.94,1089.65
Colombia,COL,1/1/03,3.74,3740,91.36,0.13,3.6,3.18,3.74,91.36
Colombia,COL,2/1/03,3.45,3450,84.28,0.03,0.88,0.73,7.19,175.63
Colombia,COL,3/1/03,3.93,3930,96,0.31,8.56,7.57,11.12,271.63
Colombia,COL,4/1/03,3.72,3720,90.87,0.13,3.62,3.18,14.84,362.5
Colombia,COL,5/1/03,3.84,3840,93.8,0.12,3.23,2.93,18.68,456.31
Colombia,COL,6/1/03,3.65,3650,89.16,0.12,3.4,2.93,22.33,545.47
Colombia,COL,7/1/03,3.89,3890,95.02,0.2,5.42,4.89,26.22,640.49
Colombia,COL,8/1/03,3.89,3890,95.02,0.14,3.73,3.42,30.11,735.51
Colombia,COL,9/1/03,3.86,3860,94.29,0.18,4.89,4.4,33.97,829.8
Colombia,COL,10/1/03,4,4000,97.71,0.19,4.99,4.64,37.97,927.51
Colombia,COL,11/1/03,3.88,3880,94.78,0.19,5.15,4.64,41.85,1022.29
Colombia,COL,12/1/03,4.01,4010,97.95,0.18,4.7,4.4,45.86,1120.25
Colombia,COL,1/1/04,3.89,3890,93.64,0.15,4.01,3.61,3.89,93.64
Colombia,COL,2/1/04,3.8,3800,91.47,0.35,10.14,8.42,7.69,185.11
Colombia,COL,3/1/04,4.05,4050,97.49,0.12,3.05,2.89,11.74,282.6
Colombia,COL,4/1/04,3.85,3850,92.67,0.13,3.49,3.13,15.59,375.27
Colombia,COL,5/1/04,4,4000,96.29,0.16,4.17,3.85,19.59,471.56
Colombia,COL,6/1/04,3.83,3830,92.19,0.18,4.93,4.33,23.42,563.75
Colombia,COL,7/1/04,3.96,3960,95.32,0.07,1.8,1.68,27.38,659.07
Colombia,COL,8/1/04,4.04,4040,97.25,0.15,3.86,3.61,31.42,756.32
Colombia,COL,9/1/04,3.95,3950,95.08,0.09,2.33,2.17,35.37,851.4
Colombia,COL,10/1/04,4.05,4050,97.49,0.05,1.25,1.2,39.42,948.89
Colombia,COL,11/1/04,3.99,3990,96.04,0.11,2.84,2.65,43.41,1044.94
Colombia,COL,12/1/04,4.15,4150,99.9,0.14,3.49,3.37,47.56,1144.83
Colombia,COL,1/1/05,4.03,4030,95.66,0.14,3.6,3.32,4.03,95.66
Colombia,COL,2/1/05,3.76,3760,89.25,-0.04,-1.05,-0.95,7.79,184.91
Colombia,COL,3/1/05,4.11,4110,97.56,0.06,1.48,1.42,11.9,282.47
Colombia,COL,4/1/05,4.07,4070,96.61,0.22,5.71,5.22,15.97,379.07
Colombia,COL,5/1/05,4.16,4160,98.74,0.16,4,3.8,20.13,477.82
Colombia,COL,6/1/05,4.03,4030,95.66,0.2,5.22,4.75,24.16,573.48
Colombia,COL,7/1/05,4.17,4170,98.98,0.21,5.3,4.98,28.33,672.46
Colombia,COL,8/1/05,4.28,4280,101.59,0.24,5.94,5.7,32.61,774.05
Colombia,COL,9/1/05,4.17,4170,98.98,0.22,5.57,5.22,36.78,873.03
Colombia,COL,10/1/05,4.25,4250,100.88,0.2,4.94,4.75,41.03,973.91
Colombia,COL,11/1/05,4.13,4130,98.03,0.14,3.51,3.32,45.16,1071.95
Colombia,COL,12/1/05,4.3,4300,102.07,0.15,3.61,3.56,49.46,1174.01
Colombia,COL,1/1/06,4.16,4160,97.44,0.13,3.23,3.05,4.16,97.44
Colombia,COL,2/1/06,3.94,3940,92.29,0.18,4.79,4.22,8.1,189.74
Colombia,COL,3/1/06,4.33,4330,101.43,0.22,5.35,5.15,12.43,291.16
Colombia,COL,4/1/06,4.08,4080,95.57,0.01,0.25,0.23,16.51,386.73
Colombia,COL,5/1/06,4.3,4300,100.72,0.14,3.37,3.28,20.81,487.46
Colombia,COL,6/1/06,4.18,4180,97.91,0.15,3.72,3.51,24.99,585.37
Colombia,COL,7/1/06,4.35,4350,101.89,0.18,4.32,4.22,29.34,687.26
Colombia,COL,8/1/06,4.41,4410,103.3,0.13,3.04,3.05,33.75,790.56
Colombia,COL,9/1/06,4.34,4340,101.66,0.17,4.08,3.98,38.09,892.22
Colombia,COL,10/1/06,4.48,4480,104.94,0.23,5.41,5.39,42.57,997.16
Colombia,COL,11/1/06,4.33,4330,101.43,0.2,4.84,4.68,46.9,1098.59
Colombia,COL,12/1/06,4.44,4440,104,0.14,3.26,3.28,51.34,1202.59
Colombia,COL,1/1/07,4.34,4340,100.38,0.18,4.33,4.16,4.34,100.38
Colombia,COL,2/1/07,4.07,4070,94.14,0.13,3.3,3.01,8.41,194.52
Colombia,COL,3/1/07,4.5,4500,104.08,0.17,3.93,3.93,12.91,298.6
Colombia,COL,4/1/07,4.18,4180,96.68,0.1,2.45,2.31,17.09,395.28
Colombia,COL,5/1/07,4.42,4420,102.23,0.12,2.79,2.78,21.51,497.51
Colombia,COL,6/1/07,4.27,4270,98.76,0.09,2.15,2.08,25.78,596.27
Colombia,COL,7/1/07,4.46,4460,103.16,0.11,2.53,2.54,30.24,699.43
Colombia,COL,8/1/07,4.48,4480,103.62,0.07,1.59,1.62,34.72,803.05
Colombia,COL,9/1/07,4.4,4400,101.77,0.06,1.38,1.39,39.12,904.81
Colombia,COL,10/1/07,4.5,4500,104.08,0.02,0.45,0.46,43.62,1008.9
Colombia,COL,11/1/07,4.43,4430,102.46,0.1,2.31,2.31,48.05,1111.36
Colombia,COL,12/1/07,4.55,4550,105.24,0.11,2.48,2.54,52.6,1216.6
Colombia,COL,1/1/08,4.42,4420,101.01,0.08,1.84,1.83,4.42,101.01
Colombia,COL,2/1/08,4.24,4240,96.89,0.17,4.18,3.88,8.66,197.9
Colombia,COL,3/1/08,4.3,4300,98.27,-0.2,-4.44,-4.57,12.96,296.17
Colombia,COL,4/1/08,4.41,4410,100.78,0.23,5.5,5.26,17.37,396.95
Colombia,COL,5/1/08,4.43,4430,101.24,0.01,0.23,0.23,21.8,498.19
Colombia,COL,6/1/08,4.33,4330,98.95,0.06,1.41,1.37,26.13,597.14
Colombia,COL,7/1/08,4.52,4520,103.29,0.06,1.35,1.37,30.65,700.43
Colombia,COL,8/1/08,4.52,4520,103.29,0.04,0.89,0.91,35.17,803.72
Colombia,COL,9/1/08,4.53,4530,103.52,0.13,2.95,2.97,39.7,907.25
Colombia,COL,10/1/08,4.67,4670,106.72,0.17,3.78,3.88,44.37,1013.97
Colombia,COL,11/1/08,4.43,4430,101.24,0,0,0,48.8,1115.2
Colombia,COL,12/1/08,4.63,4630,105.81,0.08,1.76,1.83,53.43,1221.01
Colombia,COL,1/1/09,4.5,4500,101.65,0.08,1.81,1.81,4.5,101.65
Colombia,COL,2/1/09,4.19,4190,94.64,-0.05,-1.18,-1.13,8.69,196.29
Colombia,COL,3/1/09,4.64,4640,104.81,0.34,7.91,7.68,13.33,301.1
Colombia,COL,4/1/09,4.44,4440,100.29,0.03,0.68,0.68,17.77,401.39
Colombia,COL,5/1/09,4.63,4630,104.58,0.2,4.51,4.52,22.4,505.97
Colombia,COL,6/1/09,4.43,4430,100.06,0.1,2.31,2.26,26.83,606.03
Colombia,COL,7/1/09,4.64,4640,104.81,0.12,2.65,2.71,31.47,710.84
Colombia,COL,8/1/09,4.7,4700,106.16,0.18,3.98,4.07,36.17,817
Colombia,COL,9/1/09,4.78,4780,107.97,0.25,5.52,5.65,40.95,924.97
Colombia,COL,10/1/09,4.73,4730,106.84,0.06,1.28,1.36,45.68,1031.82
Colombia,COL,11/1/09,4.58,4580,103.45,0.15,3.39,3.39,50.26,1135.27
Colombia,COL,12/1/09,4.69,4690,105.94,0.06,1.3,1.36,54.95,1241.2
Colombia,COL,1/1/10,4.53,4530,101.17,0.03,0.67,0.67,4.53,101.17
Colombia,COL,2/1/10,4.34,4340,96.92,0.15,3.58,3.35,8.87,198.09
Colombia,COL,3/1/10,4.81,4810,107.42,0.17,3.66,3.8,13.68,305.51
Colombia,COL,4/1/10,4.53,4530,101.17,0.09,2.03,2.01,18.21,406.68
Colombia,COL,5/1/10,4.69,4690,104.74,0.06,1.3,1.34,22.9,511.42
Colombia,COL,6/1/10,4.55,4550,101.61,0.12,2.71,2.68,27.45,613.03
Colombia,COL,7/1/10,4.67,4670,104.29,0.03,0.65,0.67,32.12,717.33
Colombia,COL,8/1/10,4.72,4720,105.41,0.02,0.43,0.45,36.84,822.74
Colombia,COL,9/1/10,4.63,4630,103.4,-0.15,-3.14,-3.35,41.47,926.14
Colombia,COL,10/1/10,4.83,4830,107.87,0.1,2.11,2.23,46.3,1034.01
Colombia,COL,11/1/10,4.73,4730,105.63,0.15,3.28,3.35,51.03,1139.64
Colombia,COL,12/1/10,4.8,4800,107.2,0.11,2.35,2.46,55.83,1246.84
Colombia,COL,1/1/11,4.72,4720,104.29,0.19,4.19,4.2,4.72,104.29
Colombia,COL,2/1/11,4.39,4390,97,0.05,1.15,1.1,9.11,201.28
Colombia,COL,3/1/11,4.97,4970,109.81,0.16,3.33,3.54,14.08,311.09
Colombia,COL,4/1/11,4.59,4590,101.41,0.06,1.32,1.33,18.67,412.51
Colombia,COL,5/1/11,4.83,4830,106.72,0.14,2.99,3.09,23.5,519.23
Colombia,COL,6/1/11,4.66,4660,102.96,0.11,2.42,2.43,28.16,622.19
Colombia,COL,7/1/11,4.77,4770,105.39,0.1,2.14,2.21,32.93,727.58
Colombia,COL,8/1/11,4.95,4950,109.37,0.23,4.87,5.08,37.88,836.95
Colombia,COL,9/1/11,4.85,4850,107.16,0.22,4.75,4.86,42.73,944.11
Colombia,COL,10/1/11,4.93,4930,108.93,0.1,2.07,2.21,47.66,1053.04
Colombia,COL,11/1/11,4.91,4910,108.49,0.18,3.81,3.98,52.57,1161.52
Colombia,COL,12/1/11,4.92,4920,108.71,0.12,2.5,2.65,57.49,1270.23
Colombia,COL,1/1/12,4.74,4740,103.68,0.02,0.42,0.44,4.74,103.68
Colombia,COL,2/1/12,4.58,4580,100.18,0.19,4.33,4.16,9.32,203.87
Colombia,COL,3/1/12,4.98,4980,108.93,0.01,0.2,0.22,14.3,312.8
Colombia,COL,4/1/12,4.68,4680,102.37,0.09,1.96,1.97,18.98,415.17
Colombia,COL,5/1/12,4.97,4970,108.72,0.14,2.9,3.06,23.95,523.89
Colombia,COL,6/1/12,4.83,4830,105.65,0.17,3.65,3.72,28.78,629.54
Colombia,COL,7/1/12,4.99,4990,109.15,0.22,4.61,4.81,33.77,738.69
Colombia,COL,8/1/12,5.05,5050,110.47,0.1,2.02,2.19,38.82,849.16
Colombia,COL,9/1/12,5.04,5040,110.25,0.19,3.92,4.16,43.86,959.41
Colombia,COL,10/1/12,5.05,5050,110.47,0.12,2.43,2.62,48.91,1069.87
Colombia,COL,11/1/12,4.96,4960,108.5,0.05,1.02,1.09,53.87,1178.37
Colombia,COL,12/1/12,5,5000,109.37,0.08,1.63,1.75,58.87,1287.74
Colombia,COL,1/1/13,5.01,5010,108.56,0.27,5.7,5.85,5.01,108.56
Colombia,COL,2/1/13,4.69,4690,101.62,0.11,2.4,2.38,9.7,210.18
Colombia,COL,3/1/13,5.1,5100,110.51,0.12,2.41,2.6,14.8,320.68
Colombia,COL,4/1/13,5.16,5160,111.81,0.48,10.26,10.4,19.96,432.49
Colombia,COL,5/1/13,5.28,5280,114.41,0.31,6.24,6.72,25.24,546.89
Colombia,COL,6/1/13,4.97,4970,107.69,0.14,2.9,3.03,30.21,654.58
Colombia,COL,7/1/13,5.25,5250,113.76,0.26,5.21,5.63,35.46,768.34
Colombia,COL,8/1/13,5.18,5180,112.24,0.13,2.57,2.82,40.64,880.58
Colombia,COL,9/1/13,5.05,5050,109.42,0.01,0.2,0.22,45.69,990
Colombia,COL,10/1/13,5.21,5210,112.89,0.16,3.17,3.47,50.9,1102.89
Colombia,COL,11/1/13,5.06,5060,109.64,0.1,2.02,2.17,55.96,1212.53
Colombia,COL,12/1/13,5.23,5230,113.32,0.23,4.6,4.98,61.19,1325.85
Colombia,COL,1/1/14,5.23,5230,112.32,0.22,4.39,4.72,5.23,112.32
Colombia,COL,2/1/14,4.9,4900,105.23,0.21,4.48,4.51,10.13,217.54
Colombia,COL,3/1/14,5.31,5310,114.03,0.21,4.12,4.51,15.44,331.58
Colombia,COL,4/1/14,5.14,5140,110.38,-0.02,-0.39,-0.43,20.58,441.96
Colombia,COL,5/1/14,5.36,5360,115.11,0.08,1.52,1.72,25.94,557.07
Colombia,COL,6/1/14,5.16,5160,110.81,0.19,3.82,4.08,31.1,667.88
Colombia,COL,7/1/14,5.44,5440,116.82,0.19,3.62,4.08,36.54,784.7
Colombia,COL,8/1/14,5.33,5330,114.46,0.15,2.9,3.22,41.87,899.17
Colombia,COL,9/1/14,5.32,5320,114.25,0.27,5.35,5.8,47.19,1013.41
Colombia,COL,10/1/14,5.42,5420,116.4,0.21,4.03,4.51,52.61,1129.81
Colombia,COL,11/1/14,5.29,5290,113.6,0.23,4.55,4.94,57.9,1243.41
Colombia,COL,12/1/14,5.44,5440,116.82,0.21,4.02,4.51,63.34,1360.24
Colombia,COL,1/1/15,5.32,5320,113.26,0.09,1.72,1.92,5.32,113.26
Colombia,COL,2/1/15,5.01,5010,106.66,0.11,2.24,2.34,10.33,219.93
Colombia,COL,3/1/15,5.55,5550,118.16,0.24,4.52,5.11,15.88,338.09
Colombia,COL,4/1/15,5.23,5230,111.35,0.09,1.75,1.92,21.11,449.44
Colombia,COL,5/1/15,5.57,5570,118.59,0.21,3.92,4.47,26.68,568.02
Colombia,COL,6/1/15,5.34,5340,113.69,0.18,3.49,3.83,32.02,681.71
Colombia,COL,7/1/15,5.59,5590,119.01,0.15,2.76,3.19,37.61,800.73
Colombia,COL,8/1/15,5.62,5620,119.65,0.29,5.44,6.17,43.23,920.38
Colombia,COL,9/1/15,5.64,5640,120.08,0.32,6.02,6.81,48.87,1040.45
Colombia,COL,10/1/15,5.67,5670,120.72,0.25,4.61,5.32,54.54,1161.17
Colombia,COL,11/1/15,5.36,5360,114.12,0.07,1.32,1.49,59.9,1275.28
Colombia,COL,12/1/15,5.64,5640,120.08,0.2,3.68,4.26,65.54,1395.36
Colombia,COL,1/1/16,5.5,5500,115.94,0.18,3.38,3.79,5.5,115.94
Colombia,COL,2/1/16,5.42,5420,114.26,0.41,8.18,8.64,10.92,230.2
Colombia,COL,3/1/16,5.49,5490,115.73,-0.06,-1.08,-1.26,16.41,345.93
Colombia,COL,4/1/16,5.29,5290,111.52,0.06,1.15,1.26,21.7,457.44
Colombia,COL,5/1/16,5.46,5460,115.1,-0.11,-1.97,-2.32,27.16,572.54
Colombia,COL,6/1/16,5.31,5310,111.94,-0.03,-0.56,-0.63,32.47,684.48
Colombia,COL,7/1/16,5.4,5400,113.83,-0.19,-3.4,-4.01,37.87,798.31
Colombia,COL,8/1/16,5.68,5680,119.74,0.06,1.07,1.26,43.55,918.05
Colombia,COL,9/1/16,5.44,5440,114.68,-0.2,-3.55,-4.22,48.99,1032.73
Colombia,COL,10/1/16,5.5,5500,115.94,-0.17,-3,-3.58,54.49,1148.67
Colombia,COL,11/1/16,5.35,5350,112.78,-0.01,-0.19,-0.21,59.84,1261.45
Colombia,COL,12/1/16,5.46,5460,115.1,-0.18,-3.19,-3.79,65.3,1376.55
Colombia,COL,1/1/17,5.35,5350,111.15,-0.15,-2.73,-3.12,5.35,111.15
Colombia,COL,2/1/17,5.1,5100,105.96,-0.32,-5.9,-6.65,10.45,217.12
Colombia,COL,3/1/17,5.53,5530,114.89,0.04,0.73,0.83,15.98,332.01
Colombia,COL,4/1/17,5.35,5350,111.15,0.06,1.13,1.25,21.33,443.16
Colombia,COL,5/1/17,5.6,5600,116.35,0.14,2.56,2.91,26.93,559.51
Colombia,COL,6/1/17,5.39,5390,111.99,0.08,1.51,1.66,32.32,671.5
Colombia,COL,7/1/17,5.56,5560,115.52,0.16,2.96,3.32,37.88,787.02
Colombia,COL,8/1/17,5.68,5680,118.01,0,0,0,43.56,905.03
Colombia,COL,9/1/17,5.53,5530,114.89,0.09,1.65,1.87,49.09,1019.92
Colombia,COL,10/1/17,5.63,5630,116.97,0.13,2.36,2.7,54.72,1136.89
Colombia,COL,11/1/17,5.48,5480,113.86,0.13,2.43,2.7,60.2,1250.75
Colombia,COL,12/1/17,5.58,5580,115.93,0.12,2.2,2.49,65.78,1366.68
Colombia,COL,1/1/18,5.52,5520,112.6,0.17,3.18,3.47,5.52,112.6
Colombia,COL,2/1/18,5.15,5150,105.05,0.05,0.98,1.02,10.67,217.65
Colombia,COL,3/1/18,5.69,5690,116.06,0.16,2.89,3.26,16.36,333.71
Colombia,COL,4/1/18,5.51,5510,112.39,0.16,2.99,3.26,21.87,446.1
Colombia,COL,5/1/18,5.71,5710,116.47,0.11,1.96,2.24,27.58,562.58
Colombia,COL,6/1/18,5.59,5590,114.02,0.2,3.71,4.08,33.17,676.6
Colombia,COL,7/1/18,5.82,5820,118.72,0.26,4.68,5.3,38.99,795.32
Colombia,COL,8/1/18,5.93,5930,120.96,0.25,4.4,5.1,44.92,916.28
Colombia,COL,9/1/18,5.71,5710,116.47,0.18,3.25,3.67,50.63,1032.75
Colombia,COL,10/1/18,5.89,5890,120.14,0.26,4.62,5.3,56.52,1152.89
Colombia,COL,11/1/18,5.75,5750,117.29,0.27,4.93,5.51,62.27,1270.18
Colombia,COL,12/1/18,5.79,5790,118.1,0.21,3.76,4.28,68.06,1388.29
Colombia,COL,1/1/19,5.76,5760,115.41,0.24,4.35,4.81,5.76,115.41
Colombia,COL,2/1/19,5.44,5440,109,0.29,5.63,5.81,11.2,224.41
Colombia,COL,3/1/19,5.96,5960,119.42,0.27,4.75,5.41,17.16,343.83
Colombia,COL,4/1/19,5.76,5760,115.41,0.25,4.54,5.01,22.92,459.25
Colombia,COL,5/1/19,6.03,6030,120.82,0.32,5.6,6.41,28.95,580.07
Colombia,COL,6/1/19,5.8,5800,116.21,0.21,3.76,4.21,34.75,696.28
Colombia,COL,7/1/19,6.05,6050,121.22,0.23,3.95,4.61,40.8,817.5
Colombia,COL,8/1/19,6.15,6150,123.23,0.22,3.71,4.41,46.95,940.73
Colombia,COL,9/1/19,5.96,5960,119.42,0.25,4.38,5.01,52.91,1060.15
Colombia,COL,10/1/19,6.01,6010,120.42,0.12,2.04,2.4,58.92,1180.57
Colombia,COL,11/1/19,5.88,5880,117.82,0.13,2.26,2.6,64.8,1298.39
Colombia,COL,12/1/19,6.12,6120,122.63,0.33,5.7,6.61,70.92,1421.01
Colombia,COL,1/1/20,6.04,6040,119.3,0.28,4.86,5.53,6.04,119.3
Colombia,COL,2/1/20,5.92,5920,116.93,0.48,8.82,9.48,11.96,236.22
Colombia,COL,3/1/20,5.91,5910,116.73,-0.05,-0.84,-0.99,17.87,352.95
Colombia,COL,4/1/20,5.11,5110,100.93,-0.65,-11.28,-12.84,22.98,453.88
Colombia,COL,5/1/20,5.56,5560,109.82,-0.47,-7.79,-9.28,28.54,563.7
Colombia,COL,6/1/20,5.46,5460,107.84,-0.34,-5.86,-6.72,34,671.54
Colombia,COL,7/1/20,5.79,5790,114.36,-0.26,-4.3,-5.14,39.79,785.9
Colombia,COL,8/1/20,5.88,5880,116.14,-0.27,-4.39,-5.33,45.67,902.03
Colombia,COL,9/1/20,5.79,5790,114.36,-0.17,-2.85,-3.36,51.46,1016.39
Colombia,COL,10/1/20,6.05,6050,119.49,0.04,0.67,0.79,57.51,1135.89
Colombia,COL,11/1/20,5.97,5970,117.91,0.09,1.53,1.78,63.48,1253.8
Colombia,COL,12/1/20,6.03,6030,119.1,-0.09,-1.47,-1.78,69.51,1372.9
Colombia,COL,1/1/21,5.84,5840,114.09,-0.2,-3.31,-3.91,5.84,114.09
Colombia,COL,2/1/21,5.58,5580,109.01,-0.34,-5.74,-6.64,11.42,223.1
Colombia,COL,3/1/21,6.14,6140,119.95,0.23,3.89,4.49,17.56,343.05
Colombia,COL,4/1/21,5.89,5890,115.07,0.78,15.26,15.24,23.45,458.11
Colombia,COL,5/1/21,5.91,5910,115.46,0.35,6.29,6.84,29.36,573.57
Colombia,COL,6/1/21,5.91,5910,115.46,0.45,8.24,8.79,35.27,689.03
Colombia,COL,7/1/21,6.28,6280,122.68,0.49,8.46,9.57,41.55,811.71
Colombia,COL,8/1/21,6.27,6270,122.49,0.39,6.63,7.62,47.82,934.2
Colombia,COL,9/1/21,6.38,6380,124.64,0.59,10.19,11.53,54.2,1058.84
Colombia,COL,10/1/21,6.52,6520,127.37,0.47,7.77,9.18,60.72,1186.21
Colombia,COL,11/1/21,6.2,6200,121.12,0.23,3.85,4.49,66.92,1307.33
Colombia,COL,12/1/21,6.33,6330,123.66,0.3,4.98,5.86,73.25,1430.99
Colombia,COL,1/1/22,6.2,6200,119.83,0.36,6.16,6.96,6.2,119.83
Colombia,COL,2/1/22,5.79,5790,111.91,0.21,3.76,4.06,11.99,231.75
Colombia,COL,3/1/22,6.43,6430,124.28,0.29,4.72,5.61,18.42,356.03
Colombia,COL,4/1/22,6.15,6150,118.87,0.26,4.41,5.03,24.57,474.89
Colombia,COL,5/1/22,6.45,6450,124.67,0.54,9.14,10.44,31.02,599.56
Colombia,COL,6/1/22,6.09,6090,117.71,0.18,3.05,3.48,37.11,717.27
Colombia,COL,7/1/22,6.44,6440,124.47,0.16,2.55,3.09,43.55,841.74
Colombia,COL,8/1/22,6.5,6500,125.63,0.23,3.67,4.45,50.05,967.38
Colombia,COL,9/1/22,6.31,6310,121.96,-0.07,-1.1,-1.35,56.36,1089.34
Colombia,COL,10/1/22,6.53,6530,126.21,0.01,0.15,0.19,62.89,1215.55
Colombia,COL,11/1/22,6.31,6310,121.96,0.11,1.77,2.13,69.2,1337.51
Colombia,COL,12/1/22,6.51,6510,125.83,0.18,2.84,3.48,75.71,1463.34
Colombia,COL,1/1/23,6.57,6570,125.57,0.37,5.97,7.07,6.57,125.57
Colombia,COL,2/1/23,6.09,6090,116.4,0.3,5.18,5.73,12.66,241.97
Colombia,COL,3/1/23,6.54,6540,125,0.11,1.71,2.1,19.2,366.96
Colombia,COL,4/1/23,6.25,6250,119.45,0.1,1.63,1.91,25.45,486.42
Colombia,COL,5/1/23,6.72,6720,128.44,0.27,4.19,5.16,32.17,614.86
Colombia,COL,6/1/23,6.47,6470,123.66,0.38,6.24,7.26,38.64,738.52
Colombia,COL,7/1/23,6.68,6680,127.67,0.24,3.73,4.59,45.32,866.19
Colombia,COL,8/1/23,6.91,6910,132.07,0.41,6.31,7.84,52.23,998.26
Colombia,COL,9/1/23,7.02,7020,134.17,0.71,11.25,13.57,59.25,1132.43
Colombia,COL,10/1/23,6.97,6970,133.22,0.44,6.74,8.41,66.22,1265.64
Colombia,COL,11/1/23,6.75,6750,129.01,0.44,6.97,8.41,72.97,1394.65
Colombia,COL,12/1/23,6.88,6880,131.5,0.37,5.68,7.07,79.85,1526.15
Colombia,COL,1/1/24,6.83,6830,129.14,0.26,3.96,4.92,6.83,129.14
Colombia,COL,2/1/24,6.46,6460,122.15,0.37,6.08,7,13.29,251.29
Colombia,COL,3/1/24,7.06,7060,133.49,0.52,7.95,9.83,20.35,384.79
Colombia,COL,4/1/24,6.74,6740,127.44,0.49,7.84,9.27,27.09,512.23
Colombia,COL,5/1/24,6.87,6870,129.9,0.15,2.23,2.84,33.96,642.13
Colombia,COL,6/1/24,6.46,6460,122.15,-0.01,-0.15,-0.19,40.42,764.28
Colombia,COL,7/1/24,6.9,6900,130.47,0.22,3.29,4.16,47.32,894.75
Colombia,COL,8/1/24,7.13,7130,134.82,0.22,3.18,4.16,54.45,1029.57
Colombia,COL,9/1/24,6.98,6980,131.98,-0.04,-0.57,-0.76,61.43,1161.55
Colombia,COL,10/1/24,6.92,6920,130.85,-0.05,-0.72,-0.95,68.35,1292.39
Colombia,COL,11/1/24,6.64,6640,125.55,-0.11,-1.63,-2.08,74.99,1417.94
Colombia,COL,12/1/24,7.06,7060,133.49,0.18,2.62,3.4,82.05,1551.44
Colombia,COL,1/1/25,6.97,6970,130.46,0.14,2.05,2.62,6.97,130.46
Colombia,COL,2/1/25,6.32,6320,118.3,-0.14,-2.17,-2.62,13.29,248.76
Colombia,COL,3/1/25,6.92,6920,129.53,-0.14,-1.98,-2.62,20.21,378.28
Colombia,COL,4/1/25,6.65,6650,124.47,-0.09,-1.34,-1.68,26.86,502.76
Colombia,COL,5/1/25,6.99,6990,130.84,0.12,1.75,2.25,33.85,633.59
Colombia,COL,6/1/25,6.73,6730,125.97,0.27,4.18,5.05,40.58,759.56
Colombia,COL,7/1/25,7.19,7190,134.58,0.29,4.2,5.43,47.77,894.14
Costa Rica,CRI,1/1/19,0.95,950,190.02,,,,0.95,190.02
Costa Rica,CRI,2/1/19,0.89,890,178.02,,,,1.84,368.03
Costa Rica,CRI,3/1/19,0.99,990,198.02,,,,2.83,566.05
Costa Rica,CRI,4/1/19,0.96,960,192.02,,,,3.79,758.07
Costa Rica,CRI,5/1/19,0.99,990,198.02,,,,4.78,956.09
Costa Rica,CRI,6/1/19,0.94,940,188.02,,,,5.72,1144.1
Costa Rica,CRI,7/1/19,0.95,950,190.02,,,,6.67,1334.12
Costa Rica,CRI,8/1/19,0.96,960,192.02,,,,7.63,1526.14
Costa Rica,CRI,9/1/19,0.92,920,184.02,,,,8.55,1710.15
Costa Rica,CRI,10/1/19,0.94,940,188.02,,,,9.49,1898.17
Costa Rica,CRI,11/1/19,0.92,920,184.02,,,,10.41,2082.19
Costa Rica,CRI,12/1/19,0.92,920,184.02,,,,11.33,2266.2
Costa Rica,CRI,1/1/20,0.96,960,190.69,0.01,1.05,1.99,0.96,190.69
Costa Rica,CRI,2/1/20,0.93,930,184.73,0.04,4.49,7.95,1.89,375.42
Costa Rica,CRI,3/1/20,0.98,980,194.66,-0.01,-1.01,-1.99,2.87,570.09
Costa Rica,CRI,4/1/20,0.87,870,172.81,-0.09,-9.38,-17.88,3.74,742.9
Costa Rica,CRI,5/1/20,0.87,870,172.81,-0.12,-12.12,-23.84,4.61,915.71
Costa Rica,CRI,6/1/20,0.89,890,176.79,-0.05,-5.32,-9.93,5.5,1092.5
Costa Rica,CRI,7/1/20,0.89,890,176.79,-0.06,-6.32,-11.92,6.39,1269.29
Costa Rica,CRI,8/1/20,0.9,900,178.77,-0.06,-6.25,-11.92,7.29,1448.06
Costa Rica,CRI,9/1/20,0.88,880,174.8,-0.04,-4.35,-7.95,8.17,1622.86
Costa Rica,CRI,10/1/20,0.93,930,184.73,-0.01,-1.06,-1.99,9.1,1807.59
Costa Rica,CRI,11/1/20,0.91,910,180.76,-0.01,-1.09,-1.99,10.01,1988.35
Costa Rica,CRI,12/1/20,0.92,920,182.75,0,0,0,10.93,2171.1
Costa Rica,CRI,1/1/21,0.92,920,181.82,-0.04,-4.17,-7.91,0.92,181.82
Costa Rica,CRI,2/1/21,0.88,880,173.91,-0.05,-5.38,-9.88,1.8,355.73
Costa Rica,CRI,3/1/21,0.99,990,195.65,0.01,1.02,1.98,2.79,551.38
Costa Rica,CRI,4/1/21,0.93,930,183.79,0.06,6.9,11.86,3.72,735.18
Costa Rica,CRI,5/1/21,0.96,960,189.72,0.09,10.34,17.79,4.68,924.9
Costa Rica,CRI,6/1/21,0.94,940,185.77,0.05,5.62,9.88,5.62,1110.67
Costa Rica,CRI,7/1/21,0.96,960,189.72,0.07,7.87,13.83,6.58,1300.4
Costa Rica,CRI,8/1/21,0.97,970,191.7,0.07,7.78,13.83,7.55,1492.1
Costa Rica,CRI,9/1/21,0.93,930,183.79,0.05,5.68,9.88,8.48,1675.89
Costa Rica,CRI,10/1/21,0.98,980,193.68,0.05,5.38,9.88,9.46,1869.57
Costa Rica,CRI,11/1/21,0.96,960,189.72,0.05,5.49,9.88,10.42,2059.29
Costa Rica,CRI,12/1/21,0.96,960,189.72,0.04,4.35,7.91,11.38,2249.02
Costa Rica,CRI,1/1/22,0.97,970,190.88,0.05,5.43,9.84,0.97,190.88
Costa Rica,CRI,2/1/22,0.91,910,179.07,0.03,3.41,5.9,1.88,369.95
Costa Rica,CRI,3/1/22,1.02,1020,200.72,0.03,3.03,5.9,2.9,570.67
Costa Rica,CRI,4/1/22,0.97,970,190.88,0.04,4.3,7.87,3.87,761.55
Costa Rica,CRI,5/1/22,0.97,970,190.88,0.01,1.04,1.97,4.84,952.43
Costa Rica,CRI,6/1/22,0.92,920,181.04,-0.02,-2.13,-3.94,5.76,1133.47
Costa Rica,CRI,7/1/22,0.94,940,184.98,-0.02,-2.08,-3.94,6.7,1318.44
Costa Rica,CRI,8/1/22,1,1000,196.78,0.03,3.09,5.9,7.7,1515.22
Costa Rica,CRI,9/1/22,0.95,950,186.94,0.02,2.15,3.94,8.65,1702.17
Costa Rica,CRI,10/1/22,1,1000,196.78,0.02,2.04,3.94,9.65,1898.95
Costa Rica,CRI,11/1/22,0.98,980,192.85,0.02,2.08,3.94,10.63,2091.79
Costa Rica,CRI,12/1/22,0.99,990,194.81,0.03,3.13,5.9,11.62,2286.61
Costa Rica,CRI,1/1/23,1.01,1010,197.83,0.04,4.12,7.83,1.01,197.83
Costa Rica,CRI,2/1/23,0.93,930,182.16,0.02,2.2,3.92,1.94,379.98
Costa Rica,CRI,3/1/23,1.04,1040,203.7,0.02,1.96,3.92,2.98,583.68
Costa Rica,CRI,4/1/23,0.99,990,193.91,0.02,2.06,3.92,3.97,777.59
Costa Rica,CRI,5/1/23,1.07,1070,209.58,0.1,10.31,19.59,5.04,987.17
Costa Rica,CRI,6/1/23,1,1000,195.87,0.08,8.7,15.67,6.04,1183.03
Costa Rica,CRI,7/1/23,1.01,1010,197.83,0.07,7.45,13.71,7.05,1380.86
Costa Rica,CRI,8/1/23,1.05,1050,205.66,0.05,5,9.79,8.1,1586.52
Costa Rica,CRI,9/1/23,1.01,1010,197.83,0.06,6.32,11.75,9.11,1784.34
Costa Rica,CRI,10/1/23,1.04,1040,203.7,0.04,4,7.83,10.15,1988.04
Costa Rica,CRI,11/1/23,1.01,1010,197.83,0.03,3.06,5.88,11.16,2185.87
Costa Rica,CRI,12/1/23,1.03,1030,201.74,0.04,4.04,7.83,12.19,2387.61
Costa Rica,CRI,1/1/24,1.07,1070,208.58,0.06,5.94,11.7,1.07,208.58
Costa Rica,CRI,2/1/24,1.02,1020,198.83,0.09,9.68,17.54,2.09,407.41
Costa Rica,CRI,3/1/24,1.11,1110,216.38,0.07,6.73,13.65,3.2,623.79
Costa Rica,CRI,4/1/24,1.07,1070,208.58,0.08,8.08,15.59,4.27,832.37
Costa Rica,CRI,5/1/24,1.11,1110,216.38,0.04,3.74,7.8,5.38,1048.75
Costa Rica,CRI,6/1/24,1.03,1030,200.78,0.03,3,5.85,6.41,1249.53
Costa Rica,CRI,7/1/24,1.07,1070,208.58,0.06,5.94,11.7,7.48,1458.12
Costa Rica,CRI,8/1/24,1.07,1070,208.58,0.02,1.9,3.9,8.55,1666.7
Costa Rica,CRI,9/1/24,1.05,1050,204.68,0.04,3.96,7.8,9.6,1871.38
Costa Rica,CRI,10/1/24,1.07,1070,208.58,0.03,2.88,5.85,10.67,2079.96
Costa Rica,CRI,11/1/24,1.02,1020,198.83,0.01,0.99,1.95,11.69,2278.79
Costa Rica,CRI,12/1/24,1.04,1040,202.73,0.01,0.97,1.95,12.73,2481.53
Costa Rica,CRI,1/1/25,1.04,1040,201.83,-0.03,-2.8,-5.82,1.04,201.83
Costa Rica,CRI,2/1/25,0.98,980,190.18,-0.04,-3.92,-7.76,2.02,392.01
Costa Rica,CRI,3/1/25,1.12,1120,217.35,0.01,0.9,1.94,3.14,609.36
Costa Rica,CRI,4/1/25,1.09,1090,211.53,0.02,1.87,3.88,4.23,820.89
Costa Rica,CRI,5/1/25,1.12,1120,217.35,0.01,0.9,1.94,5.35,1038.24
Costa Rica,CRI,6/1/25,1.05,1050,203.77,0.02,1.94,3.88,6.4,1242.01
Costa Rica,CRI,7/1/25,1.09,1090,211.53,0.02,1.87,3.88,7.49,1453.54
Dominican Republic,DOM,10/1/22,1.88,1880,167.4,,,,1.88,167.4
Dominican Republic,DOM,11/1/22,1.68,1680,149.59,,,,3.56,316.99
Dominican Republic,DOM,12/1/22,1.77,1770,157.6,,,,5.33,474.59
Dominican Republic,DOM,1/1/23,1.68,1680,148.26,,,,1.68,148.26
Dominican Republic,DOM,2/1/23,1.62,1620,142.97,,,,3.3,291.23
Dominican Republic,DOM,3/1/23,1.87,1870,165.03,,,,5.17,456.26
Dominican Republic,DOM,4/1/23,1.85,1850,163.26,,,,7.02,619.52
Dominican Republic,DOM,5/1/23,2.04,2040,180.03,,,,9.06,799.56
Dominican Republic,DOM,6/1/23,2.11,2110,186.21,,,,11.17,985.77
Dominican Republic,DOM,7/1/23,2.2,2200,194.15,,,,13.37,1179.92
Dominican Republic,DOM,8/1/23,2.18,2180,192.39,,,,15.55,1372.31
Dominican Republic,DOM,9/1/23,2.2,2200,194.15,,,,17.75,1566.46
Dominican Republic,DOM,10/1/23,2.29,2290,202.1,0.41,21.81,36.18,20.04,1768.55
Dominican Republic,DOM,11/1/23,1.98,1980,174.74,0.3,17.86,26.48,22.02,1943.29
Dominican Republic,DOM,12/1/23,1.88,1880,165.91,0.11,6.21,9.71,23.9,2109.2
Dominican Republic,DOM,1/1/24,1.91,1910,167.14,0.23,13.69,20.13,1.91,167.14
Dominican Republic,DOM,2/1/24,1.76,1760,154.01,0.14,8.64,12.25,3.67,321.15
Dominican Republic,DOM,3/1/24,2,2000,175.01,0.13,6.95,11.38,5.67,496.17
Dominican Republic,DOM,4/1/24,1.98,1980,173.26,0.13,7.03,11.38,7.65,669.43
Dominican Republic,DOM,5/1/24,2.16,2160,189.02,0.12,5.88,10.5,9.81,858.45
Dominican Republic,DOM,6/1/24,2.23,2230,195.14,0.12,5.69,10.5,12.04,1053.59
Dominican Republic,DOM,7/1/24,2.29,2290,200.39,0.09,4.09,7.88,14.33,1253.98
Dominican Republic,DOM,8/1/24,2.39,2390,209.14,0.21,9.63,18.38,16.72,1463.12
Dominican Republic,DOM,9/1/24,2.36,2360,206.52,0.16,7.27,14,19.08,1669.64
Dominican Republic,DOM,10/1/24,2.41,2410,210.89,0.12,5.24,10.5,21.49,1880.53
Dominican Republic,DOM,11/1/24,1.96,1960,171.51,-0.02,-1.01,-1.75,23.45,2052.05
Dominican Republic,DOM,12/1/24,1.81,1810,158.39,-0.07,-3.72,-6.13,25.26,2210.44
Dominican Republic,DOM,1/1/25,1.73,1730,150.17,-0.18,-9.42,-15.62,1.73,150.17
Dominican Republic,DOM,2/1/25,1.61,1610,139.75,-0.15,-8.52,-13.02,3.34,289.92
Dominican Republic,DOM,3/1/25,1.92,1920,166.66,-0.08,-4,-6.94,5.26,456.58
Dominican Republic,DOM,4/1/25,1.82,1820,157.98,-0.16,-8.08,-13.89,7.08,614.56
Ecuador,ECU,1/1/19,2.68,2680,154.56,,,,2.68,154.56
Ecuador,ECU,2/1/19,2.56,2560,147.64,,,,5.24,302.19
Ecuador,ECU,3/1/19,2.82,2820,162.63,,,,8.06,464.82
Ecuador,ECU,4/1/19,2.73,2730,157.44,,,,10.79,622.26
Ecuador,ECU,5/1/19,2.79,2790,160.9,,,,13.58,783.16
Ecuador,ECU,6/1/19,2.65,2650,152.83,,,,16.23,935.99
Ecuador,ECU,7/1/19,2.67,2670,153.98,,,,18.9,1089.97
Ecuador,ECU,8/1/19,2.69,2690,155.13,,,,21.59,1245.1
Ecuador,ECU,9/1/19,2.62,2620,151.1,,,,24.21,1396.19
Ecuador,ECU,10/1/19,2.57,2570,148.21,,,,26.78,1544.41
Ecuador,ECU,11/1/19,2.68,2680,154.56,,,,29.46,1698.96
Ecuador,ECU,12/1/19,2.79,2790,160.9,,,,32.25,1859.86
Ecuador,ECU,1/1/20,2.9,2900,165.28,0.22,8.21,12.54,2.9,165.28
Ecuador,ECU,2/1/20,2.7,2700,153.88,0.14,5.47,7.98,5.6,319.16
Ecuador,ECU,3/1/20,2.63,2630,149.89,-0.19,-6.74,-10.83,8.23,469.05
Ecuador,ECU,4/1/20,2.29,2290,130.51,-0.44,-16.12,-25.08,10.52,599.56
Ecuador,ECU,5/1/20,2.51,2510,143.05,-0.28,-10.04,-15.96,13.03,742.62
Ecuador,ECU,6/1/20,2.62,2620,149.32,-0.03,-1.13,-1.71,15.65,891.94
Ecuador,ECU,7/1/20,2.71,2710,154.45,0.04,1.5,2.28,18.36,1046.39
Ecuador,ECU,8/1/20,2.65,2650,151.03,-0.04,-1.49,-2.28,21.01,1197.42
Ecuador,ECU,9/1/20,2.53,2530,144.19,-0.09,-3.44,-5.13,23.54,1341.61
Ecuador,ECU,10/1/20,2.66,2660,151.6,0.09,3.5,5.13,26.2,1493.21
Ecuador,ECU,11/1/20,2.55,2550,145.33,-0.13,-4.85,-7.41,28.75,1638.54
Ecuador,ECU,12/1/20,2.69,2690,153.31,-0.1,-3.58,-5.7,31.44,1791.85
Ecuador,ECU,1/1/21,2.65,2650,149.87,-0.25,-8.62,-14.14,2.65,149.87
Ecuador,ECU,2/1/21,2.48,2480,140.25,-0.22,-8.15,-12.44,5.13,290.12
Ecuador,ECU,3/1/21,2.93,2930,165.7,0.3,11.41,16.97,8.06,455.82
Ecuador,ECU,4/1/21,2.87,2870,162.31,0.58,25.33,32.8,10.93,618.13
Ecuador,ECU,5/1/21,2.7,2700,152.69,0.19,7.57,10.75,13.63,770.82
Ecuador,ECU,6/1/21,2.59,2590,146.47,-0.03,-1.15,-1.7,16.22,917.29
Ecuador,ECU,7/1/21,2.66,2660,150.43,-0.05,-1.85,-2.83,18.88,1067.72
Ecuador,ECU,8/1/21,2.71,2710,153.26,0.06,2.26,3.39,21.59,1220.98
Ecuador,ECU,9/1/21,2.66,2660,150.43,0.13,5.14,7.35,24.25,1371.41
Ecuador,ECU,10/1/21,2.8,2800,158.35,0.14,5.26,7.92,27.05,1529.76
Ecuador,ECU,11/1/21,2.69,2690,152.13,0.14,5.49,7.92,29.74,1681.89
Ecuador,ECU,12/1/21,2.76,2760,156.09,0.07,2.6,3.96,32.5,1837.98
Ecuador,ECU,1/1/22,2.76,2760,154.85,0.11,4.15,6.17,2.76,154.85
Ecuador,ECU,2/1/22,2.54,2540,142.51,0.06,2.42,3.37,5.3,297.35
Ecuador,ECU,3/1/22,2.95,2950,165.51,0.02,0.68,1.12,8.25,462.86
Ecuador,ECU,4/1/22,2.88,2880,161.58,0.01,0.35,0.56,11.13,624.44
Ecuador,ECU,5/1/22,2.88,2880,161.58,0.18,6.67,10.1,14.01,786.02
Ecuador,ECU,6/1/22,2.59,2590,145.31,0,0,0,16.6,931.33
Ecuador,ECU,7/1/22,2.76,2760,154.85,0.1,3.76,5.61,19.36,1086.18
Ecuador,ECU,8/1/22,2.81,2810,157.65,0.1,3.69,5.61,22.17,1243.84
Ecuador,ECU,9/1/22,2.8,2800,157.09,0.14,5.26,7.85,24.97,1400.93
Ecuador,ECU,10/1/22,2.8,2800,157.09,0,0,0,27.77,1558.02
Ecuador,ECU,11/1/22,2.73,2730,153.17,0.04,1.49,2.24,30.5,1711.19
Ecuador,ECU,12/1/22,2.88,2880,161.58,0.12,4.35,6.73,33.38,1872.77
Ecuador,ECU,1/1/23,2.98,2980,165.74,0.22,7.97,12.24,2.98,165.74
Ecuador,ECU,2/1/23,2.7,2700,150.17,0.16,6.3,8.9,5.68,315.9
Ecuador,ECU,3/1/23,3.05,3050,169.63,0.1,3.39,5.56,8.73,485.54
Ecuador,ECU,4/1/23,2.95,2950,164.07,0.07,2.43,3.89,11.68,649.61
Ecuador,ECU,5/1/23,3.27,3270,181.87,0.39,13.54,21.69,14.95,831.47
Ecuador,ECU,6/1/23,3.1,3100,172.41,0.51,19.69,28.36,18.05,1003.89
Ecuador,ECU,7/1/23,3.23,3230,179.64,0.47,17.03,26.14,21.28,1183.53
Ecuador,ECU,8/1/23,3.09,3090,171.86,0.28,9.96,15.57,24.37,1355.39
Ecuador,ECU,9/1/23,2.97,2970,165.18,0.17,6.07,9.45,27.34,1520.57
Ecuador,ECU,10/1/23,3.08,3080,171.3,0.28,10,15.57,30.42,1691.87
Ecuador,ECU,11/1/23,2.92,2920,162.4,0.19,6.96,10.57,33.34,1854.27
Ecuador,ECU,12/1/23,3.02,3020,167.96,0.14,4.86,7.79,36.36,2022.24
Ecuador,ECU,1/1/24,2.99,2990,164.87,0.01,0.34,0.55,2.99,164.87
Ecuador,ECU,2/1/24,2.97,2970,163.77,0.27,10,14.89,5.96,328.64
Ecuador,ECU,3/1/24,3.27,3270,180.31,0.22,7.21,12.13,9.23,508.95
Ecuador,ECU,4/1/24,3.06,3060,168.73,0.11,3.73,6.07,12.29,677.68
Ecuador,ECU,5/1/24,3.24,3240,178.66,-0.03,-0.92,-1.65,15.53,856.33
Ecuador,ECU,6/1/24,3,3000,165.42,-0.1,-3.23,-5.51,18.53,1021.75
Ecuador,ECU,7/1/24,3.08,3080,169.83,-0.15,-4.64,-8.27,21.61,1191.59
Ecuador,ECU,8/1/24,3.04,3040,167.63,-0.05,-1.62,-2.76,24.65,1359.21
Ecuador,ECU,9/1/24,2.81,2810,154.94,-0.16,-5.39,-8.82,27.46,1514.16
Ecuador,ECU,10/1/24,2.49,2490,137.3,-0.59,-19.16,-32.53,29.95,1651.46
Ecuador,ECU,11/1/24,2.37,2370,130.68,-0.55,-18.84,-30.33,32.32,1782.14
Ecuador,ECU,12/1/24,2.9,2900,159.91,-0.12,-3.97,-6.62,35.22,1942.05
Ecuador,ECU,1/1/25,3.21,3210,175.51,0.22,7.36,12.03,3.21,175.51
Ecuador,ECU,2/1/25,2.96,2960,161.84,-0.01,-0.34,-0.55,6.17,337.34
El Salvador,SLV,1/1/19,0.4,400,64.28,,,,0.4,64.28
El Salvador,SLV,2/1/19,0.46,460,73.93,,,,0.86,138.21
El Salvador,SLV,3/1/19,0.46,460,73.93,,,,1.32,212.14
El Salvador,SLV,4/1/19,0.45,450,72.32,,,,1.77,284.46
El Salvador,SLV,5/1/19,0.44,440,70.71,,,,2.21,355.17
El Salvador,SLV,6/1/19,0.39,390,62.68,,,,2.6,417.85
El Salvador,SLV,7/1/19,0.43,430,69.11,,,,3.03,486.96
El Salvador,SLV,8/1/19,0.43,430,69.11,,,,3.46,556.06
El Salvador,SLV,9/1/19,0.45,450,72.32,,,,3.91,628.38
El Salvador,SLV,10/1/19,0.46,460,73.93,,,,4.37,702.31
El Salvador,SLV,11/1/19,0.43,430,69.11,,,,4.8,771.42
El Salvador,SLV,12/1/19,0.41,410,65.89,,,,5.21,837.31
El Salvador,SLV,1/1/20,0.41,410,65.76,0.01,2.5,1.6,0.41,65.76
El Salvador,SLV,2/1/20,0.43,430,68.97,-0.03,-6.52,-4.81,0.84,134.73
El Salvador,SLV,3/1/20,0.47,470,75.38,0.01,2.17,1.6,1.31,210.12
El Salvador,SLV,4/1/20,0.45,450,72.18,0,0,0,1.76,282.29
El Salvador,SLV,5/1/20,0.47,470,75.38,0.03,6.82,4.81,2.23,357.68
El Salvador,SLV,6/1/20,0.43,430,68.97,0.04,10.26,6.42,2.66,426.65
El Salvador,SLV,7/1/20,0.45,450,72.18,0.02,4.65,3.21,3.11,498.82
El Salvador,SLV,8/1/20,0.44,440,70.57,0.01,2.33,1.6,3.55,569.4
El Salvador,SLV,9/1/20,0.48,480,76.99,0.03,6.67,4.81,4.03,646.39
El Salvador,SLV,10/1/20,0.48,480,76.99,0.02,4.35,3.21,4.51,723.37
El Salvador,SLV,11/1/20,0.45,450,72.18,0.02,4.65,3.21,4.96,795.55
El Salvador,SLV,12/1/20,0.43,430,68.97,0.02,4.88,3.21,5.39,864.52
El Salvador,SLV,1/1/21,0.44,440,70.33,0.03,7.32,4.8,0.44,70.33
El Salvador,SLV,2/1/21,0.43,430,68.74,0,0,0,0.87,139.07
El Salvador,SLV,3/1/21,0.48,480,76.73,0.01,2.13,1.6,1.35,215.8
El Salvador,SLV,4/1/21,0.45,450,71.93,0,0,0,1.8,287.73
El Salvador,SLV,5/1/21,0.43,430,68.74,-0.04,-8.51,-6.39,2.23,356.47
El Salvador,SLV,6/1/21,0.41,410,65.54,-0.02,-4.65,-3.2,2.64,422.01
El Salvador,SLV,7/1/21,0.45,450,71.93,0,0,0,3.09,493.94
El Salvador,SLV,8/1/21,0.46,460,73.53,0.02,4.55,3.2,3.55,567.48
El Salvador,SLV,9/1/21,0.48,480,76.73,0,0,0,4.03,644.2
El Salvador,SLV,10/1/21,0.45,450,71.93,-0.03,-6.25,-4.8,4.48,716.14
El Salvador,SLV,11/1/21,0.42,420,67.14,-0.03,-6.67,-4.8,4.9,783.28
El Salvador,SLV,12/1/21,0.45,450,71.93,0.02,4.65,3.2,5.35,855.21
El Salvador,SLV,1/1/22,0.61,610,97.13,0.17,38.64,27.07,0.61,97.13
El Salvador,SLV,2/1/22,0.56,560,89.17,0.13,30.23,20.7,1.17,186.3
El Salvador,SLV,3/1/22,0.68,680,108.27,0.2,41.67,31.85,1.85,294.57
El Salvador,SLV,4/1/22,0.64,640,101.91,0.19,42.22,30.25,2.49,396.48
El Salvador,SLV,5/1/22,0.66,660,105.09,0.23,53.49,36.62,3.15,501.57
El Salvador,SLV,6/1/22,0.6,600,95.54,0.19,46.34,30.25,3.75,597.1
El Salvador,SLV,7/1/22,0.65,650,103.5,0.2,44.44,31.85,4.4,700.6
El Salvador,SLV,8/1/22,0.6,600,95.54,0.14,30.43,22.29,5,796.14
El Salvador,SLV,9/1/22,0.59,590,93.94,0.11,22.92,17.52,5.59,890.08
El Salvador,SLV,10/1/22,0.63,630,100.31,0.18,40,28.66,6.22,990.4
El Salvador,SLV,11/1/22,0.62,620,98.72,0.2,47.62,31.85,6.84,1089.12
El Salvador,SLV,12/1/22,0.59,590,93.94,0.14,31.11,22.29,7.43,1183.06
El Salvador,SLV,1/1/23,0.6,600,95.09,-0.01,-1.64,-1.58,0.6,95.09
El Salvador,SLV,2/1/23,0.57,570,90.34,0.01,1.79,1.58,1.17,185.43
El Salvador,SLV,3/1/23,0.66,660,104.6,-0.02,-2.94,-3.17,1.83,290.03
El Salvador,SLV,4/1/23,0.62,620,98.26,-0.02,-3.13,-3.17,2.45,388.3
El Salvador,SLV,5/1/23,0.7,700,110.94,0.04,6.06,6.34,3.15,499.24
El Salvador,SLV,6/1/23,0.64,640,101.43,0.04,6.67,6.34,3.79,600.67
El Salvador,SLV,7/1/23,0.68,680,107.77,0.03,4.62,4.75,4.47,708.44
El Salvador,SLV,8/1/23,0.67,670,106.19,0.07,11.67,11.09,5.14,814.63
El Salvador,SLV,9/1/23,0.66,660,104.6,0.07,11.86,11.09,5.8,919.23
El Salvador,SLV,10/1/23,0.68,680,107.77,0.05,7.94,7.92,6.48,1027
El Salvador,SLV,11/1/23,0.63,630,99.85,0.01,1.61,1.58,7.11,1126.85
El Salvador,SLV,12/1/23,0.62,620,98.26,0.03,5.08,4.75,7.73,1225.11
El Salvador,SLV,1/1/24,0.66,660,104.13,0.06,10,9.47,0.66,104.13
El Salvador,SLV,2/1/24,0.62,620,97.82,0.05,8.77,7.89,1.28,201.95
El Salvador,SLV,3/1/24,0.69,690,108.86,0.03,4.55,4.73,1.97,310.81
El Salvador,SLV,4/1/24,0.71,710,112.02,0.09,14.52,14.2,2.68,422.83
El Salvador,SLV,5/1/24,0.73,730,115.17,0.03,4.29,4.73,3.41,538.01
El Salvador,SLV,6/1/24,0.63,630,99.4,-0.01,-1.56,-1.58,4.04,637.41
El Salvador,SLV,7/1/24,0.77,770,121.49,0.09,13.24,14.2,4.81,758.89
El Salvador,SLV,8/1/24,0.74,740,116.75,0.07,10.45,11.04,5.55,875.64
El Salvador,SLV,9/1/24,0.68,680,107.29,0.02,3.03,3.16,6.23,982.93
El Salvador,SLV,10/1/24,0.71,710,112.02,0.03,4.41,4.73,6.94,1094.95
El Salvador,SLV,11/1/24,0.66,660,104.13,0.03,4.76,4.73,7.6,1199.08
El Salvador,SLV,12/1/24,0.66,660,104.13,0.04,6.45,6.31,8.26,1303.21
Mexico,MEX,1/1/19,23.6,23600,187.65,,,,23.6,187.65
Mexico,MEX,2/1/19,22.2,22200,176.52,,,,45.8,364.18
Mexico,MEX,3/1/19,25.27,25270,200.93,,,,71.07,565.11
Mexico,MEX,4/1/19,25.38,25380,201.81,,,,96.45,766.92
Mexico,MEX,5/1/19,28.56,28560,227.09,,,,125.01,994.01
Mexico,MEX,6/1/19,28.71,28710,228.29,,,,153.72,1222.3
Mexico,MEX,7/1/19,29.95,29950,238.15,,,,183.67,1460.45
Mexico,MEX,8/1/19,30.63,30630,243.55,,,,214.3,1704
Mexico,MEX,9/1/19,27.56,27560,219.14,,,,241.86,1923.14
Mexico,MEX,10/1/19,26.68,26680,212.15,,,,268.54,2135.29
Mexico,MEX,11/1/19,23.89,23890,189.96,,,,292.43,2325.25
Mexico,MEX,12/1/19,23.29,23290,185.19,,,,315.72,2510.44
Mexico,MEX,1/1/20,24.01,24010,189.35,0.41,1.74,3.23,24.01,189.35
Mexico,MEX,2/1/20,22.99,22990,181.31,0.79,3.56,6.23,47,370.67
Mexico,MEX,3/1/20,25.76,25760,203.16,0.49,1.94,3.86,72.76,573.82
Mexico,MEX,4/1/20,23.49,23490,185.25,-1.89,-7.45,-14.91,96.25,759.08
Mexico,MEX,5/1/20,25.43,25430,200.55,-3.13,-10.96,-24.68,121.68,959.63
Mexico,MEX,6/1/20,27.08,27080,213.57,-1.63,-5.68,-12.85,148.76,1173.2
Mexico,MEX,7/1/20,29.14,29140,229.81,-0.81,-2.7,-6.39,177.9,1403.01
Mexico,MEX,8/1/20,29.7,29700,234.23,-0.93,-3.04,-7.33,207.6,1637.24
Mexico,MEX,9/1/20,27.34,27340,215.62,-0.22,-0.8,-1.74,234.94,1852.85
Mexico,MEX,10/1/20,27.22,27220,214.67,0.54,2.02,4.26,262.16,2067.52
Mexico,MEX,11/1/20,24.2,24200,190.85,0.31,1.3,2.44,286.36,2258.38
Mexico,MEX,12/1/20,23.78,23780,187.54,0.49,2.1,3.86,310.14,2445.92
Mexico,MEX,1/1/21,23.97,23970,187.78,-0.04,-0.17,-0.31,23.97,187.78
Mexico,MEX,2/1/21,21.92,21920,171.72,-1.07,-4.65,-8.38,45.89,359.5
Mexico,MEX,3/1/21,25.97,25970,203.45,0.21,0.82,1.65,71.86,562.95
Mexico,MEX,4/1/21,26.59,26590,208.31,3.1,13.2,24.29,98.45,771.26
Mexico,MEX,5/1/21,28.99,28990,227.11,3.56,14,27.89,127.44,998.37
Mexico,MEX,6/1/21,29.37,29370,230.09,2.29,8.46,17.94,156.81,1228.46
Mexico,MEX,7/1/21,29.91,29910,234.32,0.77,2.64,6.03,186.72,1462.77
Mexico,MEX,8/1/21,30.09,30090,235.73,0.39,1.31,3.06,216.81,1698.5
Mexico,MEX,9/1/21,28.2,28200,220.92,0.86,3.15,6.74,245.01,1919.42
Mexico,MEX,10/1/21,27.46,27460,215.12,0.24,0.88,1.88,272.47,2134.54
Mexico,MEX,11/1/21,24.32,24320,190.52,0.12,0.5,0.94,296.79,2325.07
Mexico,MEX,12/1/21,24.52,24520,192.09,0.74,3.11,5.8,321.31,2517.16
Mexico,MEX,1/1/22,24.86,24860,193.29,0.89,3.71,6.92,24.86,193.29
Mexico,MEX,2/1/22,23.1,23100,179.61,1.18,5.38,9.17,47.96,372.9
Mexico,MEX,3/1/22,26.57,26570,206.59,0.6,2.31,4.67,74.53,579.49
Mexico,MEX,4/1/22,27.52,27520,213.98,0.93,3.5,7.23,102.05,793.47
Mexico,MEX,5/1/22,31.1,31100,241.81,2.11,7.28,16.41,133.15,1035.28
Mexico,MEX,6/1/22,30.76,30760,239.17,1.39,4.73,10.81,163.91,1274.44
Mexico,MEX,7/1/22,32.15,32150,249.97,2.24,7.49,17.42,196.06,1524.42
Mexico,MEX,8/1/22,31.23,31230,242.82,1.14,3.79,8.86,227.29,1767.24
Mexico,MEX,9/1/22,28.49,28490,221.52,0.29,1.03,2.25,255.78,1988.76
Mexico,MEX,10/1/22,27.64,27640,214.91,0.18,0.66,1.4,283.42,2203.67
Mexico,MEX,11/1/22,25.45,25450,197.88,1.13,4.65,8.79,308.87,2401.55
Mexico,MEX,12/1/22,24.99,24990,194.3,0.47,1.92,3.65,333.86,2595.85
Mexico,MEX,1/1/23,25.55,25550,196.93,0.69,2.78,5.32,25.55,196.93
Mexico,MEX,2/1/23,23.83,23830,183.68,0.73,3.16,5.63,49.38,380.61
Mexico,MEX,3/1/23,27.81,27810,214.35,1.24,4.67,9.56,77.19,594.96
Mexico,MEX,4/1/23,27.29,27290,210.34,-0.23,-0.84,-1.77,104.48,805.3
Mexico,MEX,5/1/23,30.43,30430,234.55,-0.67,-2.15,-5.16,134.91,1039.85
Mexico,MEX,6/1/23,32.8,32800,252.81,2.04,6.63,15.72,167.71,1292.66
Mexico,MEX,7/1/23,33.77,33770,260.29,1.62,5.04,12.49,201.48,1552.95
Mexico,MEX,8/1/23,33.59,33590,258.9,2.36,7.56,18.19,235.07,1811.85
Mexico,MEX,9/1/23,31.82,31820,245.26,3.33,11.69,25.67,266.89,2057.11
Mexico,MEX,10/1/23,29.21,29210,225.14,1.57,5.68,12.1,296.1,2282.26
Mexico,MEX,11/1/23,25.56,25560,197.01,0.11,0.43,0.85,321.66,2479.27
Mexico,MEX,12/1/23,24.64,24640,189.92,-0.35,-1.4,-2.7,346.3,2669.18
Mexico,MEX,1/1/24,25.87,25870,197.69,0.32,1.25,2.45,25.87,197.69
Mexico,MEX,2/1/24,24.35,24350,186.08,0.52,2.18,3.97,50.22,383.77
Mexico,MEX,3/1/24,27.32,27320,208.77,-0.49,-1.76,-3.74,77.54,592.54
Mexico,MEX,4/1/24,29.06,29060,222.07,1.77,6.49,13.53,106.6,814.6
Mexico,MEX,5/1/24,33.74,33740,257.83,3.31,10.88,25.29,140.34,1072.44
Mexico,MEX,6/1/24,32.59,32590,249.04,-0.21,-0.64,-1.6,172.93,1321.48
Mexico,MEX,7/1/24,32.71,32710,249.96,-1.06,-3.14,-8.1,205.64,1571.44
Mexico,MEX,8/1/24,33.94,33940,259.36,0.35,1.04,2.67,239.58,1830.8
Mexico,MEX,9/1/24,31.08,31080,237.5,-0.74,-2.33,-5.65,270.66,2068.3
Mexico,MEX,10/1/24,29.79,29790,227.65,0.58,1.99,4.43,300.45,2295.95
Mexico,MEX,11/1/24,26.6,26600,203.27,1.04,4.07,7.95,327.05,2499.22
Mexico,MEX,12/1/24,25.09,25090,191.73,0.45,1.83,3.44,352.14,2690.95
Mexico,MEX,1/1/25,26.29,26290,199.25,0.42,1.62,3.18,26.29,199.25
Mexico,MEX,2/1/25,24.4,24400,184.92,0.05,0.21,0.38,50.69,384.17
Mexico,MEX,3/1/25,27.98,27980,212.05,0.66,2.42,5,78.67,596.22
Mexico,MEX,4/1/25,28.82,28820,218.42,-0.24,-0.83,-1.82,107.49,814.65
Mexico,MEX,5/1/25,32.84,32840,248.89,-0.9,-2.67,-6.82,140.33,1063.53
Peru,PER,1/1/19,4.5,4500,138.68,,,,4.5,138.68
Peru,PER,2/1/19,4.13,4130,127.28,,,,8.63,265.95
Peru,PER,3/1/19,4.59,4590,141.45,,,,13.22,407.4
Peru,PER,4/1/19,4.35,4350,134.06,,,,17.57,541.46
Peru,PER,5/1/19,4.48,4480,138.06,,,,22.05,679.52
Peru,PER,6/1/19,4.29,4290,132.21,,,,26.34,811.73
Peru,PER,7/1/19,4.4,4400,135.6,,,,30.74,947.32
Peru,PER,8/1/19,4.39,4390,135.29,,,,35.13,1082.61
Peru,PER,9/1/19,4.28,4280,131.9,,,,39.41,1214.51
Peru,PER,10/1/19,4.49,4490,138.37,,,,43.9,1352.88
Peru,PER,11/1/19,4.41,4410,135.9,,,,48.31,1488.78
Peru,PER,12/1/19,4.59,4590,141.45,,,,52.9,1630.24
Peru,PER,1/1/20,4.59,4590,139.77,0.09,2,2.74,4.59,139.77
Peru,PER,2/1/20,4.39,4390,133.68,0.26,6.3,7.92,8.98,273.46
Peru,PER,3/1/20,3.99,3990,121.5,-0.6,-13.07,-18.27,12.97,394.96
Peru,PER,4/1/20,3.04,3040,92.57,-1.31,-30.11,-39.89,16.01,487.54
Peru,PER,5/1/20,3.34,3340,101.71,-1.14,-25.45,-34.72,19.35,589.25
Peru,PER,6/1/20,3.75,3750,114.19,-0.54,-12.59,-16.44,23.1,703.44
Peru,PER,7/1/20,4.13,4130,125.77,-0.27,-6.14,-8.22,27.23,829.21
Peru,PER,8/1/20,4.26,4260,129.73,-0.13,-2.96,-3.96,31.49,958.93
Peru,PER,9/1/20,4.18,4180,127.29,-0.1,-2.34,-3.05,35.67,1086.22
Peru,PER,10/1/20,4.47,4470,136.12,-0.02,-0.45,-0.61,40.14,1222.34
Peru,PER,11/1/20,4.38,4380,133.38,-0.03,-0.68,-0.91,44.52,1355.72
Peru,PER,12/1/20,4.58,4580,139.47,-0.01,-0.22,-0.3,49.1,1495.19
Peru,PER,1/1/21,4.56,4560,137.53,-0.03,-0.65,-0.9,4.56,137.53
Peru,PER,2/1/21,4.15,4150,125.17,-0.24,-5.47,-7.24,8.71,262.7
Peru,PER,3/1/21,4.62,4620,139.34,0.63,15.79,19,13.33,402.04
Peru,PER,4/1/21,4.32,4320,130.29,1.28,42.11,38.61,17.65,532.33
Peru,PER,5/1/21,4.53,4530,136.63,1.19,35.63,35.89,22.18,668.96
Peru,PER,6/1/21,4.42,4420,133.31,0.67,17.87,20.21,26.6,802.27
Peru,PER,7/1/21,4.49,4490,135.42,0.36,8.72,10.86,31.09,937.69
Peru,PER,8/1/21,4.57,4570,137.83,0.31,7.28,9.35,35.66,1075.53
Peru,PER,9/1/21,4.47,4470,134.82,0.29,6.94,8.75,40.13,1210.34
Peru,PER,10/1/21,4.61,4610,139.04,0.14,3.13,4.22,44.74,1349.38
Peru,PER,11/1/21,4.54,4540,136.93,0.16,3.65,4.83,49.28,1486.31
Peru,PER,12/1/21,4.68,4680,141.15,0.1,2.18,3.02,53.96,1627.46
Peru,PER,1/1/22,4.69,4690,140.1,0.13,2.85,3.88,4.69,140.1
Peru,PER,2/1/22,4.32,4320,129.05,0.17,4.1,5.08,9.01,269.15
Peru,PER,3/1/22,4.72,4720,141,0.1,2.16,2.99,13.73,410.15
Peru,PER,4/1/22,4.42,4420,132.04,0.1,2.31,2.99,18.15,542.19
Peru,PER,5/1/22,4.59,4590,137.12,0.06,1.32,1.79,22.74,679.3
Peru,PER,6/1/22,4.56,4560,136.22,0.14,3.17,4.18,27.3,815.52
Peru,PER,7/1/22,4.69,4690,140.1,0.2,4.45,5.97,31.99,955.63
Peru,PER,8/1/22,4.72,4720,141,0.15,3.28,4.48,36.71,1096.63
Peru,PER,9/1/22,4.69,4690,140.1,0.22,4.92,6.57,41.4,1236.73
Peru,PER,10/1/22,4.85,4850,144.88,0.24,5.21,7.17,46.25,1381.61
Peru,PER,11/1/22,4.83,4830,144.29,0.29,6.39,8.66,51.08,1525.9
Peru,PER,12/1/22,5.01,5010,149.66,0.33,7.05,9.86,56.09,1675.56
Peru,PER,1/1/23,4.89,4890,144.48,0.2,4.26,5.91,4.89,144.48
Peru,PER,2/1/23,4.53,4530,133.84,0.21,4.86,6.2,9.42,278.32
Peru,PER,3/1/23,5.11,5110,150.98,0.39,8.26,11.52,14.53,429.3
Peru,PER,4/1/23,4.83,4830,142.71,0.41,9.28,12.11,19.36,572.01
Peru,PER,5/1/23,4.89,4890,144.48,0.3,6.54,8.86,24.25,716.49
Peru,PER,6/1/23,4.78,4780,141.23,0.22,4.82,6.5,29.03,857.72
Peru,PER,7/1/23,4.81,4810,142.12,0.12,2.56,3.55,33.84,999.83
Peru,PER,8/1/23,4.9,4900,144.78,0.18,3.81,5.32,38.74,1144.61
Peru,PER,9/1/23,4.82,4820,142.41,0.13,2.77,3.84,43.56,1287.02
Peru,PER,10/1/23,4.96,4960,146.55,0.11,2.27,3.25,48.52,1433.57
Peru,PER,11/1/23,4.82,4820,142.41,-0.01,-0.21,-0.3,53.34,1575.98
Peru,PER,12/1/23,5.04,5040,148.91,0.03,0.6,0.89,58.38,1724.89
Peru,PER,1/1/24,5.09,5090,148.75,0.2,4.09,5.84,5.09,148.75
Peru,PER,2/1/24,4.9,4900,143.2,0.37,8.17,10.81,9.99,291.95
Peru,PER,3/1/24,5.07,5070,148.17,-0.04,-0.78,-1.17,15.06,440.12
Peru,PER,4/1/24,4.95,4950,144.66,0.12,2.48,3.51,20.01,584.78
Peru,PER,5/1/24,4.98,4980,145.54,0.09,1.84,2.63,24.99,730.32
Peru,PER,6/1/24,4.78,4780,139.69,0,0,0,29.77,870.02
Peru,PER,7/1/24,4.98,4980,145.54,0.17,3.53,4.97,34.75,1015.55
Peru,PER,8/1/24,5.05,5050,147.58,0.15,3.06,4.38,39.8,1163.14
Peru,PER,9/1/24,4.91,4910,143.49,0.09,1.87,2.63,44.71,1306.63
Peru,PER,10/1/24,5.1,5100,149.05,0.14,2.82,4.09,49.81,1455.68
Peru,PER,11/1/24,5.04,5040,147.29,0.22,4.56,6.43,54.85,1602.97
Peru,PER,12/1/24,5.19,5190,151.68,0.15,2.98,4.38,60.04,1754.64
Peru,PER,1/1/25,5.17,5170,149.52,0.08,1.57,2.31,5.17,149.52
Peru,PER,2/1/25,4.86,4860,140.56,-0.04,-0.82,-1.16,10.03,290.08
Peru,PER,3/1/25,5.34,5340,154.44,0.27,5.33,7.81,15.37,444.52
Peru,PER,4/1/25,5.09,5090,147.21,0.14,2.83,4.05,20.46,591.73
Peru,PER,5/1/25,5.07,5070,146.63,0.09,1.81,2.6,25.53,738.36
Peru,PER,6/1/25,4.92,4920,142.29,0.14,2.93,4.05,30.45,880.65
Puerto Rico,PRI,1/1/19,1.33,1330,404.5,,,,1.33,404.5
Puerto Rico,PRI,2/1/19,1.23,1230,374.08,,,,2.56,778.58
Puerto Rico,PRI,3/1/19,1.42,1420,431.87,,,,3.98,1210.45
Puerto Rico,PRI,4/1/19,1.43,1430,434.91,,,,5.41,1645.36
Puerto Rico,PRI,5/1/19,1.54,1540,468.37,,,,6.95,2113.73
Puerto Rico,PRI,6/1/19,1.61,1610,489.65,,,,8.56,2603.38
Puerto Rico,PRI,7/1/19,1.65,1650,501.82,,,,10.21,3105.2
Puerto Rico,PRI,8/1/19,1.69,1690,513.99,,,,11.9,3619.19
Puerto Rico,PRI,9/1/19,1.62,1620,492.7,,,,13.52,4111.88
Puerto Rico,PRI,10/1/19,1.64,1640,498.78,,,,15.16,4610.66
Puerto Rico,PRI,11/1/19,1.51,1510,459.24,,,,16.67,5069.91
Puerto Rico,PRI,12/1/19,1.5,1500,456.2,,,,18.17,5526.11
Puerto Rico,PRI,1/1/20,1.27,1270,387.69,-0.06,-4.51,-18.32,1.27,387.69
Puerto Rico,PRI,2/1/20,1.34,1340,409.06,0.11,8.94,33.58,2.61,796.75
Puerto Rico,PRI,3/1/20,1.38,1380,421.27,-0.04,-2.82,-12.21,3.99,1218.02
Puerto Rico,PRI,4/1/20,1.42,1420,433.48,-0.01,-0.7,-3.05,5.41,1651.5
Puerto Rico,PRI,5/1/20,1.56,1560,476.22,0.02,1.3,6.11,6.97,2127.72
Puerto Rico,PRI,6/1/20,1.65,1650,503.69,0.04,2.48,12.21,8.62,2631.42
Puerto Rico,PRI,7/1/20,1.67,1670,509.8,0.02,1.21,6.11,10.29,3141.22
Puerto Rico,PRI,8/1/20,1.77,1770,540.33,0.08,4.73,24.42,12.06,3681.54
Puerto Rico,PRI,9/1/20,1.64,1640,500.64,0.02,1.23,6.11,13.7,4182.18
Puerto Rico,PRI,10/1/20,1.6,1600,488.43,-0.04,-2.44,-12.21,15.3,4670.61
Puerto Rico,PRI,11/1/20,1.48,1480,451.8,-0.03,-1.99,-9.16,16.78,5122.41
Puerto Rico,PRI,12/1/20,1.45,1450,442.64,-0.05,-3.33,-15.26,18.23,5565.05
Puerto Rico,PRI,1/1/21,1.4,1400,430.34,0.13,10.24,39.96,1.4,430.34
Puerto Rico,PRI,2/1/21,1.3,1300,399.61,-0.04,-2.99,-12.3,2.7,829.95
Puerto Rico,PRI,3/1/21,1.46,1460,448.79,0.08,5.8,24.59,4.16,1278.74
Puerto Rico,PRI,4/1/21,1.47,1470,451.86,0.05,3.52,15.37,5.63,1730.6
Puerto Rico,PRI,5/1/21,1.6,1600,491.82,0.04,2.56,12.3,7.23,2222.42
Puerto Rico,PRI,6/1/21,1.54,1540,473.38,-0.11,-6.67,-33.81,8.77,2695.8
Puerto Rico,PRI,7/1/21,1.69,1690,519.49,0.02,1.2,6.15,10.46,3215.29
Puerto Rico,PRI,8/1/21,1.76,1760,541,-0.01,-0.56,-3.07,12.22,3756.29
Puerto Rico,PRI,9/1/21,1.67,1670,513.34,0.03,1.83,9.22,13.89,4269.63
Puerto Rico,PRI,10/1/21,1.64,1640,504.12,0.04,2.5,12.3,15.53,4773.75
Puerto Rico,PRI,11/1/21,1.56,1560,479.53,0.08,5.41,24.59,17.09,5253.27
Puerto Rico,PRI,12/1/21,1.49,1490,458.01,0.04,2.76,12.3,18.58,5711.28
Puerto Rico,PRI,1/1/22,1.41,1410,435.05,0.01,0.71,3.09,1.41,435.05
Puerto Rico,PRI,2/1/22,1.29,1290,398.03,-0.01,-0.77,-3.09,2.7,833.08
Puerto Rico,PRI,3/1/22,1.48,1480,456.65,0.02,1.37,6.17,4.18,1289.74
Puerto Rico,PRI,4/1/22,1.35,1350,416.54,-0.12,-8.16,-37.03,5.53,1706.28
Puerto Rico,PRI,5/1/22,1.62,1620,499.85,0.02,1.25,6.17,7.15,2206.13
Puerto Rico,PRI,6/1/22,1.7,1700,524.53,0.16,10.39,49.37,8.85,2730.66
Puerto Rico,PRI,7/1/22,1.62,1620,499.85,-0.07,-4.14,-21.6,10.47,3230.51
Puerto Rico,PRI,8/1/22,1.69,1690,521.45,-0.07,-3.98,-21.6,12.16,3751.96
Puerto Rico,PRI,9/1/22,1.27,1270,391.86,-0.4,-23.95,-123.42,13.43,4143.82
Puerto Rico,PRI,10/1/22,1.54,1540,475.17,-0.1,-6.1,-30.85,14.97,4618.99
Puerto Rico,PRI,11/1/22,1.46,1460,450.48,-0.1,-6.41,-30.85,16.43,5069.47
Puerto Rico,PRI,12/1/22,1.41,1410,435.05,-0.08,-5.37,-24.68,17.84,5504.52
Puerto Rico,PRI,1/1/23,1.33,1330,410.24,-0.08,-5.67,-24.68,1.33,410.24
Puerto Rico,PRI,2/1/23,1.2,1200,370.14,-0.09,-6.98,-27.76,2.53,780.38
Puerto Rico,PRI,3/1/23,1.35,1350,416.41,-0.13,-8.78,-40.1,3.88,1196.78
Puerto Rico,PRI,4/1/23,1.33,1330,410.24,-0.02,-1.48,-6.17,5.21,1607.02
Puerto Rico,PRI,5/1/23,1.6,1600,493.52,-0.02,-1.23,-6.17,6.81,2100.54
Puerto Rico,PRI,6/1/23,1.63,1630,502.77,-0.07,-4.12,-21.59,8.44,2603.32
Puerto Rico,PRI,7/1/23,1.59,1590,490.43,-0.03,-1.85,-9.25,10.03,3093.75
Puerto Rico,PRI,8/1/23,1.65,1650,508.94,-0.04,-2.37,-12.34,11.68,3602.69
Puerto Rico,PRI,9/1/23,1.55,1550,478.1,0.28,22.05,86.37,13.23,4080.79
Puerto Rico,PRI,10/1/23,1.42,1420,438,-0.12,-7.79,-37.01,14.65,4518.79
Puerto Rico,PRI,11/1/23,1.21,1210,373.22,-0.25,-17.12,-77.11,15.86,4892.01
Puerto Rico,PRI,12/1/23,1.25,1250,385.56,-0.16,-11.35,-49.35,17.11,5277.57
Puerto Rico,PRI,1/1/24,1.12,1120,345.44,-0.21,-15.79,-64.77,1.12,345.44
Puerto Rico,PRI,2/1/24,1.04,1040,320.77,-0.16,-13.33,-49.35,2.16,666.21
Puerto Rico,PRI,3/1/24,1.21,1210,373.2,-0.14,-10.37,-43.18,3.37,1039.42
Puerto Rico,PRI,4/1/24,1.23,1230,379.37,-0.1,-7.52,-30.84,4.6,1418.79
Puerto Rico,PRI,5/1/24,1.4,1400,431.81,-0.2,-12.5,-61.69,6,1850.6
Puerto Rico,PRI,6/1/24,1.47,1470,453.4,-0.16,-9.82,-49.35,7.47,2303.99
Puerto Rico,PRI,7/1/24,1.54,1540,474.99,-0.05,-3.14,-15.42,9.01,2778.98
Puerto Rico,PRI,8/1/24,1.48,1480,456.48,-0.17,-10.3,-52.43,10.49,3235.46
Puerto Rico,PRI,9/1/24,1.44,1440,444.14,-0.11,-7.1,-33.93,11.93,3679.6
Puerto Rico,PRI,10/1/24,1.48,1480,456.48,0.06,4.23,18.51,13.41,4136.08
Puerto Rico,PRI,11/1/24,1.28,1280,394.79,0.07,5.79,21.59,14.69,4530.87
Puerto Rico,PRI,12/1/24,1.24,1240,382.46,-0.01,-0.8,-3.08,15.93,4913.33
Puerto Rico,PRI,1/1/25,1.2,1200,370.91,0.08,7.14,24.73,1.2,370.91
Puerto Rico,PRI,2/1/25,1.12,1120,346.18,0.08,7.69,24.73,2.32,717.09
Puerto Rico,PRI,3/1/25,1.22,1220,377.09,0.01,0.83,3.09,3.54,1094.18
Puerto Rico,PRI,4/1/25,1.14,1140,352.36,-0.09,-7.32,-27.82,4.68,1446.55
Puerto Rico,PRI,5/1/25,1.35,1350,417.27,-0.05,-3.57,-15.45,6.03,1863.82
Uruguay,URY,1/1/19,0.95,950,279.64,,,,0.95,279.64
Uruguay,URY,2/1/19,0.88,880,259.04,,,,1.83,538.68
Uruguay,URY,3/1/19,0.86,860,253.15,,,,2.69,791.83
Uruguay,URY,4/1/19,0.81,810,238.43,,,,3.5,1030.26
Uruguay,URY,5/1/19,0.91,910,267.87,,,,4.41,1298.13
Uruguay,URY,6/1/19,0.94,940,276.7,,,,5.35,1574.83
Uruguay,URY,7/1/19,1.07,1070,314.97,,,,6.42,1889.79
Uruguay,URY,8/1/19,1.05,1050,309.08,,,,7.47,2198.87
Uruguay,URY,9/1/19,0.9,900,264.92,,,,8.37,2463.79
Uruguay,URY,10/1/19,0.89,890,261.98,,,,9.26,2725.77
Uruguay,URY,11/1/19,0.86,860,253.15,,,,10.12,2978.92
Uruguay,URY,12/1/19,0.94,940,276.7,,,,11.06,3255.62
Uruguay,URY,1/1/20,0.94,940,276.55,-0.01,-1.05,-2.94,0.94,276.55
Uruguay,URY,2/1/20,0.91,910,267.73,0.03,3.41,8.83,1.85,544.28
Uruguay,URY,3/1/20,0.9,900,264.79,0.04,4.65,11.77,2.75,809.07
Uruguay,URY,4/1/20,0.78,780,229.48,-0.03,-3.7,-8.83,3.53,1038.55
Uruguay,URY,5/1/20,0.88,880,258.9,-0.03,-3.3,-8.83,4.41,1297.45
Uruguay,URY,6/1/20,0.97,970,285.38,0.03,3.19,8.83,5.38,1582.83
Uruguay,URY,7/1/20,1.08,1080,317.74,0.01,0.93,2.94,6.46,1900.58
Uruguay,URY,8/1/20,0.97,970,285.38,-0.08,-7.62,-23.54,7.43,2185.96
Uruguay,URY,9/1/20,0.92,920,270.67,0.02,2.22,5.88,8.35,2456.63
Uruguay,URY,10/1/20,0.87,870,255.96,-0.02,-2.25,-5.88,9.22,2712.59
Uruguay,URY,11/1/20,0.83,830,244.19,-0.03,-3.49,-8.83,10.05,2956.78
Uruguay,URY,12/1/20,0.93,930,273.61,-0.01,-1.06,-2.94,10.98,3230.39
Uruguay,URY,1/1/21,0.95,950,279.68,0.01,1.06,2.94,0.95,279.68
Uruguay,URY,2/1/21,0.82,820,241.41,-0.09,-9.89,-26.5,1.77,521.1
Uruguay,URY,3/1/21,0.89,890,262.02,-0.01,-1.11,-2.94,2.66,783.12
Uruguay,URY,4/1/21,0.83,830,244.36,0.05,6.41,14.72,3.49,1027.47
Uruguay,URY,5/1/21,0.95,950,279.68,0.07,7.95,20.61,4.44,1307.15
Uruguay,URY,6/1/21,1.03,1030,303.24,0.06,6.19,17.66,5.47,1610.39
Uruguay,URY,7/1/21,1.08,1080,317.96,0,0,0,6.55,1928.35
Uruguay,URY,8/1/21,1.04,1040,306.18,0.07,7.22,20.61,7.59,2234.53
Uruguay,URY,9/1/21,0.9,900,264.96,-0.02,-2.17,-5.89,8.49,2499.49
Uruguay,URY,10/1/21,0.9,900,264.96,0.03,3.45,8.83,9.39,2764.46
Uruguay,URY,11/1/21,0.87,870,256.13,0.04,4.82,11.78,10.26,3020.59
Uruguay,URY,12/1/21,0.97,970,285.57,0.04,4.3,11.78,11.23,3306.16
Uruguay,URY,1/1/22,1.01,1010,297.86,0.06,6.32,17.69,1.01,297.86
Uruguay,URY,2/1/22,0.85,850,250.67,0.03,3.66,8.85,1.86,548.53
Uruguay,URY,3/1/22,0.88,880,259.52,-0.01,-1.12,-2.95,2.74,808.04
Uruguay,URY,4/1/22,0.83,830,244.77,0,0,0,3.57,1052.81
Uruguay,URY,5/1/22,0.99,990,291.96,0.04,4.21,11.8,4.56,1344.77
Uruguay,URY,6/1/22,1.11,1110,327.35,0.08,7.77,23.59,5.67,1672.12
Uruguay,URY,7/1/22,1.08,1080,318.5,0,0,0,6.75,1990.62
Uruguay,URY,8/1/22,1.04,1040,306.7,0,0,0,7.79,2297.32
Uruguay,URY,9/1/22,0.93,930,274.26,0.03,3.33,8.85,8.72,2571.58
Uruguay,URY,10/1/22,0.89,890,262.47,-0.01,-1.11,-2.95,9.61,2834.05
Uruguay,URY,11/1/22,0.93,930,274.26,0.06,6.9,17.69,10.54,3108.31
Uruguay,URY,12/1/22,1.04,1040,306.7,0.07,7.22,20.64,11.58,3415.01
Uruguay,URY,1/1/23,1.07,1070,315.81,0.06,5.94,17.71,1.07,315.81
Uruguay,URY,2/1/23,0.95,950,280.39,0.1,11.76,29.52,2.02,596.21
Uruguay,URY,3/1/23,1.1,1100,324.67,0.22,25,64.93,3.12,920.88
Uruguay,URY,4/1/23,0.86,860,253.83,0.03,3.61,8.85,3.98,1174.71
Uruguay,URY,5/1/23,0.92,920,271.54,-0.07,-7.07,-20.66,4.9,1446.25
Uruguay,URY,6/1/23,1.04,1040,306.96,-0.07,-6.31,-20.66,5.94,1753.21
Uruguay,URY,7/1/23,1.08,1080,318.76,0,0,0,7.02,2071.97
Uruguay,URY,8/1/23,1.02,1020,301.06,-0.02,-1.92,-5.9,8.04,2373.03
Uruguay,URY,9/1/23,0.94,940,277.44,0.01,1.08,2.95,8.98,2650.47
Uruguay,URY,10/1/23,0.89,890,262.69,0,0,0,9.87,2913.15
Uruguay,URY,11/1/23,0.9,900,265.64,-0.03,-3.23,-8.85,10.77,3178.79
Uruguay,URY,12/1/23,0.97,970,286.3,-0.07,-6.73,-20.66,11.74,3465.09
Uruguay,URY,1/1/24,1.04,1040,307.09,-0.03,-2.8,-8.86,1.04,307.09
Uruguay,URY,2/1/24,1.04,1040,307.09,0.09,9.47,26.58,2.08,614.19
Uruguay,URY,3/1/24,0.95,950,280.52,-0.15,-13.64,-44.29,3.03,894.71
Uruguay,URY,4/1/24,0.9,900,265.75,0.04,4.65,11.81,3.93,1160.46
Uruguay,URY,5/1/24,1.08,1080,318.9,0.16,17.39,47.25,5.01,1479.36
Uruguay,URY,6/1/24,1.05,1050,310.05,0.01,0.96,2.95,6.06,1789.41
Uruguay,URY,7/1/24,1.2,1200,354.34,0.12,11.11,35.43,7.26,2143.75
Uruguay,URY,8/1/24,1.14,1140,336.62,0.12,11.76,35.43,8.4,2480.37
Uruguay,URY,9/1/24,0.97,970,286.42,0.03,3.19,8.86,9.37,2766.79
Uruguay,URY,10/1/24,0.96,960,283.47,0.07,7.87,20.67,10.33,3050.27
Uruguay,URY,11/1/24,0.94,940,277.57,0.04,4.44,11.81,11.27,3327.83
Uruguay,URY,12/1/24,0.99,990,292.33,0.02,2.06,5.91,12.26,3620.16
Uruguay,URY,1/1/25,1.1,1100,324.99,0.06,5.77,17.73,1.1,324.99
Uruguay,URY,2/1/25,1.04,1040,307.27,0,0,0,2.14,632.26
Uruguay,URY,3/1/25,1.04,1040,307.27,0.09,9.47,26.59,3.18,939.52
Uruguay,URY,4/1/25,0.9,900,265.9,0,0,0,4.08,1205.43
Uruguay,URY,5/1/25,1.01,1010,298.4,-0.07,-6.48,-20.68,5.09,1503.83
Uruguay,URY,6/1/25,1.17,1170,345.67,0.12,11.43,35.45,6.26,1849.5
Uruguay,URY,7/1/25,1.22,1220,360.45,0.02,1.67,5.91,7.48,2209.95
Iran,IRN,1/1/19,21.96,21960,252.26,,,,21.96,252.26
Iran,IRN,2/1/19,19.22,19220,220.79,,,,41.18,473.05
Iran,IRN,3/1/19,22.29,22290,256.06,,,,63.47,729.11
Iran,IRN,4/1/19,20.71,20710,237.9,,,,84.18,967.01
Iran,IRN,5/1/19,27.39,27390,314.64,,,,111.57,1281.65
Iran,IRN,6/1/19,32.62,32620,374.72,,,,144.19,1656.37
Iran,IRN,7/1/19,36.04,36040,414.01,,,,180.23,2070.38
Iran,IRN,8/1/19,34.74,34740,399.07,,,,214.97,2469.45
Iran,IRN,9/1/19,29.96,29960,344.16,,,,244.93,2813.62
Iran,IRN,10/1/19,26.44,26440,303.73,,,,271.37,3117.35
Iran,IRN,11/1/19,22.01,22010,252.84,,,,293.38,3370.19
Iran,IRN,12/1/19,22.7,22700,260.76,,,,316.08,3630.95
Iran,IRN,1/1/20,22.81,22810,260.02,0.85,3.87,9.69,22.81,260.02
Iran,IRN,2/1/20,21.6,21600,246.23,2.38,12.38,27.13,44.41,506.25
Iran,IRN,3/1/20,22.13,22130,252.27,-0.16,-0.72,-1.82,66.54,758.52
Iran,IRN,4/1/20,22,22000,250.79,1.29,6.23,14.71,88.54,1009.31
Iran,IRN,5/1/20,28.72,28720,327.39,1.33,4.86,15.16,117.26,1336.7
Iran,IRN,6/1/20,34.1,34100,388.72,1.48,4.54,16.87,151.36,1725.42
Iran,IRN,7/1/20,37.85,37850,431.47,1.81,5.02,20.63,189.21,2156.89
Iran,IRN,8/1/20,35.77,35770,407.76,1.03,2.96,11.74,224.98,2564.65
Iran,IRN,9/1/20,31.75,31750,361.93,1.79,5.97,20.41,256.73,2926.59
Iran,IRN,10/1/20,26.63,26630,303.57,0.19,0.72,2.17,283.36,3230.15
Iran,IRN,11/1/20,23.61,23610,269.14,1.6,7.27,18.24,306.97,3499.29
Iran,IRN,12/1/20,24.33,24330,277.35,1.63,7.18,18.58,331.3,3776.64
Iran,IRN,1/1/21,23.77,23770,268.72,0.96,4.21,10.85,23.77,268.72
Iran,IRN,2/1/21,22.23,22230,251.31,0.63,2.92,7.12,46,520.04
Iran,IRN,3/1/21,26.32,26320,297.55,4.19,18.93,47.37,72.32,817.59
Iran,IRN,4/1/21,26.35,26350,297.89,4.35,19.77,49.18,98.67,1115.48
Iran,IRN,5/1/21,31.93,31930,360.97,3.21,11.18,36.29,130.6,1476.45
Iran,IRN,6/1/21,35.92,35920,406.08,1.82,5.34,20.58,166.52,1882.53
Iran,IRN,7/1/21,35.83,35830,405.06,-2.02,-5.34,-22.84,202.35,2287.59
Iran,IRN,8/1/21,38.48,38480,435.02,2.71,7.58,30.64,240.83,2722.61
Iran,IRN,9/1/21,32.99,32990,372.96,1.24,3.91,14.02,273.82,3095.57
Iran,IRN,10/1/21,28.62,28620,323.55,1.99,7.47,22.5,302.44,3419.12
Iran,IRN,11/1/21,25.01,25010,282.74,1.4,5.93,15.83,327.45,3701.86
Iran,IRN,12/1/21,25.44,25440,287.6,1.11,4.56,12.55,352.89,3989.46
Iran,IRN,1/1/22,21.65,21650,241.83,-2.12,-8.92,-23.68,21.65,241.83
Iran,IRN,2/1/22,25.85,25850,288.75,3.62,16.28,40.44,47.5,530.58
Iran,IRN,3/1/22,28.87,28870,322.48,2.55,9.69,28.48,76.37,853.07
Iran,IRN,4/1/22,27.21,27210,303.94,0.86,3.26,9.61,103.58,1157.01
Iran,IRN,5/1/22,30.29,30290,338.34,-1.64,-5.14,-18.32,133.87,1495.35
Iran,IRN,6/1/22,38.05,38050,425.02,2.13,5.93,23.79,171.92,1920.37
Iran,IRN,7/1/22,39.09,39090,436.64,3.26,9.1,36.41,211.01,2357.02
Iran,IRN,8/1/22,39.15,39150,437.31,0.67,1.74,7.48,250.16,2794.33
Iran,IRN,9/1/22,35.12,35120,392.3,2.13,6.46,23.79,285.28,3186.62
Iran,IRN,10/1/22,30.7,30700,342.92,2.08,7.27,23.23,315.98,3529.55
Iran,IRN,11/1/22,26.07,26070,291.21,1.06,4.24,11.84,342.05,3820.75
Iran,IRN,12/1/22,26.57,26570,296.79,1.13,4.44,12.62,368.62,4117.55
Iran,IRN,1/1/23,25.81,25810,284.85,4.16,19.21,45.91,25.81,284.85
Iran,IRN,2/1/23,23.75,23750,262.12,-2.1,-8.12,-23.18,49.56,546.97
Iran,IRN,3/1/23,26.67,26670,294.34,-2.2,-7.62,-24.28,76.23,841.31
Iran,IRN,4/1/23,27,27000,297.98,-0.21,-0.77,-2.32,103.23,1139.29
Iran,IRN,5/1/23,34.09,34090,376.23,3.8,12.55,41.94,137.32,1515.53
Iran,IRN,6/1/23,38.18,38180,421.37,0.13,0.34,1.43,175.5,1936.9
Iran,IRN,7/1/23,41.9,41900,462.43,2.81,7.19,31.01,217.4,2399.33
Iran,IRN,8/1/23,41.59,41590,459.01,2.44,6.23,26.93,258.99,2858.33
Iran,IRN,9/1/23,36.8,36800,406.14,1.68,4.78,18.54,295.79,3264.48
Iran,IRN,10/1/23,32.18,32180,355.15,1.48,4.82,16.33,327.97,3619.63
Iran,IRN,11/1/23,27.49,27490,303.39,1.42,5.45,15.67,355.46,3923.02
Iran,IRN,12/1/23,27.84,27840,307.26,1.27,4.78,14.02,383.3,4230.28
Iran,IRN,1/1/24,27.78,27780,303.38,1.97,7.63,21.51,27.78,303.38
Iran,IRN,2/1/24,25.47,25470,278.15,1.72,7.24,18.78,53.25,581.54
Iran,IRN,3/1/24,29.1,29100,317.8,2.43,9.11,26.54,82.35,899.33
Iran,IRN,4/1/24,28.6,28600,312.34,1.6,5.93,17.47,110.95,1211.67
Iran,IRN,5/1/24,34.14,34140,372.84,0.05,0.15,0.55,145.09,1584.51
Iran,IRN,6/1/24,40.16,40160,438.58,1.98,5.19,21.62,185.25,2023.09
Iran,IRN,7/1/24,39.21,39210,428.21,-2.69,-6.42,-29.38,224.46,2451.3
Iran,IRN,8/1/24,41.03,41030,448.08,-0.56,-1.35,-6.12,265.49,2899.38
Iran,IRN,9/1/24,36.17,36170,395.01,-0.63,-1.71,-6.88,301.66,3294.39
Iran,IRN,10/1/24,31.59,31590,344.99,-0.59,-1.83,-6.44,333.25,3639.38
Iran,IRN,11/1/24,27.41,27410,299.34,-0.08,-0.29,-0.87,360.66,3938.73
Iran,IRN,12/1/24,27.15,27150,296.5,-0.69,-2.48,-7.54,387.81,4235.23
Iran,IRN,1/1/25,27.22,27220,294.53,-0.56,-2.02,-6.06,27.22,294.53
Iran,IRN,2/1/25,23.91,23910,258.72,-1.56,-6.12,-16.88,51.13,553.25
Iran,IRN,3/1/25,26.03,26030,281.66,-3.07,-10.55,-33.22,77.16,834.91
Iran,IRN,4/1/25,30.34,30340,328.29,1.74,6.08,18.83,107.5,1163.2
Kuwait,KWT,1/1/18,3.91,3910,904.38,,,,3.91,904.38
Kuwait,KWT,2/1/18,3.62,3620,837.31,,,,7.53,1741.69
Kuwait,KWT,3/1/18,4.92,4920,1138,,,,12.45,2879.68
Kuwait,KWT,4/1/18,5.38,5380,1244.39,,,,17.83,4124.08
Kuwait,KWT,5/1/18,7.01,7010,1621.41,,,,24.84,5745.49
Kuwait,KWT,6/1/18,8.26,8260,1910.54,,,,33.1,7656.03
Kuwait,KWT,7/1/18,8.94,8940,2067.82,,,,42.04,9723.85
Kuwait,KWT,8/1/18,8.84,8840,2044.69,,,,50.88,11768.54
Kuwait,KWT,9/1/18,8.19,8190,1894.35,,,,59.07,13662.89
Kuwait,KWT,10/1/18,6.69,6690,1547.4,,,,65.76,15210.29
Kuwait,KWT,11/1/18,4.22,4220,976.09,,,,69.98,16186.37
Kuwait,KWT,12/1/18,4.1,4100,948.33,,,,74.08,17134.7
Kuwait,KWT,1/1/19,3.81,3810,857.69,-0.1,-2.56,-22.51,3.81,857.69
Kuwait,KWT,2/1/19,3.46,3460,778.9,-0.16,-4.42,-36.02,7.27,1636.58
Kuwait,KWT,3/1/19,4.26,4260,958.99,-0.66,-13.41,-148.58,11.53,2595.57
Kuwait,KWT,4/1/19,5.12,5120,1152.58,-0.26,-4.83,-58.53,16.65,3748.15
Kuwait,KWT,5/1/19,7.38,7380,1661.34,0.37,5.28,83.29,24.03,5409.49
Kuwait,KWT,6/1/19,8.67,8670,1951.74,0.41,4.96,92.3,32.7,7361.23
Kuwait,KWT,7/1/19,9.19,9190,2068.8,0.25,2.8,56.28,41.89,9430.03
Kuwait,KWT,8/1/19,9.11,9110,2050.79,0.27,3.05,60.78,51,11480.82
Kuwait,KWT,9/1/19,8.26,8260,1859.44,0.07,0.85,15.76,59.26,13340.27
Kuwait,KWT,10/1/19,7.21,7210,1623.07,0.52,7.77,117.06,66.47,14963.34
Kuwait,KWT,11/1/19,4.66,4660,1049.03,0.44,10.43,99.05,71.13,16012.37
Kuwait,KWT,12/1/19,3.96,3960,891.45,-0.14,-3.41,-31.52,75.09,16903.82
Kuwait,KWT,1/1/20,3.94,3940,895.43,0.13,3.41,29.54,3.94,895.43
Kuwait,KWT,2/1/20,3.79,3790,861.34,0.33,9.54,75,7.73,1756.76
Kuwait,KWT,3/1/20,4.44,4440,1009.06,0.18,4.23,40.91,12.17,2765.82
Kuwait,KWT,4/1/20,5.12,5120,1163.6,0,0,0,17.29,3929.42
Kuwait,KWT,5/1/20,6.6,6600,1499.95,-0.78,-10.57,-177.27,23.89,5429.37
Kuwait,KWT,6/1/20,7.99,7990,1815.85,-0.68,-7.84,-154.54,31.88,7245.22
Kuwait,KWT,7/1/20,9.38,9380,2131.75,0.19,2.07,43.18,41.26,9376.97
Kuwait,KWT,8/1/20,9.07,9070,2061.3,-0.04,-0.44,-9.09,50.33,11438.27
Kuwait,KWT,9/1/20,8.38,8380,1904.48,0.12,1.45,27.27,58.71,13342.76
Kuwait,KWT,10/1/20,6.62,6620,1504.5,-0.59,-8.18,-134.09,65.33,14847.25
Kuwait,KWT,11/1/20,5.12,5120,1163.6,0.46,9.87,104.54,70.45,16010.85
Kuwait,KWT,12/1/20,4.32,4320,981.79,0.36,9.09,81.82,74.77,16992.64
Kuwait,KWT,1/1/21,4.34,4340,995.24,0.4,10.15,91.73,4.34,995.24
Kuwait,KWT,2/1/21,3.94,3940,903.52,0.15,3.96,34.4,8.28,1898.76
Kuwait,KWT,3/1/21,4.78,4780,1096.14,0.34,7.66,77.97,13.06,2994.9
Kuwait,KWT,4/1/21,5.98,5980,1371.33,0.86,16.8,197.21,19.04,4366.23
Kuwait,KWT,5/1/21,8.06,8060,1848.31,1.46,22.12,334.81,27.1,6214.54
Kuwait,KWT,6/1/21,8.88,8880,2036.35,0.89,11.14,204.09,35.98,8250.89
Kuwait,KWT,7/1/21,9.88,9880,2265.67,0.5,5.33,114.66,45.86,10516.56
Kuwait,KWT,8/1/21,9.79,9790,2245.03,0.72,7.94,165.11,55.65,12761.6
Kuwait,KWT,9/1/21,8.4,8400,1926.28,0.02,0.24,4.59,64.05,14687.87
Kuwait,KWT,10/1/21,7.15,7150,1639.63,0.53,8.01,121.54,71.2,16327.5
Kuwait,KWT,11/1/21,5.02,5020,1151.18,-0.1,-1.95,-22.93,76.22,17478.68
Kuwait,KWT,12/1/21,4.56,4560,1045.69,0.24,5.56,55.04,80.78,18524.38
Kuwait,KWT,1/1/22,4.46,4460,971.78,0.12,2.76,26.15,4.46,971.78
Kuwait,KWT,2/1/22,3.99,3990,869.37,0.05,1.27,10.89,8.45,1841.16
Kuwait,KWT,3/1/22,4.89,4890,1065.47,0.11,2.3,23.97,13.34,2906.63
Kuwait,KWT,4/1/22,6.24,6240,1359.62,0.26,4.35,56.65,19.58,4266.25
Kuwait,KWT,5/1/22,7.68,7680,1673.38,-0.38,-4.71,-82.8,27.26,5939.63
Kuwait,KWT,6/1/22,9.31,9310,2028.54,0.43,4.84,93.69,36.57,7968.17
Kuwait,KWT,7/1/22,9.91,9910,2159.27,0.03,0.3,6.54,46.48,10127.44
Kuwait,KWT,8/1/22,10.08,10080,2196.31,0.29,2.96,63.19,56.56,12323.76
Kuwait,KWT,9/1/22,8.74,8740,1904.34,0.34,4.05,74.08,65.3,14228.1
Kuwait,KWT,10/1/22,7.63,7630,1662.49,0.48,6.71,104.59,72.93,15890.59
Kuwait,KWT,11/1/22,5.33,5330,1161.34,0.31,6.18,67.55,78.26,17051.93
Kuwait,KWT,12/1/22,4.75,4750,1034.97,0.19,4.17,41.4,83.01,18086.9
Kuwait,KWT,1/1/23,4.75,4750,981.65,0.29,6.5,59.93,4.75,981.65
Kuwait,KWT,2/1/23,4.29,4290,886.59,0.3,7.52,62,9.04,1868.24
Kuwait,KWT,3/1/23,5.36,5360,1107.72,0.47,9.61,97.13,14.4,2975.96
Kuwait,KWT,4/1/23,6.46,6460,1335.05,0.22,3.53,45.47,20.86,4311
Kuwait,KWT,5/1/23,8.16,8160,1686.38,0.48,6.25,99.2,29.02,5997.38
Kuwait,KWT,6/1/23,8.79,8790,1816.57,-0.52,-5.59,-107.47,37.81,7813.95
Kuwait,KWT,7/1/23,10.58,10580,2186.5,0.67,6.76,138.46,48.39,10000.45
Kuwait,KWT,8/1/23,10.61,10610,2192.7,0.53,5.26,109.53,59,12193.16
Kuwait,KWT,9/1/23,9.55,9550,1973.64,0.81,9.27,167.4,68.55,14166.79
Kuwait,KWT,10/1/23,7.99,7990,1651.24,0.36,4.72,74.4,76.54,15818.04
Kuwait,KWT,11/1/23,5.83,5830,1204.85,0.5,9.38,103.33,82.37,17022.89
Kuwait,KWT,12/1/23,5.05,5050,1043.65,0.3,6.32,62,87.42,18066.54
Kuwait,KWT,1/1/24,4.95,4950,1003.14,0.2,4.21,40.53,4.95,1003.14
Kuwait,KWT,2/1/24,4.68,4680,948.42,0.39,9.09,79.04,9.63,1951.56
Kuwait,KWT,3/1/24,5.49,5490,1112.57,0.13,2.43,26.35,15.12,3064.13
Kuwait,KWT,4/1/24,6.77,6770,1371.97,0.31,4.8,62.82,21.89,4436.1
Kuwait,KWT,5/1/24,8.56,8560,1734.72,0.4,4.9,81.06,30.45,6170.83
Kuwait,KWT,6/1/24,9.86,9860,1998.17,1.07,12.17,216.84,40.31,8169
Kuwait,KWT,7/1/24,10.61,10610,2150.16,0.03,0.28,6.08,50.92,10319.16
Kuwait,KWT,8/1/24,10.46,10460,2119.76,-0.15,-1.41,-30.4,61.38,12438.93
Kuwait,KWT,9/1/24,9.15,9150,1854.29,-0.4,-4.19,-81.06,70.53,14293.21
Kuwait,KWT,10/1/24,7.63,7630,1546.25,-0.36,-4.51,-72.96,78.16,15839.47
Kuwait,KWT,11/1/24,6.07,6070,1230.11,0.24,4.12,48.64,84.23,17069.58
Kuwait,KWT,12/1/24,5.28,5280,1070.02,0.23,4.55,46.61,89.51,18139.59
Kuwait,KWT,1/1/25,5.11,5110,1016.7,0.16,3.23,31.83,5.11,1016.7
Kuwait,KWT,2/1/25,4.64,4640,923.18,-0.04,-0.85,-7.96,9.75,1939.88
Kuwait,KWT,3/1/25,5.19,5190,1032.61,-0.3,-5.46,-59.69,14.94,2972.5
Kuwait,KWT,4/1/25,6.56,6560,1305.19,-0.21,-3.1,-41.78,21.5,4277.69
Kuwait,KWT,5/1/25,8.9,8900,1770.76,0.34,3.97,67.65,30.4,6048.45
Kuwait,KWT,6/1/25,9.25,9250,1840.4,-0.61,-6.19,-121.37,39.65,7888.85
Oman,OMN,1/1/14,1.38,1380,344.79,,,,1.38,344.79
Oman,OMN,2/1/14,1.34,1340,334.8,,,,2.72,679.59
Oman,OMN,3/1/14,1.79,1790,447.23,,,,4.51,1126.81
Oman,OMN,4/1/14,2.31,2310,577.15,,,,6.82,1703.96
Oman,OMN,5/1/14,2.78,2780,694.58,,,,9.6,2398.54
Oman,OMN,6/1/14,3.26,3260,814.5,,,,12.86,3213.04
Oman,OMN,7/1/14,2.88,2880,719.56,,,,15.74,3932.6
Oman,OMN,8/1/14,3,3000,749.54,,,,18.74,4682.14
Oman,OMN,9/1/14,2.92,2920,729.55,,,,21.66,5411.7
Oman,OMN,10/1/14,2.58,2580,644.61,,,,24.24,6056.31
Oman,OMN,11/1/14,1.89,1890,472.21,,,,26.13,6528.52
Oman,OMN,12/1/14,1.62,1620,404.75,,,,27.75,6933.27
Oman,OMN,1/1/15,1.66,1660,396.66,0.28,20.29,66.91,1.66,396.66
Oman,OMN,2/1/15,1.68,1680,401.44,0.34,25.37,81.24,3.34,798.11
Oman,OMN,3/1/15,2.09,2090,499.41,0.3,16.76,71.69,5.43,1297.52
Oman,OMN,4/1/15,2.71,2710,647.57,0.4,17.32,95.58,8.14,1945.09
Oman,OMN,5/1/15,3.32,3320,793.33,0.54,19.42,129.04,11.46,2738.42
Oman,OMN,6/1/15,3.47,3470,829.17,0.21,6.44,50.18,14.93,3567.59
Oman,OMN,7/1/15,3.62,3620,865.01,0.74,25.69,176.83,18.55,4432.6
Oman,OMN,8/1/15,3.43,3430,819.61,0.43,14.33,102.75,21.98,5252.22
Oman,OMN,9/1/15,3.2,3200,764.65,0.28,9.59,66.91,25.18,6016.87
Oman,OMN,10/1/15,2.92,2920,697.75,0.34,13.18,81.24,28.1,6714.62
Oman,OMN,11/1/15,2.35,2350,561.54,0.46,24.34,109.92,30.45,7276.16
Oman,OMN,12/1/15,1.78,1780,425.34,0.16,9.88,38.23,32.23,7701.5
Oman,OMN,1/1/16,1.86,1860,423.61,0.2,12.05,45.55,1.86,423.61
Oman,OMN,2/1/16,1.79,1790,407.66,0.11,6.55,25.05,3.65,831.27
Oman,OMN,3/1/16,2.26,2260,514.7,0.17,8.13,38.72,5.91,1345.97
Oman,OMN,4/1/16,2.53,2530,576.19,-0.18,-6.64,-40.99,8.44,1922.17
Oman,OMN,5/1/16,3.55,3550,808.49,0.23,6.93,52.38,11.99,2730.66
Oman,OMN,6/1/16,3.69,3690,840.38,0.22,6.34,50.1,15.68,3571.04
Oman,OMN,7/1/16,3.67,3670,835.82,0.05,1.38,11.39,19.35,4406.86
Oman,OMN,8/1/16,3.59,3590,817.6,0.16,4.66,36.44,22.94,5224.47
Oman,OMN,9/1/16,3.22,3220,733.34,0.02,0.63,4.55,26.16,5957.8
Oman,OMN,10/1/16,3.02,3020,687.79,0.1,3.42,22.77,29.18,6645.59
Oman,OMN,11/1/16,2.3,2300,523.81,-0.05,-2.13,-11.39,31.48,7169.41
Oman,OMN,12/1/16,2.12,2120,482.82,0.34,19.1,77.43,33.6,7652.22
Oman,OMN,1/1/17,2.06,2060,454,0.2,10.75,44.08,2.06,454
Oman,OMN,2/1/17,1.81,1810,398.91,0.02,1.12,4.41,3.87,852.91
Oman,OMN,3/1/17,2.44,2440,537.75,0.18,7.96,39.67,6.31,1390.66
Oman,OMN,4/1/17,2.99,2990,658.97,0.46,18.18,101.38,9.3,2049.63
Oman,OMN,5/1/17,3.77,3770,830.87,0.22,6.2,48.49,13.07,2880.5
Oman,OMN,6/1/17,3.97,3970,874.95,0.28,7.59,61.71,17.04,3755.45
Oman,OMN,7/1/17,3.87,3870,852.91,0.2,5.45,44.08,20.91,4608.37
Oman,OMN,8/1/17,3.74,3740,824.26,0.15,4.18,33.06,24.65,5432.63
Oman,OMN,9/1/17,3.48,3480,766.96,0.26,8.07,57.3,28.13,6199.59
Oman,OMN,10/1/17,3.24,3240,714.07,0.22,7.28,48.49,31.37,6913.65
Oman,OMN,11/1/17,2.35,2350,517.92,0.05,2.17,11.02,33.72,7431.57
Oman,OMN,12/1/17,1.8,1800,396.7,-0.32,-15.09,-70.52,35.52,7828.27
Oman,OMN,1/1/18,1.92,1920,417.58,-0.14,-6.8,-30.45,1.92,417.58
Oman,OMN,2/1/18,1.9,1900,413.23,0.09,4.97,19.57,3.82,830.82
Oman,OMN,3/1/18,2.51,2510,545.9,0.07,2.87,15.22,6.33,1376.72
Oman,OMN,4/1/18,3.15,3150,685.1,0.16,5.35,34.8,9.48,2061.82
Oman,OMN,5/1/18,3.83,3830,832.99,0.06,1.59,13.05,13.31,2894.81
Oman,OMN,6/1/18,4.11,4110,893.89,0.14,3.53,30.45,17.42,3788.7
Oman,OMN,7/1/18,4.23,4230,919.99,0.36,9.3,78.3,21.65,4708.69
Oman,OMN,8/1/18,3.89,3890,846.04,0.15,4.01,32.62,25.54,5554.73
Oman,OMN,9/1/18,3.51,3510,763.4,0.03,0.86,6.52,29.05,6318.13
Oman,OMN,10/1/18,3.34,3340,726.42,0.1,3.09,21.75,32.39,7044.55
Oman,OMN,11/1/18,2.71,2710,589.4,0.36,15.32,78.3,35.1,7633.95
Oman,OMN,12/1/18,2.23,2230,485.01,0.43,23.89,93.52,37.33,8118.96
Oman,OMN,1/1/19,2.2,2200,479.17,0.28,14.58,60.99,2.2,479.17
Oman,OMN,2/1/19,1.96,1960,426.9,0.06,3.16,13.07,4.16,906.07
Oman,OMN,3/1/19,2.35,2350,511.84,-0.16,-6.37,-34.85,6.51,1417.92
Oman,OMN,4/1/19,2.94,2940,640.35,-0.21,-6.67,-45.74,9.45,2058.27
Oman,OMN,5/1/19,3.8,3800,827.66,-0.03,-0.78,-6.53,13.25,2885.93
Oman,OMN,6/1/19,4.23,4230,921.32,0.12,2.92,26.14,17.48,3807.25
Oman,OMN,7/1/19,4.21,4210,916.96,-0.02,-0.47,-4.36,21.69,4724.21
Oman,OMN,8/1/19,3.97,3970,864.69,0.08,2.06,17.42,25.66,5588.9
Oman,OMN,9/1/19,3.76,3760,818.95,0.25,7.12,54.45,29.42,6407.85
Oman,OMN,10/1/19,3.4,3400,740.54,0.06,1.8,13.07,32.82,7148.4
Oman,OMN,11/1/19,2.46,2460,535.8,-0.25,-9.23,-54.45,35.28,7684.2
Oman,OMN,12/1/19,2.14,2140,466.11,-0.09,-4.04,-19.6,37.42,8150.3
Oman,OMN,1/1/20,1.91,1910,422.33,-0.29,-13.18,-64.12,1.91,422.33
Oman,OMN,2/1/20,2.05,2050,453.29,0.09,4.59,19.9,3.96,875.62
Oman,OMN,3/1/20,2.35,2350,519.62,0,0,0,6.31,1395.25
Oman,OMN,4/1/20,2.84,2840,627.97,-0.1,-3.4,-22.11,9.15,2023.22
Oman,OMN,5/1/20,3.8,3800,840.24,0,0,0,12.95,2863.46
Oman,OMN,6/1/20,4.21,4210,930.9,-0.02,-0.47,-4.42,17.16,3794.36
Oman,OMN,7/1/20,4.15,4150,917.63,-0.06,-1.43,-13.27,21.31,4712
Oman,OMN,8/1/20,4.07,4070,899.94,0.1,2.52,22.11,25.38,5611.94
Oman,OMN,9/1/20,3.64,3640,804.86,-0.12,-3.19,-26.53,29.02,6416.8
Oman,OMN,10/1/20,3.09,3090,683.25,-0.31,-9.12,-68.55,32.11,7100.06
Oman,OMN,11/1/20,2.34,2340,517.41,-0.12,-4.88,-26.53,34.45,7617.47
Oman,OMN,12/1/20,2.56,2560,566.06,0.42,19.63,92.87,37.01,8183.53
Oman,OMN,1/1/21,1.96,1960,435.51,0.05,2.62,11.11,1.96,435.51
Oman,OMN,2/1/21,2.13,2130,473.29,0.08,3.9,17.78,4.09,908.8
Oman,OMN,3/1/21,3.03,3030,673.27,0.68,28.94,151.1,7.12,1582.07
Oman,OMN,4/1/21,3.46,3460,768.82,0.62,21.83,137.76,10.58,2350.89
Oman,OMN,5/1/21,3.93,3930,873.25,0.13,3.42,28.89,14.51,3224.14
Oman,OMN,6/1/21,4.35,4350,966.58,0.14,3.33,31.11,18.86,4190.72
Oman,OMN,7/1/21,4.29,4290,953.24,0.14,3.37,31.11,23.15,5143.96
Oman,OMN,8/1/21,4.24,4240,942.13,0.17,4.18,37.77,27.39,6086.1
Oman,OMN,9/1/21,4.01,4010,891.03,0.37,10.16,82.21,31.4,6977.13
Oman,OMN,10/1/21,3.38,3380,751.04,0.29,9.39,64.44,34.78,7728.17
Oman,OMN,11/1/21,2.72,2720,604.39,0.38,16.24,84.44,37.5,8332.56
Oman,OMN,12/1/21,2.43,2430,539.95,-0.13,-5.08,-28.89,39.93,8872.51
Oman,OMN,1/1/22,2.21,2210,467.21,0.25,12.76,52.85,2.21,467.21
Oman,OMN,2/1/22,2.09,2090,441.84,-0.04,-1.88,-8.46,4.3,909.05
Oman,OMN,3/1/22,3,3000,634.22,-0.03,-0.99,-6.34,7.3,1543.27
Oman,OMN,4/1/22,3.63,3630,767.4,0.17,4.91,35.94,10.93,2310.67
Oman,OMN,5/1/22,4.12,4120,870.99,0.19,4.83,40.17,15.05,3181.66
Oman,OMN,6/1/22,4.43,4430,936.53,0.08,1.84,16.91,19.48,4118.19
Oman,OMN,7/1/22,3.98,3980,841.4,-0.31,-7.23,-65.54,23.46,4959.59
Oman,OMN,8/1/22,4.15,4150,877.34,-0.09,-2.12,-19.03,27.61,5836.93
Oman,OMN,9/1/22,3.86,3860,816.03,-0.15,-3.74,-31.71,31.47,6652.95
Oman,OMN,10/1/22,3.39,3390,716.67,0.01,0.3,2.11,34.86,7369.62
Oman,OMN,11/1/22,3.03,3030,640.56,0.31,11.4,65.54,37.89,8010.18
Oman,OMN,12/1/22,2.57,2570,543.31,0.14,5.76,29.6,40.46,8553.5
Oman,OMN,1/1/23,2.21,2210,437.69,0,0,0,2.21,437.69
Oman,OMN,2/1/23,2.25,2250,445.61,0.16,7.66,31.69,4.46,883.3
Oman,OMN,3/1/23,2.78,2780,550.57,-0.22,-7.33,-43.57,7.24,1433.87
Oman,OMN,4/1/23,3.31,3310,655.54,-0.32,-8.82,-63.38,10.55,2089.41
Oman,OMN,5/1/23,4.36,4360,863.49,0.24,5.83,47.53,14.91,2952.9
Oman,OMN,6/1/23,4.71,4710,932.81,0.28,6.32,55.45,19.62,3885.71
Oman,OMN,7/1/23,4.6,4600,911.02,0.62,15.58,122.79,24.22,4796.73
Oman,OMN,8/1/23,4.6,4600,911.02,0.45,10.84,89.12,28.82,5707.76
Oman,OMN,9/1/23,4.29,4290,849.63,0.43,11.14,85.16,33.11,6557.38
Oman,OMN,10/1/23,4.01,4010,794.17,0.62,18.29,122.79,37.12,7351.56
Oman,OMN,11/1/23,3.09,3090,611.97,0.06,1.98,11.88,40.21,7963.53
Oman,OMN,12/1/23,2.67,2670,528.79,0.1,3.89,19.8,42.88,8492.32
Oman,OMN,1/1/24,2.68,2680,507.43,0.47,21.27,88.99,2.68,507.43
Oman,OMN,2/1/24,2.56,2560,484.71,0.31,13.78,58.7,5.24,992.13
Oman,OMN,3/1/24,3.03,3030,573.7,0.25,8.99,47.33,8.27,1565.83
Oman,OMN,4/1/24,2.95,2950,558.55,-0.36,-10.88,-68.16,11.22,2124.38
Oman,OMN,5/1/24,3.66,3660,692.98,-0.7,-16.06,-132.54,14.88,2817.36
Oman,OMN,6/1/24,4.5,4500,852.02,-0.21,-4.46,-39.76,19.38,3669.38
Oman,OMN,7/1/24,4.48,4480,848.24,-0.12,-2.61,-22.72,23.86,4517.62
Oman,OMN,8/1/24,4.04,4040,764.93,-0.56,-12.17,-106.03,27.9,5282.55
Qatar,QAT,1/1/18,2.47,2470,894.56,,,,2.47,894.56
Qatar,QAT,2/1/18,2.29,2290,829.37,,,,4.76,1723.93
Qatar,QAT,3/1/18,2.51,2510,909.04,,,,7.27,2632.97
Qatar,QAT,4/1/18,2.78,2780,1006.83,,,,10.05,3639.8
Qatar,QAT,5/1/18,3.5,3500,1267.59,,,,13.55,4907.39
Qatar,QAT,6/1/18,4.05,4050,1466.79,,,,17.6,6374.18
Qatar,QAT,7/1/18,4.38,4380,1586.3,,,,21.98,7960.48
Qatar,QAT,8/1/18,4.38,4380,1586.3,,,,26.36,9546.78
Qatar,QAT,9/1/18,4.32,4320,1564.57,,,,30.68,11111.35
Qatar,QAT,10/1/18,3.71,3710,1343.65,,,,34.39,12455
Qatar,QAT,11/1/18,2.65,2650,959.75,,,,37.04,13414.75
Qatar,QAT,12/1/18,2.47,2470,894.56,,,,39.51,14309.31
Qatar,QAT,1/1/19,2.19,2190,782.72,-0.28,-11.34,-100.07,2.19,782.72
Qatar,QAT,2/1/19,1.97,1970,704.09,-0.32,-13.97,-114.37,4.16,1486.82
Qatar,QAT,3/1/19,3.05,3050,1090.1,0.54,21.51,193,7.21,2576.91
Qatar,QAT,4/1/19,3.45,3450,1233.06,0.67,24.1,239.46,10.66,3809.97
Qatar,QAT,5/1/19,4.51,4510,1611.91,1.01,28.86,360.98,15.17,5421.88
Qatar,QAT,6/1/19,5.23,5230,1869.25,1.18,29.14,421.74,20.4,7291.13
Qatar,QAT,7/1/19,5.53,5530,1976.47,1.15,26.26,411.02,25.93,9267.6
Qatar,QAT,8/1/19,5.64,5640,2015.78,1.26,28.77,450.33,31.57,11283.38
Qatar,QAT,9/1/19,5.38,5380,1922.86,1.06,24.54,378.85,36.95,13206.24
Qatar,QAT,10/1/19,5.08,5080,1815.63,1.37,36.93,489.65,42.03,15021.87
Qatar,QAT,11/1/19,3.51,3510,1254.5,0.86,32.45,307.37,45.54,16276.38
Qatar,QAT,12/1/19,3.05,3050,1090.1,0.58,23.48,207.3,48.59,17366.47
Qatar,QAT,1/1/20,2.87,2870,1023.76,0.68,31.05,242.56,2.87,1023.76
Qatar,QAT,2/1/20,2.7,2700,963.12,0.73,37.06,260.4,5.57,1986.89
Qatar,QAT,3/1/20,3.07,3070,1095.11,0.02,0.66,7.13,8.64,3081.99
Qatar,QAT,4/1/20,3.43,3430,1223.52,-0.02,-0.58,-7.13,12.07,4305.52
Qatar,QAT,5/1/20,4.28,4280,1526.73,-0.23,-5.1,-82.04,16.35,5832.25
Qatar,QAT,6/1/20,5.05,5050,1801.4,-0.18,-3.44,-64.21,21.4,7633.64
Qatar,QAT,7/1/20,5.83,5830,2079.63,0.3,5.42,107.01,27.23,9713.27
Qatar,QAT,8/1/20,5.74,5740,2047.53,0.1,1.77,35.67,32.97,11760.8
Qatar,QAT,9/1/20,5.29,5290,1887.01,-0.09,-1.67,-32.1,38.26,13647.81
Qatar,QAT,10/1/20,4.46,4460,1590.94,-0.62,-12.2,-221.16,42.72,15238.75
Qatar,QAT,11/1/20,3.54,3540,1262.76,0.03,0.85,10.7,46.26,16501.51
Qatar,QAT,12/1/20,2.99,2990,1066.57,-0.06,-1.97,-21.4,49.25,17568.08
Qatar,QAT,1/1/21,2.8,2800,994.68,-0.07,-2.44,-24.87,2.8,994.68
Qatar,QAT,2/1/21,2.62,2620,930.73,-0.08,-2.96,-28.42,5.42,1925.41
Qatar,QAT,3/1/21,3.27,3270,1161.64,0.2,6.51,71.05,8.69,3087.06
Qatar,QAT,4/1/21,3.78,3780,1342.82,0.35,10.2,124.33,12.47,4429.87
Qatar,QAT,5/1/21,4.84,4840,1719.37,0.56,13.08,198.94,17.31,6149.24
Qatar,QAT,6/1/21,5.24,5240,1861.47,0.19,3.76,67.5,22.55,8010.71
Qatar,QAT,7/1/21,5.83,5830,2071.06,0,0,0,28.38,10081.78
Qatar,QAT,8/1/21,5.97,5970,2120.8,0.23,4.01,81.71,34.35,12202.57
Qatar,QAT,9/1/21,5.4,5400,1918.31,0.11,2.08,39.08,39.75,14120.88
Qatar,QAT,10/1/21,4.86,4860,1726.48,0.4,8.97,142.1,44.61,15847.36
Qatar,QAT,11/1/21,3.8,3800,1349.92,0.26,7.34,92.36,48.41,17197.28
Qatar,QAT,12/1/21,3.22,3220,1143.88,0.23,7.69,81.71,51.63,18341.16
Qatar,QAT,1/1/22,2.96,2960,1023.35,0.16,5.71,55.32,2.96,1023.35
Qatar,QAT,2/1/22,2.66,2660,919.63,0.04,1.53,13.83,5.62,1942.98
Qatar,QAT,3/1/22,3.43,3430,1185.84,0.16,4.89,55.32,9.05,3128.82
Qatar,QAT,4/1/22,3.98,3980,1375.99,0.2,5.29,69.15,13.03,4504.82
Qatar,QAT,5/1/22,4.82,4820,1666.4,-0.02,-0.41,-6.91,17.85,6171.22
Qatar,QAT,6/1/22,5.45,5450,1884.21,0.21,4.01,72.6,23.3,8055.43
Qatar,QAT,7/1/22,5.86,5860,2025.96,0.03,0.51,10.37,29.16,10081.38
Qatar,QAT,8/1/22,6.35,6350,2195.36,0.38,6.37,131.38,35.51,12276.75
Qatar,QAT,9/1/22,5.73,5730,1981.01,0.33,6.11,114.09,41.24,14257.76
Qatar,QAT,10/1/22,5.09,5090,1759.75,0.23,4.73,79.52,46.33,16017.51
Qatar,QAT,11/1/22,4.24,4240,1465.88,0.44,11.58,152.12,50.57,17483.39
Qatar,QAT,12/1/22,3.44,3440,1189.3,0.22,6.83,76.06,54.01,18672.69
Qatar,QAT,1/1/23,3.04,3040,1020.45,0.08,2.7,26.85,3.04,1020.45
Qatar,QAT,2/1/23,2.74,2740,919.75,0.08,3.01,26.85,5.78,1940.2
Qatar,QAT,3/1/23,3.47,3470,1164.79,0.04,1.17,13.43,9.25,3104.99
Qatar,QAT,4/1/23,3.66,3660,1228.57,-0.32,-8.04,-107.42,12.91,4333.55
Qatar,QAT,5/1/23,4.91,4910,1648.16,0.09,1.87,30.21,17.82,5981.71
Qatar,QAT,6/1/23,5.47,5470,1836.14,0.02,0.37,6.71,23.29,7817.85
Qatar,QAT,7/1/23,6.01,6010,2017.4,0.15,2.56,50.35,29.3,9835.25
Qatar,QAT,8/1/23,6.48,6480,2175.17,0.13,2.05,43.64,35.78,12010.42
Qatar,QAT,9/1/23,6,6000,2014.04,0.27,4.71,90.63,41.78,14024.46
Qatar,QAT,10/1/23,5.26,5260,1765.65,0.17,3.34,57.06,47.04,15790.11
Qatar,QAT,11/1/23,3.94,3940,1322.56,-0.3,-7.08,-100.7,50.98,17112.67
Qatar,QAT,12/1/23,3.37,3370,1131.22,-0.07,-2.03,-23.5,54.35,18243.89
Qatar,QAT,1/1/24,3.22,3220,1056.28,0.18,5.92,59.05,3.22,1056.28
Qatar,QAT,2/1/24,2.96,2960,970.99,0.22,8.03,72.17,6.18,2027.28
Qatar,QAT,3/1/24,3.4,3400,1115.33,-0.07,-2.02,-22.96,9.58,3142.61
Qatar,QAT,4/1/24,3.95,3950,1295.75,0.29,7.92,95.13,13.53,4438.36
Qatar,QAT,5/1/24,5.12,5120,1679.56,0.21,4.28,68.89,18.65,6117.92
Qatar,QAT,6/1/24,6.12,6120,2007.6,0.65,11.88,213.23,24.77,8125.52
Qatar,QAT,7/1/24,6.53,6530,2142.09,0.52,8.65,170.58,31.3,10267.61
Qatar,QAT,8/1/24,6.69,6690,2194.58,0.21,3.24,68.89,37.99,12462.19
Canada,CAN,1/1/10,58.68,58680,1715.95,,,,58.68,1715.95
Canada,CAN,2/1/10,51.85,51850,1516.22,,,,110.53,3232.16
Canada,CAN,3/1/10,51.13,51130,1495.16,,,,161.66,4727.33
Canada,CAN,4/1/10,44.23,44230,1293.39,,,,205.89,6020.72
Canada,CAN,5/1/10,42.64,42640,1246.9,,,,248.53,7267.62
Canada,CAN,6/1/10,42.53,42530,1243.68,,,,291.06,8511.3
Canada,CAN,7/1/10,45.3,45300,1324.68,,,,336.36,9835.98
Canada,CAN,8/1/10,43.65,43650,1276.43,,,,380.01,11112.41
Canada,CAN,9/1/10,39.9,39900,1166.77,,,,419.91,12279.18
Canada,CAN,10/1/10,42.99,42990,1257.13,,,,462.9,13536.31
Canada,CAN,11/1/10,47.53,47530,1389.89,,,,510.43,14926.21
Canada,CAN,12/1/10,56.27,56270,1645.47,,,,566.7,16571.68
Canada,CAN,1/1/11,58.72,58720,1699.3,0.04,0.07,1.16,58.72,1699.3
Canada,CAN,2/1/11,52.02,52020,1505.4,0.17,0.33,4.92,110.74,3204.7
Canada,CAN,3/1/11,53.71,53710,1554.31,2.58,5.05,74.66,164.45,4759.01
Canada,CAN,4/1/11,46.64,46640,1349.71,2.41,5.45,69.74,211.09,6108.72
Canada,CAN,5/1/11,45.48,45480,1316.14,2.84,6.66,82.19,256.57,7424.87
Canada,CAN,6/1/11,43.12,43120,1247.85,0.59,1.39,17.07,299.69,8672.71
Canada,CAN,7/1/11,47.89,47890,1385.89,2.59,5.72,74.95,347.58,10058.6
Canada,CAN,8/1/11,47.17,47170,1365.05,3.52,8.06,101.87,394.75,11423.65
Canada,CAN,9/1/11,43.3,43300,1253.06,3.4,8.52,98.39,438.05,12676.71
Canada,CAN,10/1/11,45.05,45050,1303.7,2.06,4.79,59.61,483.1,13980.41
Canada,CAN,11/1/11,47.52,47520,1375.18,-0.01,-0.02,-0.29,530.62,15355.59
Canada,CAN,12/1/11,54.84,54840,1587.01,-1.43,-2.54,-41.38,585.46,16942.6
Canada,CAN,1/1/12,58.09,58090,1663.4,-0.63,-1.07,-18.04,58.09,1663.4
Canada,CAN,2/1/12,51.93,51930,1487.01,-0.09,-0.17,-2.58,110.02,3150.4
Canada,CAN,3/1/12,51.61,51610,1477.84,-2.1,-3.91,-60.13,161.63,4628.25
Canada,CAN,4/1/12,46.43,46430,1329.52,-0.21,-0.45,-6.01,208.06,5957.76
Canada,CAN,5/1/12,45.94,45940,1315.48,0.46,1.01,13.17,254,7273.25
Canada,CAN,6/1/12,44.61,44610,1277.4,1.49,3.46,42.67,298.61,8550.65
Canada,CAN,7/1/12,48.82,48820,1397.95,0.93,1.94,26.63,347.43,9948.6
Canada,CAN,8/1/12,48.14,48140,1378.48,0.97,2.06,27.78,395.57,11327.08
Canada,CAN,9/1/12,43.68,43680,1250.77,0.38,0.88,10.88,439.25,12577.85
Canada,CAN,10/1/12,48.18,48180,1379.63,3.13,6.95,89.63,487.43,13957.48
Canada,CAN,11/1/12,51.63,51630,1478.42,4.11,8.65,117.69,539.06,15435.89
Canada,CAN,12/1/12,55.83,55830,1598.68,0.99,1.81,28.35,594.89,17034.58
Canada,CAN,1/1/13,59.94,59940,1698.33,1.85,3.18,52.42,59.94,1698.33
Canada,CAN,2/1/13,53.35,53350,1511.61,1.42,2.73,40.23,113.29,3209.95
Canada,CAN,3/1/13,54.27,54270,1537.68,2.66,5.15,75.37,167.56,4747.63
Canada,CAN,4/1/13,48.11,48110,1363.14,1.68,3.62,47.6,215.67,6110.77
Canada,CAN,5/1/13,46.19,46190,1308.74,0.25,0.54,7.08,261.86,7419.52
Canada,CAN,6/1/13,45.79,45790,1297.41,1.18,2.65,33.43,307.65,8716.93
Canada,CAN,7/1/13,48.85,48850,1384.11,0.03,0.06,0.85,356.5,10101.04
Canada,CAN,8/1/13,48.39,48390,1371.08,0.25,0.52,7.08,404.89,11472.12
Canada,CAN,9/1/13,44.71,44710,1266.81,1.03,2.36,29.18,449.6,12738.93
Canada,CAN,10/1/13,47.73,47730,1352.38,-0.45,-0.93,-12.75,497.33,14091.3
Canada,CAN,11/1/13,52.96,52960,1500.56,1.33,2.58,37.68,550.29,15591.87
Canada,CAN,12/1/13,60.4,60400,1711.37,4.57,8.19,129.49,610.69,17303.24
Canada,CAN,1/1/14,60.25,60250,1690.79,0.31,0.52,8.7,60.25,1690.79
Canada,CAN,2/1/14,53.55,53550,1502.77,0.2,0.37,5.61,113.8,3193.55
Canada,CAN,3/1/14,55.84,55840,1567.03,1.57,2.89,44.06,169.64,4760.58
Canada,CAN,4/1/14,47.65,47650,1337.19,-0.46,-0.96,-12.91,217.29,6097.78
Canada,CAN,5/1/14,45.24,45240,1269.56,-0.95,-2.06,-26.66,262.53,7367.34
Canada,CAN,6/1/14,44.15,44150,1238.97,-1.64,-3.58,-46.02,306.68,8606.31
Canada,CAN,7/1/14,46.7,46700,1310.54,-2.15,-4.4,-60.34,353.38,9916.85
Canada,CAN,8/1/14,47.44,47440,1331.3,-0.95,-1.96,-26.66,400.82,11248.15
Canada,CAN,9/1/14,44.72,44720,1254.97,0.01,0.02,0.28,445.54,12503.12
Canada,CAN,10/1/14,45.03,45030,1263.67,-2.7,-5.66,-75.77,490.57,13766.79
Canada,CAN,11/1/14,51.69,51690,1450.57,-1.27,-2.4,-35.64,542.26,15217.36
Canada,CAN,12/1/14,57.63,57630,1617.26,-2.77,-4.59,-77.73,599.89,16834.62
Canada,CAN,1/1/15,60.98,60980,1695.67,0.73,1.21,20.3,60.98,1695.67
Canada,CAN,2/1/15,55.3,55300,1537.73,1.75,3.27,48.66,116.28,3233.4
Canada,CAN,3/1/15,55.28,55280,1537.17,-0.56,-1,-15.57,171.56,4770.56
Canada,CAN,4/1/15,47.74,47740,1327.5,0.09,0.19,2.5,219.3,6098.07
Canada,CAN,5/1/15,44.55,44550,1238.8,-0.69,-1.53,-19.19,263.85,7336.87
Canada,CAN,6/1/15,44.33,44330,1232.68,0.18,0.41,5.01,308.18,8569.55
Canada,CAN,7/1/15,46.77,46770,1300.53,0.07,0.15,1.95,354.95,9870.09
Canada,CAN,8/1/15,46.56,46560,1294.69,-0.88,-1.85,-24.47,401.51,11164.78
Canada,CAN,9/1/15,43.66,43660,1214.05,-1.06,-2.37,-29.48,445.17,12378.83
Canada,CAN,10/1/15,44.72,44720,1243.53,-0.31,-0.69,-8.62,489.89,13622.36
Canada,CAN,11/1/15,48.99,48990,1362.26,-2.7,-5.22,-75.08,538.88,14984.62
Canada,CAN,12/1/15,53.87,53870,1497.96,-3.76,-6.52,-104.55,592.75,16482.58
Canada,CAN,1/1/16,64.23,64230,1766.83,3.25,5.33,89.4,64.23,1766.83
Canada,CAN,2/1/16,57.94,57940,1593.8,2.64,4.77,72.62,122.17,3360.63
Canada,CAN,3/1/16,57.11,57110,1570.97,1.83,3.31,50.34,179.28,4931.6
Canada,CAN,4/1/16,49.98,49980,1374.84,2.24,4.69,61.62,229.26,6306.44
Canada,CAN,5/1/16,47.88,47880,1317.07,3.33,7.47,91.6,277.14,7623.52
Canada,CAN,6/1/16,48.57,48570,1336.05,4.24,9.56,116.63,325.71,8959.57
Canada,CAN,7/1/16,51.87,51870,1426.83,5.1,10.9,140.29,377.58,10386.4
Canada,CAN,8/1/16,52.36,52360,1440.31,5.8,12.46,159.55,429.94,11826.71
Canada,CAN,9/1/16,48.22,48220,1326.43,4.56,10.44,125.44,478.16,13153.14
Canada,CAN,10/1/16,50.3,50300,1383.64,5.58,12.48,153.49,528.46,14536.78
Canada,CAN,11/1/16,54.38,54380,1495.88,5.39,11,148.27,582.84,16032.66
Canada,CAN,12/1/16,63.48,63480,1746.2,9.61,17.84,264.35,646.32,17778.85
Canada,CAN,1/1/17,64.32,64320,1747.42,0.09,0.14,2.45,64.32,1747.42
Canada,CAN,2/1/17,56.47,56470,1534.16,-1.47,-2.54,-39.94,120.79,3281.58
Canada,CAN,3/1/17,60.36,60360,1639.84,3.25,5.69,88.29,181.15,4921.42
Canada,CAN,4/1/17,50.66,50660,1376.31,0.68,1.36,18.47,231.81,6297.73
Canada,CAN,5/1/17,48.77,48770,1324.97,0.89,1.86,24.18,280.58,7622.7
Canada,CAN,6/1/17,47.91,47910,1301.6,-0.66,-1.36,-17.93,328.49,8924.3
Canada,CAN,7/1/17,51.91,51910,1410.27,0.04,0.08,1.09,380.4,10334.57
Canada,CAN,8/1/17,52.05,52050,1414.08,-0.31,-0.59,-8.42,432.45,11748.65
Canada,CAN,9/1/17,48.61,48610,1320.62,0.39,0.81,10.6,481.06,13069.26
Canada,CAN,10/1/17,48.31,48310,1312.47,-1.99,-3.96,-54.06,529.37,14381.73
Canada,CAN,11/1/17,55.6,55600,1510.52,1.22,2.24,33.14,584.97,15892.25
Canada,CAN,12/1/17,64.37,64370,1748.78,0.89,1.4,24.18,649.34,17641.03
Canada,CAN,1/1/18,64.64,64640,1733.21,0.32,0.5,8.58,64.64,1733.21
Canada,CAN,2/1/18,55.6,55600,1490.82,-0.87,-1.54,-23.33,120.24,3224.02
Canada,CAN,3/1/18,57.2,57200,1533.72,-3.16,-5.24,-84.73,177.44,4757.74
Canada,CAN,4/1/18,50.02,50020,1341.2,-0.64,-1.26,-17.16,227.46,6098.94
Canada,CAN,5/1/18,48.08,48080,1289.18,-0.69,-1.41,-18.5,275.54,7388.12
Canada,CAN,6/1/18,46.98,46980,1259.69,-0.93,-1.94,-24.94,322.52,8647.81
Canada,CAN,7/1/18,52.65,52650,1411.72,0.74,1.43,19.84,375.17,10059.53
Canada,CAN,8/1/18,52.03,52030,1395.09,-0.02,-0.04,-0.54,427.2,11454.62
Canada,CAN,9/1/18,47.15,47150,1264.24,-1.46,-3,-39.15,474.35,12718.86
Canada,CAN,10/1/18,50.36,50360,1350.32,2.05,4.24,54.97,524.71,14069.18
Canada,CAN,11/1/18,55.57,55570,1490.01,-0.03,-0.05,-0.8,580.28,15559.19
Canada,CAN,12/1/18,61.14,61140,1639.36,-3.23,-5.02,-86.61,641.42,17198.55
Canada,CAN,1/1/19,61.18,61180,1619.25,-3.46,-5.35,-91.58,61.18,1619.25
Canada,CAN,2/1/19,55.3,55300,1463.63,-0.3,-0.54,-7.94,116.48,3082.88
Canada,CAN,3/1/19,55.12,55120,1458.86,-2.08,-3.64,-55.05,171.6,4541.74
Canada,CAN,4/1/19,46.85,46850,1239.98,-3.17,-6.34,-83.9,218.45,5781.72
Canada,CAN,5/1/19,44.38,44380,1174.61,-3.7,-7.7,-97.93,262.83,6956.32
Canada,CAN,6/1/19,42.18,42180,1116.38,-4.8,-10.22,-127.04,305.01,8072.7
Canada,CAN,7/1/19,46.79,46790,1238.39,-5.86,-11.13,-155.1,351.8,9311.09
Canada,CAN,8/1/19,44.75,44750,1184.4,-7.28,-13.99,-192.68,396.55,10495.49
Canada,CAN,9/1/19,41.93,41930,1109.76,-5.22,-11.07,-138.16,438.48,11605.25
Canada,CAN,10/1/19,45.73,45730,1210.34,-4.63,-9.19,-122.54,484.21,12815.59
Canada,CAN,11/1/19,51.6,51600,1365.7,-3.97,-7.14,-105.07,535.81,14181.28
Canada,CAN,12/1/19,57.24,57240,1514.97,-3.9,-6.38,-103.22,593.05,15696.25
Canada,CAN,1/1/20,58.68,58680,1537.26,-2.5,-4.09,-65.49,58.68,1537.26
Canada,CAN,2/1/20,54.46,54460,1426.7,-0.84,-1.52,-22.01,113.14,2963.96
Canada,CAN,3/1/20,53.4,53400,1398.93,-1.72,-3.12,-45.06,166.54,4362.9
Canada,CAN,4/1/20,44.56,44560,1167.35,-2.29,-4.89,-59.99,211.1,5530.25
Canada,CAN,5/1/20,41.52,41520,1087.71,-2.86,-6.44,-74.92,252.62,6617.96
Canada,CAN,6/1/20,42.25,42250,1106.84,0.07,0.17,1.83,294.87,7724.79
Canada,CAN,7/1/20,46.27,46270,1212.15,-0.52,-1.11,-13.62,341.14,8936.94
Canada,CAN,8/1/20,44.5,44500,1165.78,-0.25,-0.56,-6.55,385.64,10102.72
Canada,CAN,9/1/20,41.26,41260,1080.9,-0.67,-1.6,-17.55,426.9,11183.62
Canada,CAN,10/1/20,45.28,45280,1186.21,-0.45,-0.98,-11.79,472.18,12369.83
Canada,CAN,11/1/20,49.37,49370,1293.36,-2.23,-4.32,-58.42,521.55,13663.19
Canada,CAN,12/1/20,56,56000,1467.05,-1.24,-2.17,-32.48,577.55,15130.24
Canada,CAN,1/1/21,57.14,57140,1485.93,-1.54,-2.62,-40.05,57.14,1485.93
Canada,CAN,2/1/21,53.74,53740,1397.51,-0.72,-1.32,-18.72,110.88,2883.44
Canada,CAN,3/1/21,52.71,52710,1370.73,-0.69,-1.29,-17.94,163.59,4254.16
Canada,CAN,4/1/21,44.78,44780,1164.51,0.22,0.49,5.72,208.37,5418.67
Canada,CAN,5/1/21,43.82,43820,1139.54,2.3,5.54,59.81,252.19,6558.21
Canada,CAN,6/1/21,43.85,43850,1140.32,1.6,3.79,41.61,296.04,7698.53
Canada,CAN,7/1/21,44.93,44930,1168.41,-1.34,-2.9,-34.85,340.97,8866.93
Canada,CAN,8/1/21,46.24,46240,1202.47,1.74,3.91,45.25,387.21,10069.41
Canada,CAN,9/1/21,42,42000,1092.21,0.74,1.79,19.24,429.21,11161.62
Canada,CAN,10/1/21,44.42,44420,1155.14,-0.86,-1.9,-22.36,473.63,12316.76
Canada,CAN,11/1/21,49.44,49440,1285.69,0.07,0.14,1.82,523.07,13602.45
Canada,CAN,12/1/21,56.99,56990,1482.03,0.99,1.77,25.74,580.06,15084.48
Canada,CAN,1/1/22,61.49,61490,1583.92,4.35,7.61,112.05,61.49,1583.92
Canada,CAN,2/1/22,53.41,53410,1375.79,-0.33,-0.61,-8.5,114.9,2959.72
Canada,CAN,3/1/22,53.65,53650,1381.97,0.94,1.78,24.21,168.55,4341.69
Canada,CAN,4/1/22,46.56,46560,1199.34,1.78,3.97,45.85,215.11,5541.03
Canada,CAN,5/1/22,43.85,43850,1129.53,0.03,0.07,0.77,258.96,6670.56
Canada,CAN,6/1/22,42.34,42340,1090.64,-1.51,-3.44,-38.9,301.3,7761.2
Canada,CAN,7/1/22,45.31,45310,1167.14,0.38,0.85,9.79,346.61,8928.35
Canada,CAN,8/1/22,46.57,46570,1199.6,0.33,0.71,8.5,393.18,10127.95
Canada,CAN,9/1/22,42.71,42710,1100.17,0.71,1.69,18.29,435.89,11228.11
Canada,CAN,10/1/22,44.55,44550,1147.57,0.13,0.29,3.35,480.44,12375.68
Canada,CAN,11/1/22,50.64,50640,1304.44,1.2,2.43,30.91,531.08,13680.12
Canada,CAN,12/1/22,57.5,57500,1481.15,0.51,0.89,13.14,588.58,15161.26
Canada,CAN,1/1/23,57.96,57960,1474.84,-3.53,-5.74,-89.82,57.96,1474.84
Canada,CAN,2/1/23,53.39,53390,1358.56,-0.02,-0.04,-0.51,111.35,2833.4
Canada,CAN,3/1/23,53.91,53910,1371.79,0.26,0.48,6.62,165.26,4205.19
Canada,CAN,4/1/23,45.89,45890,1167.71,-0.67,-1.44,-17.05,211.15,5372.9
Canada,CAN,5/1/23,44.03,44030,1120.38,0.18,0.41,4.58,255.18,6493.28
Canada,CAN,6/1/23,43.33,43330,1102.57,0.99,2.34,25.19,298.51,7595.85
Canada,CAN,7/1/23,46.93,46930,1194.17,1.62,3.58,41.22,345.44,8790.02
Canada,CAN,8/1/23,45.43,45430,1156.01,-1.14,-2.45,-29.01,390.87,9946.03
Canada,CAN,9/1/23,43.46,43460,1105.88,0.75,1.76,19.08,434.33,11051.91
Canada,CAN,10/1/23,45.43,45430,1156.01,0.88,1.98,22.39,479.76,12207.91
Canada,CAN,11/1/23,51.9,51900,1320.64,1.26,2.49,32.06,531.66,13528.55
Canada,CAN,12/1/23,55.72,55720,1417.84,-1.78,-3.1,-45.29,587.38,14946.4
Canada,CAN,1/1/24,61.22,61220,1540.42,3.26,5.62,82.03,61.22,1540.42
Canada,CAN,2/1/24,53.58,53580,1348.18,0.19,0.36,4.78,114.8,2888.6
Canada,CAN,3/1/24,53.2,53200,1338.62,-0.71,-1.32,-17.87,168,4227.22
Canada,CAN,4/1/24,46.63,46630,1173.31,0.74,1.61,18.62,214.63,5400.53
Canada,CAN,5/1/24,44.06,44060,1108.64,0.03,0.07,0.75,258.69,6509.17
Canada,CAN,6/1/24,43.51,43510,1094.8,0.18,0.42,4.53,302.2,7603.97
Canada,CAN,7/1/24,48.48,48480,1219.86,1.55,3.3,39,350.68,8823.83
Canada,CAN,8/1/24,46.64,46640,1173.56,1.21,2.66,30.45,397.32,9997.38
Canada,CAN,9/1/24,43.66,43660,1098.57,0.2,0.46,5.03,440.98,11095.96
Canada,CAN,10/1/24,45.98,45980,1156.95,0.55,1.21,13.84,486.96,12252.91
Canada,CAN,11/1/24,49.86,49860,1254.58,-2.04,-3.93,-51.33,536.82,13507.49
Canada,CAN,12/1/24,59.87,59870,1506.45,4.15,7.45,104.42,596.69,15013.94
Canada,CAN,1/1/25,63.54,63540,1583.48,2.32,3.79,57.82,63.54,1583.48
Canada,CAN,2/1/25,57.61,57610,1435.7,4.03,7.52,100.43,121.15,3019.19
Canada,CAN,3/1/25,57.02,57020,1421,3.82,7.18,95.2,178.17,4440.19
Canada,CAN,4/1/25,48,48000,1196.21,1.37,2.94,34.14,226.17,5636.4
Canada,CAN,5/1/25,45.28,45280,1128.43,1.22,2.77,30.4,271.45,6764.82
United States of America,USA,1/1/01,333.64,333640,1173.63,,,,333.64,1173.63
United States of America,USA,2/1/01,282.77,282770,994.69,,,,616.41,2168.32
United States of America,USA,3/1/01,301.73,301730,1061.38,,,,918.14,3229.7
United States of America,USA,4/1/01,279.89,279890,984.56,,,,1198.03,4214.26
United States of America,USA,5/1/01,302.61,302610,1064.48,,,,1500.64,5278.74
United States of America,USA,6/1/01,329.28,329280,1158.29,,,,1829.92,6437.03
United States of America,USA,7/1/01,358.97,358970,1262.73,,,,2188.89,7699.77
United States of America,USA,8/1/01,372.13,372130,1309.03,,,,2561.02,9008.79
United States of America,USA,9/1/01,306.68,306680,1078.8,,,,2867.7,10087.59
United States of America,USA,10/1/01,294.84,294840,1037.15,,,,3162.54,11124.74
United States of America,USA,11/1/01,279.34,279340,982.62,,,,3441.88,12107.36
United States of America,USA,12/1/01,307.16,307160,1080.48,,,,3749.04,13187.84
United States of America,USA,1/1/02,321.25,321250,1119.01,-12.39,-3.71,-43.16,321.25,1119.01
United States of America,USA,2/1/02,282.56,282560,984.24,-0.21,-0.07,-0.73,603.81,2103.25
United States of America,USA,3/1/02,302.88,302880,1055.02,1.15,0.38,4.01,906.69,3158.27
United States of America,USA,4/1/02,290.3,290300,1011.2,10.41,3.72,36.26,1196.99,4169.48
United States of America,USA,5/1/02,306.91,306910,1069.06,4.3,1.42,14.98,1503.9,5238.54
United States of America,USA,6/1/02,341.51,341510,1189.58,12.23,3.71,42.6,1845.41,6428.12
United States of America,USA,7/1/02,383.77,383770,1336.79,24.8,6.91,86.39,2229.18,7764.91
United States of America,USA,8/1/02,376.12,376120,1310.14,3.99,1.07,13.9,2605.3,9075.04
United States of America,USA,9/1/02,331.6,331600,1155.06,24.92,8.13,86.8,2936.9,10230.11
United States of America,USA,10/1/02,307.29,307290,1070.38,12.45,4.22,43.37,3244.19,11300.49
United States of America,USA,11/1/02,296.22,296220,1031.82,16.88,6.04,58.8,3540.41,12332.31
United States of America,USA,12/1/02,324.25,324250,1129.46,17.09,5.56,59.53,3864.66,13461.77
United States of America,USA,1/1/03,342.4,342400,1181.06,21.15,6.58,72.95,342.4,1181.06
United States of America,USA,2/1/03,299.34,299340,1032.53,16.78,5.94,57.88,641.74,2213.6
United States of America,USA,3/1/03,304.02,304020,1048.68,1.14,0.38,3.93,945.76,3262.28
United States of America,USA,4/1/03,285.56,285560,985,-4.74,-1.63,-16.35,1231.32,4247.28
United States of America,USA,5/1/03,306.93,306930,1058.72,0.02,0.01,0.07,1538.25,5305.99
United States of America,USA,6/1/03,327.82,327820,1130.77,-13.69,-4.01,-47.22,1866.07,6436.77
United States of America,USA,7/1/03,375.25,375250,1294.38,-8.52,-2.22,-29.39,2241.32,7731.14
United States of America,USA,8/1/03,382.58,382580,1319.66,6.46,1.72,22.28,2623.9,9050.8
United States of America,USA,9/1/03,321.38,321380,1108.56,-10.22,-3.08,-35.25,2945.28,10159.36
United States of America,USA,10/1/03,303.88,303880,1048.19,-3.41,-1.11,-11.76,3249.16,11207.56
United States of America,USA,11/1/03,295.74,295740,1020.12,-0.48,-0.16,-1.66,3544.9,12227.67
United States of America,USA,12/1/03,330.43,330430,1139.78,6.18,1.91,21.32,3875.33,13367.45
United States of America,USA,1/1/04,344.94,344940,1178.13,2.54,0.74,8.68,344.94,1178.13
United States of America,USA,2/1/04,312.67,312670,1067.91,13.33,4.45,45.53,657.61,2246.04
United States of America,USA,3/1/04,306.46,306460,1046.7,2.44,0.8,8.33,964.07,3292.75
United States of America,USA,4/1/04,289.11,289110,987.44,3.55,1.24,12.12,1253.18,4280.19
United States of America,USA,5/1/04,326.05,326050,1113.61,19.12,6.23,65.3,1579.23,5393.8
United States of America,USA,6/1/04,344.25,344250,1175.77,16.43,5.01,56.12,1923.48,6569.58
United States of America,USA,7/1/04,378.63,378630,1293.2,3.38,0.9,11.54,2302.11,7862.77
United States of America,USA,8/1/04,370.15,370150,1264.23,-12.43,-3.25,-42.45,2672.26,9127.01
United States of America,USA,9/1/04,335.1,335100,1144.52,13.72,4.27,46.86,3007.36,10271.53
United States of America,USA,10/1/04,311.91,311910,1065.32,8.03,2.64,27.43,3319.27,11336.85
United States of America,USA,11/1/04,302.15,302150,1031.98,6.41,2.17,21.89,3621.42,12368.83
United States of America,USA,12/1/04,341.79,341790,1167.37,11.36,3.44,38.8,3963.21,13536.2
United States of America,USA,1/1/05,342.86,342860,1159.42,-2.08,-0.6,-7.03,342.86,1159.42
United States of America,USA,2/1/05,298.72,298720,1010.15,-13.95,-4.46,-47.17,641.58,2169.57
United States of America,USA,3/1/05,318.15,318150,1075.86,11.69,3.81,39.53,959.73,3245.43
United States of America,USA,4/1/05,289.87,289870,980.23,0.76,0.26,2.57,1249.6,4225.66
United States of America,USA,5/1/05,314.86,314860,1064.73,-11.19,-3.43,-37.84,1564.46,5290.4
United States of America,USA,6/1/05,363.39,363390,1228.84,19.14,5.56,64.72,1927.85,6519.24
United States of America,USA,7/1/05,403.24,403240,1363.6,24.61,6.5,83.22,2331.09,7882.84
United States of America,USA,8/1/05,406.52,406520,1374.69,36.37,9.83,122.99,2737.61,9257.53
United States of America,USA,9/1/05,350.4,350400,1184.92,15.3,4.57,51.74,3088.01,10442.45
United States of America,USA,10/1/05,316.61,316610,1070.65,4.7,1.51,15.89,3404.62,11513.1
United States of America,USA,11/1/05,306.67,306670,1037.04,4.52,1.5,15.28,3711.29,12550.14
United States of America,USA,12/1/05,348.52,348520,1178.56,6.73,1.97,22.76,4059.81,13728.7
United States of America,USA,1/1/06,328.39,328390,1099.29,-14.47,-4.22,-48.44,328.39,1099.29
United States of America,USA,2/1/06,307.44,307440,1029.16,8.72,2.92,29.19,635.83,2128.44
United States of America,USA,3/1/06,318.95,318950,1067.69,0.8,0.25,2.68,954.78,3196.13
United States of America,USA,4/1/06,297.75,297750,996.72,7.88,2.72,26.38,1252.53,4192.85
United States of America,USA,5/1/06,330.73,330730,1107.12,15.87,5.04,53.12,1583.26,5299.97
United States of America,USA,6/1/06,364.08,364080,1218.76,0.69,0.19,2.31,1947.34,6518.73
United States of America,USA,7/1/06,411.77,411770,1378.4,8.53,2.12,28.55,2359.11,7897.13
United States of America,USA,8/1/06,409.21,409210,1369.83,2.69,0.66,9,2768.32,9266.96
United States of America,USA,9/1/06,330.58,330580,1106.62,-19.82,-5.66,-66.35,3098.9,10373.58
United States of America,USA,10/1/06,320.54,320540,1073.01,3.93,1.24,13.16,3419.44,11446.59
United States of America,USA,11/1/06,308.71,308710,1033.41,2.04,0.67,6.83,3728.15,12480
United States of America,USA,12/1/06,337.21,337210,1128.81,-11.31,-3.25,-37.86,4065.36,13608.81
United States of America,USA,1/1/07,354.05,354050,1172.96,25.66,7.81,85.01,354.05,1172.96
United States of America,USA,2/1/07,324.94,324940,1076.52,17.5,5.69,57.98,678.99,2249.47
United States of America,USA,3/1/07,321.17,321170,1064.03,2.22,0.7,7.35,1000.16,3313.5
United States of America,USA,4/1/07,304.85,304850,1009.96,7.1,2.38,23.52,1305.01,4323.46
United States of America,USA,5/1/07,332.43,332430,1101.33,1.7,0.51,5.63,1637.44,5424.79
United States of America,USA,6/1/07,364.51,364510,1207.61,0.43,0.12,1.42,2001.95,6632.4
United States of America,USA,7/1/07,395.8,395800,1311.27,-15.97,-3.88,-52.91,2397.75,7943.67
United States of America,USA,8/1/07,423.97,423970,1404.6,14.76,3.61,48.9,2821.72,9348.27
United States of America,USA,9/1/07,355.67,355670,1178.32,25.09,7.59,83.12,3177.39,10526.6
United States of America,USA,10/1/07,333.62,333620,1105.27,13.08,4.08,43.33,3511.01,11631.87
United States of America,USA,11/1/07,315.71,315710,1045.94,7,2.27,23.19,3826.72,12677.81
United States of America,USA,12/1/07,347.11,347110,1149.96,9.9,2.94,32.8,4173.83,13827.77
United States of America,USA,1/1/08,365.05,365050,1197,11,3.11,36.07,365.05,1197
United States of America,USA,2/1/08,327.14,327140,1072.7,2.2,0.68,7.21,692.19,2269.7
United States of America,USA,3/1/08,325.97,325970,1068.86,4.8,1.49,15.74,1018.16,3338.56
United States of America,USA,4/1/08,307.67,307670,1008.85,2.82,0.93,9.25,1325.83,4347.41
United States of America,USA,5/1/08,326.68,326680,1071.19,-5.75,-1.73,-18.85,1652.51,5418.6
United States of America,USA,6/1/08,374.81,374810,1229.01,10.3,2.83,33.77,2027.32,6647.6
United States of America,USA,7/1/08,406.28,406280,1332.2,10.48,2.65,34.36,2433.6,7979.8
United States of America,USA,8/1/08,392.29,392290,1286.32,-31.68,-7.47,-103.88,2825.89,9266.12
United States of America,USA,9/1/08,340.12,340120,1115.26,-15.55,-4.37,-50.99,3166.01,10381.38
United States of America,USA,10/1/08,319.01,319010,1046.04,-14.61,-4.38,-47.91,3485.02,11427.42
United States of America,USA,11/1/08,310.32,310320,1017.54,-5.39,-1.71,-17.67,3795.34,12444.96
United States of America,USA,12/1/08,345,345000,1131.26,-2.11,-0.61,-6.92,4140.34,13576.22
United States of America,USA,1/1/09,356.07,356070,1155.99,-8.98,-2.46,-29.15,356.07,1155.99
United States of America,USA,2/1/09,302.38,302380,981.68,-24.76,-7.57,-80.38,658.45,2137.67
United States of America,USA,3/1/09,310.8,310800,1009.02,-15.17,-4.65,-49.25,969.25,3146.68
United States of America,USA,4/1/09,290.4,290400,942.79,-17.27,-5.61,-56.07,1259.65,4089.47
United States of America,USA,5/1/09,313.06,313060,1016.35,-13.62,-4.17,-44.22,1572.71,5105.82
United States of America,USA,6/1/09,349.81,349810,1135.66,-25,-6.67,-81.16,1922.52,6241.48
United States of America,USA,7/1/09,375.6,375600,1219.39,-30.68,-7.55,-99.6,2298.12,7460.87
United States of America,USA,8/1/09,384.7,384700,1248.93,-7.59,-1.93,-24.64,2682.82,8709.8
United States of America,USA,9/1/09,329.54,329540,1069.86,-10.58,-3.11,-34.35,3012.36,9779.66
United States of America,USA,10/1/09,309.86,309860,1005.96,-9.15,-2.87,-29.71,3322.22,10785.62
United States of America,USA,11/1/09,298.65,298650,969.57,-11.67,-3.76,-37.89,3620.87,11755.19
United States of America,USA,12/1/09,353.04,353040,1146.15,8.04,2.33,26.1,3973.91,12901.34
United States of America,USA,1/1/10,364.13,364130,1170.6,8.06,2.26,25.91,364.13,1170.6
United States of America,USA,2/1/10,322.21,322210,1035.84,19.83,6.56,63.75,686.34,2206.43
United States of America,USA,3/1/10,314.22,314220,1010.15,3.42,1.1,10.99,1000.56,3216.58
United States of America,USA,4/1/10,289.53,289530,930.78,-0.87,-0.3,-2.8,1290.09,4147.36
United States of America,USA,5/1/10,328.31,328310,1055.45,15.25,4.87,49.03,1618.4,5202.8
United States of America,USA,6/1/10,377.14,377140,1212.42,27.33,7.81,87.86,1995.54,6415.23
United States of America,USA,7/1/10,411.33,411330,1322.34,35.73,9.51,114.86,2406.87,7737.56
United States of America,USA,8/1/10,409.79,409790,1317.39,25.09,6.52,80.66,2816.66,9054.95
United States of America,USA,9/1/10,345.67,345670,1111.25,16.13,4.89,51.85,3162.33,10166.2
United States of America,USA,10/1/10,307.58,307580,988.8,-2.28,-0.74,-7.33,3469.91,11155.01
United States of America,USA,11/1/10,306.2,306200,984.37,7.55,2.53,24.27,3776.11,12139.37
United States of America,USA,12/1/10,363.83,363830,1169.63,10.79,3.06,34.69,4139.94,13309.01
United States of America,USA,1/1/11,364.23,364230,1159.58,0.1,0.03,0.32,364.23,1159.58
United States of America,USA,2/1/11,314.37,314370,1000.84,-7.84,-2.43,-24.96,678.6,2160.42
United States of America,USA,3/1/11,320.01,320010,1018.8,5.79,1.84,18.43,998.61,3179.22
United States of America,USA,4/1/11,303.85,303850,967.35,14.32,4.95,45.59,1302.46,4146.58
United States of America,USA,5/1/11,326.42,326420,1039.21,-1.89,-0.58,-6.02,1628.88,5185.78
United States of America,USA,6/1/11,369.88,369880,1177.57,-7.26,-1.93,-23.11,1998.76,6363.35
United States of America,USA,7/1/11,422.26,422260,1344.33,10.93,2.66,34.8,2421.02,7707.68
United States of America,USA,8/1/11,410.04,410040,1305.42,0.25,0.06,0.8,2831.06,9013.1
United States of America,USA,9/1/11,339.88,339880,1082.06,-5.79,-1.68,-18.43,3170.94,10095.16
United States of America,USA,10/1/11,310.8,310800,989.48,3.22,1.05,10.25,3481.74,11084.64
United States of America,USA,11/1/11,305.99,305990,974.16,-0.21,-0.07,-0.67,3787.73,12058.8
United States of America,USA,12/1/11,338.38,338380,1077.28,-25.45,-7,-81.02,4126.11,13136.09
United States of America,USA,1/1/12,341.64,341640,1077.34,-22.59,-6.2,-71.24,341.64,1077.34
United States of America,USA,2/1/12,311.38,311380,981.92,-2.99,-0.95,-9.43,653.02,2059.25
United States of America,USA,3/1/12,311.77,311770,983.14,-8.24,-2.57,-25.98,964.79,3042.4
United States of America,USA,4/1/12,298.66,298660,941.8,-5.19,-1.71,-16.37,1263.45,3984.2
United States of America,USA,5/1/12,340.39,340390,1073.4,13.97,4.28,44.05,1603.84,5057.6
United States of America,USA,6/1/12,364.41,364410,1149.14,-5.47,-1.48,-17.25,1968.25,6206.74
United States of America,USA,7/1/12,419.71,419710,1323.53,-2.55,-0.6,-8.04,2387.96,7530.27
United States of America,USA,8/1/12,400.53,400530,1263.04,-9.51,-2.32,-29.99,2788.49,8793.31
United States of America,USA,9/1/12,337.92,337920,1065.61,-1.96,-0.58,-6.18,3126.41,9858.92
United States of America,USA,10/1/12,314.82,314820,992.76,4.02,1.29,12.68,3441.23,10851.68
United States of America,USA,11/1/12,309.29,309290,975.32,3.3,1.08,10.41,3750.52,11827
United States of America,USA,12/1/12,337.4,337400,1063.97,-0.98,-0.29,-3.09,4087.92,12890.97
United States of America,USA,1/1/13,352.48,352480,1101.12,10.84,3.17,33.86,352.48,1101.12
United States of America,USA,2/1/13,313.33,313330,978.82,1.95,0.63,6.09,665.81,2079.93
United States of America,USA,3/1/13,329.27,329270,1028.61,17.5,5.61,54.67,995.08,3108.55
United States of America,USA,4/1/13,302.68,302680,945.55,4.02,1.35,12.56,1297.76,4054.09
United States of America,USA,5/1/13,326.07,326070,1018.62,-14.32,-4.21,-44.73,1623.83,5072.71
United States of America,USA,6/1/13,361.26,361260,1128.55,-3.15,-0.86,-9.84,1985.09,6201.26
United States of America,USA,7/1/13,399.6,399600,1248.32,-20.11,-4.79,-62.82,2384.69,7449.57
United States of America,USA,8/1/13,390.31,390310,1219.3,-10.22,-2.55,-31.93,2775,8668.87
United States of America,USA,9/1/13,344.87,344870,1077.35,6.95,2.06,21.71,3119.87,9746.21
United States of America,USA,10/1/13,318.48,318480,994.9,3.66,1.16,11.43,3438.35,10741.12
United States of America,USA,11/1/13,318.62,318620,995.34,9.33,3.02,29.15,3756.97,11736.46
United States of America,USA,12/1/13,356.53,356530,1113.77,19.13,5.67,59.76,4113.5,12850.23
United States of America,USA,1/1/14,381.19,381190,1179.73,28.71,8.15,88.85,381.19,1179.73
United States of America,USA,2/1/14,327.49,327490,1013.54,14.16,4.52,43.82,708.68,2193.27
United States of America,USA,3/1/14,335.48,335480,1038.27,6.21,1.89,19.22,1044.16,3231.54
United States of America,USA,4/1/14,301.49,301490,933.07,-1.19,-0.39,-3.68,1345.65,4164.62
United States of America,USA,5/1/14,329.56,329560,1019.95,3.49,1.07,10.8,1675.21,5184.56
United States of America,USA,6/1/14,362.53,362530,1121.98,1.27,0.35,3.93,2037.74,6306.55
United States of America,USA,7/1/14,391.41,391410,1211.36,-8.19,-2.05,-25.35,2429.15,7517.91
United States of America,USA,8/1/14,390.5,390500,1208.55,0.19,0.05,0.59,2819.65,8726.46
United States of America,USA,9/1/14,345.4,345400,1068.97,0.53,0.15,1.64,3165.05,9795.43
United States of America,USA,10/1/14,319.56,319560,989,1.08,0.34,3.34,3484.61,10784.43
United States of America,USA,11/1/14,322.47,322470,998,3.85,1.21,11.92,3807.08,11782.43
United States of America,USA,12/1/14,342.12,342120,1058.82,-14.41,-4.04,-44.6,4149.2,12841.25
United States of America,USA,1/1/15,365.63,365630,1121.13,-15.56,-4.08,-47.71,365.63,1121.13
United States of America,USA,2/1/15,338.65,338650,1038.4,11.16,3.41,34.22,704.28,2159.53
United States of America,USA,3/1/15,330.56,330560,1013.6,-4.92,-1.47,-15.09,1034.84,3173.13
United States of America,USA,4/1/15,300.78,300780,922.28,-0.71,-0.24,-2.18,1335.62,4095.41
United States of America,USA,5/1/15,328.81,328810,1008.23,-0.75,-0.23,-2.3,1664.43,5103.64
United States of America,USA,6/1/15,369.33,369330,1132.48,6.8,1.88,20.85,2033.76,6236.12
United States of America,USA,7/1/15,407.34,407340,1249.03,15.93,4.07,48.85,2441.1,7485.14
United States of America,USA,8/1/15,399.34,399340,1224.5,8.84,2.26,27.11,2840.44,8709.64
United States of America,USA,9/1/15,356.6,356600,1093.44,11.2,3.24,34.34,3197.04,9803.08
United States of America,USA,10/1/15,317.33,317330,973.03,-2.23,-0.7,-6.84,3514.37,10776.11
United States of America,USA,11/1/15,306.39,306390,939.48,-16.08,-4.99,-49.31,3820.76,11715.59
United States of America,USA,12/1/15,329.99,329990,1011.85,-12.13,-3.55,-37.19,4150.75,12727.44
United States of America,USA,1/1/16,359.13,359130,1090.99,-6.5,-1.78,-19.75,359.13,1090.99
United States of America,USA,2/1/16,319.08,319080,969.32,-19.57,-5.78,-59.45,678.21,2060.31
United States of America,USA,3/1/16,310.41,310410,942.98,-20.15,-6.1,-61.21,988.62,3003.29
United States of America,USA,4/1/16,298.13,298130,905.68,-2.65,-0.88,-8.05,1286.75,3908.97
United States of America,USA,5/1/16,323.16,323160,981.72,-5.65,-1.72,-17.16,1609.91,4890.68
United States of America,USA,6/1/16,375.09,375090,1139.47,5.76,1.56,17.5,1985,6030.15
United States of America,USA,7/1/16,420.2,420200,1276.51,12.86,3.16,39.07,2405.2,7306.66
United States of America,USA,8/1/16,417.6,417600,1268.61,18.26,4.57,55.47,2822.8,8575.27
United States of America,USA,9/1/16,357.21,357210,1085.15,0.61,0.17,1.85,3180.01,9660.43
United States of America,USA,10/1/16,319.44,319440,970.41,2.11,0.66,6.41,3499.45,10630.84
United States of America,USA,11/1/16,303.81,303810,922.93,-2.58,-0.84,-7.84,3803.26,11553.77
United States of America,USA,12/1/16,350.8,350800,1065.68,20.81,6.31,63.22,4154.06,12619.46
United States of America,USA,1/1/17,351.43,351430,1057.87,-7.7,-2.14,-23.18,351.43,1057.87
United States of America,USA,2/1/17,296.94,296940,893.85,-22.14,-6.94,-66.65,648.37,1951.72
United States of America,USA,3/1/17,325.91,325910,981.05,15.5,4.99,46.66,974.28,2932.77
United States of America,USA,4/1/17,301.84,301840,908.6,3.71,1.24,11.17,1276.12,3841.36
United States of America,USA,5/1/17,329.54,329540,991.98,6.38,1.97,19.21,1605.66,4833.34
United States of America,USA,6/1/17,365.54,365540,1100.34,-9.55,-2.55,-28.75,1971.2,5933.69
United States of America,USA,7/1/17,411.55,411550,1238.84,-8.65,-2.06,-26.04,2382.75,7172.53
United States of America,USA,8/1/17,392.44,392440,1181.32,-25.16,-6.02,-75.74,2775.19,8353.85
United States of America,USA,9/1/17,342.19,342190,1030.06,-15.02,-4.2,-45.21,3117.38,9383.9
United States of America,USA,10/1/17,323.56,323560,973.98,4.12,1.29,12.4,3440.94,10357.88
United States of America,USA,11/1/17,312.24,312240,939.9,8.43,2.77,25.38,3753.18,11297.78
United States of America,USA,12/1/17,355.47,355470,1070.03,4.67,1.33,14.06,4108.65,12367.82
United States of America,USA,1/1/18,378.24,378240,1128.88,26.81,7.63,80.02,378.24,1128.88
United States of America,USA,2/1/18,311.68,311680,930.23,14.74,4.96,43.99,689.92,2059.11
United States of America,USA,3/1/18,327.99,327990,978.91,2.08,0.64,6.21,1017.91,3038.02
United States of America,USA,4/1/18,305.99,305990,913.25,4.15,1.37,12.39,1323.9,3951.27
United States of America,USA,5/1/18,345.76,345760,1031.94,16.22,4.92,48.41,1669.66,4983.21
United States of America,USA,6/1/18,378.58,378580,1129.9,13.04,3.57,38.92,2048.24,6113.11
United States of America,USA,7/1/18,418.17,418170,1248.06,6.62,1.61,19.76,2466.41,7361.17
United States of America,USA,8/1/18,415.37,415370,1239.7,22.93,5.84,68.44,2881.78,8600.86
United States of America,USA,9/1/18,361.51,361510,1078.95,19.32,5.65,57.66,3243.29,9679.82
United States of America,USA,10/1/18,329.83,329830,984.4,6.27,1.94,18.71,3573.12,10664.22
United States of America,USA,11/1/18,326.38,326380,974.1,14.14,4.53,42.2,3899.5,11638.32
United States of America,USA,12/1/18,346.53,346530,1034.24,-8.94,-2.51,-26.68,4246.03,12672.56
United States of America,USA,1/1/19,364.15,364150,1078.04,-14.09,-3.73,-41.71,364.15,1078.04
United States of America,USA,2/1/19,319.7,319700,946.45,8.02,2.57,23.74,683.85,2024.48
United States of America,USA,3/1/19,331.61,331610,981.7,3.62,1.1,10.72,1015.46,3006.19
United States of America,USA,4/1/19,302.11,302110,894.37,-3.88,-1.27,-11.49,1317.57,3900.56
United States of America,USA,5/1/19,336.44,336440,996,-9.32,-2.7,-27.59,1654.01,4896.56
United States of America,USA,6/1/19,359.86,359860,1065.34,-18.72,-4.94,-55.42,2013.87,5961.9
United States of America,USA,7/1/19,416.89,416890,1234.17,-1.28,-0.31,-3.79,2430.76,7196.07
United States of America,USA,8/1/19,408.65,408650,1209.78,-6.72,-1.62,-19.89,2839.41,8405.84
United States of America,USA,9/1/19,366.84,366840,1086,5.33,1.47,15.78,3206.25,9491.84
United States of America,USA,10/1/19,325.4,325400,963.32,-4.43,-1.34,-13.11,3531.65,10455.16
United States of America,USA,11/1/19,321.54,321540,951.89,-4.84,-1.48,-14.33,3853.19,11407.06
United States of America,USA,12/1/19,344.24,344240,1019.09,-2.29,-0.66,-6.78,4197.43,12426.15
United States of America,USA,1/1/20,346.92,346920,1022.05,-17.23,-4.73,-50.76,346.92,1022.05
United States of America,USA,2/1/20,324.64,324640,956.41,4.94,1.55,14.55,671.56,1978.46
United States of America,USA,3/1/20,316.29,316290,931.81,-15.32,-4.62,-45.13,987.85,2910.27
United States of America,USA,4/1/20,286.21,286210,843.19,-15.9,-5.26,-46.84,1274.06,3753.46
United States of America,USA,5/1/20,312.15,312150,919.61,-24.29,-7.22,-71.56,1586.21,4673.08
United States of America,USA,6/1/20,359.28,359280,1058.46,-0.58,-0.16,-1.71,1945.49,5731.54
United States of America,USA,7/1/20,418.74,418740,1233.63,1.85,0.44,5.45,2364.23,6965.17
United States of America,USA,8/1/20,407.74,407740,1201.23,-0.91,-0.22,-2.68,2771.97,8166.4
United States of America,USA,9/1/20,340.45,340450,1002.99,-26.39,-7.19,-77.75,3112.42,9169.39
United States of America,USA,10/1/20,320.55,320550,944.36,-4.85,-1.49,-14.29,3432.97,10113.75
United States of America,USA,11/1/20,306.9,306900,904.15,-14.64,-4.55,-43.13,3739.87,11017.89
United States of America,USA,12/1/20,350.58,350580,1032.83,6.34,1.84,18.68,4090.45,12050.73
United States of America,USA,1/1/21,355.6,355600,1045.39,8.68,2.5,25.52,355.6,1045.39
United States of America,USA,2/1/21,329.29,329290,968.04,4.65,1.43,13.67,684.89,2013.43
United States of America,USA,3/1/21,318.94,318940,937.61,2.65,0.84,7.79,1003.83,2951.04
United States of America,USA,4/1/21,301,301000,884.88,14.79,5.17,43.48,1304.83,3835.92
United States of America,USA,5/1/21,328.59,328590,965.98,16.44,5.27,48.33,1633.42,4801.9
United States of America,USA,6/1/21,383.13,383130,1126.32,23.85,6.64,70.11,2016.55,5928.22
United States of America,USA,7/1/21,414.73,414730,1219.22,-4.01,-0.96,-11.79,2431.28,7147.44
United States of America,USA,8/1/21,420.6,420600,1236.47,12.86,3.15,37.81,2851.88,8383.91
United States of America,USA,9/1/21,354.4,354400,1041.86,13.95,4.1,41.01,3206.28,9425.77
United States of America,USA,10/1/21,326.42,326420,959.6,5.87,1.83,17.26,3532.7,10385.38
United States of America,USA,11/1/21,318.14,318140,935.26,11.24,3.66,33.04,3850.84,11320.64
United States of America,USA,12/1/21,342.1,342100,1005.7,-8.48,-2.42,-24.93,4192.94,12326.34
United States of America,USA,1/1/22,379.78,379780,1111.98,24.18,6.8,70.8,379.78,1111.98
United States of America,USA,2/1/22,329.39,329390,964.44,0.1,0.03,0.29,709.17,2076.43
United States of America,USA,3/1/22,331.34,331340,970.15,12.4,3.89,36.31,1040.51,3046.58
United States of America,USA,4/1/22,311.8,311800,912.94,10.8,3.59,31.62,1352.31,3959.52
United States of America,USA,5/1/22,350.74,350740,1026.95,22.15,6.74,64.85,1703.05,4986.47
United States of America,USA,6/1/22,389.24,389240,1139.68,6.11,1.59,17.89,2092.29,6126.15
United States of America,USA,7/1/22,434.56,434560,1272.38,19.83,4.78,58.06,2526.85,7398.53
United States of America,USA,8/1/22,423.84,423840,1240.99,3.24,0.77,9.49,2950.69,8639.52
United States of America,USA,9/1/22,360.55,360550,1055.68,6.15,1.74,18.01,3311.24,9695.2
United States of America,USA,10/1/22,321.42,321420,941.11,-5,-1.53,-14.64,3632.66,10636.31
United States of America,USA,11/1/22,328.04,328040,960.49,9.9,3.11,28.99,3960.7,11596.8
United States of America,USA,12/1/22,367.41,367410,1075.76,25.31,7.4,74.11,4328.11,12672.56
United States of America,USA,1/1/23,355.11,355110,1033.87,-24.67,-6.5,-71.82,355.11,1033.87
United States of America,USA,2/1/23,315.47,315470,918.46,-13.92,-4.23,-40.53,670.58,1952.33
United States of America,USA,3/1/23,338.37,338370,985.13,7.03,2.12,20.47,1008.95,2937.46
United States of America,USA,4/1/23,308.17,308170,897.21,-3.63,-1.16,-10.57,1317.12,3834.67
United States of America,USA,5/1/23,337.57,337570,982.8,-13.17,-3.75,-38.34,1654.69,4817.47
United States of America,USA,6/1/23,365.77,365770,1064.9,-23.47,-6.03,-68.33,2020.46,5882.37
United States of America,USA,7/1/23,434.36,434360,1264.6,-0.2,-0.05,-0.58,2454.82,7146.97
United States of America,USA,8/1/23,432.45,432450,1259.04,8.61,2.03,25.07,2887.27,8406.01
United States of America,USA,9/1/23,365.31,365310,1063.56,4.76,1.32,13.86,3252.58,9469.57
United States of America,USA,10/1/23,335.68,335680,977.3,14.26,4.44,41.52,3588.26,10446.87
United States of America,USA,11/1/23,327.69,327690,954.04,-0.35,-0.11,-1.02,3915.95,11400.91
United States of America,USA,12/1/23,352.13,352130,1025.19,-15.28,-4.16,-44.49,4268.08,12426.1
United States of America,USA,1/1/24,386.19,386190,1118.01,31.08,8.75,89.98,386.19,1118.01
United States of America,USA,2/1/24,325.83,325830,943.27,10.36,3.28,29.99,712.02,2061.27
United States of America,USA,3/1/24,330.46,330460,956.67,-7.91,-2.34,-22.9,1042.48,3017.95
United States of America,USA,4/1/24,317.28,317280,918.52,9.11,2.96,26.37,1359.76,3936.46
United States of America,USA,5/1/24,354.35,354350,1025.83,16.78,4.97,48.58,1714.11,4962.29
United States of America,USA,6/1/24,399.65,399650,1156.97,33.88,9.26,98.08,2113.76,6119.27
United States of America,USA,7/1/24,441.32,441320,1277.61,6.96,1.6,20.15,2555.08,7396.87
United States of America,USA,8/1/24,433.68,433680,1255.49,1.23,0.28,3.56,2988.76,8652.36
United States of America,USA,9/1/24,368.73,368730,1067.46,3.42,0.94,9.9,3357.49,9719.83
United States of America,USA,10/1/24,342.81,342810,992.42,7.13,2.12,20.64,3700.3,10712.25
United States of America,USA,11/1/24,330.11,330110,955.66,2.42,0.74,7.01,4030.41,11667.91
United States of America,USA,12/1/24,368.24,368240,1066.04,16.11,4.58,46.64,4398.65,12733.95
United States of America,USA,1/1/25,408.47,408470,1176.21,22.28,5.77,64.16,408.47,1176.21
United States of America,USA,2/1/25,345.95,345950,996.18,20.12,6.17,57.94,754.42,2172.39
United States of America,USA,3/1/25,343.27,343270,988.46,12.81,3.88,36.89,1097.69,3160.86
United States of America,USA,4/1/25,331.45,331450,954.43,14.17,4.47,40.8,1429.14,4115.29
United States of America,USA,5/1/25,354.86,354860,1021.84,0.51,0.14,1.47,1784,5137.12
United States of America,USA,6/1/25,407.71,407710,1174.02,8.06,2.02,23.21,2191.71,6311.15
United States of America,USA,7/1/25,464.29,464290,1336.95,22.97,5.2,66.14,2656,7648.1
Australia,AUS,1/1/00,13.92,13920,727.56,0.03,0.22,1.57,13.92,727.56
Australia,AUS,2/1/00,14.13,14130,738.53,1.17,9.03,61.15,28.05,1466.09
Australia,AUS,3/1/00,14.65,14650,765.71,0.63,4.49,32.93,42.7,2231.8
Australia,AUS,4/1/00,13.28,13280,694.11,0.19,1.45,9.93,55.98,2925.91
Australia,AUS,5/1/00,14.65,14650,765.71,0.63,4.49,32.93,70.63,3691.62
Australia,AUS,6/1/00,15.11,15110,789.76,0.68,4.71,35.54,85.74,4481.38
Australia,AUS,7/1/00,15.45,15450,807.53,0.53,3.55,27.7,101.19,5288.91
Australia,AUS,8/1/00,15.24,15240,796.55,0.6,4.1,31.36,116.43,6085.46
Australia,AUS,9/1/00,13.75,13750,718.67,0.22,1.63,11.5,130.18,6804.13
Australia,AUS,10/1/00,13.98,13980,730.69,0.23,1.67,12.02,144.16,7534.82
Australia,AUS,11/1/00,13.79,13790,720.76,0.37,2.76,19.34,157.95,8255.59
Australia,AUS,12/1/00,14.28,14280,746.37,0.48,3.48,25.09,172.23,9001.96
Australia,AUS,1/1/01,14.99,14990,774.06,1.07,7.69,55.25,14.99,774.06
Australia,AUS,2/1/01,13.95,13950,720.36,-0.18,-1.27,-9.29,28.94,1494.42
Australia,AUS,3/1/01,14.66,14660,757.02,0.01,0.07,0.52,43.6,2251.44
Australia,AUS,4/1/01,13.57,13570,700.73,0.29,2.18,14.98,57.17,2952.17
Australia,AUS,5/1/01,14.93,14930,770.96,0.28,1.91,14.46,72.1,3723.14
Australia,AUS,6/1/01,14.87,14870,767.86,-0.24,-1.59,-12.39,86.97,4491
Australia,AUS,7/1/01,15.64,15640,807.63,0.19,1.23,9.81,102.61,5298.63
Australia,AUS,8/1/01,15.46,15460,798.33,0.22,1.44,11.36,118.07,6096.96
Australia,AUS,9/1/01,13.97,13970,721.39,0.22,1.6,11.36,132.04,6818.35
Australia,AUS,10/1/01,14.38,14380,742.56,0.4,2.86,20.66,146.42,7560.91
Australia,AUS,11/1/01,13.99,13990,722.42,0.2,1.45,10.33,160.41,8283.33
Australia,AUS,12/1/01,14.26,14260,736.36,-0.02,-0.14,-1.03,174.67,9019.69
Australia,AUS,1/1/02,14.77,14770,753.75,-0.22,-1.47,-11.23,14.77,753.75
Australia,AUS,2/1/02,13.73,13730,700.67,-0.22,-1.58,-11.23,28.5,1454.42
Australia,AUS,3/1/02,14.72,14720,751.2,0.06,0.41,3.06,43.22,2205.62
Australia,AUS,4/1/02,13.98,13980,713.43,0.41,3.02,20.92,57.2,2919.05
Australia,AUS,5/1/02,15.18,15180,774.67,0.25,1.67,12.76,72.38,3693.72
Australia,AUS,6/1/02,15.35,15350,783.35,0.48,3.23,24.5,87.73,4477.07
Australia,AUS,7/1/02,16.31,16310,832.34,0.67,4.28,34.19,104.04,5309.41
Australia,AUS,8/1/02,15.7,15700,801.21,0.24,1.55,12.25,119.74,6110.62
Australia,AUS,9/1/02,14.4,14400,734.87,0.43,3.08,21.94,134.14,6845.48
Australia,AUS,10/1/02,14.75,14750,752.73,0.37,2.57,18.88,148.89,7598.21
Australia,AUS,11/1/02,14.6,14600,745.07,0.61,4.36,31.13,163.49,8343.28
Australia,AUS,12/1/02,14.94,14940,762.42,0.68,4.77,34.7,178.43,9105.71
Australia,AUS,1/1/03,15.4,15400,777.01,0.63,4.27,31.79,15.4,777.01
Australia,AUS,2/1/03,14.17,14170,714.95,0.44,3.2,22.2,29.57,1491.96
Australia,AUS,3/1/03,14.96,14960,754.81,0.24,1.63,12.11,44.53,2246.78
Australia,AUS,4/1/03,14.19,14190,715.96,0.21,1.5,10.6,58.72,2962.74
Australia,AUS,5/1/03,15.34,15340,773.99,0.16,1.05,8.07,74.06,3736.72
Australia,AUS,6/1/03,15.39,15390,776.51,0.04,0.26,2.02,89.45,4513.23
Australia,AUS,7/1/03,16.44,16440,829.49,0.13,0.8,6.56,105.89,5342.72
Australia,AUS,8/1/03,16.05,16050,809.81,0.35,2.23,17.66,121.94,6152.53
Australia,AUS,9/1/03,14.88,14880,750.78,0.48,3.33,24.22,136.82,6903.3
Australia,AUS,10/1/03,15.11,15110,762.38,0.36,2.44,18.16,151.93,7665.68
Australia,AUS,11/1/03,14.59,14590,736.14,-0.01,-0.07,-0.5,166.52,8401.83
Australia,AUS,12/1/03,15.4,15400,777.01,0.46,3.08,23.21,181.92,9178.84
Australia,AUS,1/1/04,15.64,15640,780.18,0.24,1.56,11.97,15.64,780.18
Australia,AUS,2/1/04,15.53,15530,774.69,1.36,9.6,67.84,31.17,1554.87
Australia,AUS,3/1/04,15.71,15710,783.67,0.75,5.01,37.41,46.88,2338.54
Australia,AUS,4/1/04,14.65,14650,730.79,0.46,3.24,22.95,61.53,3069.33
Australia,AUS,5/1/04,15.86,15860,791.15,0.52,3.39,25.94,77.39,3860.49
Australia,AUS,6/1/04,16.07,16070,801.63,0.68,4.42,33.92,93.46,4662.11
Australia,AUS,7/1/04,16.86,16860,841.04,0.42,2.55,20.95,110.32,5503.15
Australia,AUS,8/1/04,16.36,16360,816.09,0.31,1.93,15.46,126.68,6319.24
Australia,AUS,9/1/04,15.13,15130,754.74,0.25,1.68,12.47,141.81,7073.98
Australia,AUS,10/1/04,15.26,15260,761.22,0.15,0.99,7.48,157.07,7835.2
Australia,AUS,11/1/04,15.24,15240,760.22,0.65,4.46,32.42,172.31,8595.43
Australia,AUS,12/1/04,15.59,15590,777.68,0.19,1.23,9.48,187.9,9373.11
Australia,AUS,1/1/05,15.96,15960,786.42,0.32,2.05,15.77,15.96,786.42
Australia,AUS,2/1/05,14.87,14870,732.71,-0.66,-4.25,-32.52,30.83,1519.13
Australia,AUS,3/1/05,15.8,15800,778.54,0.09,0.57,4.43,46.63,2297.67
Australia,AUS,4/1/05,15.06,15060,742.07,0.41,2.8,20.2,61.69,3039.74
Australia,AUS,5/1/05,16.45,16450,810.56,0.59,3.72,29.07,78.14,3850.3
Australia,AUS,6/1/05,17.12,17120,843.58,1.05,6.53,51.74,95.26,4693.88
Australia,AUS,7/1/05,17.75,17750,874.62,0.89,5.28,43.85,113.01,5568.5
Australia,AUS,8/1/05,17.63,17630,868.71,1.27,7.76,62.58,130.64,6437.21
Australia,AUS,9/1/05,16.08,16080,792.33,0.95,6.28,46.81,146.72,7229.54
Australia,AUS,10/1/05,16.11,16110,793.81,0.85,5.57,41.88,162.83,8023.36
Australia,AUS,11/1/05,16,16000,788.39,0.76,4.99,37.45,178.83,8811.75
Australia,AUS,12/1/05,17.05,17050,840.13,1.46,9.36,71.94,195.88,9651.88
Australia,AUS,1/1/06,17.57,17570,853.3,1.61,10.09,78.19,17.57,853.3
Australia,AUS,2/1/06,15.96,15960,775.11,1.09,7.33,52.94,33.53,1628.41
Australia,AUS,3/1/06,17.14,17140,832.42,1.34,8.48,65.08,50.67,2460.83
Australia,AUS,4/1/06,15.81,15810,767.83,0.75,4.98,36.42,66.48,3228.66
Australia,AUS,5/1/06,17.51,17510,850.39,1.06,6.44,51.48,83.99,4079.05
Australia,AUS,6/1/06,18.1,18100,879.04,0.98,5.72,47.59,102.09,4958.09
Australia,AUS,7/1/06,18.37,18370,892.15,0.62,3.49,30.11,120.46,5850.24
Australia,AUS,8/1/06,17.94,17940,871.27,0.31,1.76,15.06,138.4,6721.51
Australia,AUS,9/1/06,16.44,16440,798.42,0.36,2.24,17.48,154.84,7519.94
Australia,AUS,10/1/06,16.71,16710,811.54,0.6,3.72,29.14,171.55,8331.47
Australia,AUS,11/1/06,16.63,16630,807.65,0.63,3.94,30.6,188.18,9139.12
Australia,AUS,12/1/06,16.82,16820,816.88,-0.23,-1.35,-11.17,205,9956
Australia,AUS,1/1/07,17.79,17790,848.98,0.22,1.25,10.5,17.79,848.98
Australia,AUS,2/1/07,16.57,16570,790.76,0.61,3.82,29.11,34.36,1639.74
Australia,AUS,3/1/07,17.79,17790,848.98,0.65,3.79,31.02,52.15,2488.73
Australia,AUS,4/1/07,15.98,15980,762.6,0.17,1.08,8.11,68.13,3251.33
Australia,AUS,5/1/07,17.12,17120,817.01,-0.39,-2.23,-18.61,85.25,4068.34
Australia,AUS,6/1/07,18.2,18200,868.55,0.1,0.55,4.77,103.45,4936.89
Australia,AUS,7/1/07,19.1,19100,911.5,0.73,3.97,34.84,122.55,5848.39
Australia,AUS,8/1/07,17.96,17960,857.1,0.02,0.11,0.95,140.51,6705.48
Australia,AUS,9/1/07,16.49,16490,786.94,0.05,0.3,2.39,157,7492.42
Australia,AUS,10/1/07,17,17000,811.28,0.29,1.74,13.84,174,8303.71
Australia,AUS,11/1/07,16.81,16810,802.21,0.18,1.08,8.59,190.81,9105.92
Australia,AUS,12/1/07,17.12,17120,817.01,0.3,1.78,14.32,207.93,9922.93
Australia,AUS,1/1/08,17.84,17840,834.79,0.05,0.28,2.34,17.84,834.79
Australia,AUS,2/1/08,16.46,16460,770.22,-0.11,-0.66,-5.15,34.3,1605.01
Australia,AUS,3/1/08,17.47,17470,817.48,-0.32,-1.8,-14.97,51.77,2422.49
Australia,AUS,4/1/08,16.51,16510,772.56,0.53,3.32,24.8,68.28,3195.04
Australia,AUS,5/1/08,17.76,17760,831.05,0.64,3.74,29.95,86.04,4026.09
Australia,AUS,6/1/08,17.54,17540,820.75,-0.66,-3.63,-30.88,103.58,4846.85
Australia,AUS,7/1/08,19.07,19070,892.35,-0.03,-0.16,-1.4,122.65,5739.19
Australia,AUS,8/1/08,18.9,18900,884.39,0.94,5.23,43.99,141.55,6623.59
Australia,AUS,9/1/08,16.88,16880,789.87,0.39,2.37,18.25,158.43,7413.46
Australia,AUS,10/1/08,17.04,17040,797.36,0.04,0.24,1.87,175.47,8210.81
Australia,AUS,11/1/08,16.64,16640,778.64,-0.17,-1.01,-7.95,192.11,8989.45
Australia,AUS,12/1/08,17.05,17050,797.83,-0.07,-0.41,-3.28,209.16,9787.28
Australia,AUS,1/1/09,18.01,18010,826.79,0.17,0.95,7.8,18.01,826.79
Australia,AUS,2/1/09,16.97,16970,779.05,0.51,3.1,23.41,34.98,1605.84
Australia,AUS,3/1/09,17.61,17610,808.43,0.14,0.8,6.43,52.59,2414.27
Australia,AUS,4/1/09,16.03,16030,735.89,-0.48,-2.91,-22.04,68.62,3150.16
Australia,AUS,5/1/09,17.2,17200,789.61,-0.56,-3.15,-25.71,85.82,3939.77
Australia,AUS,6/1/09,17.63,17630,809.35,0.09,0.51,4.13,103.45,4749.12
Australia,AUS,7/1/09,18.6,18600,853.88,-0.47,-2.46,-21.58,122.05,5602.99
Australia,AUS,8/1/09,17.82,17820,818.07,-1.08,-5.71,-49.58,139.87,6421.06
Australia,AUS,9/1/09,16.62,16620,762.98,-0.26,-1.54,-11.94,156.49,7184.04
Australia,AUS,10/1/09,17.07,17070,783.64,0.03,0.18,1.38,173.56,7967.68
Australia,AUS,11/1/09,17.6,17600,807.97,0.96,5.77,44.07,191.16,8775.65
Australia,AUS,12/1/09,17.77,17770,815.77,0.72,4.22,33.05,208.93,9591.42
Australia,AUS,1/1/10,18.17,18170,820.63,0.16,0.89,7.23,18.17,820.63
Australia,AUS,2/1/10,16.83,16830,760.11,-0.14,-0.82,-6.32,35,1580.73
Australia,AUS,3/1/10,17.59,17590,794.43,-0.02,-0.11,-0.9,52.59,2375.17
Australia,AUS,4/1/10,16.24,16240,733.46,0.21,1.31,9.48,68.83,3108.63
Australia,AUS,5/1/10,17.56,17560,793.08,0.36,2.09,16.26,86.39,3901.71
Australia,AUS,6/1/10,18.05,18050,815.21,0.42,2.38,18.97,104.44,4716.91
Australia,AUS,7/1/10,18.83,18830,850.44,0.23,1.24,10.39,123.27,5567.35
Australia,AUS,8/1/10,18.49,18490,835.08,0.67,3.76,30.26,141.76,6402.43
Australia,AUS,9/1/10,16.97,16970,766.43,0.35,2.11,15.81,158.73,7168.86
Australia,AUS,10/1/10,16.81,16810,759.2,-0.26,-1.52,-11.74,175.54,7928.06
Australia,AUS,11/1/10,16.54,16540,747.01,-1.06,-6.02,-47.87,192.08,8675.07
Australia,AUS,12/1/10,16.86,16860,761.46,-0.91,-5.12,-41.1,208.94,9436.54
Australia,AUS,1/1/11,17.72,17720,788.26,-0.45,-2.48,-20.02,17.72,788.26
Australia,AUS,2/1/11,16.7,16700,742.89,-0.13,-0.77,-5.78,34.42,1531.15
Australia,AUS,3/1/11,17.41,17410,774.47,-0.18,-1.02,-8.01,51.83,2305.63
Australia,AUS,4/1/11,15.98,15980,710.86,-0.26,-1.6,-11.57,67.81,3016.49
Australia,AUS,5/1/11,17.75,17750,789.6,0.19,1.08,8.45,85.56,3806.08
Australia,AUS,6/1/11,17.99,17990,800.27,-0.06,-0.33,-2.67,103.55,4606.36
Australia,AUS,7/1/11,18.67,18670,830.52,-0.16,-0.85,-7.12,122.22,5436.88
Australia,AUS,8/1/11,17.75,17750,789.6,-0.74,-4,-32.92,139.97,6226.48
Australia,AUS,9/1/11,16.55,16550,736.22,-0.42,-2.47,-18.68,156.52,6962.7
Australia,AUS,10/1/11,16.72,16720,743.78,-0.09,-0.54,-4,173.24,7706.47
Australia,AUS,11/1/11,16.78,16780,746.45,0.24,1.45,10.68,190.02,8452.92
Australia,AUS,12/1/11,16.58,16580,737.55,-0.28,-1.66,-12.46,206.6,9190.47
Australia,AUS,1/1/12,17.6,17600,770.15,-0.12,-0.68,-5.25,17.6,770.15
Australia,AUS,2/1/12,16.63,16630,727.71,-0.07,-0.42,-3.06,34.23,1497.86
Australia,AUS,3/1/12,16.82,16820,736.02,-0.59,-3.39,-25.82,51.05,2233.88
Australia,AUS,4/1/12,15.83,15830,692.7,-0.15,-0.94,-6.56,66.88,2926.58
Australia,AUS,5/1/12,17.41,17410,761.84,-0.34,-1.92,-14.88,84.29,3688.42
Australia,AUS,6/1/12,17.53,17530,767.09,-0.46,-2.56,-20.13,101.82,4455.51
Australia,AUS,7/1/12,17.99,17990,787.22,-0.68,-3.64,-29.76,119.81,5242.73
Australia,AUS,8/1/12,17.71,17710,774.97,-0.04,-0.23,-1.75,137.52,6017.7
Australia,AUS,9/1/12,16,16000,700.14,-0.55,-3.32,-24.07,153.52,6717.84
Australia,AUS,10/1/12,16.33,16330,714.58,-0.39,-2.33,-17.07,169.85,7432.41
Australia,AUS,11/1/12,16.17,16170,707.58,-0.61,-3.64,-26.69,186.02,8139.99
Australia,AUS,12/1/12,16.71,16710,731.21,0.13,0.78,5.69,202.73,8871.2
Australia,AUS,1/1/13,17.63,17630,758.73,0.03,0.17,1.29,17.63,758.73
Australia,AUS,2/1/13,15.83,15830,681.26,-0.8,-4.81,-34.43,33.46,1439.99
Australia,AUS,3/1/13,16.97,16970,730.32,0.15,0.89,6.46,50.43,2170.31
Australia,AUS,4/1/13,15.61,15610,671.79,-0.22,-1.39,-9.47,66.04,2842.1
Australia,AUS,5/1/13,16.9,16900,727.31,-0.51,-2.93,-21.95,82.94,3569.42
Australia,AUS,6/1/13,16.99,16990,731.18,-0.54,-3.08,-23.24,99.93,4300.6
Australia,AUS,7/1/13,17.48,17480,752.27,-0.51,-2.83,-21.95,117.41,5052.87
Australia,AUS,8/1/13,17.04,17040,733.34,-0.67,-3.78,-28.83,134.45,5786.21
Australia,AUS,9/1/13,15.66,15660,673.95,-0.34,-2.13,-14.63,150.11,6460.15
Australia,AUS,10/1/13,16.25,16250,699.34,-0.08,-0.49,-3.44,166.36,7159.49
Australia,AUS,11/1/13,15.83,15830,681.26,-0.34,-2.1,-14.63,182.19,7840.75
Australia,AUS,12/1/13,17.11,17110,736.35,0.4,2.39,17.21,199.3,8577.1
Australia,AUS,1/1/14,19.15,19150,811.59,1.52,8.62,64.42,19.15,811.59
Australia,AUS,2/1/14,17.26,17260,731.49,1.43,9.03,60.6,36.41,1543.08
Australia,AUS,3/1/14,18.05,18050,764.97,1.08,6.36,45.77,54.46,2308.06
Australia,AUS,4/1/14,16.8,16800,712,1.19,7.62,50.43,71.26,3020.05
Australia,AUS,5/1/14,17.89,17890,758.19,0.99,5.86,41.96,89.15,3778.25
Australia,AUS,6/1/14,18.05,18050,764.97,1.06,6.24,44.92,107.2,4543.22
Australia,AUS,7/1/14,19.22,19220,814.56,1.74,9.95,73.74,126.42,5357.78
Australia,AUS,8/1/14,18.53,18530,785.32,1.49,8.74,63.15,144.95,6143.09
Australia,AUS,9/1/14,16.93,16930,717.51,1.27,8.11,53.82,161.88,6860.6
Australia,AUS,10/1/14,17.28,17280,732.34,1.03,6.34,43.65,179.16,7592.94
Australia,AUS,11/1/14,17.34,17340,734.88,1.51,9.54,63.99,196.5,8327.82
Australia,AUS,12/1/14,17.89,17890,758.19,0.78,4.56,33.06,214.39,9086.02
Australia,AUS,1/1/15,18.79,18790,784.62,-0.36,-1.88,-15.03,18.79,784.62
Australia,AUS,2/1/15,17.2,17200,718.22,-0.06,-0.35,-2.51,35.99,1502.84
Australia,AUS,3/1/15,18.33,18330,765.41,0.28,1.55,11.69,54.32,2268.25
Australia,AUS,4/1/15,17.01,17010,710.29,0.21,1.25,8.77,71.33,2978.54
Australia,AUS,5/1/15,18.26,18260,762.49,0.37,2.07,15.45,89.59,3741.02
Australia,AUS,6/1/15,18.57,18570,775.43,0.52,2.88,21.71,108.16,4516.45
Australia,AUS,7/1/15,19.78,19780,825.96,0.56,2.91,23.38,127.94,5342.41
Australia,AUS,8/1/15,18.88,18880,788.37,0.35,1.89,14.61,146.82,6130.78
Australia,AUS,9/1/15,17.45,17450,728.66,0.52,3.07,21.71,164.27,6859.45
Australia,AUS,10/1/15,17.48,17480,729.91,0.2,1.16,8.35,181.75,7589.36
Australia,AUS,11/1/15,17.64,17640,736.6,0.3,1.73,12.53,199.39,8325.96
Australia,AUS,12/1/15,18.82,18820,785.87,0.93,5.2,38.83,218.21,9111.83
Australia,AUS,1/1/16,19.03,19030,782.16,0.24,1.28,9.86,19.03,782.16
Australia,AUS,2/1/16,18.36,18360,754.62,1.16,6.74,47.68,37.39,1536.79
Australia,AUS,3/1/16,18.97,18970,779.7,0.64,3.49,26.3,56.36,2316.48
Australia,AUS,4/1/16,17.25,17250,709,0.24,1.41,9.86,73.61,3025.48
Australia,AUS,5/1/16,18.16,18160,746.4,-0.1,-0.55,-4.11,91.77,3771.89
Australia,AUS,6/1/16,19.04,19040,782.57,0.47,2.53,19.32,110.81,4554.46
Australia,AUS,7/1/16,19.69,19690,809.29,-0.09,-0.46,-3.7,130.5,5363.75
Australia,AUS,8/1/16,19.31,19310,793.67,0.43,2.28,17.67,149.81,6157.42
Australia,AUS,9/1/16,17.78,17780,730.79,0.33,1.89,13.56,167.59,6888.2
Australia,AUS,10/1/16,17.56,17560,721.74,0.08,0.46,3.29,185.15,7609.95
Australia,AUS,11/1/16,17.76,17760,729.96,0.12,0.68,4.93,202.91,8339.91
Australia,AUS,12/1/16,18.68,18680,767.78,-0.14,-0.74,-5.75,221.59,9107.69
Australia,AUS,1/1/17,19.76,19760,799,0.73,3.84,29.52,19.76,799
Australia,AUS,2/1/17,18.05,18050,729.85,-0.31,-1.69,-12.53,37.81,1528.85
Australia,AUS,3/1/17,18.93,18930,765.44,-0.04,-0.21,-1.62,56.74,2294.29
Australia,AUS,4/1/17,16.56,16560,669.6,-0.69,-4,-27.9,73.3,2963.89
Australia,AUS,5/1/17,18.3,18300,739.96,0.14,0.77,5.66,91.6,3703.85
Australia,AUS,6/1/17,18.83,18830,761.39,-0.21,-1.1,-8.49,110.43,4465.25
Australia,AUS,7/1/17,19.47,19470,787.27,-0.22,-1.12,-8.9,129.9,5252.52
Australia,AUS,8/1/17,19.01,19010,768.67,-0.3,-1.55,-12.13,148.91,6021.19
Australia,AUS,9/1/17,17.74,17740,717.32,-0.04,-0.22,-1.62,166.65,6738.51
Australia,AUS,10/1/17,17.58,17580,710.85,0.02,0.11,0.81,184.23,7449.36
Australia,AUS,11/1/17,17.78,17780,718.94,0.02,0.11,0.81,202.01,8168.29
Australia,AUS,12/1/17,18.91,18910,764.63,0.23,1.23,9.3,220.92,8932.92
Australia,AUS,1/1/18,19.96,19960,794.6,0.2,1.01,7.96,19.96,794.6
Australia,AUS,2/1/18,17.73,17730,705.82,-0.32,-1.77,-12.74,37.69,1500.42
Australia,AUS,3/1/18,18.61,18610,740.85,-0.32,-1.69,-12.74,56.3,2241.27
Australia,AUS,4/1/18,17.39,17390,692.29,0.83,5.01,33.04,73.69,2933.55
Australia,AUS,5/1/18,18.53,18530,737.67,0.23,1.26,9.16,92.22,3671.22
Australia,AUS,6/1/18,19.26,19260,766.73,0.43,2.28,17.12,111.48,4437.95
Australia,AUS,7/1/18,19.75,19750,786.24,0.28,1.44,11.15,131.23,5224.19
Australia,AUS,8/1/18,19.52,19520,777.08,0.51,2.68,20.3,150.75,6001.27
Australia,AUS,9/1/18,17.78,17780,707.81,0.04,0.23,1.59,168.53,6709.08
Australia,AUS,10/1/18,17.72,17720,705.42,0.14,0.8,5.57,186.25,7414.5
Australia,AUS,11/1/18,17.59,17590,700.25,-0.19,-1.07,-7.56,203.84,8114.75
Australia,AUS,12/1/18,18.89,18890,752,-0.02,-0.11,-0.8,222.73,8866.75
Australia,AUS,1/1/19,20.66,20660,810.75,0.7,3.51,27.47,20.66,810.75
Australia,AUS,2/1/19,17.87,17870,701.26,0.14,0.79,5.49,38.53,1512.01
Australia,AUS,3/1/19,19.15,19150,751.49,0.54,2.9,21.19,57.68,2263.5
Australia,AUS,4/1/19,17.17,17170,673.79,-0.22,-1.27,-8.63,74.85,2937.29
Australia,AUS,5/1/19,18.56,18560,728.34,0.03,0.16,1.18,93.41,3665.62
Australia,AUS,6/1/19,19.03,19030,746.78,-0.23,-1.19,-9.03,112.44,4412.41
Australia,AUS,7/1/19,19.66,19660,771.5,-0.09,-0.46,-3.53,132.1,5183.91
Australia,AUS,8/1/19,19.59,19590,768.76,0.07,0.36,2.75,151.69,5952.67
Australia,AUS,9/1/19,17.66,17660,693.02,-0.12,-0.67,-4.71,169.35,6645.69
Australia,AUS,10/1/19,17.95,17950,704.4,0.23,1.3,9.03,187.3,7350.08
Australia,AUS,11/1/19,17.99,17990,705.97,0.4,2.27,15.7,205.29,8056.05
Australia,AUS,12/1/19,19.59,19590,768.76,0.7,3.71,27.47,224.88,8824.81
Australia,AUS,1/1/20,20.04,20040,778.44,-0.62,-3,-24.08,20.04,778.44
Australia,AUS,2/1/20,18.49,18490,718.23,0.62,3.47,24.08,38.53,1496.67
Australia,AUS,3/1/20,18.41,18410,715.12,-0.74,-3.86,-28.74,56.94,2211.79
Australia,AUS,4/1/20,17,17000,660.35,-0.17,-0.99,-6.6,73.94,2872.15
Australia,AUS,5/1/20,18.41,18410,715.12,-0.15,-0.81,-5.83,92.35,3587.27
Australia,AUS,6/1/20,18.91,18910,734.55,-0.12,-0.63,-4.66,111.26,4321.82
Australia,AUS,7/1/20,19.85,19850,771.06,0.19,0.97,7.38,131.11,5092.88
Australia,AUS,8/1/20,19.35,19350,751.64,-0.24,-1.23,-9.32,150.46,5844.51
Australia,AUS,9/1/20,17.36,17360,674.34,-0.3,-1.7,-11.65,167.82,6518.85
Australia,AUS,10/1/20,17.71,17710,687.93,-0.24,-1.34,-9.32,185.53,7206.78
Australia,AUS,11/1/20,18.05,18050,701.14,0.06,0.33,2.33,203.58,7907.92
Australia,AUS,12/1/20,19.02,19020,738.82,-0.57,-2.91,-22.14,222.6,8646.74
Australia,AUS,1/1/21,19.45,19450,749.33,-0.59,-2.94,-22.73,19.45,749.33
Australia,AUS,2/1/21,17.48,17480,673.44,-1.01,-5.46,-38.91,36.93,1422.77
Australia,AUS,3/1/21,18.69,18690,720.05,0.28,1.52,10.79,55.62,2142.82
Australia,AUS,4/1/21,17.58,17580,677.29,0.58,3.41,22.35,73.2,2820.11
Australia,AUS,5/1/21,18.76,18760,722.75,0.35,1.9,13.48,91.96,3542.86
Australia,AUS,6/1/21,19.51,19510,751.65,0.6,3.17,23.12,111.47,4294.51
Australia,AUS,7/1/21,20.55,20550,791.71,0.7,3.53,26.97,132.02,5086.22
Australia,AUS,8/1/21,19.28,19280,742.78,-0.07,-0.36,-2.7,151.3,5829.01
Australia,AUS,9/1/21,17.75,17750,683.84,0.39,2.25,15.03,169.05,6512.84
Australia,AUS,10/1/21,18.07,18070,696.17,0.36,2.03,13.87,187.12,7209.01
Australia,AUS,11/1/21,17.76,17760,684.22,-0.29,-1.61,-11.17,204.88,7893.24
Australia,AUS,12/1/21,19.23,19230,740.86,0.21,1.1,8.09,224.11,8634.09
Australia,AUS,1/1/22,20.46,20460,780.89,1.01,5.19,38.55,20.46,780.89
Australia,AUS,2/1/22,18.09,18090,690.43,0.61,3.49,23.28,38.55,1471.32
Australia,AUS,3/1/22,19.35,19350,738.52,0.66,3.53,25.19,57.9,2209.84
Australia,AUS,4/1/22,17.55,17550,669.82,-0.03,-0.17,-1.14,75.45,2879.66
Australia,AUS,5/1/22,19.09,19090,728.6,0.33,1.76,12.59,94.54,3608.26
Australia,AUS,6/1/22,20.02,20020,764.09,0.51,2.61,19.46,114.56,4372.35
Australia,AUS,7/1/22,20.85,20850,795.77,0.3,1.46,11.45,135.41,5168.12
Australia,AUS,8/1/22,20.07,20070,766,0.79,4.1,30.15,155.48,5934.12
Australia,AUS,9/1/22,18.43,18430,703.41,0.68,3.83,25.95,173.91,6637.53
Australia,AUS,10/1/22,18.3,18300,698.45,0.23,1.27,8.78,192.21,7335.98
Australia,AUS,11/1/22,17.82,17820,680.13,0.06,0.34,2.29,210.03,8016.11
Australia,AUS,12/1/22,18.83,18830,718.67,-0.4,-2.08,-15.27,228.86,8734.78
Australia,AUS,1/1/23,19.92,19920,753.09,-0.54,-2.64,-20.42,19.92,753.09
Australia,AUS,2/1/23,18.52,18520,700.16,0.43,2.38,16.26,38.44,1453.25
Australia,AUS,3/1/23,19.73,19730,745.9,0.38,1.96,14.37,58.17,2199.15
Australia,AUS,4/1/23,17.62,17620,666.13,0.07,0.4,2.65,75.79,2865.29
Australia,AUS,5/1/23,19.72,19720,745.53,0.63,3.3,23.82,95.51,3610.81
Australia,AUS,6/1/23,19.79,19790,748.17,-0.23,-1.15,-8.7,115.3,4358.99
Australia,AUS,7/1/23,20.23,20230,764.81,-0.62,-2.97,-23.44,135.53,5123.79
Australia,AUS,8/1/23,19.65,19650,742.88,-0.42,-2.09,-15.88,155.18,5866.67
Australia,AUS,9/1/23,17.95,17950,678.61,-0.48,-2.6,-18.15,173.13,6545.29
Australia,AUS,10/1/23,18.59,18590,702.81,0.29,1.58,10.96,191.72,7248.09
Australia,AUS,11/1/23,19.01,19010,718.68,1.19,6.68,44.99,210.73,7966.78
Australia,AUS,12/1/23,20.03,20030,757.25,1.2,6.37,45.37,230.76,8724.02
Australia,AUS,1/1/24,20.74,20740,776.4,0.82,4.12,30.7,20.74,776.4
Australia,AUS,2/1/24,20.09,20090,752.06,1.57,8.48,58.77,40.83,1528.46
Australia,AUS,3/1/24,19.95,19950,746.82,0.22,1.12,8.24,60.78,2275.28
Australia,AUS,4/1/24,18.19,18190,680.94,0.57,3.23,21.34,78.97,2956.22
Australia,AUS,5/1/24,19.56,19560,732.22,-0.16,-0.81,-5.99,98.53,3688.44
Australia,AUS,6/1/24,20.31,20310,760.3,0.52,2.63,19.47,118.84,4448.74
Australia,AUS,7/1/24,21.38,21380,800.35,1.15,5.68,43.05,140.22,5249.09
Australia,AUS,8/1/24,19.96,19960,747.2,0.31,1.58,11.6,160.18,5996.29
Australia,AUS,9/1/24,18.54,18540,694.04,0.59,3.29,22.09,178.72,6690.33
Australia,AUS,10/1/24,18.76,18760,702.27,0.17,0.91,6.36,197.48,7392.6
Australia,AUS,11/1/24,19.15,19150,716.87,0.14,0.74,5.24,216.63,8109.47
Australia,AUS,12/1/24,20.92,20920,783.13,0.89,4.44,33.32,237.55,8892.61
Australia,AUS,1/1/25,21.18,21180,785.2,0.44,2.12,16.31,21.18,785.2
Australia,AUS,2/1/25,19.46,19460,721.44,-0.63,-3.14,-23.36,40.64,1506.64
Australia,AUS,3/1/25,20.61,20610,764.07,0.66,3.31,24.47,61.25,2270.71
Australia,AUS,4/1/25,18.28,18280,677.69,0.09,0.49,3.34,79.53,2948.39
Australia,AUS,5/1/25,19.56,19560,725.14,0,0,0,99.09,3673.54
Australia,AUS,6/1/25,20.78,20780,770.37,0.47,2.31,17.42,119.87,4443.91
Australia,AUS,7/1/25,21.86,21860,810.41,0.48,2.25,17.79,141.73,5254.32
New Zealand,NZL,1/1/10,3.24,3240,745.21,,,,3.24,745.21
New Zealand,NZL,2/1/10,3.06,3060,703.81,,,,6.3,1449.02
New Zealand,NZL,3/1/10,3.43,3430,788.91,,,,9.73,2237.93
New Zealand,NZL,4/1/10,3.27,3270,752.11,,,,13,2990.04
New Zealand,NZL,5/1/10,3.58,3580,823.41,,,,16.58,3813.45
New Zealand,NZL,6/1/10,3.68,3680,846.41,,,,20.26,4659.86
New Zealand,NZL,7/1/10,3.89,3890,894.71,,,,24.15,5554.57
New Zealand,NZL,8/1/10,3.81,3810,876.31,,,,27.96,6430.88
New Zealand,NZL,9/1/10,3.53,3530,811.91,,,,31.49,7242.79
New Zealand,NZL,10/1/10,3.5,3500,805.01,,,,34.99,8047.8
New Zealand,NZL,11/1/10,3.37,3370,775.11,,,,38.36,8822.91
New Zealand,NZL,12/1/10,3.35,3350,770.51,,,,41.71,9593.42
New Zealand,NZL,1/1/11,3.28,3280,748.4,0.04,1.23,9.13,3.28,748.4
New Zealand,NZL,2/1/11,3.09,3090,705.04,0.03,0.98,6.85,6.37,1453.44
New Zealand,NZL,3/1/11,3.34,3340,762.09,-0.09,-2.62,-20.54,9.71,2215.53
New Zealand,NZL,4/1/11,3.3,3300,752.96,0.03,0.92,6.85,13.01,2968.49
New Zealand,NZL,5/1/11,3.52,3520,803.16,-0.06,-1.68,-13.69,16.53,3771.65
New Zealand,NZL,6/1/11,3.57,3570,814.57,-0.11,-2.99,-25.1,20.1,4586.21
New Zealand,NZL,7/1/11,3.85,3850,878.45,-0.04,-1.03,-9.13,23.95,5464.67
New Zealand,NZL,8/1/11,3.89,3890,887.58,0.08,2.1,18.25,27.84,6352.25
New Zealand,NZL,9/1/11,3.55,3550,810,0.02,0.57,4.56,31.39,7162.25
New Zealand,NZL,10/1/11,3.41,3410,778.06,-0.09,-2.57,-20.54,34.8,7940.31
New Zealand,NZL,11/1/11,3.28,3280,748.4,-0.09,-2.67,-20.54,38.08,8688.71
New Zealand,NZL,12/1/11,3.29,3290,750.68,-0.06,-1.79,-13.69,41.37,9439.39
New Zealand,NZL,1/1/12,3.25,3250,736.68,-0.03,-0.91,-6.8,3.25,736.68
New Zealand,NZL,2/1/12,3.12,3120,707.21,0.03,0.97,6.8,6.37,1443.89
New Zealand,NZL,3/1/12,3.28,3280,743.48,-0.06,-1.8,-13.6,9.65,2187.38
New Zealand,NZL,4/1/12,3.24,3240,734.41,-0.06,-1.82,-13.6,12.89,2921.79
New Zealand,NZL,5/1/12,3.62,3620,820.55,0.1,2.84,22.67,16.51,3742.34
New Zealand,NZL,6/1/12,3.67,3670,831.88,0.1,2.8,22.67,20.18,4574.22
New Zealand,NZL,7/1/12,3.8,3800,861.35,-0.05,-1.3,-11.33,23.98,5435.57
New Zealand,NZL,8/1/12,3.7,3700,838.68,-0.19,-4.88,-43.07,27.68,6274.25
New Zealand,NZL,9/1/12,3.43,3430,777.48,-0.12,-3.38,-27.2,31.11,7051.74
New Zealand,NZL,10/1/12,3.44,3440,779.75,0.03,0.88,6.8,34.55,7831.48
New Zealand,NZL,11/1/12,3.27,3270,741.21,-0.01,-0.3,-2.27,37.82,8572.7
New Zealand,NZL,12/1/12,3.29,3290,745.75,0,0,0,41.11,9318.45
New Zealand,NZL,1/1/13,3.26,3260,731.95,0.01,0.31,2.25,3.26,731.95
New Zealand,NZL,2/1/13,3.05,3050,684.8,-0.07,-2.24,-15.72,6.31,1416.75
New Zealand,NZL,3/1/13,3.3,3300,740.93,0.02,0.61,4.49,9.61,2157.68
New Zealand,NZL,4/1/13,3.16,3160,709.5,-0.08,-2.47,-17.96,12.77,2867.18
New Zealand,NZL,5/1/13,3.48,3480,781.35,-0.14,-3.87,-31.43,16.25,3648.53
New Zealand,NZL,6/1/13,3.55,3550,797.06,-0.12,-3.27,-26.94,19.8,4445.59
New Zealand,NZL,7/1/13,3.7,3700,830.74,-0.1,-2.63,-22.45,23.5,5276.33
New Zealand,NZL,8/1/13,3.59,3590,806.04,-0.11,-2.97,-24.7,27.09,6082.38
New Zealand,NZL,9/1/13,3.39,3390,761.14,-0.04,-1.17,-8.98,30.48,6843.52
New Zealand,NZL,10/1/13,3.33,3330,747.67,-0.11,-3.2,-24.7,33.81,7591.19
New Zealand,NZL,11/1/13,3.28,3280,736.44,0.01,0.31,2.25,37.09,8327.63
New Zealand,NZL,12/1/13,3.24,3240,727.46,-0.05,-1.52,-11.23,40.33,9055.09
New Zealand,NZL,1/1/14,3.26,3260,720.76,0,0,0,3.26,720.76
New Zealand,NZL,2/1/14,3.04,3040,672.12,-0.01,-0.33,-2.21,6.3,1392.89
New Zealand,NZL,3/1/14,3.22,3220,711.92,-0.08,-2.42,-17.69,9.52,2104.81
New Zealand,NZL,4/1/14,3.14,3140,694.23,-0.02,-0.63,-4.42,12.66,2799.04
New Zealand,NZL,5/1/14,3.42,3420,756.14,-0.06,-1.72,-13.27,16.08,3555.18
New Zealand,NZL,6/1/14,3.45,3450,762.77,-0.1,-2.82,-22.11,19.53,4317.95
New Zealand,NZL,7/1/14,3.75,3750,829.1,0.05,1.35,11.05,23.28,5147.05
New Zealand,NZL,8/1/14,3.71,3710,820.26,0.12,3.34,26.53,26.99,5967.3
New Zealand,NZL,9/1/14,3.4,3400,751.72,0.01,0.29,2.21,30.39,6719.02
New Zealand,NZL,10/1/14,3.42,3420,756.14,0.09,2.7,19.9,33.81,7475.16
New Zealand,NZL,11/1/14,3.18,3180,703.08,-0.1,-3.05,-22.11,36.99,8178.24
New Zealand,NZL,12/1/14,3.28,3280,725.19,0.04,1.23,8.84,40.27,8903.42
New Zealand,NZL,1/1/15,3.31,3310,717.38,0.05,1.53,10.84,3.31,717.38
New Zealand,NZL,2/1/15,3.04,3040,658.86,0,0,0,6.35,1376.24
New Zealand,NZL,3/1/15,3.29,3290,713.04,0.07,2.17,15.17,9.64,2089.28
New Zealand,NZL,4/1/15,3.13,3130,678.37,-0.01,-0.32,-2.17,12.77,2767.65
New Zealand,NZL,5/1/15,3.49,3490,756.39,0.07,2.05,15.17,16.26,3524.03
New Zealand,NZL,6/1/15,3.54,3540,767.23,0.09,2.61,19.51,19.8,4291.26
New Zealand,NZL,7/1/15,3.75,3750,812.74,0,0,0,23.55,5104
New Zealand,NZL,8/1/15,3.72,3720,806.24,0.01,0.27,2.17,27.27,5910.23
New Zealand,NZL,9/1/15,3.48,3480,754.22,0.08,2.35,17.34,30.75,6664.46
New Zealand,NZL,10/1/15,3.41,3410,739.05,-0.01,-0.29,-2.17,34.16,7403.51
New Zealand,NZL,11/1/15,3.3,3300,715.21,0.12,3.77,26.01,37.46,8118.72
New Zealand,NZL,12/1/15,3.32,3320,719.54,0.04,1.22,8.67,40.78,8838.26
New Zealand,NZL,1/1/16,3.21,3210,680.84,-0.1,-3.02,-21.21,3.21,680.84
New Zealand,NZL,2/1/16,3.13,3130,663.87,0.09,2.96,19.09,6.34,1344.71
New Zealand,NZL,3/1/16,3.34,3340,708.41,0.05,1.52,10.6,9.68,2053.12
New Zealand,NZL,4/1/16,3.18,3180,674.48,0.05,1.6,10.6,12.86,2727.6
New Zealand,NZL,5/1/16,3.41,3410,723.26,-0.08,-2.29,-16.97,16.27,3450.86
New Zealand,NZL,6/1/16,3.49,3490,740.23,-0.05,-1.41,-10.6,19.76,4191.08
New Zealand,NZL,7/1/16,3.7,3700,784.77,-0.05,-1.33,-10.6,23.46,4975.85
New Zealand,NZL,8/1/16,3.79,3790,803.86,0.07,1.88,14.85,27.25,5779.71
New Zealand,NZL,9/1/16,3.4,3400,721.14,-0.08,-2.3,-16.97,30.65,6500.85
New Zealand,NZL,10/1/16,3.27,3270,693.57,-0.14,-4.11,-29.69,33.92,7194.41
New Zealand,NZL,11/1/16,3.16,3160,670.23,-0.14,-4.24,-29.69,37.08,7864.65
New Zealand,NZL,12/1/16,3.22,3220,682.96,-0.1,-3.01,-21.21,40.3,8547.61
New Zealand,NZL,1/1/17,3.2,3200,664.9,-0.01,-0.31,-2.08,3.2,664.9
New Zealand,NZL,2/1/17,3.05,3050,633.73,-0.08,-2.56,-16.62,6.25,1298.63
New Zealand,NZL,3/1/17,3.3,3300,685.68,-0.04,-1.2,-8.31,9.55,1984.31
New Zealand,NZL,4/1/17,3.17,3170,658.67,-0.01,-0.31,-2.08,12.72,2642.98
New Zealand,NZL,5/1/17,3.57,3570,741.78,0.16,4.69,33.25,16.29,3384.76
New Zealand,NZL,6/1/17,3.57,3570,741.78,0.08,2.29,16.62,19.86,4126.54
New Zealand,NZL,7/1/17,3.8,3800,789.57,0.1,2.7,20.78,23.66,4916.11
New Zealand,NZL,8/1/17,3.68,3680,764.64,-0.11,-2.9,-22.86,27.34,5680.74
New Zealand,NZL,9/1/17,3.41,3410,708.53,0.01,0.29,2.08,30.75,6389.28
New Zealand,NZL,10/1/17,3.33,3330,691.91,0.06,1.83,12.47,34.08,7081.19
New Zealand,NZL,11/1/17,3.3,3300,685.68,0.14,4.43,29.09,37.38,7766.87
New Zealand,NZL,12/1/17,3.32,3320,689.83,0.1,3.11,20.78,40.7,8456.7
New Zealand,NZL,1/1/18,3.29,3290,671.31,0.09,2.81,18.36,3.29,671.31
New Zealand,NZL,2/1/18,2.95,2950,601.94,-0.1,-3.28,-20.4,6.24,1273.25
New Zealand,NZL,3/1/18,3.21,3210,654.99,-0.09,-2.73,-18.36,9.45,1928.24
New Zealand,NZL,4/1/18,3.23,3230,659.07,0.06,1.89,12.24,12.68,2587.31
New Zealand,NZL,5/1/18,3.55,3550,724.36,-0.02,-0.56,-4.08,16.23,3311.67
New Zealand,NZL,6/1/18,3.69,3690,752.93,0.12,3.36,24.49,19.92,4064.6
New Zealand,NZL,7/1/18,3.78,3780,771.29,-0.02,-0.53,-4.08,23.7,4835.9
New Zealand,NZL,8/1/18,3.75,3750,765.17,0.07,1.9,14.28,27.45,5601.07
New Zealand,NZL,9/1/18,3.46,3460,706,0.05,1.47,10.2,30.91,6307.07
New Zealand,NZL,10/1/18,3.4,3400,693.76,0.07,2.1,14.28,34.31,7000.83
New Zealand,NZL,11/1/18,3.19,3190,650.91,-0.11,-3.33,-22.45,37.5,7651.73
New Zealand,NZL,12/1/18,3.14,3140,640.71,-0.18,-5.42,-36.73,40.64,8292.44
New Zealand,NZL,1/1/19,3.3,3300,661.4,0.01,0.3,2,3.3,661.4
New Zealand,NZL,2/1/19,3.09,3090,619.31,0.14,4.75,28.06,6.39,1280.72
New Zealand,NZL,3/1/19,3.33,3330,667.41,0.12,3.74,24.05,9.72,1948.13
New Zealand,NZL,4/1/19,3.26,3260,653.39,0.03,0.93,6.01,12.98,2601.52
New Zealand,NZL,5/1/19,3.49,3490,699.48,-0.06,-1.69,-12.03,16.47,3301
New Zealand,NZL,6/1/19,3.63,3630,727.54,-0.06,-1.63,-12.03,20.1,4028.54
New Zealand,NZL,7/1/19,3.73,3730,747.58,-0.05,-1.32,-10.02,23.83,4776.13
New Zealand,NZL,8/1/19,3.8,3800,761.61,0.05,1.33,10.02,27.63,5537.74
New Zealand,NZL,9/1/19,3.47,3470,695.47,0.01,0.29,2,31.1,6233.21
New Zealand,NZL,10/1/19,3.41,3410,683.45,0.01,0.29,2,34.51,6916.66
New Zealand,NZL,11/1/19,3.22,3220,645.37,0.03,0.94,6.01,37.73,7562.03
New Zealand,NZL,12/1/19,3.27,3270,655.39,0.13,4.14,26.06,41,8217.42
New Zealand,NZL,1/1/20,3.34,3340,658.79,0.04,1.21,7.89,3.34,658.79
New Zealand,NZL,2/1/20,3.17,3170,625.26,0.08,2.59,15.78,6.51,1284.05
New Zealand,NZL,3/1/20,3.25,3250,641.04,-0.08,-2.4,-15.78,9.76,1925.09
New Zealand,NZL,4/1/20,2.77,2770,546.36,-0.49,-15.03,-96.65,12.53,2471.45
New Zealand,NZL,5/1/20,3.45,3450,680.49,-0.04,-1.15,-7.89,15.98,3151.94
New Zealand,NZL,6/1/20,3.52,3520,694.29,-0.11,-3.03,-21.7,19.5,3846.23
New Zealand,NZL,7/1/20,3.81,3810,751.49,0.08,2.14,15.78,23.31,4597.72
New Zealand,NZL,8/1/20,3.65,3650,719.94,-0.15,-3.95,-29.59,26.96,5317.66
New Zealand,NZL,9/1/20,3.44,3440,678.51,-0.03,-0.86,-5.92,30.4,5996.17
New Zealand,NZL,10/1/20,3.41,3410,672.6,0,0,0,33.81,6668.77
New Zealand,NZL,11/1/20,3.18,3180,627.23,-0.04,-1.24,-7.89,36.99,7296
New Zealand,NZL,12/1/20,3.19,3190,629.2,-0.08,-2.45,-15.78,40.18,7925.21
New Zealand,NZL,1/1/21,3.11,3110,608.88,-0.23,-6.89,-45.03,3.11,608.88
New Zealand,NZL,2/1/21,2.94,2940,575.6,-0.23,-7.26,-45.03,6.05,1184.49
New Zealand,NZL,3/1/21,3.24,3240,634.34,-0.01,-0.31,-1.96,9.29,1818.82
New Zealand,NZL,4/1/21,3.14,3140,614.76,0.37,13.36,72.44,12.43,2433.58
New Zealand,NZL,5/1/21,3.47,3470,679.37,0.02,0.58,3.92,15.9,3112.95
New Zealand,NZL,6/1/21,3.44,3440,673.49,-0.08,-2.27,-15.66,19.34,3786.44
New Zealand,NZL,7/1/21,3.72,3720,728.31,-0.09,-2.36,-17.62,23.06,4514.75
New Zealand,NZL,8/1/21,3.56,3560,696.99,-0.09,-2.47,-17.62,26.62,5211.74
New Zealand,NZL,9/1/21,3.32,3320,650,-0.12,-3.49,-23.49,29.94,5861.74
New Zealand,NZL,10/1/21,3.25,3250,636.29,-0.16,-4.69,-31.33,33.19,6498.03
New Zealand,NZL,11/1/21,3.11,3110,608.88,-0.07,-2.2,-13.7,36.3,7106.92
New Zealand,NZL,12/1/21,3.08,3080,603.01,-0.11,-3.45,-21.54,39.38,7709.93
New Zealand,NZL,1/1/22,3.13,3130,609.93,0.02,0.64,3.9,3.13,609.93
New Zealand,NZL,2/1/22,2.83,2830,551.47,-0.11,-3.74,-21.44,5.96,1161.4
New Zealand,NZL,3/1/22,3.13,3130,609.93,-0.11,-3.4,-21.44,9.09,1771.33
New Zealand,NZL,4/1/22,3.17,3170,617.72,0.03,0.96,5.85,12.26,2389.05
New Zealand,NZL,5/1/22,3.45,3450,672.29,-0.02,-0.58,-3.9,15.71,3061.34
New Zealand,NZL,6/1/22,3.55,3550,691.77,0.11,3.2,21.44,19.26,3753.11
New Zealand,NZL,7/1/22,3.78,3780,736.59,0.06,1.61,11.69,23.04,4489.71
New Zealand,NZL,8/1/22,3.74,3740,728.8,0.18,5.06,35.08,26.78,5218.5
New Zealand,NZL,9/1/22,3.49,3490,680.08,0.17,5.12,33.13,30.27,5898.58
New Zealand,NZL,10/1/22,3.44,3440,670.34,0.19,5.85,37.02,33.71,6568.92
New Zealand,NZL,11/1/22,3.17,3170,617.72,0.06,1.93,11.69,36.88,7186.65
New Zealand,NZL,12/1/22,3.18,3180,619.67,0.1,3.25,19.49,40.06,7806.32
New Zealand,NZL,1/1/23,3.21,3210,620.55,0.08,2.56,15.47,3.21,620.55
New Zealand,NZL,2/1/23,2.92,2920,564.49,0.09,3.18,17.4,6.13,1185.04
New Zealand,NZL,3/1/23,3.16,3160,610.88,0.03,0.96,5.8,9.29,1795.92
New Zealand,NZL,4/1/23,3.12,3120,603.15,-0.05,-1.58,-9.67,12.41,2399.07
New Zealand,NZL,5/1/23,3.5,3500,676.61,0.05,1.45,9.67,15.91,3075.68
New Zealand,NZL,6/1/23,3.61,3610,697.88,0.06,1.69,11.6,19.52,3773.56
New Zealand,NZL,7/1/23,3.77,3770,728.81,-0.01,-0.26,-1.93,23.29,4502.36
New Zealand,NZL,8/1/23,3.92,3920,757.8,0.18,4.81,34.8,27.21,5260.17
New Zealand,NZL,9/1/23,3.38,3380,653.41,-0.11,-3.15,-21.26,30.59,5913.58
New Zealand,NZL,10/1/23,3.36,3360,649.55,-0.08,-2.33,-15.47,33.95,6563.13
New Zealand,NZL,11/1/23,3.2,3200,618.62,0.03,0.95,5.8,37.15,7181.74
New Zealand,NZL,12/1/23,3.24,3240,626.35,0.06,1.89,11.6,40.39,7808.09
New Zealand,NZL,1/1/24,3.31,3310,634.84,0.1,3.12,19.18,3.31,634.84
New Zealand,NZL,2/1/24,3.17,3170,607.99,0.25,8.56,47.95,6.48,1242.82
New Zealand,NZL,3/1/24,3.33,3330,638.67,0.17,5.38,32.6,9.81,1881.49
New Zealand,NZL,4/1/24,3.28,3280,629.08,0.16,5.13,30.69,13.09,2510.58
New Zealand,NZL,5/1/24,3.78,3780,724.98,0.28,8,53.7,16.87,3235.56
New Zealand,NZL,6/1/24,3.54,3540,678.95,-0.07,-1.94,-13.43,20.41,3914.51
New Zealand,NZL,7/1/24,3.89,3890,746.08,0.12,3.18,23.02,24.3,4660.58
New Zealand,NZL,8/1/24,3.72,3720,713.47,-0.2,-5.1,-38.36,28.02,5374.05
New Zealand,NZL,9/1/24,3.31,3310,634.84,-0.07,-2.07,-13.43,31.33,6008.89
New Zealand,NZL,10/1/24,3.28,3280,629.08,-0.08,-2.38,-15.34,34.61,6637.97
New Zealand,NZL,11/1/24,3.18,3180,609.9,-0.02,-0.63,-3.84,37.79,7247.88
New Zealand,NZL,12/1/24,3.21,3210,615.66,-0.03,-0.93,-5.75,41,7863.54
New Zealand,NZL,1/1/25,3.09,3090,588.36,-0.22,-6.65,-41.89,3.09,588.36
New Zealand,NZL,2/1/25,2.99,2990,569.32,-0.18,-5.68,-34.27,6.08,1157.68
New Zealand,NZL,3/1/25,3.2,3200,609.3,-0.13,-3.9,-24.75,9.28,1766.98
New Zealand,NZL,4/1/25,3.13,3130,595.97,-0.15,-4.57,-28.56,12.41,2362.95
New Zealand,NZL,5/1/25,3.48,3480,662.62,-0.3,-7.94,-57.12,15.89,3025.57
New Zealand,NZL,6/1/25,3.53,3530,672.14,-0.01,-0.28,-1.9,19.42,3697.71