Date,Demand,country,timezone,date_local,T,Td,RH,HI,Tw,HU,Q,CDD,CDDhi,CDDhu,CDDtw,CDDq,ELD
2019-01-01,663710.0,United Kingdom,Europe/London,2019-01-01,6.416268,3.1870403,80.182785,6.416268,4.532038,5.228089,18.682507,0.0,0.0,0.0,0.0,0.0,0.0
2019-01-02,840993.0,United Kingdom,Europe/London,2019-01-02,2.086185,-0.879309,81.07296,2.086185,0.39957857,-0.25283656,11.064306,0.0,0.0,0.0,0.0,0.0,0.0
2019-01-03,895113.5,United Kingdom,Europe/London,2019-01-03,2.4827783,-0.34476945,81.92977,2.4827783,0.86631316,0.26941168,11.817159,0.0,0.0,0.0,0.0,0.0,0.0
2019-01-04,896919.5,United Kingdom,Europe/London,2019-01-04,3.024226,0.64791256,84.56549,3.0242262,1.596415,1.0706973,13.094539,0.0,0.0,0.0,0.0,0.0,0.0
2019-01-05,824452.5,United Kingdom,Europe/London,2019-01-05,4.252776,1.7614306,83.95908,4.252776,2.7378328,2.5720532,15.10309,0.0,0.0,0.0,0.0,0.0,0.0
2019-01-06,785778.0,United Kingdom,Europe/London,2019-01-06,6.8296247,5.351726,90.45496,6.8296247,5.841157,6.26845,20.85946,0.0,0.0,0.0,0.0,0.0,0.0
2019-01-07,816261.0,United Kingdom,Europe/London,2019-01-07,8.552083,6.355517,86.3328,8.552083,7.1489086,8.364249,23.659494,0.0,0.0,0.0,0.0,0.0,0.0
2019-01-08,827828.5,United Kingdom,Europe/London,2019-01-08,5.9209337,2.260322,77.692314,5.9209337,3.8071592,4.379131,17.184118,0.0,0.0,0.0,0.0,0.0,0.0
2019-01-09,893333.0,United Kingdom,Europe/London,2019-01-09,2.935304,0.5084357,84.494225,2.9353037,1.4956152,0.92885786,12.855273,0.0,0.0,0.0,0.0,0.0,0.0
2019-01-10,918230.5,United Kingdom,Europe/London,2019-01-10,4.973063,3.41974,89.8422,4.973063,3.9553082,3.8317573,17.349194,0.0,0.0,0.0,0.0,0.0,0.0
2019-01-11,881220.5,United Kingdom,Europe/London,2019-01-11,6.9187474,5.0084157,87.73305,6.9187474,5.671997,6.225307,20.578123,0.0,0.0,0.0,0.0,0.0,0.0
2019-01-12,732315.0,United Kingdom,Europe/London,2019-01-12,8.426193,6.377131,87.05579,8.426193,7.0868196,8.222462,23.486095,0.0,0.0,0.0,0.0,0.0,0.0
2019-01-13,685154.5,United Kingdom,Europe/London,2019-01-13,8.671985,5.895997,82.979355,8.671985,6.9405227,8.316533,23.31047,0.0,0.0,0.0,0.0,0.0,0.0
2019-01-14,848151.5,United Kingdom,Europe/London,2019-01-14,5.9091473,3.0073116,82.07209,5.9091473,4.1650357,4.5860615,17.786285,0.0,0.0,0.0,0.0,0.0,0.0
2019-01-15,832228.0,United Kingdom,Europe/London,2019-01-15,7.693218,5.7107744,87.3988,7.693218,6.3996453,7.251626,22.072826,0.0,0.0,0.0,0.0,0.0,0.0
2019-01-16,840307.0,United Kingdom,Europe/London,2019-01-16,5.812617,3.9749706,88.1725,5.812617,4.634599,4.827908,18.639627,0.0,0.0,0.0,0.0,0.0,0.0
2019-01-17,869652.0,United Kingdom,Europe/London,2019-01-17,1.8980019,-1.8290846,77.08106,1.8980019,-0.065274075,-0.65462035,10.274654,0.0,0.0,0.0,0.0,0.0,0.0
2019-01-18,910805.5,United Kingdom,Europe/London,2019-01-18,1.5326526,-1.129961,82.84458,1.5326526,0.013025524,-0.8379598,10.416479,0.0,0.0,0.0,0.0,0.0,0.0
2019-01-19,843513.0,United Kingdom,Europe/London,2019-01-19,2.9061956,1.6449516,91.552345,2.9061956,2.0626714,1.2265905,13.742586,0.0,0.0,0.0,0.0,0.0,0.0
2019-01-20,824793.5,United Kingdom,Europe/London,2019-01-20,2.704797,1.1437125,89.780594,2.704797,1.713637,0.87666273,13.121578,0.0,0.0,0.0,0.0,0.0,0.0
2019-01-21,907694.5,United Kingdom,Europe/London,2019-01-21,2.7283492,0.9070327,88.12225,2.7283492,1.589997,0.82482857,12.9339485,0.0,0.0,0.0,0.0,0.0,0.0
2019-01-22,919361.5,United Kingdom,Europe/London,2019-01-22,1.728198,0.090395525,89.17654,1.7281979,0.6962166,-0.3891423,11.321501,0.0,0.0,0.0,0.0,0.0,0.0
2019-01-23,937519.5,United Kingdom,Europe/London,2019-01-23,0.2819011,-1.2711513,89.66373,0.2819011,-0.6975151,-2.1482236,8.982623,0.0,0.0,0.0,0.0,0.0,0.0
2019-01-24,946904.5,United Kingdom,Europe/London,2019-01-24,2.3889575,1.4604995,93.72244,2.3889575,1.7311578,0.68703467,13.157505,0.0,0.0,0.0,0.0,0.0,0.0
2019-01-25,853807.5,United Kingdom,Europe/London,2019-01-25,7.3831725,6.1267595,91.95311,7.3831725,6.5182686,7.127187,22.281372,0.0,0.0,0.0,0.0,0.0,0.0
2019-01-26,743040.5,United Kingdom,Europe/London,2019-01-26,7.0585475,5.553817,90.27827,7.0585475,6.048085,6.5818906,21.330378,0.0,0.0,0.0,0.0,0.0,0.0
2019-01-27,717276.5,United Kingdom,Europe/London,2019-01-27,3.9368653,0.19381355,77.14548,3.9368649,1.8867917,1.8595245,13.6708145,0.0,0.0,0.0,0.0,0.0,0.0
2019-01-28,875454.0,United Kingdom,Europe/London,2019-01-28,1.902946,-1.9154509,76.44473,1.902946,-0.12285346,-0.68147933,10.190508,0.0,0.0,0.0,0.0,0.0,0.0
2019-01-29,934061.0,United Kingdom,Europe/London,2019-01-29,1.3493564,-0.31319615,88.93832,1.3493564,0.31076914,-0.86374986,10.669766,0.0,0.0,0.0,0.0,0.0,0.0
2019-01-30,938355.0,United Kingdom,Europe/London,2019-01-30,0.14299695,-1.7153035,87.753,0.14299692,-0.98001504,-2.4030547,8.516806,0.0,0.0,0.0,0.0,0.0,0.0
2019-01-31,962048.0,United Kingdom,Europe/London,2019-01-31,-1.6825466,-3.1829932,89.85979,-1.6825466,-2.6177435,-4.515385,5.8694,0.0,0.0,0.0,0.0,0.0,0.0
2019-02-01,933735.5,United Kingdom,Europe/London,2019-02-01,0.27410752,-1.7569832,86.64425,0.2741076,-0.92967385,-2.2699797,8.65538,0.0,0.0,0.0,0.0,0.0,0.0
2019-02-02,827581.5,United Kingdom,Europe/London,2019-02-02,0.44138524,-2.5532284,80.97382,0.44138524,-1.1936729,-2.2724369,8.349924,0.0,0.0,0.0,0.0,0.0,0.0
2019-02-03,806570.5,United Kingdom,Europe/London,2019-02-03,1.7131395,-0.6067781,84.96347,1.7131395,0.34535867,-0.509294,11.015688,0.0,0.0,0.0,0.0,0.0,0.0
2019-02-04,872420.5,United Kingdom,Europe/London,2019-02-04,5.385829,3.4473815,87.66347,5.385829,4.169149,4.239066,17.751728,0.0,0.0,0.0,0.0,0.0,0.0010124842325846
2019-02-05,906627.5,United Kingdom,Europe/London,2019-02-05,4.2424583,3.3622725,94.12179,4.2424583,3.6155806,3.1180663,16.657034,0.0,0.0,0.0,0.0,0.0,0.1044968763987223
2019-02-06,865128.0,United Kingdom,Europe/London,2019-02-06,6.083638,4.4524345,89.47134,6.083638,5.0162373,5.238509,19.305695,0.0,0.0,0.0,0.0,0.0,0.0
2019-02-07,840959.5,United Kingdom,Europe/London,2019-02-07,5.310118,3.006959,85.62377,5.3101177,3.8963776,3.9873233,17.179153,0.0,0.0,0.0,0.0,0.0,0.0
2019-02-08,801192.5,United Kingdom,Europe/London,2019-02-08,7.518935,5.3228173,86.226036,7.518935,6.1223803,6.96964,21.59451,0.0,0.0,0.0,0.0,0.0,0.0
2019-02-09,710887.0,United Kingdom,Europe/London,2019-02-09,6.4140344,2.895295,78.73013,6.4140344,4.367558,5.0555706,18.19849,0.0,0.0,0.0,0.0,0.0,0.0
2019-02-10,760282.0,United Kingdom,Europe/London,2019-02-10,4.2713504,1.9756112,85.54847,4.2713504,2.8942719,2.6553159,15.302817,0.0,0.0,0.0,0.0,0.0,0.0
2019-02-11,862311.5,United Kingdom,Europe/London,2019-02-11,4.3734846,1.8423969,84.138405,4.3734846,2.8508105,2.7195864,15.301193,0.0,0.0,0.0,0.0,0.0,0.0
2019-02-12,855180.5,United Kingdom,Europe/London,2019-02-12,6.8816495,5.146241,88.99239,6.8816495,5.737252,6.2804017,20.802393,0.0,0.0,0.0,0.0,0.0,0.0
2019-02-13,816840.5,United Kingdom,Europe/London,2019-02-13,8.200088,5.9341407,85.91871,8.200088,6.7475524,7.831313,22.7923,0.0,0.0,0.0,0.0,0.0,0.0
2019-02-14,815122.0,United Kingdom,Europe/London,2019-02-14,6.9099836,4.209318,83.6847,6.9099836,5.2612143,5.9773607,19.8993,0.0,0.0,0.0,0.0,0.0,0.0
2019-02-15,789913.0,United Kingdom,Europe/London,2019-02-15,7.1103954,3.4378755,78.703995,7.1103954,4.98313,5.9647527,19.506163,0.0,0.0,0.0,0.0,0.0,0.0
2019-02-16,715533.5,United Kingdom,Europe/London,2019-02-16,8.939833,6.698693,86.15376,8.939833,7.4988523,8.874116,24.397308,0.0,0.0,0.0,0.0,0.0,0.2907272179921468
2019-02-17,659830.0,United Kingdom,Europe/London,2019-02-17,9.006756,6.013644,81.89719,9.006756,7.1461415,8.674002,23.713953,0.0,0.0,0.0,0.0,0.0,0.0
2019-02-18,782140.0,United Kingdom,Europe/London,2019-02-18,7.2553267,4.7128487,84.21019,7.2553267,5.6767263,6.469877,20.66161,0.0,0.0,0.0,0.0,0.0,0.0
2019-02-19,803846.0,United Kingdom,Europe/London,2019-02-19,6.5765667,4.072095,84.46468,6.5765667,5.0259295,5.5723686,19.35804,0.0,0.0,0.0,0.0,0.0,0.0
2019-02-20,779752.0,United Kingdom,Europe/London,2019-02-20,8.899283,6.818338,87.0611,8.899283,7.5414653,8.859976,24.429522,0.0,0.0,0.0,0.0,0.0,0.0
2019-02-21,774792.5,United Kingdom,Europe/London,2019-02-21,9.992372,7.9429536,87.41505,9.992372,8.633797,10.398689,26.796137,0.0,0.0,0.0,0.0,0.0,1.7958693504333496
2019-02-22,760856.0,United Kingdom,Europe/London,2019-02-22,9.267203,6.0487175,81.293365,9.267203,7.2951064,8.942395,24.001528,0.0,0.0,0.0,0.0,0.0,0.0
2019-02-23,680579.5,United Kingdom,Europe/London,2019-02-23,9.466924,6.049772,80.21833,9.466924,7.4032593,9.163243,24.26412,0.0,0.0,0.0,0.0,0.0,0.0
2019-02-24,685800.5,United Kingdom,Europe/London,2019-02-24,7.313533,4.9061127,85.908356,7.313533,5.82649,6.613358,20.962584,0.0,0.0,0.0,0.0,0.0,0.0
2019-02-25,774056.5,United Kingdom,Europe/London,2019-02-25,8.300602,3.37751,73.35181,8.300602,5.5592713,7.1253715,20.629547,0.0,0.0,0.0,0.0,0.0,0.0
2019-02-26,774583.0,United Kingdom,Europe/London,2019-02-26,8.494663,3.100298,70.550026,8.494663,5.479022,7.228989,20.57392,0.0,0.0,0.0,0.0,0.0,0.0
2019-02-27,775028.5,United Kingdom,Europe/London,2019-02-27,7.4107523,4.0305243,80.47095,7.4107523,5.3834186,6.4386735,20.299994,0.0,0.0,0.0,0.0,0.0,0.0
2019-02-28,823135.5,United Kingdom,Europe/London,2019-02-28,6.637531,5.584941,93.16214,6.637531,5.889614,6.180185,20.95785,0.0,0.0,0.0,0.0,0.0,0.0
2019-03-01,812503.0,United Kingdom,Europe/London,2019-03-01,7.404334,5.7686462,89.63907,7.404334,6.3188176,6.9788275,21.82428,0.0,0.0,0.0,0.0,0.0,0.0
2019-03-02,665721.0,United Kingdom,Europe/London,2019-03-02,8.395071,6.259484,86.92115,8.395071,7.0342636,8.172445,23.402517,0.0,0.0,0.0,0.0,0.0,0.0
2019-03-03,668972.0,United Kingdom,Europe/London,2019-03-03,7.564411,4.842417,83.37166,7.564411,5.9177766,6.8913274,21.294216,0.0,0.0,0.0,0.0,0.0,0.0229756832122802
2019-03-04,756961.0,United Kingdom,Europe/London,2019-03-04,5.390621,2.1176093,80.08825,5.390621,3.4912698,3.798129,16.503439,0.0,0.0,0.0,0.0,0.0,0.0
2019-03-05,793382.0,United Kingdom,Europe/London,2019-03-05,5.546531,2.7422354,83.02136,5.546531,3.8836317,4.1788664,17.295008,0.0,0.0,0.0,0.0,0.0,0.0
2019-03-06,794739.5,United Kingdom,Europe/London,2019-03-06,7.556793,6.0977335,90.6535,7.556793,6.5664587,7.321745,22.518755,0.0,0.0,0.0,0.0,0.0,0.0
2019-03-07,772189.0,United Kingdom,Europe/London,2019-03-07,6.1037493,3.3635097,83.09049,6.1037493,4.450904,4.888436,18.285696,0.0,0.0,0.0,0.0,0.0,0.0
2019-03-08,795240.0,United Kingdom,Europe/London,2019-03-08,4.9754333,2.7511868,85.849495,4.9754333,3.6009712,3.626096,16.767853,0.0,0.0,0.0,0.0,0.0,0.0
2019-03-09,664653.5,United Kingdom,Europe/London,2019-03-09,5.9960475,2.1650834,77.28989,5.9960475,3.8287945,4.458686,17.27411,0.0,0.0,0.0,0.0,0.0,0.0
2019-03-10,680191.5,United Kingdom,Europe/London,2019-03-10,3.9009864,1.0359026,82.68358,3.9009864,2.2767973,2.0563474,14.287932,0.0,0.0,0.0,0.0,0.0,0.0301739374796549
2019-03-11,753430.5,United Kingdom,Europe/London,2019-03-11,5.3783293,0.90148103,73.89372,5.3783293,2.9466186,3.473242,15.614567,0.0,0.0,0.0,0.0,0.0,0.0
2019-03-12,792447.0,United Kingdom,Europe/London,2019-03-12,5.976416,3.4572158,84.30172,5.976416,4.452402,4.816383,18.312574,0.0,0.0,0.0,0.0,0.0,0.0
2019-03-13,757053.5,United Kingdom,Europe/London,2019-03-13,7.046923,3.0869172,76.54366,7.046923,4.7672544,5.736892,18.976267,0.0,0.0,0.0,0.0,0.0,0.0
2019-03-14,742680.5,United Kingdom,Europe/London,2019-03-14,8.096539,4.92462,81.146164,8.096539,6.195962,7.4037137,21.777037,0.0,0.0,0.0,0.0,0.0,0.0174719492594401
2019-03-15,729779.0,United Kingdom,Europe/London,2019-03-15,8.030126,5.015941,81.90732,8.030126,6.2285743,7.4517307,22.035381,0.0,0.0,0.0,0.0,0.0,0.0006930033365885
2019-03-16,695156.0,United Kingdom,Europe/London,2019-03-16,6.5985847,4.6551476,87.70732,6.5985847,5.343269,5.884681,20.201674,0.0,0.0,0.0,0.0,0.0,0.0
2019-03-17,653872.5,United Kingdom,Europe/London,2019-03-17,4.96715,1.3792677,78.35164,4.96715,2.9396873,3.1814647,15.532495,0.0,0.0,0.0,0.0,0.0,0.0
2019-03-18,812120.0,United Kingdom,Europe/London,2019-03-18,5.8746357,3.2818654,83.92757,5.8746357,4.3011775,4.659959,18.056503,0.0,0.0,0.0,0.0,0.0,0.0
2019-03-19,802183.5,United Kingdom,Europe/London,2019-03-19,8.3445835,6.605298,89.22285,8.3445835,7.191703,8.229086,23.651886,0.0,0.0,0.0,0.0,0.0,0.0
2019-03-20,772678.5,United Kingdom,Europe/London,2019-03-20,9.861741,8.003591,88.56357,9.861741,8.622555,10.292023,26.730328,0.0,0.0,0.0,0.0,0.0,2.0617712338765464
2019-03-21,773942.5,United Kingdom,Europe/London,2019-03-21,10.077468,8.143367,88.14077,10.077468,8.795213,10.560525,27.097883,0.0,0.0,0.0,0.0,0.0,0.0053435961405436
2019-03-22,745989.5,United Kingdom,Europe/London,2019-03-22,9.09553,6.3166814,83.093765,9.09553,7.364027,8.899924,24.190556,0.0,0.0,0.0,0.0,0.0,0.0
2019-03-23,683475.0,United Kingdom,Europe/London,2019-03-23,6.9433756,2.3729079,73.570595,6.9433756,4.415946,5.4701676,18.414572,0.0,0.0,0.0,0.0,0.0,0.0
2019-03-24,612514.0,United Kingdom,Europe/London,2019-03-24,6.539311,2.2260485,75.135216,6.539311,4.1282787,4.985034,17.77589,0.0,0.0,0.0,0.0,0.0,0.0
2019-03-25,723175.5,United Kingdom,Europe/London,2019-03-25,7.027126,1.879243,70.84683,7.027126,4.218162,5.3724875,17.988527,0.0,0.0,0.0,0.0,0.0,0.0
2019-03-26,763019.5,United Kingdom,Europe/London,2019-03-26,7.1596026,3.487864,78.49531,7.1596026,5.011726,5.991443,19.490986,0.0,0.0,0.0,0.0,0.0,0.0
2019-03-27,774629.5,United Kingdom,Europe/London,2019-03-27,8.401772,4.7472844,78.448074,8.401772,6.2167177,7.6285744,21.86122,0.0,0.0,0.0,0.0,0.0,0.0
2019-03-28,743105.5,United Kingdom,Europe/London,2019-03-28,8.23355,4.464971,78.25806,8.23355,6.0025296,7.3659387,21.42551,0.0,0.0,0.0,0.0,0.0,0.0
2019-03-29,711448.0,United Kingdom,Europe/London,2019-03-29,8.080681,4.686802,80.41519,8.080681,6.041848,7.287964,21.481247,0.0,0.0,0.0,0.0,0.0,0.0
2019-03-30,656469.0,United Kingdom,Europe/London,2019-03-30,7.348241,3.8624449,79.911644,7.348241,5.3174796,6.3330936,20.114033,0.0,0.0,0.0,0.0,0.0,0.0
2019-04-01,729330.0,United Kingdom,Europe/London,2019-04-01,6.025297,2.1673417,77.19315,6.025297,3.8124974,4.4779415,17.276608,0.0,0.0,0.0,0.0,0.0,0.0
2019-04-02,793132.0,United Kingdom,Europe/London,2019-04-02,4.841515,2.1359134,83.28851,4.841515,3.2491236,3.26932,16.003902,0.0,0.0,0.0,0.0,0.0,0.0
2019-04-03,793800.0,United Kingdom,Europe/London,2019-04-03,3.6225717,1.2428726,85.05236,3.6225717,2.204947,1.7934409,14.04764,0.0,0.0,0.0,0.0,0.0,0.0
2019-04-04,793988.5,United Kingdom,Europe/London,2019-04-04,4.675848,2.1601956,84.539734,4.675848,3.1747286,3.1008723,15.828129,0.0,0.0,0.0,0.0,0.0,0.0
2019-04-05,741391.0,United Kingdom,Europe/London,2019-04-05,7.510642,3.214702,75.54027,7.510642,5.0849757,6.252877,19.59384,0.0,0.0,0.0,0.0,0.0,0.0
2019-04-06,685441.0,United Kingdom,Europe/London,2019-04-06,6.8730855,3.9986062,82.70713,6.8730855,5.136915,5.868516,19.659395,0.0,0.0,0.0,0.0,0.0,0.0
2019-04-07,666242.5,United Kingdom,Europe/London,2019-04-07,7.919224,5.8711805,87.24395,7.919224,6.5944786,7.5394387,22.476738,0.0,0.0,0.0,0.0,0.0,0.0
2019-04-08,736155.5,United Kingdom,Europe/London,2019-04-08,8.331539,5.9092293,85.19837,8.331539,6.8040357,7.9912796,23.008213,0.0,0.0,0.0,0.0,0.0,0.0673952102661132
2019-04-09,750440.5,United Kingdom,Europe/London,2019-04-09,7.4985666,3.982821,79.482445,7.4985666,5.470949,6.5134444,20.348543,0.0,0.0,0.0,0.0,0.0,0.0
2019-04-10,733811.0,United Kingdom,Europe/London,2019-04-10,5.6567817,1.0594629,73.80196,5.6567817,3.1570976,3.791893,16.010284,0.0,0.0,0.0,0.0,0.0,0.0
2019-04-11,748922.5,United Kingdom,Europe/London,2019-04-11,5.5225606,0.73468965,72.77043,5.5225606,2.944246,3.578314,15.651866,0.0,0.0,0.0,0.0,0.0,0.0
2019-04-12,752264.0,United Kingdom,Europe/London,2019-04-12,5.6353326,0.79340667,72.35415,5.6353326,3.032575,3.6993241,15.788572,0.0,0.0,0.0,0.0,0.0,0.0
2019-04-13,647433.0,United Kingdom,Europe/London,2019-04-13,4.9780235,-0.910075,67.047356,4.9780235,1.990423,2.6136174,13.919863,0.0,0.0,0.0,0.0,0.0,0.0
2019-04-14,649647.0,United Kingdom,Europe/London,2019-04-14,4.898475,-0.9648425,66.66619,4.898475,1.8962698,2.5173635,13.792838,0.0,0.0,0.0,0.0,0.0,0.0
2019-04-15,687391.0,United Kingdom,Europe/London,2019-04-15,7.153584,1.7860469,69.9545,7.153584,4.236882,5.4791822,18.06206,0.0,0.0,0.0,0.0,0.0,0.0
2019-04-16,747286.5,United Kingdom,Europe/London,2019-04-16,8.496479,5.560208,82.18311,8.496479,6.6682763,8.006396,22.753881,0.0,0.0,0.0,0.0,0.0,0.0
2019-04-17,703678.5,United Kingdom,Europe/London,2019-04-17,9.524267,5.903185,79.416145,9.524267,7.3358374,9.173624,24.192295,0.0,0.0,0.0,0.0,0.0,0.4033009211222331
2019-04-18,668358.5,United Kingdom,Europe/London,2019-04-18,11.31002,6.872405,75.8595,11.31002,8.632588,11.3213415,27.028479,0.0,0.0,0.0,0.0,0.0,0.09986146291097
2019-04-19,592234.0,United Kingdom,Europe/London,2019-04-19,12.80917,6.4951982,67.90746,12.80917,9.124207,12.661558,28.105131,50.59546,50.595455,0.0,0.0,0.0,0.5916692415873209
2019-04-20,564775.5,United Kingdom,Europe/London,2019-04-20,13.533593,7.120395,67.83705,13.533593,9.781577,13.633856,29.539808,85.83851,85.83851,0.3179927,0.0,0.0,8.625286102294922
2019-04-21,516121.0,United Kingdom,Europe/London,2019-04-21,13.618413,6.862246,66.57466,13.618413,9.720823,13.625514,29.362507,62.551155,62.551163,0.0,0.0,0.0,13.37507422765096
2019-04-22,548991.0,United Kingdom,Europe/London,2019-04-22,13.791557,5.7612686,60.680115,13.791557,9.262893,13.395967,28.403992,75.27311,75.27311,0.0,0.0,0.0,0.3048005104064941
2019-04-23,644328.5,United Kingdom,Europe/London,2019-04-23,12.769808,7.25739,70.13085,12.769808,9.474264,12.92242,28.911024,1.9205551,1.9205556,0.0,0.0,0.0,6.23058287302653
2019-04-24,675574.5,United Kingdom,Europe/London,2019-04-24,10.800139,7.796459,82.24575,10.800139,8.883989,11.170797,27.520338,0.0,0.0,0.0,0.0,0.0,54.337981383005776
2019-04-25,677745.5,United Kingdom,Europe/London,2019-04-25,10.127655,7.016102,81.847694,10.127655,8.195835,10.160507,25.881716,0.0,0.0,0.0,0.0,0.0,0.0
2019-04-26,657527.5,United Kingdom,Europe/London,2019-04-26,9.329949,6.5172772,83.35041,9.329949,7.570126,9.177184,24.548788,0.0,0.0,0.0,0.0,0.0,0.0
2019-04-27,597024.5,United Kingdom,Europe/London,2019-04-27,8.136016,4.6838865,79.66635,8.136016,6.096248,7.3465767,21.544428,0.0,0.0,0.0,0.0,0.0,0.0
2019-04-28,620201.0,United Kingdom,Europe/London,2019-04-28,9.206787,5.698962,79.54869,9.206787,7.090776,8.764167,23.608381,0.0,0.0,0.0,0.0,0.0,0.0
2019-04-29,714095.5,United Kingdom,Europe/London,2019-04-29,9.499318,6.315478,81.80764,9.499318,7.5492845,9.279824,24.534191,0.0,0.0,0.0,0.0,0.0,0.0
2019-04-30,704124.0,United Kingdom,Europe/London,2019-04-30,9.875179,6.553614,81.04189,9.875179,7.826875,9.749025,25.180054,0.0,0.0,0.0,0.0,0.0,0.1602551142374674
2019-05-01,720269.5,United Kingdom,Europe/London,2019-05-01,10.371339,7.6782136,84.18191,10.371339,8.656038,10.668938,26.875778,0.0,0.0,0.0,0.0,0.0,2.290795167287191
2019-05-02,705578.0,United Kingdom,Europe/London,2019-05-02,9.108212,6.204915,82.70634,9.108212,7.3116517,8.866743,24.07488,0.0,0.0,0.0,0.0,0.0,0.0
2019-05-03,718715.0,United Kingdom,Europe/London,2019-05-03,7.066475,3.6596367,79.803314,7.066475,5.105452,6.0098615,19.710726,0.0,0.0,0.0,0.0,0.0,0.0
2019-05-04,580045.0,United Kingdom,Europe/London,2019-05-04,6.013845,0.6053615,69.67322,6.013845,3.1633778,4.0246906,16.022142,0.0,0.0,0.0,0.0,0.0,0.0
2019-05-05,609193.5,United Kingdom,Europe/London,2019-05-05,6.6128826,1.1489387,69.469925,6.6128826,3.6947408,4.7576947,17.005455,0.0,0.0,0.0,0.0,0.0,0.0
2019-05-06,646281.5,United Kingdom,Europe/London,2019-05-06,6.7675567,1.8429939,71.91968,6.7675567,4.073297,5.109565,17.71624,0.0,0.0,0.0,0.0,0.0,0.0
2019-05-07,714134.0,United Kingdom,Europe/London,2019-05-07,7.317832,3.2438471,76.649216,7.317832,4.9839144,6.0804515,19.457312,0.0,0.0,0.0,0.0,0.0,0.0
2019-05-08,720067.0,United Kingdom,Europe/London,2019-05-08,7.7674932,5.832144,87.85649,7.7674932,6.513151,7.4165797,22.405865,0.0,0.0,0.0,0.0,0.0,0.0903654098510742
2019-05-09,728509.0,United Kingdom,Europe/London,2019-05-09,7.7757187,4.7608347,82.208435,7.7757187,6.010513,7.0781755,21.43913,0.0,0.0,0.0,0.0,0.0,0.3509470621744792
2019-05-10,718619.5,United Kingdom,Europe/London,2019-05-10,7.51651,4.15443,80.33604,7.51651,5.530255,6.582849,20.513042,0.0,0.0,0.0,0.0,0.0,0.0
2019-05-11,622006.5,United Kingdom,Europe/London,2019-05-11,8.437728,3.6825864,74.18753,8.437728,5.8065314,7.3587604,21.038425,0.0,0.0,0.0,0.0,0.0,0.0318888028462727
2019-05-12,581985.0,United Kingdom,Europe/London,2019-05-12,8.995918,2.8912375,68.41512,8.995918,5.6956253,7.6619916,20.888893,0.0,0.0,0.0,0.0,0.0,0.0
2019-05-13,645400.0,United Kingdom,Europe/London,2019-05-13,11.404709,4.401301,64.27577,11.404709,7.5158854,10.525437,24.614067,0.0,0.0,0.0,0.0,0.0,0.0
2019-05-14,642611.5,United Kingdom,Europe/London,2019-05-14,12.487819,5.072039,62.835808,12.487819,8.333075,11.845325,26.382635,3.4068604,3.4068594,0.0,0.0,0.0,0.0335240364074707
2019-05-15,650493.5,United Kingdom,Europe/London,2019-05-15,12.86753,6.5143495,67.149,12.86753,9.175411,12.737013,28.212156,2.531479,2.531479,0.0,0.0,0.0,1.634820779164632
2019-05-16,639775.0,United Kingdom,Europe/London,2019-05-16,11.796774,5.4544272,67.197624,11.796774,8.22153,11.279842,26.031242,0.1728363,0.17283678,0.0,0.0,0.0,1.5407369136810305
2019-05-17,677879.0,United Kingdom,Europe/London,2019-05-17,11.180662,6.5677147,74.38958,11.180662,8.440269,11.07762,26.57195,0.0,0.0,0.0,0.0,0.0,0.0
2019-05-18,617933.0,United Kingdom,Europe/London,2019-05-18,10.979979,8.669949,86.14837,10.979979,9.466119,11.680965,28.630611,0.0,0.0,0.0,0.0,0.0,0.9354643821716307
2019-05-19,594437.5,United Kingdom,Europe/London,2019-05-19,11.469527,8.924956,85.109024,11.469527,9.817126,12.281612,29.442865,0.0,0.0,0.0,0.0,0.0,22.21242078145345
2019-05-20,661954.0,United Kingdom,Europe/London,2019-05-20,11.873629,8.500794,80.99658,11.873629,9.756965,12.508948,29.356722,0.0,0.0,0.0,0.0,0.0,10.664297898610434
2019-05-21,643282.0,United Kingdom,Europe/London,2019-05-21,11.476268,6.8229065,75.07142,11.476268,8.719642,11.44762,27.081612,0.0,0.0,0.0,0.0,0.0,1.39574138323466
2019-05-22,642154.0,United Kingdom,Europe/London,2019-05-22,11.416663,6.1838713,72.24401,11.416663,8.357707,11.153658,26.361729,0.0,0.0,0.0,0.0,0.0,0.2089651425679524
2019-05-23,627915.0,United Kingdom,Europe/London,2019-05-23,12.077862,6.9317794,72.69342,12.077862,9.013894,12.093222,27.819304,11.970299,11.970304,0.0,0.0,0.0,1.3170045216878254
2019-05-24,624401.0,United Kingdom,Europe/London,2019-05-24,12.489472,7.918776,74.8408,12.489472,9.695615,12.924282,29.42194,0.9086304,0.9086337,0.0,0.0,0.0,66.98525094985962
2019-05-25,558974.5,United Kingdom,Europe/London,2019-05-25,12.537727,9.092021,80.928535,12.537727,10.36195,13.495492,30.947067,5.004051,5.0040483,0.0,0.23264027,0.12058449,260.75601331392926
2019-05-26,514512.5,United Kingdom,Europe/London,2019-05-26,13.188221,10.560328,84.80272,13.188221,11.476387,14.824918,33.524338,0.2093277,0.20932817,0.45084763,8.870586,21.54241,818.2764273484548
2019-05-27,543003.0,United Kingdom,Europe/London,2019-05-27,10.863303,7.0409937,78.12336,10.863303,8.524227,10.928796,26.723879,0.0,0.0,0.0,0.0,0.0,1.203575611114502
2019-05-28,640412.5,United Kingdom,Europe/London,2019-05-28,9.883375,5.602657,76.0802,9.883375,7.401942,9.458407,24.347095,0.0,0.0,0.0,0.0,0.0,0.0
2019-05-29,671847.5,United Kingdom,Europe/London,2019-05-29,9.88919,7.1994185,84.23213,9.88919,8.233663,10.148117,26.283113,0.0,0.0,0.0,0.0,0.0,293.31179030736286
2019-05-30,615560.5,United Kingdom,Europe/London,2019-05-30,13.943732,11.532132,86.20875,13.943732,12.334837,16.083471,35.718945,23.268814,23.268812,42.645912,51.04697,132.95251,1368.8700664838154
2019-05-31,610819.0,United Kingdom,Europe/London,2019-05-31,13.95262,11.495039,85.95419,13.95262,12.313692,15.9951515,35.447895,0.042259216,0.042259216,0.0,0.005587101,0.0,893.7686601479849
2019-06-01,551755.5,United Kingdom,Europe/London,2019-06-01,14.768535,10.9175415,79.15796,14.768535,12.287426,16.53068,35.491623,118.81296,118.812965,99.50779,58.260284,130.27267,690.6096002260844
2019-06-02,517813.5,United Kingdom,Europe/London,2019-06-02,15.204091,11.801201,80.989914,15.204091,12.977264,17.430544,37.247574,70.73451,70.73451,66.22218,52.020008,137.66872,1294.6848885218303
2019-06-03,587219.0,United Kingdom,Europe/London,2019-06-03,12.760437,8.292593,75.49432,12.760437,10.033668,13.30724,30.009218,0.0,0.0,0.0,0.0,0.0,11.616448561350504
2019-06-04,677672.0,United Kingdom,Europe/London,2019-06-04,11.859279,9.177984,84.242615,11.859279,10.127787,12.810906,30.234125,0.0,0.0,0.0,1.3591805,3.0205145,154.01627326011658
2019-06-05,648011.5,United Kingdom,Europe/London,2019-06-05,11.516742,8.440002,82.5049,11.516742,9.589315,12.135278,28.945192,0.0,0.0,0.0,0.0,0.0,31.87634094556173
2019-06-06,627298.5,United Kingdom,Europe/London,2019-06-06,11.676772,7.4127965,76.98847,11.676772,9.1304,11.876339,27.92709,0.0,0.0,0.0,0.0,0.0,4.679782549540202
2019-06-07,655399.5,United Kingdom,Europe/London,2019-06-07,11.572806,8.481101,82.28447,11.572806,9.628776,12.2537565,29.181168,0.0,0.0,0.0,0.0,0.0,138.45983203252158
2019-06-08,551721.0,United Kingdom,Europe/London,2019-06-08,11.657447,8.806248,83.43017,11.657447,9.84565,12.426855,29.513031,0.0,0.0,0.0,0.0,0.0,25.892824014027912
2019-06-09,546334.5,United Kingdom,Europe/London,2019-06-09,11.607495,7.887416,79.13126,11.607495,9.312991,11.987462,28.365643,0.0,0.0,0.0,0.0,0.0,0.932884693145752
2019-06-10,674477.0,United Kingdom,Europe/London,2019-06-10,10.828886,7.8767695,83.02319,10.828886,8.981004,11.22801,27.627905,0.0,0.0,0.0,0.0,0.0,19.63345456123352
2019-06-11,660023.5,United Kingdom,Europe/London,2019-06-11,10.523334,7.9680147,84.760025,10.523334,8.890197,10.951651,27.398317,0.0,0.0,0.0,0.0,0.0,39.74621828397115
2019-06-12,686930.5,United Kingdom,Europe/London,2019-06-12,10.817215,8.726626,87.30693,10.817215,9.443717,11.572592,28.619118,0.0,0.0,0.0,0.0,0.0,69.13976716995239
2019-06-13,697998.5,United Kingdom,Europe/London,2019-06-13,10.4078455,8.460147,88.06487,10.4078455,9.136339,11.083014,27.977478,0.0,0.0,0.0,0.0,0.0,64.94709634780884
2019-06-14,663588.5,United Kingdom,Europe/London,2019-06-14,11.76443,8.615081,82.0041,11.76443,9.790822,12.491534,29.505577,0.0,0.0,0.0,0.0,0.0,113.00347447395325
2019-06-15,577420.5,United Kingdom,Europe/London,2019-06-15,12.519372,9.357195,81.64733,12.519372,10.48531,13.534659,31.08614,0.0,0.0,0.0,0.0,0.0,81.63773353894551
2019-06-16,546667.5,United Kingdom,Europe/London,2019-06-16,12.623442,9.591139,82.496895,12.623442,10.664851,13.770218,31.565136,0.0,0.0,0.0,0.12502146,0.25060463,287.92441121737164
2019-06-17,615686.0,United Kingdom,Europe/London,2019-06-17,13.787435,10.410339,80.79376,13.787435,11.599577,15.28403,33.737267,0.5656891,0.5656886,0.0,0.0,0.0,302.96678797403973
2019-06-18,672515.5,United Kingdom,Europe/London,2019-06-18,13.46407,10.346268,82.23225,13.46407,11.453519,14.955666,33.393784,0.0,0.0,0.0,0.88994503,1.891675,484.4028213818868
2019-06-19,676242.0,United Kingdom,Europe/London,2019-06-19,13.6771345,10.743662,83.27779,13.6771345,11.779765,15.377038,34.19979,0.0,0.0,0.52877474,9.637879,25.197624,768.1743559837341
2019-06-20,629373.0,United Kingdom,Europe/London,2019-06-20,12.533796,8.597153,77.93931,12.533796,10.093274,13.228916,30.198137,0.0,0.0,0.0,0.0,0.0,83.48718277613322
2019-06-21,618799.5,United Kingdom,Europe/London,2019-06-21,12.57966,7.531218,72.93124,12.57966,9.560246,12.827346,28.983444,0.0,0.0,0.0,0.0,0.0,7.334031899770101
2019-06-22,544700.0,United Kingdom,Europe/London,2019-06-22,13.771914,8.280117,71.23026,13.771914,10.444184,14.346688,31.123547,11.548508,11.54851,0.0,0.0,0.0,52.62392656008402
2019-06-23,553599.5,United Kingdom,Europe/London,2019-06-23,15.155471,11.075975,77.50303,15.155471,12.547638,17.0502,36.262787,32.90493,32.90493,60.949192,68.472206,184.3742,1058.3410829703014
2019-06-24,663377.5,United Kingdom,Europe/London,2019-06-24,15.745002,13.731657,88.31176,15.745002,14.352902,19.085384,40.95647,92.96615,92.96614,288.46466,348.64737,1012.49677,2803.9915203253427
2019-06-25,680614.0,United Kingdom,Europe/London,2019-06-25,15.19592,13.416436,89.4601,15.19592,13.966696,18.334211,39.819256,23.26966,23.26966,107.95091,204.25743,565.29736,2469.510140736898
2019-06-26,659379.0,United Kingdom,Europe/London,2019-06-26,14.363195,11.518338,83.76593,14.363195,12.49711,16.486553,36.09936,14.767113,14.767113,48.0771,76.779655,217.09914,1294.2669687271118
2019-06-27,613717.0,United Kingdom,Europe/London,2019-06-27,15.748483,10.999609,75.04945,15.748483,12.718045,17.547428,36.597446,162.40749,162.40749,138.25873,84.335464,192.32526,675.3436317443848
2019-06-28,595536.5,United Kingdom,Europe/London,2019-06-28,16.852522,12.020006,74.54031,16.852688,13.731003,19.165306,39.17795,243.18376,243.48387,275.31305,172.62805,441.0492,1204.1600210666656
2019-06-29,561172.0,United Kingdom,Europe/London,2019-06-29,18.594404,14.674687,79.40836,18.655207,15.93952,22.44088,45.310215,574.4238,625.58,916.70166,642.3295,1917.1593,3417.572471936544
2019-06-30,508461.5,United Kingdom,Europe/London,2019-06-30,16.049261,12.319358,79.47021,16.049261,13.609444,18.504951,38.756485,38.727745,38.72774,70.49521,94.64483,267.84262,1327.488732099533
2019-07-01,591246.0,United Kingdom,Europe/London,2019-07-01,14.440603,10.106854,76.11393,14.440603,11.707092,15.795126,34.002068,5.2270203,5.2270207,0.15429878,0.0,0.0,188.25948858261108
2019-07-02,635752.5,United Kingdom,Europe/London,2019-07-02,13.672743,8.59505,72.78928,13.672743,10.58333,14.356967,31.327795,0.70321655,0.703217,0.0,0.0012617111,0.0,36.484594186147056
2019-07-03,642035.0,United Kingdom,Europe/London,2019-07-03,13.988999,8.993019,73.48723,13.988999,10.90924,14.854829,32.16482,15.485008,15.485006,0.0,0.0,0.0,51.59339205423991
2019-07-04,618270.5,United Kingdom,Europe/London,2019-07-04,15.020656,10.329071,75.23686,15.020656,12.058314,16.483229,34.90196,143.62372,143.62372,101.935,47.633324,92.85431,334.1835517883301
2019-07-05,614826.5,United Kingdom,Europe/London,2019-07-05,16.075691,11.7149515,76.86635,16.075691,13.268742,18.2106,37.877342,153.78583,153.78583,130.8226,71.36418,159.35374,906.0607591470084
2019-07-06,569663.5,United Kingdom,Europe/London,2019-07-06,14.6917305,10.53847,77.011635,14.6917305,12.066891,16.345304,35.108414,36.849876,36.849876,46.127182,41.10639,105.50836,981.3416164716084
2019-07-07,548868.5,United Kingdom,Europe/London,2019-07-07,13.914706,8.90938,73.14994,13.914706,10.860625,14.7890005,32.113735,15.266594,15.266593,4.3598747,4.979828,10.040047,308.1775042215983
2019-07-08,640202.5,United Kingdom,Europe/London,2019-07-08,14.034793,9.438571,75.195526,14.034793,11.174857,15.126899,32.85128,22.40564,22.40564,5.4476056,5.144448,9.877878,291.263535340627
2019-07-09,669688.5,United Kingdom,Europe/London,2019-07-09,15.415495,12.541397,83.99319,15.415495,13.508812,18.006992,38.493744,41.128586,41.128586,47.108086,62.68406,158.37419,1578.5183673699696
2019-07-10,658544.5,United Kingdom,Europe/London,2019-07-10,17.036081,13.996974,83.5575,17.036081,15.011133,20.42058,42.39291,113.927574,113.927574,150.20306,168.616,431.6868,2699.238009929657
2019-07-11,656926.0,United Kingdom,Europe/London,2019-07-11,16.959635,13.930917,83.384575,16.959635,14.929473,20.306763,42.209568,109.444565,109.444565,159.38155,176.47165,463.24597,2645.8564038276672
2019-07-12,625505.0,United Kingdom,Europe/London,2019-07-12,16.517733,13.073459,81.35263,16.517733,14.248575,19.375267,40.371384,84.49457,84.49456,71.48722,64.93601,154.53673,1893.7788542111716
2019-07-13,572936.5,United Kingdom,Europe/London,2019-07-13,15.654933,12.261017,81.01831,15.654933,13.420257,18.07494,38.25193,14.961403,14.961401,9.7272415,21.54676,48.42878,1277.6238021850586
2019-07-14,556813.0,United Kingdom,Europe/London,2019-07-14,15.339026,11.509412,78.93472,15.339026,12.859898,17.377235,36.851265,11.747131,11.747125,12.141742,16.522474,38.251366,834.3140455087026
2019-07-15,642118.5,United Kingdom,Europe/London,2019-07-15,15.76739,11.549756,77.537445,15.76739,13.057092,17.827576,37.352097,65.84177,65.84176,29.471888,31.497662,70.50847,856.6530474026998
2019-07-16,648334.0,United Kingdom,Europe/London,2019-07-16,16.846062,12.488147,77.250496,16.846062,14.028468,19.397928,39.844612,168.15146,168.15147,146.45587,111.361664,267.52774,1497.2086359659831
2019-07-17,652224.5,United Kingdom,Europe/London,2019-07-17,16.352083,12.831121,81.04167,16.352083,14.037046,19.073923,39.818222,115.071594,115.0716,98.242645,66.15415,157.18672,1700.2676326433818
2019-07-18,635221.5,United Kingdom,Europe/London,2019-07-18,15.7747345,12.118987,80.16347,15.7747345,13.415095,18.139185,38.21723,26.93483,26.934822,15.446738,32.815933,88.75627,1236.6293266614275
2019-07-19,652664.5,United Kingdom,Europe/London,2019-07-19,15.256901,13.1970415,87.87326,15.256901,13.85036,18.248905,39.46569,0.0038223267,0.0038223267,46.40305,158.84697,440.01498,2167.3870582580566
2019-07-20,532666.0,United Kingdom,Europe/London,2019-07-20,16.478603,13.409476,83.01874,16.478603,14.453875,19.566257,40.98361,39.85511,39.85511,67.97523,108.436005,305.39423,2306.7929084300995
2019-07-21,523787.0,United Kingdom,Europe/London,2019-07-21,16.253769,12.657576,80.22117,16.253769,13.883869,18.901304,39.509377,50.75036,50.75036,53.053043,68.28904,164.96674,1645.128706773122
2019-07-22,596555.5,United Kingdom,Europe/London,2019-07-22,19.223589,16.151981,83.29121,19.233908,17.103432,23.95836,48.46678,382.52322,400.9477,820.3427,850.54706,2405.0115,4770.255015850067
2019-07-23,644839.0,United Kingdom,Europe/London,2019-07-23,20.82361,15.939701,75.823944,20.87231,17.5543,25.414768,49.702534,996.33417,1045.3528,1560.3079,1122.1226,3159.9575,4555.50618871053
2019-07-24,662025.5,United Kingdom,Europe/London,2019-07-24,20.350182,16.304924,79.038124,20.38886,17.611788,25.198065,49.944912,711.59845,736.9973,1261.7457,1142.8328,3254.1926,4947.380629062653
2019-07-25,670874.0,United Kingdom,Europe/London,2019-07-25,22.041523,16.128443,71.56574,22.22796,18.078688,26.799215,51.43477,1576.8137,1727.1044,2327.9062,1475.8721,4341.7456,4819.509204705556
2019-07-26,672082.5,United Kingdom,Europe/London,2019-07-26,19.755386,15.708223,78.170876,19.755411,17.011497,24.206253,48.20623,365.08154,365.08844,831.9127,820.7395,2326.3896,4336.389045079549
2019-07-27,592842.5,United Kingdom,Europe/London,2019-07-27,16.306412,14.372104,88.889465,16.306412,14.980007,19.933401,42.332508,10.000816,10.000818,40.29556,168.59378,437.973,3067.6377176443734
2019-07-28,552792.0,United Kingdom,Europe/London,2019-07-28,16.566422,14.085438,86.16416,16.566422,14.900685,20.041786,42.170933,37.240524,37.240524,116.78192,250.67023,684.7571,2838.6132385730743
2019-07-29,619600.0,United Kingdom,Europe/London,2019-07-29,17.209005,13.401293,80.26738,17.209005,14.753284,20.277018,41.673397,148.99591,148.99591,111.18851,106.46507,248.61496,2228.138842423757
2019-07-30,632594.5,United Kingdom,Europe/London,2019-07-30,16.882452,14.152989,84.53735,16.882452,15.022597,20.365488,42.51582,38.71901,38.719006,98.457825,183.20888,490.15546,2848.9609932899475
2019-07-31,619890.5,United Kingdom,Europe/London,2019-07-31,16.674246,14.066831,85.281395,16.674246,14.9130945,20.105904,42.155434,6.1420746,6.1420755,25.108002,131.17621,339.23422,2767.712705294291
2019-08-01,632689.5,United Kingdom,Europe/London,2019-08-01,16.981667,13.8533745,82.69542,16.981667,14.877505,20.289095,42.120766,98.753876,98.753876,167.68692,207.7991,559.9955,2581.381420056025
2019-08-02,624324.0,United Kingdom,Europe/London,2019-08-02,17.354008,13.861959,81.12975,17.354008,15.026773,20.663038,42.5065,136.9894,136.9894,191.89372,190.41194,497.68018,2582.931493997574
2019-08-03,569464.5,United Kingdom,Europe/London,2019-08-03,17.159643,13.873854,82.08828,17.159643,14.9555235,20.482542,42.34793,120.380356,120.380356,192.7541,199.70615,540.74854,2612.255512952805
2019-08-04,555476.0,United Kingdom,Europe/London,2019-08-04,17.546726,14.599229,83.72771,17.546726,15.539623,21.297924,43.956905,168.50974,168.50977,283.1996,354.7138,968.6397,3261.4826380411782
2019-08-05,611972.5,United Kingdom,Europe/London,2019-08-05,16.96337,13.399227,80.88133,16.96337,14.636449,20.014399,41.37336,74.38622,74.38622,53.522472,95.718445,249.50333,2189.5786158243814
2019-08-06,616667.0,United Kingdom,Europe/London,2019-08-06,16.06668,13.104362,83.32993,16.06668,14.07428,18.9396,39.954174,50.02439,50.02439,68.1813,84.31877,217.12842,1923.115719397863
2019-08-07,604083.0,United Kingdom,Europe/London,2019-08-07,15.889648,12.7288885,82.51478,15.889648,13.799978,18.550848,39.172874,22.763817,22.763819,11.779474,20.277359,41.106674,1591.512823899587
2019-08-08,630153.0,United Kingdom,Europe/London,2019-08-08,16.33201,12.625129,79.99738,16.33201,13.908857,18.962685,39.541603,104.765205,104.76521,105.81778,103.891945,270.62213,1569.4062894185383
2019-08-09,600441.5,United Kingdom,Europe/London,2019-08-09,16.970318,14.726853,87.20208,16.970318,15.416012,20.854635,43.747234,121.75781,121.757805,326.82034,489.3501,1363.2842,3503.852227369944
2019-08-10,518061.5,United Kingdom,Europe/London,2019-08-10,16.481503,13.869472,85.20776,16.481503,14.715728,19.798574,41.634285,11.993729,11.993729,40.536797,108.44057,283.41135,2594.3905489444733
2019-08-11,518968.0,United Kingdom,Europe/London,2019-08-11,14.437751,11.61518,83.77183,14.437751,12.564513,16.545982,36.12894,4.805214,4.805212,1.1857686,6.52445,14.230522,1023.5957730611166
2019-08-12,626604.5,United Kingdom,Europe/London,2019-08-12,12.906328,9.021308,78.59339,12.906328,10.504771,13.789856,31.108507,0.0,0.0,0.0,0.0,0.0,160.91677649815878
2019-08-13,623557.5,United Kingdom,Europe/London,2019-08-13,13.172622,8.931907,77.25442,13.172622,10.571897,14.012792,31.257683,0.25201416,0.25201464,0.0,0.062414646,0.058304787,136.0275078614553
2019-08-14,673663.0,United Kingdom,Europe/London,2019-08-14,13.912743,12.232378,89.859474,13.912743,12.759388,16.425482,36.73968,0.0,0.0,2.903535,82.398994,212.26512,1817.5183225472767
2019-08-15,597212.5,United Kingdom,Europe/London,2019-08-15,15.391287,11.347895,78.16621,15.391287,12.848849,17.39488,36.8057,11.125793,11.12579,0.095468044,20.819168,44.877266,1059.03981868426
2019-08-16,621115.0,United Kingdom,Europe/London,2019-08-16,15.117,13.29481,89.10301,15.117,13.854065,18.131416,39.38347,0.369339,0.3693385,1.3770614,77.93985,184.02539,2197.244214852651
2019-08-17,499615.0,United Kingdom,Europe/London,2019-08-17,15.376409,11.362263,78.24939,15.376409,12.832543,17.373007,36.77092,19.186302,19.1863,4.1808634,33.66912,77.96454,952.3136605421702
2019-08-18,487987.0,United Kingdom,Europe/London,2019-08-18,14.5462265,10.944427,79.83358,14.5462265,12.220137,16.290474,35.209343,2.2520065,2.2520065,0.0,0.0,0.0,427.4764022827149
2019-08-19,590412.5,United Kingdom,Europe/London,2019-08-19,14.227029,10.613977,79.76638,14.227029,11.907402,15.809368,34.426216,0.0,0.0,0.0,0.0,0.0,272.22305703163147
2019-08-20,626211.0,United Kingdom,Europe/London,2019-08-20,13.757871,9.598659,77.52694,13.757871,11.180428,14.884329,32.660812,0.048431396,0.04843092,0.0,0.0,0.0,157.18536186218262
2019-08-21,618772.5,United Kingdom,Europe/London,2019-08-21,14.5392275,11.178356,81.47042,14.5392275,12.360624,16.412437,35.56809,12.975784,12.975784,0.1402049,0.27979803,0.33199787,658.0318868160248
2019-08-22,611040.0,United Kingdom,Europe/London,2019-08-22,15.595659,12.587948,83.04449,15.595659,13.589794,18.23466,38.8143,41.308594,41.308594,62.979042,86.979836,223.24164,1723.324281136195
2019-08-23,609600.5,United Kingdom,Europe/London,2019-08-23,17.427065,13.87468,80.78263,17.4273,15.057075,20.750875,42.624016,222.7055,223.36427,309.98672,269.51807,709.28735,2611.14306306839
2019-08-24,548922.0,United Kingdom,Europe/London,2019-08-24,18.232544,12.954111,73.78095,18.23207,14.843084,21.038925,41.98319,474.3545,473.91162,467.2668,266.32523,683.79474,1856.91440931956
2019-08-25,543821.5,United Kingdom,Europe/London,2019-08-25,19.043598,13.829177,74.26223,19.050926,15.640976,22.35815,44.25666,749.75183,755.29895,863.2792,529.8891,1436.0399,2611.496710538864
2019-08-26,577991.0,United Kingdom,Europe/London,2019-08-26,18.006916,13.920636,79.118965,18.014933,15.310747,21.38266,43.36855,516.67175,522.3347,678.4148,475.99677,1315.6912,2699.0771129926047
2019-08-27,669362.0,United Kingdom,Europe/London,2019-08-27,17.607119,14.26721,82.199814,17.62767,15.345902,21.216806,43.626083,470.3499,489.93634,735.8662,532.8031,1523.6682,3082.1579673290253
2019-08-28,668545.5,United Kingdom,Europe/London,2019-08-28,15.548188,12.752689,84.17966,15.548188,13.681773,18.286528,39.046413,66.80441,66.80441,86.61792,136.61305,378.8288,1865.961637655894
2019-08-29,612785.5,United Kingdom,Europe/London,2019-08-29,14.400469,11.021406,81.31954,14.400469,12.205152,16.206589,35.238327,19.288506,19.288504,0.32331038,0.4253373,0.7888565,663.0776771704355
2019-08-30,584080.0,United Kingdom,Europe/London,2019-08-30,16.185493,12.898479,81.83731,16.185493,14.005746,18.947418,39.761234,71.6748,71.67479,64.18042,55.174202,121.70349,1760.374421676
2019-08-31,518173.0,United Kingdom,Europe/London,2019-08-31,14.482928,11.07075,80.82228,14.482928,12.276812,16.332575,35.445118,24.902664,24.902666,21.457985,17.39287,43.24488,847.7829485734304
2019-09-01,512659.5,United Kingdom,Europe/London,2019-09-01,12.45476,8.016998,75.97199,12.45476,9.770347,12.890494,29.384577,0.047584534,0.047584534,0.0,0.0,0.0,4.073765277862549
2019-09-02,613255.5,United Kingdom,Europe/London,2019-09-02,13.209527,10.156449,82.861374,13.209527,11.241365,14.623632,32.916893,1.8711395,1.87114,0.0,0.0,0.0,460.28102564811707
2019-09-03,634123.0,United Kingdom,Europe/London,2019-09-03,15.280447,12.587208,84.75379,15.280447,13.481328,17.88366,38.38724,25.57425,25.574244,11.221243,18.320696,37.620167,1550.0102704366047
2019-09-04,602854.5,United Kingdom,Europe/London,2019-09-04,13.537503,10.069708,80.61996,13.537503,11.349755,14.942873,33.226837,0.04624176,0.04624176,0.0,12.068663,23.6227,645.4149422645569
2019-09-05,611331.5,United Kingdom,Europe/London,2019-09-05,12.384558,7.4476094,72.96551,12.384558,9.423338,12.615513,28.737818,0.0,0.0,0.0,0.0,0.0,7.623387495676677
2019-09-06,615573.5,United Kingdom,Europe/London,2019-09-06,13.035844,9.780525,81.13412,13.035844,10.934502,14.243721,32.155785,0.0,0.0,0.0,0.0,0.0,187.3059861660004
2019-09-07,574690.0,United Kingdom,Europe/London,2019-09-07,12.06005,7.608225,75.42986,12.06005,9.37663,12.360675,28.604015,0.0,0.0,0.0,0.0,0.0,8.885934511820475
2019-09-08,560326.5,United Kingdom,Europe/London,2019-09-08,11.047631,7.242785,79.1924,11.047631,8.733007,11.226702,27.23417,0.0,0.0,0.0,0.0,0.0,53.70755410194397
2019-09-09,696060.5,United Kingdom,Europe/London,2019-09-09,12.344886,10.470343,88.650665,12.344886,11.082765,13.8785715,32.368896,0.0,0.0,0.0,0.0,0.0,362.58562628428143
2019-09-10,669732.0,United Kingdom,Europe/London,2019-09-10,12.742405,9.652022,82.5306,12.742405,10.770891,13.889983,31.686096,0.0,0.0,0.0,0.0,0.0,143.02774858474731
2019-09-11,635928.5,United Kingdom,Europe/London,2019-09-11,15.04102,11.946334,82.30557,15.04102,13.010256,17.367914,37.365337,22.430931,22.43093,58.007954,95.614174,262.27286,1402.9298396905265
2019-09-12,653541.0,United Kingdom,Europe/London,2019-09-12,14.867656,12.219977,84.73609,14.867656,13.097161,17.369053,37.68503,58.321434,58.321445,114.7357,135.0179,359.73267,1767.0399384498596
2019-09-13,630284.0,United Kingdom,Europe/London,2019-09-13,13.078494,8.553158,75.631035,13.078494,10.3260565,13.788041,30.795393,0.17041016,0.17041063,0.0,17.86924,39.96305,267.27750062942505
2019-09-14,541519.5,United Kingdom,Europe/London,2019-09-14,13.23677,8.971089,77.285645,13.23677,10.600235,14.121987,31.453342,28.437202,28.4372,0.10466862,0.6607809,0.88097954,235.63732918103537
2019-09-15,558642.0,United Kingdom,Europe/London,2019-09-15,13.5754795,9.841839,78.960785,13.5754795,11.222334,14.942387,33.16312,67.338905,67.3389,90.31711,71.9384,186.91238,892.5278262297312
2019-09-16,685727.5,United Kingdom,Europe/London,2019-09-16,12.745269,9.963534,83.86373,12.745269,10.967144,14.194416,32.54872,0.3881073,0.38810635,6.250522,29.761274,78.872604,1074.0935277938845
2019-09-17,653971.0,United Kingdom,Europe/London,2019-09-17,11.6561575,6.7550435,73.255165,11.6561575,8.760304,11.635245,27.287937,0.0,0.0,0.0,0.32521772,0.5474701,75.83886011441548
2019-09-18,676726.0,United Kingdom,Europe/London,2019-09-18,11.5984125,7.7384024,78.92581,11.5984125,9.243479,11.968863,28.33283,0.0,0.0,0.0,0.0,0.0,97.3332835038503
2019-09-19,670985.5,United Kingdom,Europe/London,2019-09-19,13.157249,9.657888,81.08954,13.157249,10.9443035,14.321586,32.15865,9.088402,9.088396,0.0,0.06713247,0.14473343,199.043972492218
2019-09-20,634234.0,United Kingdom,Europe/London,2019-09-20,13.729388,9.197318,76.57629,13.729388,10.95012,14.710425,32.225903,29.06881,29.06881,1.4004412,2.0260587,2.5886726,229.82303142547607
2019-09-21,540883.0,United Kingdom,Europe/London,2019-09-21,15.55272,9.935012,71.05438,15.55272,12.085055,16.859852,35.006256,160.63168,160.63168,77.10901,37.771233,80.31244,368.8524610201518
2019-09-22,597107.5,United Kingdom,Europe/London,2019-09-22,15.257891,13.095729,87.34296,15.257891,13.776058,18.18566,39.2854,21.697731,21.697733,60.44883,125.38261,331.92667,2167.3341443538666
2019-09-23,660552.5,United Kingdom,Europe/London,2019-09-23,14.540589,12.310724,87.25819,14.540589,13.059864,17.002352,37.229954,0.0,0.0,0.0,16.584206,36.560852,1385.4494992891948
2019-09-24,687367.5,United Kingdom,Europe/London,2019-09-24,15.3031435,13.950082,91.889305,15.3031435,14.348462,18.672453,40.57572,0.0,0.0,0.16856909,49.68668,122.41008,2697.4270090262094
2019-09-25,698402.0,United Kingdom,Europe/London,2019-09-25,14.839385,13.563259,92.2989,14.839385,13.930238,17.964361,39.40921,0.0,0.0,0.36893559,24.071278,58.30568,2296.0937235355377
2019-09-26,644896.5,United Kingdom,Europe/London,2019-09-26,14.475427,12.215944,86.792244,14.475427,12.95459,16.893272,37.04077,0.0,0.0,0.53118944,31.853888,74.38393,1287.5902738571167
2019-09-27,644058.0,United Kingdom,Europe/London,2019-09-27,12.568055,10.575312,87.96073,12.568055,11.21197,14.14474,32.71884,0.0,0.0,0.0,0.0,0.0,380.4813727537791
2019-09-28,574938.0,United Kingdom,Europe/London,2019-09-28,12.849759,10.55635,86.53836,12.849759,11.319291,14.428589,33.01323,0.0,0.0,0.0,0.7627859,1.0524931,454.9703986644745
2019-09-29,588682.5,United Kingdom,Europe/London,2019-09-29,13.15027,11.594438,90.56308,13.15027,12.073264,15.282729,34.884354,0.0,0.0,0.27477264,39.119316,100.14818,1141.1257185935974
2019-09-30,705042.0,United Kingdom,Europe/London,2019-09-30,11.614674,9.7584,88.82961,11.614674,10.381777,12.886005,30.889467,0.0,0.0,0.0,14.9148655,29.32634,533.8278175989786
2019-10-01,698724.0,United Kingdom,Europe/London,2019-10-01,10.965466,8.623763,85.95122,10.965466,9.496752,11.898647,29.282904,0.0,0.0,0.0,6.2641444,13.129666,882.6222758293152
2019-10-02,694080.0,United Kingdom,Europe/London,2019-10-02,8.369243,4.2430496,76.5328,8.369243,5.9679766,7.43504,21.376196,0.0,0.0,0.0,0.0,0.0,1.156739870707194
2019-10-03,741733.0,United Kingdom,Europe/London,2019-10-03,8.127743,5.645289,85.00747,8.127743,6.5606375,7.7474356,22.693117,0.0,0.0,0.0,0.0,0.0,95.41997631390888
2019-10-04,698903.0,United Kingdom,Europe/London,2019-10-04,11.565892,9.541463,87.69657,11.565892,10.21376,12.692453,30.428993,0.0,0.0,0.0,0.0,0.0,203.43004298210144
2019-10-05,644018.0,United Kingdom,Europe/London,2019-10-05,11.321606,9.497969,88.91709,11.321606,10.093589,12.449364,30.184929,0.0,0.0,0.0,0.0,0.0,322.8216829299927
2019-10-06,597822.0,United Kingdom,Europe/London,2019-10-06,11.869327,9.714684,87.19115,11.869327,10.448659,13.046784,30.87963,0.0,0.0,0.0,0.0,0.0,175.17975783348083
2019-10-07,709235.0,United Kingdom,Europe/London,2019-10-07,11.743086,9.859883,88.473045,11.743086,10.4752245,13.010126,31.005114,0.0,0.0,0.0,0.99269724,1.054141,380.1667821407318
2019-10-08,668406.5,United Kingdom,Europe/London,2019-10-08,11.684372,8.859135,83.246864,11.684372,9.864325,12.488126,29.638699,0.0,0.0,0.0,0.0,0.0,103.02511429786682
2019-10-09,682739.0,United Kingdom,Europe/London,2019-10-09,10.543679,7.6315846,82.644936,10.543679,8.696818,10.816602,26.98073,0.0,0.0,0.0,0.0,0.0,0.1490111351013183
2019-10-10,679495.5,United Kingdom,Europe/London,2019-10-10,11.413025,8.867403,84.73754,11.413025,9.751087,12.237687,29.42283,0.0,0.0,0.0,0.0,0.0,206.87845087051392
2019-10-11,681219.0,United Kingdom,Europe/London,2019-10-11,12.411172,10.095346,86.042274,12.411172,10.8821945,13.831696,32.121693,0.0,0.0,0.0,0.0,0.0,710.7150143782297
2019-10-12,656937.5,United Kingdom,Europe/London,2019-10-12,10.428723,8.336652,87.25072,10.428723,9.0572405,11.025803,27.778187,0.0,0.0,0.0,0.0,0.0,36.01372559865316
2019-10-13,662849.0,United Kingdom,Europe/London,2019-10-13,9.892338,8.57761,91.84698,9.892338,8.983519,10.633485,27.640947,0.0,0.0,0.0,0.4133711,0.93599415,202.9394067923228
2019-10-14,760071.5,United Kingdom,Europe/London,2019-10-14,9.852255,8.522031,91.70603,9.852255,8.933429,10.546326,27.466038,0.0,0.0,0.0,1.00775,2.2338152,158.38793015480042
2019-10-15,749606.5,United Kingdom,Europe/London,2019-10-15,10.438347,8.785316,89.85994,10.438347,9.318351,11.2234335,28.317959,0.0,0.0,0.0,0.0,0.0,84.34622732798259
2019-10-16,724749.0,United Kingdom,Europe/London,2019-10-16,10.591388,8.308253,86.40809,10.591388,9.122943,11.195038,27.963297,0.0,0.0,0.0,0.0,0.0,180.8380799293518
2019-10-17,737471.0,United Kingdom,Europe/London,2019-10-17,8.915735,6.8824806,87.55696,8.915735,7.574907,8.949862,24.657143,0.0,0.0,0.0,0.0,0.0,11.693995714187622
2019-10-18,728157.5,United Kingdom,Europe/London,2019-10-18,9.57479,7.7217793,88.60456,9.57479,8.343737,9.89123,26.11789,0.0,0.0,0.0,0.0,0.0,0.6279410521189371
2019-10-19,654670.0,United Kingdom,Europe/London,2019-10-19,9.2451725,7.092951,86.90296,9.2451725,7.8506474,9.313519,25.084478,0.0,0.0,0.0,0.0,0.0,0.0164122581481933
2019-10-20,649997.0,United Kingdom,Europe/London,2019-10-20,8.086221,5.306583,83.118385,8.086221,6.370211,7.5193305,22.120972,0.0,0.0,0.0,0.0,0.0,0.0
2019-10-21,765905.5,United Kingdom,Europe/London,2019-10-21,8.413089,5.751157,83.78193,8.413089,6.752211,8.047122,23.020555,0.0,0.0,0.0,0.0,0.0,0.6650587717692057
2019-10-22,757223.5,United Kingdom,Europe/London,2019-10-22,9.130833,6.5083475,84.21804,9.130833,7.468957,8.984393,24.364964,0.0,0.0,0.0,0.0,0.0,0.004648208618164
2019-10-23,760200.0,United Kingdom,Europe/London,2019-10-23,9.75517,7.6354456,87.05113,9.75517,8.361405,10.058419,26.266098,0.0,0.0,0.0,0.0,0.0,23.712554852167766
2019-10-24,763180.5,United Kingdom,Europe/London,2019-10-24,9.841212,7.9984684,88.64096,9.841212,8.637806,10.334285,26.888483,0.0,0.0,0.0,0.0,0.0,83.16239674886067
2019-10-25,756471.5,United Kingdom,Europe/London,2019-10-25,8.207817,6.261777,87.93717,8.207817,6.9884353,8.20276,23.836107,0.0,0.0,0.0,0.0,0.0,347.7422761122386
2019-10-26,687012.0,United Kingdom,Europe/London,2019-10-26,7.783488,5.7157083,87.23925,7.783488,6.4897933,7.5402327,22.73383,0.0,0.0,0.0,0.0,0.0,378.8874232769013
2019-10-27,648890.0,United Kingdom,Europe/London,2019-10-27,6.5166507,3.41337,81.23242,6.5166507,4.6547356,5.3073153,18.722012,0.0,0.0,0.0,0.0,0.0,0.0
2019-10-28,800552.0,United Kingdom,Europe/London,2019-10-28,4.7866573,2.3969626,85.16089,4.7866573,3.3231297,3.2993264,16.188389,0.0,0.0,0.0,0.0,0.0,0.0
2019-10-29,798067.0,United Kingdom,Europe/London,2019-10-29,5.844502,3.332509,84.5149,5.844502,4.290639,4.6352186,18.041992,0.0,0.0,0.0,0.0,0.0,0.0
2019-10-30,786709.5,United Kingdom,Europe/London,2019-10-30,6.2489214,3.677721,84.308235,6.2489214,4.6665735,5.156036,18.779478,0.0,0.0,0.0,0.0,0.0,3.8790268898010254
2019-10-31,803688.5,United Kingdom,Europe/London,2019-10-31,6.7170916,4.519562,86.314354,6.7170916,5.3389606,5.9480577,20.166157,0.0,0.0,0.0,0.0,0.0,47.04389508565267
2019-11-01,777411.0,United Kingdom,Europe/London,2019-11-01,10.276837,9.582383,95.5236,10.276837,9.755482,11.499286,29.389925,0.0,0.0,0.0,0.0,0.0,609.5371443430582
2019-11-02,689709.0,United Kingdom,Europe/London,2019-11-02,9.832981,8.368497,90.80211,9.832981,8.83285,10.426917,27.161781,0.0,0.0,0.0,0.0,0.0,58.33927273750305
2019-11-03,689857.5,United Kingdom,Europe/London,2019-11-03,8.503796,7.178501,91.60944,8.503796,7.5880337,8.602315,24.415056,0.0,0.0,0.0,0.0,0.0,0.3520191510518392
2019-11-04,786783.5,United Kingdom,Europe/London,2019-11-04,8.500879,7.1718645,91.58087,8.500879,7.58899,8.592028,24.39065,0.0,0.0,0.0,0.0,0.0,0.0
2019-11-05,793448.0,United Kingdom,Europe/London,2019-11-05,7.8279986,5.866223,87.704254,7.8279986,6.5642896,7.4819326,22.480158,0.0,0.0,0.0,0.0,0.0,0.0980164210001627
2019-11-06,837135.0,United Kingdom,Europe/London,2019-11-06,5.0554733,3.5099757,90.06681,5.0554733,4.0377765,3.9004955,17.392748,0.0,0.0,0.0,0.0,0.0,0.0
2019-11-07,811913.0,United Kingdom,Europe/London,2019-11-07,5.932466,3.9447696,87.44245,5.932466,4.678087,4.90841,18.649181,0.0,0.0,0.0,0.0,0.0,0.0
2019-11-08,820638.5,United Kingdom,Europe/London,2019-11-08,4.0559964,1.6561918,84.86314,4.0559964,2.610462,2.3695614,14.888907,0.0,0.0,0.0,0.0,0.0,0.0
2019-11-09,785568.0,United Kingdom,Europe/London,2019-11-09,3.1650956,1.3058548,88.08503,3.1650956,2.011553,1.3890444,13.734933,0.0,0.0,0.0,0.0,0.0,0.0
2019-11-10,739486.5,United Kingdom,Europe/London,2019-11-10,4.22753,1.6324029,83.75449,4.22753,2.6886106,2.5425546,15.067114,0.0,0.0,0.0,0.0,0.0,0.0
2019-11-11,795193.5,United Kingdom,Europe/London,2019-11-11,5.713843,3.502673,86.098366,5.713843,4.333568,4.535111,17.992733,0.0,0.0,0.0,0.0,0.0,0.0
2019-11-12,816503.5,United Kingdom,Europe/London,2019-11-12,5.6090255,3.2405326,85.02575,5.6090255,4.140206,4.354207,17.67315,0.0,0.0,0.0,0.0,0.0,0.0
2019-11-13,855529.0,United Kingdom,Europe/London,2019-11-13,3.483785,1.72553,88.64111,3.483785,2.3582478,1.8128278,14.352509,0.0,0.0,0.0,0.0,0.0,0.0
2019-11-14,849365.5,United Kingdom,Europe/London,2019-11-14,3.8291585,1.8882176,87.54279,3.8291585,2.6262066,2.1949005,14.804133,0.0,0.0,0.0,0.0,0.0,0.0
2019-11-15,835944.0,United Kingdom,Europe/London,2019-11-15,5.421821,3.4142714,87.1667,5.421821,4.148234,4.226837,17.651407,0.0,0.0,0.0,0.0,0.0,0.0
2019-11-16,778801.0,United Kingdom,Europe/London,2019-11-16,5.231502,3.7848413,90.688965,5.231502,4.2723937,4.165509,17.820862,0.0,0.0,0.0,0.0,0.0,0.0
2019-11-17,772202.5,United Kingdom,Europe/London,2019-11-17,4.8588233,3.6077428,91.833496,4.8588233,4.006988,3.7503374,17.324215,0.0,0.0,0.0,0.0,0.0,0.0
2019-11-18,855256.5,United Kingdom,Europe/London,2019-11-18,2.6495092,0.8760599,88.57092,2.6495092,1.5309244,0.77362275,12.934026,0.0,0.0,0.0,0.0,0.0,0.0
2019-11-19,897903.0,United Kingdom,Europe/London,2019-11-19,2.2465563,0.63980365,89.46457,2.2465563,1.2168654,0.3428238,12.4496155,0.0,0.0,0.0,0.0,0.0,0.0
2019-11-20,856986.0,United Kingdom,Europe/London,2019-11-20,5.4704843,3.02776,84.62231,5.4704843,3.9744127,4.1678104,17.39906,0.0,0.0,0.0,0.0,0.0,0.0
2019-11-21,870085.5,United Kingdom,Europe/London,2019-11-21,4.9896517,2.5488367,84.51168,4.9896517,3.5041282,3.5405328,16.499949,0.0,0.0,0.0,0.0,0.0,0.0
2019-11-22,845910.0,United Kingdom,Europe/London,2019-11-22,6.5367947,5.1423187,90.92895,6.536795,5.592293,5.8992434,20.347504,0.0,0.0,0.0,0.0,0.0,0.0
2019-11-23,757399.5,United Kingdom,Europe/London,2019-11-23,8.093705,7.066401,93.30962,8.093705,7.361784,8.15374,23.889366,0.0,0.0,0.0,0.0,0.0,0.0405889352162679
2019-11-24,758025.0,United Kingdom,Europe/London,2019-11-24,8.334735,7.6718388,95.65157,8.334735,7.8274755,8.624486,24.779842,0.0,0.0,0.0,0.0,0.0,0.0834341049194336
2019-11-25,832823.5,United Kingdom,Europe/London,2019-11-25,8.949279,8.20385,95.13546,8.949279,8.390506,9.47638,26.074045,0.0,0.0,0.0,0.0,0.0,8.368991613388062
2019-11-26,824640.0,United Kingdom,Europe/London,2019-11-26,9.475058,8.512338,93.84478,9.475058,8.780723,10.116344,26.929838,0.0,0.0,0.0,0.0,0.0,22.343515237172443
2019-11-27,834903.0,United Kingdom,Europe/London,2019-11-27,8.2609215,7.459404,94.76477,8.2609215,7.6676064,8.472172,24.484426,0.0,0.0,0.0,0.0,0.0,0.2348533471425374
2019-11-28,824596.0,United Kingdom,Europe/London,2019-11-28,6.6747847,4.894233,88.63436,6.6747847,5.539095,6.014256,20.425547,0.0,0.0,0.0,0.0,0.0,0.0
2019-11-29,854341.5,United Kingdom,Europe/London,2019-11-29,2.7546074,0.81679124,87.48066,2.7546074,1.5606214,0.84437096,12.942762,0.0,0.0,0.0,0.0,0.0,0.0
2019-11-30,810332.5,United Kingdom,Europe/London,2019-11-30,1.417519,-0.023092369,90.557686,1.417519,0.48315668,-0.68246734,11.058638,0.0,0.0,0.0,0.0,0.0,0.0
2019-12-01,794128.5,United Kingdom,Europe/London,2019-12-01,1.918169,0.15804684,88.521034,1.918169,0.8131899,-0.16241004,11.618513,0.0,0.0,0.0,0.0,0.0,0.0
2019-12-02,891242.5,United Kingdom,Europe/London,2019-12-02,3.6293528,1.8771595,88.60242,3.6293526,2.5164506,2.0319715,14.707476,0.0,0.0,0.0,0.0,0.0,0.0
2019-12-03,874563.5,United Kingdom,Europe/London,2019-12-03,5.3451853,3.267276,86.75951,5.3451853,4.0295587,4.097373,17.425304,0.0,0.0,0.0,0.0,0.0,0.0
2019-12-04,871544.5,United Kingdom,Europe/London,2019-12-04,5.086365,3.2252278,88.09743,5.086365,3.8890426,3.8364213,17.157494,0.0,0.0,0.0,0.0,0.0,0.0
2019-12-05,843964.5,United Kingdom,Europe/London,2019-12-05,6.9568405,5.36436,89.83808,6.9568405,5.896661,6.4538646,21.155996,0.0,0.0,0.0,0.0,0.0,0.0648222764333089
2019-12-06,789177.5,United Kingdom,Europe/London,2019-12-06,9.596025,8.0712,90.30664,9.596025,8.557125,10.074605,26.596207,0.0,0.0,0.0,0.0,0.0,8.000185569127401
2019-12-07,716291.0,United Kingdom,Europe/London,2019-12-07,8.39368,6.638465,88.858665,8.39368,7.22396,8.292905,23.742891,0.0,0.0,0.0,0.0,0.0,0.0319288571675618
2019-12-08,665092.5,United Kingdom,Europe/London,2019-12-08,7.329056,4.5737715,83.01833,7.329056,5.6399975,6.5328016,20.708311,0.0,0.0,0.0,0.0,0.0,2.820391813913981
2019-12-09,811551.5,United Kingdom,Europe/London,2019-12-09,5.2934127,1.7716345,78.5778,5.2934127,3.2716994,3.628249,16.202517,0.0,0.0,0.0,0.0,0.0,0.0
2019-12-10,827812.0,United Kingdom,Europe/London,2019-12-10,7.1865396,5.3392816,88.17922,7.1865396,5.9853435,6.7023525,21.443258,0.0,0.0,0.0,0.0,0.0,12.7719886302948
2019-12-11,848265.0,United Kingdom,Europe/London,2019-12-11,4.2076178,2.0608068,86.14786,4.2076178,2.875666,2.6006296,15.26344,0.0,0.0,0.0,0.0,0.0,0.0
2019-12-12,881721.0,United Kingdom,Europe/London,2019-12-12,4.2692137,3.1059978,92.27921,4.2692137,3.474795,3.0262237,16.34957,0.0,0.0,0.0,0.0,0.0,0.0
2019-12-13,832502.0,United Kingdom,Europe/London,2019-12-13,5.2730007,3.1062295,86.42672,5.2730007,3.9334514,3.9761806,17.21402,0.0,0.0,0.0,0.0,0.0,0.0
2019-12-14,735643.0,United Kingdom,Europe/London,2019-12-14,4.3411474,1.475687,82.2961,4.3411474,2.6765008,2.5834873,14.976625,0.0,0.0,0.0,0.0,0.0,0.0
2019-12-15,742696.0,United Kingdom,Europe/London,2019-12-15,4.110648,1.7388059,84.86141,4.110648,2.6629362,2.4324694,14.96692,0.0,0.0,0.0,0.0,0.0,0.0
2019-12-16,857477.0,United Kingdom,Europe/London,2019-12-16,4.1006417,2.4714282,89.37064,4.1006417,3.0433521,2.6379302,15.561049,0.0,0.0,0.0,0.0,0.0,0.0
2019-12-17,891634.5,United Kingdom,Europe/London,2019-12-17,3.161616,2.2350616,93.82704,3.161616,2.5050955,1.6274835,14.408072,0.0,0.0,0.0,0.0,0.0,0.0
2019-12-18,865707.0,United Kingdom,Europe/London,2019-12-18,4.4075003,3.237636,92.32506,4.4075003,3.598348,3.2218244,16.65239,0.0,0.0,0.0,0.0,0.0,0.0282534758249918
2019-12-19,812286.5,United Kingdom,Europe/London,2019-12-19,9.140235,7.5455284,89.85549,9.140235,8.059255,9.402241,25.52303,0.0,0.0,0.0,0.0,0.0,0.0435908635457356
2019-12-20,813845.0,United Kingdom,Europe/London,2019-12-20,6.8936267,5.739012,92.44644,6.8936267,6.086847,6.46033,21.283335,0.0,0.0,0.0,0.0,0.0,0.0
2019-12-21,747957.5,United Kingdom,Europe/London,2019-12-21,5.7571225,4.60965,92.447914,5.7571225,4.9586706,4.9525537,19.087618,0.0,0.0,0.0,0.0,0.0,0.0
2019-12-22,725912.0,United Kingdom,Europe/London,2019-12-22,5.2776237,4.1447644,92.57364,5.2776237,4.485412,4.3375745,18.221853,0.0,0.0,0.0,0.0,0.0,0.0
2019-12-23,746698.5,United Kingdom,Europe/London,2019-12-23,6.0629396,4.1905565,88.10249,6.0629396,4.8475637,5.115749,18.99814,0.0,0.0,0.0,0.0,0.0,0.0
2019-12-24,726719.5,United Kingdom,Europe/London,2019-12-24,6.125875,4.821849,91.59982,6.125875,5.2292643,5.406128,19.701735,0.0,0.0,0.0,0.0,0.0,0.0
2019-12-25,663077.5,United Kingdom,Europe/London,2019-12-25,4.3635435,2.911391,90.557205,4.3635435,3.4,3.0060606,16.121534,0.0,0.0,0.0,0.0,0.0,0.0
2019-12-26,660500.5,United Kingdom,Europe/London,2019-12-26,5.4920907,4.1649823,91.32109,5.4920907,4.6005545,4.566986,18.481543,0.0,0.0,0.0,0.0,0.0,0.0946796735127766
2019-12-27,730753.5,United Kingdom,Europe/London,2019-12-27,7.3234363,6.433598,94.151245,7.3234363,6.680579,7.168404,22.503113,0.0,0.0,0.0,0.0,0.0,0.0550140539805094
2019-12-28,689192.5,United Kingdom,Europe/London,2019-12-28,8.705837,7.2137136,90.53351,8.705837,7.6934047,8.812255,24.641918,0.0,0.0,0.0,0.0,0.0,0.0
2019-12-29,664195.5,United Kingdom,Europe/London,2019-12-29,8.351758,6.42058,87.87553,8.351758,7.079132,8.161921,23.449812,0.0,0.0,0.0,0.0,0.0,0.0
2019-12-30,723727.0,United Kingdom,Europe/London,2019-12-30,6.8153625,5.1895647,89.62624,6.8153625,5.7456684,6.209132,20.719229,0.0,0.0,0.0,0.0,0.0,0.0
2019-12-31,745122.5,United Kingdom,Europe/London,2019-12-31,4.4880943,3.186529,91.43913,4.488094,3.6175108,3.2707024,16.643335,0.0,0.0,0.0,0.0,0.0,0.0
2020-01-01,695194.0,United Kingdom,Europe/London,2020-01-01,5.581686,3.938651,89.39094,5.581686,4.513529,4.548497,18.267029,0.0,0.0,0.0,0.0,0.0,0.0
2020-01-02,741721.5,United Kingdom,Europe/London,2020-01-02,8.089044,6.219664,88.22371,8.089044,6.869095,7.84424,23.028551,0.0,0.0,0.0,0.0,0.0,0.0292255083719889
2020-01-03,765795.5,United Kingdom,Europe/London,2020-01-03,6.373008,3.458559,81.96936,6.373008,4.6485677,5.249181,18.818157,0.0,0.0,0.0,0.0,0.0,0.0268403689066569
2020-01-04,713935.5,United Kingdom,Europe/London,2020-01-04,6.717609,4.8004093,87.7463,6.717609,5.477941,5.9567566,20.184462,0.0,0.0,0.0,0.0,0.0,0.0
2020-01-05,705362.5,United Kingdom,Europe/London,2020-01-05,7.902349,6.148833,88.79505,7.902349,6.736655,7.611584,22.708807,0.0,0.0,0.0,0.0,0.0,0.0
2020-01-06,786007.5,United Kingdom,Europe/London,2020-01-06,7.522495,5.045922,84.448074,7.522495,5.9606996,6.847979,21.244806,0.0,0.0,0.0,0.0,0.0,0.0
2020-01-07,784032.5,United Kingdom,Europe/London,2020-01-07,9.130859,7.440346,89.32959,9.130859,8.003599,9.403944,25.547678,0.0,0.0,0.0,0.0,0.0,41.44058378537496
2020-01-08,807016.0,United Kingdom,Europe/London,2020-01-08,7.378538,4.790234,83.93185,7.378538,5.792771,6.7223473,21.155224,0.0,0.0,0.0,0.0,0.0,9.079830884933472
2020-01-09,816967.0,United Kingdom,Europe/London,2020-01-09,5.4256487,3.9794881,90.629265,5.4256487,4.4573274,4.5163107,18.4636,0.0,0.0,0.0,0.0,0.0,6.190847158432007
2020-01-10,808640.0,United Kingdom,Europe/London,2020-01-10,4.5893197,2.3375401,85.702354,4.5893197,3.1944942,3.0839183,15.937073,0.0,0.0,0.0,0.0,0.0,0.0
2020-01-11,687752.0,United Kingdom,Europe/London,2020-01-11,8.722754,6.695102,87.24854,8.722754,7.3984942,8.661997,24.190865,0.0,0.0,0.0,0.0,0.0,0.0
2020-01-12,703255.0,United Kingdom,Europe/London,2020-01-12,6.15197,4.2370796,87.76913,6.15197,4.9315906,5.2688694,19.270334,0.0,0.0,0.0,0.0,0.0,0.1978487968444824
2020-01-13,791513.5,United Kingdom,Europe/London,2020-01-13,6.1713905,4.048194,86.47527,6.1713905,4.827291,5.18295,18.992077,0.0,0.0,0.0,0.0,0.0,0.0
2020-01-14,799771.5,United Kingdom,Europe/London,2020-01-14,6.292476,4.1577277,86.39888,6.292476,4.9559164,5.4386377,19.498413,0.0,0.0,0.0,0.0,0.0,18.56484278043111
2020-01-15,788987.5,United Kingdom,Europe/London,2020-01-15,6.2005997,3.2367494,81.61848,6.2005997,4.426185,4.9644175,18.326374,0.0,0.0,0.0,0.0,0.0,0.0133608976999918
2020-01-16,795106.5,United Kingdom,Europe/London,2020-01-16,7.614711,5.4588995,86.33584,7.614711,6.2262454,7.11265,21.824888,0.0,0.0,0.0,0.0,0.0,0.3159909248352051
2020-01-17,815391.0,United Kingdom,Europe/London,2020-01-17,5.448341,3.197945,85.63283,5.448341,4.055427,4.210255,17.558167,0.0,0.0,0.0,0.0,0.0,0.0
2020-01-18,757951.5,United Kingdom,Europe/London,2020-01-18,3.2714381,0.7196865,83.7357,3.2714381,1.7542932,1.2997601,13.292417,0.0,0.0,0.0,0.0,0.0,0.0
2020-01-19,775041.5,United Kingdom,Europe/London,2020-01-19,2.8099997,0.5319,85.44646,2.8099997,1.4343164,0.8094174,12.745301,0.0,0.0,0.0,0.0,0.0,0.0
2020-01-20,863877.5,United Kingdom,Europe/London,2020-01-20,4.4617414,2.4815657,87.3115,4.4617414,3.2094424,3.0146215,15.972136,0.0,0.0,0.0,0.0,0.0,0.0
2020-01-21,878614.5,United Kingdom,Europe/London,2020-01-21,5.1070747,4.094541,93.33537,5.1070747,4.3936443,4.193077,18.123867,0.0,0.0,0.0,0.0,0.0,0.0
2020-01-22,876796.5,United Kingdom,Europe/London,2020-01-22,7.059762,6.419327,95.79147,7.059762,6.564771,6.891601,22.197948,0.0,0.0,0.0,0.0,0.0,0.0
2020-01-23,872133.0,United Kingdom,Europe/London,2020-01-23,6.592918,5.6163683,93.64195,6.592918,5.9008265,6.105397,20.82466,0.0,0.0,0.0,0.0,0.0,0.0
2020-01-24,859038.0,United Kingdom,Europe/London,2020-01-24,6.1624317,5.0915313,92.99516,6.162432,5.4157143,5.4947205,19.881521,0.0,0.0,0.0,0.0,0.0,0.0
2020-01-25,767836.0,United Kingdom,Europe/London,2020-01-25,6.1283917,4.609718,90.16966,6.1283917,5.121156,5.297662,19.389439,0.0,0.0,0.0,0.0,0.0,0.0
2020-01-26,727489.0,United Kingdom,Europe/London,2020-01-26,6.289688,4.577676,89.03879,6.289688,5.1932983,5.507325,19.691595,0.0,0.0,0.0,0.0,0.0,0.0
2020-01-27,825663.5,United Kingdom,Europe/London,2020-01-27,4.4134774,2.4582758,87.354225,4.4134774,3.1963902,2.9646666,15.917565,0.0,0.0,0.0,0.0,0.0,0.0
2020-01-28,828702.0,United Kingdom,Europe/London,2020-01-28,3.14315,0.85984474,85.38063,3.14315,1.7665136,1.2136046,13.280634,0.0,0.0,0.0,0.0,0.0,0.0
2020-01-29,808791.5,United Kingdom,Europe/London,2020-01-29,5.4014955,2.8574152,83.977486,5.4014955,3.8531992,4.05576,17.208652,0.0,0.0,0.0,0.0,0.0,0.0
2020-01-30,800263.0,United Kingdom,Europe/London,2020-01-30,8.219546,6.478229,88.988075,8.219546,7.0784636,8.086509,23.47601,0.0,0.0,0.0,0.0,0.0,2.8967453638712564
2020-01-31,758763.5,United Kingdom,Europe/London,2020-01-31,9.170896,7.5160704,89.53495,9.170896,8.064411,9.440417,25.57606,0.0,0.0,0.0,0.0,0.0,2.309403896331787
2020-02-01,656480.5,United Kingdom,Europe/London,2020-02-01,7.716039,4.7401557,82.005035,7.716039,5.911838,6.967655,21.235159,0.0,0.0,0.0,0.0,0.0,0.0
2020-02-02,697388.0,United Kingdom,Europe/London,2020-02-02,6.439737,4.896945,90.19447,6.439737,5.4045835,5.805402,20.264038,0.0,0.0,0.0,0.0,0.0,3.056907097498576
2020-02-03,755246.5,United Kingdom,Europe/London,2020-02-03,6.395207,3.088134,79.759415,6.395207,4.450527,5.1306562,18.445051,0.0,0.0,0.0,0.0,0.0,0.0
2020-02-04,804220.5,United Kingdom,Europe/London,2020-02-04,5.7586308,2.261551,78.60679,5.7586308,3.7234864,4.2146926,17.013632,0.0,0.0,0.0,0.0,0.0,0.0
2020-02-05,853949.5,United Kingdom,Europe/London,2020-02-05,4.7232223,2.6998618,87.064835,4.7232223,3.44613,3.307201,16.322577,0.0,0.0,0.0,0.0,0.0,0.0
2020-02-06,854135.0,United Kingdom,Europe/London,2020-02-06,3.999009,2.2322595,88.70892,3.999009,2.8665588,2.4585125,15.23999,0.0,0.0,0.0,0.0,0.0,0.0
2020-02-07,799398.0,United Kingdom,Europe/London,2020-02-07,4.4961553,1.8651897,84.01402,4.4961553,2.9711192,2.904972,15.603519,0.0,0.0,0.0,0.0,0.0,0.0
2020-02-08,667406.0,United Kingdom,Europe/London,2020-02-08,6.9506125,3.8147037,80.88233,6.9506125,5.074134,5.8880906,19.574938,0.0,0.0,0.0,0.0,0.0,0.0
2020-02-09,687807.5,United Kingdom,Europe/London,2020-02-09,8.203952,5.9983654,86.296455,8.203952,6.7965884,7.9391522,23.092932,0.0,0.0,0.0,0.0,0.0,5.145223617553711
2020-02-10,780110.5,United Kingdom,Europe/London,2020-02-10,4.304301,0.92436326,79.14769,4.304301,2.376706,2.3972685,14.520735,0.0,0.0,0.0,0.0,0.0,0.0
2020-02-11,794144.5,United Kingdom,Europe/London,2020-02-11,3.5615437,-0.3763162,76.153885,3.5615437,1.4335432,1.3169904,12.820819,0.0,0.0,0.0,0.0,0.0,0.0
2020-02-12,814075.0,United Kingdom,Europe/London,2020-02-12,3.496421,0.019440291,78.609985,3.496421,1.5612612,1.3634003,13.068593,0.0,0.0,0.0,0.0,0.0,0.0
2020-02-13,836792.5,United Kingdom,Europe/London,2020-02-13,4.1962867,2.2670014,87.563545,4.1962867,2.9828744,2.711992,15.599541,0.0,0.0,0.0,0.0,0.0,0.0
2020-02-14,806305.5,United Kingdom,Europe/London,2020-02-14,5.9436812,3.962028,87.4345,5.9436803,4.6847405,4.986139,18.851158,0.0,0.0,0.0,0.0,0.0,0.0064266522725423
2020-02-15,703949.5,United Kingdom,Europe/London,2020-02-15,8.563042,6.8938007,89.37916,8.563042,7.4612403,8.6541,24.459307,0.0,0.0,0.0,0.0,0.0,14.53784696261088
2020-02-16,667160.5,United Kingdom,Europe/London,2020-02-16,6.7294602,3.856409,82.23362,6.7294602,5.019896,5.769055,19.641245,0.0,0.0,0.0,0.0,0.0,18.27127091089885
2020-02-17,757477.5,United Kingdom,Europe/London,2020-02-17,5.942095,2.4158466,78.499115,5.942095,3.893706,4.4411564,17.320093,0.0,0.0,0.0,0.0,0.0,0.0
2020-02-18,783082.5,United Kingdom,Europe/London,2020-02-18,4.7786036,2.0611024,82.892365,4.7786036,3.1494682,3.1855075,15.88228,0.0,0.0,0.0,0.0,0.0,0.0
2020-02-19,814816.0,United Kingdom,Europe/London,2020-02-19,5.5559015,3.3562002,85.945244,5.5559015,4.200048,4.3922744,17.877214,0.0,0.0,0.0,0.0,0.0,0.0
2020-02-20,782748.5,United Kingdom,Europe/London,2020-02-20,5.872273,3.2143426,83.48149,5.872273,4.3014574,4.6916275,18.151255,0.0,0.0,0.0,0.0,0.0,0.0
2020-02-21,768180.0,United Kingdom,Europe/London,2020-02-21,7.266936,4.544452,83.11675,7.266936,5.5904856,6.4543376,20.598888,0.0,0.0,0.0,0.0,0.0,0.0
2020-02-22,665278.0,United Kingdom,Europe/London,2020-02-22,6.9704375,3.6342535,79.77215,6.9704375,5.000895,5.914538,19.6171,0.0,0.0,0.0,0.0,0.0,0.0
2020-02-23,683626.0,United Kingdom,Europe/London,2020-02-23,6.15459,3.2282467,82.27978,6.15459,4.4587116,5.0178113,18.563251,0.0,0.0,0.0,0.0,0.0,1.3234340349833171
2020-02-24,799057.0,United Kingdom,Europe/London,2020-02-24,5.4068336,3.584471,88.436676,5.4068336,4.2522955,4.3722725,18.0924,0.0,0.0,0.0,0.0,0.0,0.004066785176595
2020-02-25,811091.5,United Kingdom,Europe/London,2020-02-25,3.4383118,1.0538372,84.92913,3.4383118,2.0113013,1.5607202,13.725443,0.0,0.0,0.0,0.0,0.0,0.0
2020-02-26,821025.0,United Kingdom,Europe/London,2020-02-26,2.9857621,-0.1822413,80.43644,2.9857621,1.2076799,0.7895885,12.3738165,0.0,0.0,0.0,0.0,0.0,0.0
2020-02-27,825196.0,United Kingdom,Europe/London,2020-02-27,3.0676157,0.010425398,81.27591,3.0676157,1.3593596,0.92502683,12.606738,0.0,0.0,0.0,0.0,0.0,0.0
2020-02-28,840953.5,United Kingdom,Europe/London,2020-02-28,4.9745646,3.4849591,90.20135,4.9745646,4.0088363,3.9138582,17.57988,0.0,0.0,0.0,0.0,0.0,0.0328929424285888
2020-02-29,677941.5,United Kingdom,Europe/London,2020-02-29,5.460864,2.542584,82.11815,5.460864,3.784635,4.0786214,17.167751,0.0,0.0,0.0,0.0,0.0,0.0
2020-03-01,664511.5,United Kingdom,Europe/London,2020-03-01,4.6780133,1.1072998,78.37807,4.6780133,2.6684823,2.809422,15.006285,0.0,0.0,0.0,0.0,0.0,0.0
2020-03-02,801350.5,United Kingdom,Europe/London,2020-03-02,3.8789763,0.813634,81.41825,3.8789759,2.1473663,1.9375651,13.9923935,0.0,0.0,0.0,0.0,0.0,0.0
2020-03-03,822571.5,United Kingdom,Europe/London,2020-03-03,4.4958386,1.5133816,81.56713,4.4958386,2.7497473,2.7385445,15.1345215,0.0,0.0,0.0,0.0,0.0,0.0
2020-03-04,863780.0,United Kingdom,Europe/London,2020-03-04,3.794495,1.508872,85.641464,3.794495,2.4220598,2.0652936,14.503521,0.0,0.0,0.0,0.0,0.0,0.0
2020-03-05,873932.0,United Kingdom,Europe/London,2020-03-05,3.4175577,1.3610168,87.04657,3.4175577,2.1757135,1.646307,14.003248,0.0,0.0,0.0,0.0,0.0,0.0
2020-03-06,819999.0,United Kingdom,Europe/London,2020-03-06,3.379997,0.5885401,83.05378,3.379997,1.7727853,1.3929963,13.360601,0.0,0.0,0.0,0.0,0.0,0.0
2020-03-07,696214.5,United Kingdom,Europe/London,2020-03-07,7.412931,5.3813405,87.22134,7.412931,6.0910716,6.9153085,21.63486,0.0,0.0,0.0,0.0,0.0,0.0
2020-03-08,639430.0,United Kingdom,Europe/London,2020-03-08,7.4410315,4.6089325,82.6673,7.4410315,5.7072473,6.6377,20.801128,0.0,0.0,0.0,0.0,0.0,0.0
2020-03-09,768508.0,United Kingdom,Europe/London,2020-03-09,6.407684,4.1770425,86.10986,6.407684,5.0216355,5.471947,19.380232,0.0,0.0,0.0,0.0,0.0,0.0
2020-03-10,739474.0,United Kingdom,Europe/London,2020-03-10,9.226463,6.9307566,85.88445,9.226463,7.7685637,9.320594,25.14197,0.0,0.0,0.0,0.0,0.0,20.283055543899536
2020-03-11,724705.0,United Kingdom,Europe/London,2020-03-11,7.1029215,4.2075415,82.37354,7.1029215,5.3459063,6.2102513,20.209574,0.0,0.0,0.0,0.0,0.0,0.0
2020-03-12,722302.5,United Kingdom,Europe/London,2020-03-12,4.8739395,0.92837787,76.50408,4.8739395,2.6844804,2.9671197,15.098512,0.0,0.0,0.0,0.0,0.0,0.0
2020-03-13,780807.0,United Kingdom,Europe/London,2020-03-13,5.4882812,1.7277933,77.45022,5.4882812,3.3712275,3.819517,16.389791,0.0,0.0,0.0,0.0,0.0,0.0
2020-03-14,685002.5,United Kingdom,Europe/London,2020-03-14,7.156692,5.123594,87.18785,7.156692,5.8530455,6.540505,21.038866,0.0,0.0,0.0,0.0,0.0,0.0
2020-03-15,662345.5,United Kingdom,Europe/London,2020-03-15,7.03177,4.541212,84.41483,7.03177,5.4799294,6.2149024,20.347942,0.0,0.0,0.0,0.0,0.0,0.0
2020-03-16,739877.0,United Kingdom,Europe/London,2020-03-16,5.6043835,2.1760406,79.73933,5.6043835,3.6424036,4.053142,16.83738,0.0,0.0,0.0,0.0,0.0,0.0
2020-03-17,734587.0,United Kingdom,Europe/London,2020-03-17,8.198573,5.6809225,84.493256,8.198573,6.618116,7.8015246,22.714756,0.0,0.0,0.0,0.0,0.0,0.0
2020-03-18,776621.0,United Kingdom,Europe/London,2020-03-18,6.789711,4.3174906,84.66298,6.7897105,5.2975826,5.992077,20.160053,0.0,0.0,0.0,0.0,0.0,0.0
2020-03-19,798968.5,United Kingdom,Europe/London,2020-03-19,5.0817103,2.169089,82.31871,5.0817103,3.4039185,3.5521014,16.368132,0.0,0.0,0.0,0.0,0.0,0.0
2020-03-20,743646.5,United Kingdom,Europe/London,2020-03-20,4.5840583,0.6513463,76.86888,4.5840583,2.418941,2.619641,14.644113,0.0,0.0,0.0,0.0,0.0,0.0
2020-03-21,627086.5,United Kingdom,Europe/London,2020-03-21,4.9038725,-0.40042523,70.04991,4.9038725,2.1706045,2.6688015,14.207266,0.0,0.0,0.0,0.0,0.0,0.0
2020-03-22,625740.5,United Kingdom,Europe/London,2020-03-22,5.111666,-0.064285435,70.171295,5.111666,2.3680286,2.9446096,14.609349,0.0,0.0,0.0,0.0,0.0,0.0
2020-03-23,690638.5,United Kingdom,Europe/London,2020-03-23,6.078685,0.38114852,68.23807,6.078685,3.0900266,4.045079,15.964354,0.0,0.0,0.0,0.0,0.0,0.0
2020-03-24,644907.5,United Kingdom,Europe/London,2020-03-24,8.278758,3.341959,72.094444,8.278758,5.504983,7.1267548,20.67503,0.0,0.0,0.0,0.0,0.0,0.0
2020-03-25,645025.5,United Kingdom,Europe/London,2020-03-25,7.9226003,2.877936,72.98135,7.9226003,5.216533,6.63701,19.934874,0.0,0.0,0.0,0.0,0.0,0.0
2020-03-26,646892.0,United Kingdom,Europe/London,2020-03-26,6.4213696,1.4477017,73.53637,6.4213696,3.8337367,4.7200108,17.243881,0.0,0.0,0.0,0.0,0.0,0.0
2020-03-27,619525.0,United Kingdom,Europe/London,2020-03-27,6.02306,1.6690768,75.543755,6.02306,3.6574993,4.3346643,16.876255,0.0,0.0,0.0,0.0,0.0,0.0
2020-03-28,568581.0,United Kingdom,Europe/London,2020-03-28,5.5006423,0.580917,71.432045,5.5006423,2.879173,3.5232346,15.5359125,0.0,0.0,0.0,0.0,0.0,0.0
2020-03-30,673730.5,United Kingdom,Europe/London,2020-03-30,5.610149,1.4795495,75.36963,5.610149,3.3036478,3.8641918,16.296644,0.0,0.0,0.0,0.0,0.0,0.0
2020-03-31,686417.0,United Kingdom,Europe/London,2020-03-31,5.9730086,1.8448806,75.90978,5.9730086,3.6798291,4.306485,16.885815,0.0,0.0,0.0,0.0,0.0,0.0
2020-04-01,685552.5,United Kingdom,Europe/London,2020-04-01,5.9886446,1.9479138,76.118515,5.9886446,3.7183638,4.3646502,17.022116,0.0,0.0,0.0,0.0,0.0,0.0
2020-04-02,611213.0,United Kingdom,Europe/London,2020-04-02,7.258937,2.97615,74.96179,7.258937,4.848531,5.974319,19.265106,0.0,0.0,0.0,0.0,0.0,0.0
2020-04-03,635351.0,United Kingdom,Europe/London,2020-04-03,6.383122,2.287138,75.99758,6.383122,4.072531,4.880357,17.764023,0.0,0.0,0.0,0.0,0.0,0.0
2020-04-04,559105.0,United Kingdom,Europe/London,2020-04-04,8.070299,4.0036535,76.96894,8.070299,5.7181063,7.0539613,20.841228,0.0,0.0,0.0,0.0,0.0,0.0
2020-04-05,493567.5,United Kingdom,Europe/London,2020-04-05,11.510272,4.645627,64.40217,11.510272,7.6606917,10.719855,24.972158,0.0,0.0,0.0,0.0,0.0,0.2937731742858886
2020-04-06,547675.5,United Kingdom,Europe/London,2020-04-06,10.603873,5.459505,71.71634,10.603873,7.654654,10.115587,24.90043,0.0,0.0,0.0,0.0,0.0,0.7634305953979492
2020-04-07,577133.5,United Kingdom,Europe/London,2020-04-07,9.01393,3.4673097,70.50738,9.01393,5.91788,7.8356805,21.345444,0.0,0.0,0.0,0.0,0.0,0.0
2020-04-08,579840.5,United Kingdom,Europe/London,2020-04-08,10.985929,5.7727704,71.94864,10.985929,7.9234056,10.589723,25.551271,4.1531677,4.153168,0.0,0.0,0.0,0.3466445604960124
2020-04-09,562617.5,United Kingdom,Europe/London,2020-04-09,10.374978,6.4833236,78.43152,10.374978,7.9880915,10.25837,25.719496,26.704147,26.704151,0.5330243,0.0,0.0,2.600304285685221
2020-04-10,525385.0,United Kingdom,Europe/London,2020-04-10,12.225336,7.623531,75.490585,12.225336,9.415852,12.517372,28.751247,52.45578,52.455772,1.1648564,0.0,0.0,5.691233952840169
2020-04-11,495753.0,United Kingdom,Europe/London,2020-04-11,13.023009,7.7343063,72.42539,13.023009,9.86378,13.367996,29.710186,79.26055,79.26055,2.1466932,0.0,0.0,8.779410441716513
2020-04-12,498825.5,United Kingdom,Europe/London,2020-04-12,10.548342,6.127964,75.54041,10.548342,7.924616,10.346949,25.657316,16.451744,16.451746,0.0,0.0,0.0,13.378542423248293
2020-04-13,490567.0,United Kingdom,Europe/London,2020-04-13,6.319649,-0.4767637,62.51154,6.319649,2.9162743,4.1155677,15.730856,0.0,0.0,0.0,0.0,0.0,0.0
2020-04-14,566255.0,United Kingdom,Europe/London,2020-04-14,5.931674,0.15806147,67.89471,5.931674,2.8905675,3.8416016,15.658134,0.0,0.0,0.0,0.0,0.0,0.0
2020-04-15,553712.5,United Kingdom,Europe/London,2020-04-15,8.791681,3.0338352,70.05412,8.791681,5.6397796,7.498746,20.796865,0.0,0.0,0.0,0.0,0.0,0.0
2020-04-16,550736.0,United Kingdom,Europe/London,2020-04-16,9.735417,4.3073506,71.2797,9.735417,6.6677814,8.839997,22.873804,0.0,0.0,0.0,0.0,0.0,0.0
2020-04-17,550564.0,United Kingdom,Europe/London,2020-04-17,8.596853,4.5594783,76.567276,8.596853,6.235856,7.807257,22.015278,0.0,0.0,0.0,0.0,0.0,0.4050045013427734
2020-04-18,563335.5,United Kingdom,Europe/London,2020-04-18,7.339845,3.7174335,78.65068,7.339845,5.2465463,6.294768,20.020811,0.0,0.0,0.0,0.0,0.0,0.7728234926859537
2020-04-19,496123.5,United Kingdom,Europe/London,2020-04-19,8.893611,3.52055,71.60664,8.893611,5.9474607,7.7708173,21.378716,0.0,0.0,0.0,0.0,0.0,0.0
2020-04-20,501985.0,United Kingdom,Europe/London,2020-04-20,9.222135,2.4145815,64.74663,9.222135,5.5951176,7.7341967,20.684278,0.0,0.0,0.0,0.0,0.0,0.0
2020-04-21,499875.5,United Kingdom,Europe/London,2020-04-21,10.217463,3.5026693,64.91126,10.217463,6.5283446,9.049756,22.596224,0.0,0.0,0.0,0.0,0.0,0.0
2020-04-22,518529.0,United Kingdom,Europe/London,2020-04-22,10.814612,4.899105,68.96715,10.814612,7.4367723,10.102315,24.485983,0.87809753,0.8780961,0.0,0.0,0.0,0.0
2020-04-23,546432.0,United Kingdom,Europe/London,2020-04-23,11.013708,5.1169143,69.48641,11.013708,7.6499963,10.38959,24.937006,9.483299,9.483302,0.0,0.0,0.0,0.0225601196289062
2020-04-24,539531.0,United Kingdom,Europe/London,2020-04-24,10.669055,4.9212966,70.16987,10.669055,7.397133,9.986728,24.42317,0.019195557,0.019195557,0.0,0.0,0.0,0.0159659385681152
2020-04-25,511656.0,United Kingdom,Europe/London,2020-04-25,9.914349,5.5245013,75.91332,9.914349,7.3279824,9.418076,24.178448,0.0,0.0,0.0,0.0,0.0,0.0
2020-04-26,506348.5,United Kingdom,Europe/London,2020-04-26,9.978996,5.444942,75.33662,9.978996,7.3297496,9.470742,24.21088,0.088020325,0.088020325,0.0,0.0,0.0,1.0620598793029783
2020-04-27,576063.0,United Kingdom,Europe/London,2020-04-27,8.967079,4.5420327,75.138336,8.967079,6.415627,8.163899,22.352892,0.0,0.0,0.0,0.0,0.0,0.0241125424702962
2020-04-28,635896.0,United Kingdom,Europe/London,2020-04-28,7.390104,4.3556747,82.07691,7.390104,5.613876,6.5399623,20.61811,0.0,0.0,0.0,0.0,0.0,0.0
2020-04-29,607444.0,United Kingdom,Europe/London,2020-04-29,7.664209,4.9161625,83.60572,7.664209,5.9985166,6.984412,21.375645,0.0,0.0,0.0,0.0,0.0,0.0
2020-04-30,592785.5,United Kingdom,Europe/London,2020-04-30,8.008898,5.353607,83.75237,8.008898,6.3489566,7.433599,22.0177,0.0,0.0,0.0,0.0,0.0,0.0
2020-05-01,570660.5,United Kingdom,Europe/London,2020-05-01,8.742502,5.32305,80.09934,8.742502,6.686115,8.159551,22.741695,0.0,0.0,0.0,0.0,0.0,0.0
2020-05-02,520072.5,United Kingdom,Europe/London,2020-05-02,9.424512,4.8865886,74.765724,9.424512,6.793814,8.689616,23.007153,0.0,0.0,0.0,0.0,0.0,0.0
2020-05-03,560676.0,United Kingdom,Europe/London,2020-05-03,9.073204,5.6614656,80.27768,9.073204,7.013094,8.645463,23.516478,0.0,0.0,0.0,0.0,0.0,4.700526793797811
2020-05-04,557176.0,United Kingdom,Europe/London,2020-05-04,9.611524,5.5532217,77.261154,9.611524,7.2291746,9.157655,23.99021,0.0,0.0,0.0,0.0,0.0,1.013763666152954
2020-05-05,543021.0,United Kingdom,Europe/London,2020-05-05,8.765858,3.2983143,70.40246,8.765858,5.733559,7.5386815,20.955114,0.0,0.0,0.0,0.0,0.0,0.0
2020-05-06,546265.0,United Kingdom,Europe/London,2020-05-06,9.627452,3.417647,68.04731,9.627452,6.2105308,8.443173,21.951447,0.0,0.0,0.0,0.0,0.0,0.0
2020-05-07,545361.0,United Kingdom,Europe/London,2020-05-07,11.620536,6.291613,71.88414,11.620536,8.477473,11.459162,26.861172,4.809784,4.809782,0.0,0.31714725,0.63838005,45.12769349416097
2020-05-08,507816.0,United Kingdom,Europe/London,2020-05-08,13.406899,9.127932,77.00883,13.406899,10.744637,14.323306,31.713194,31.653381,31.653383,2.132627,1.0907993,1.2683172,77.17382701237996
2020-05-09,479928.5,United Kingdom,Europe/London,2020-05-09,13.61478,8.952262,75.8978,13.61478,10.745721,14.4682865,31.749277,72.38068,72.38068,2.7266788,0.26209545,0.11072159,76.43123650550842
2020-05-10,482564.0,United Kingdom,Europe/London,2020-05-10,8.275048,3.3592165,72.21885,8.275048,5.6221094,7.2859645,21.13426,0.04637146,0.046370983,0.0,0.035661697,0.0,13.2284734249115
2020-05-11,535270.5,United Kingdom,Europe/London,2020-05-11,6.203277,-0.94668204,61.35023,6.203277,2.6429238,3.8329952,15.14448,0.0,0.0,0.0,0.0,0.0,0.0
2020-05-12,575633.5,United Kingdom,Europe/London,2020-05-12,6.981764,1.26911,68.68203,6.981764,3.935676,5.170207,17.502876,0.0,0.0,0.0,0.0,0.0,0.0
2020-05-13,579919.0,United Kingdom,Europe/London,2020-05-13,6.5172744,-0.13255875,64.16615,6.5172744,3.1722186,4.363873,16.071209,0.0,0.0,0.0,0.0,0.0,0.0
2020-05-14,567505.5,United Kingdom,Europe/London,2020-05-14,7.452668,1.0731142,65.87942,7.452668,4.102633,5.605377,17.880795,0.0,0.0,0.0,0.0,0.0,0.0
2020-05-15,551557.0,United Kingdom,Europe/London,2020-05-15,9.235291,3.6425834,69.68555,9.235291,6.1049876,8.102562,21.69694,0.0,0.0,0.0,0.0,0.0,0.0
2020-05-16,504744.5,United Kingdom,Europe/London,2020-05-16,10.238566,4.89929,70.98585,10.238566,7.1879225,9.5132265,23.860977,0.0,0.0,0.0,0.0,0.0,0.0
2020-05-17,485465.5,United Kingdom,Europe/London,2020-05-17,11.493835,7.5466228,78.14643,11.493835,9.091506,11.756376,27.919931,0.0,0.0,0.0,0.0,0.0,6.483927329381307
2020-05-18,522697.0,United Kingdom,Europe/London,2020-05-18,12.752543,8.659788,77.82499,12.752543,10.244578,13.467097,30.474573,12.031181,12.031182,0.0,0.0,0.0,17.382467190424602
2020-05-19,549463.5,United Kingdom,Europe/London,2020-05-19,14.039082,10.696146,81.51733,14.039082,11.873172,15.679362,34.40089,63.905464,63.905464,44.073246,25.942667,56.343414,418.4739844799042
2020-05-20,538865.5,United Kingdom,Europe/London,2020-05-20,15.761325,10.22279,72.796555,15.761325,12.374254,17.191786,35.56492,244.9177,244.9177,138.23405,48.449726,93.95571,372.57880942026776
2020-05-21,539867.5,United Kingdom,Europe/London,2020-05-21,14.49184,8.671204,69.97863,14.49184,10.974902,15.246636,32.36479,111.48874,111.48874,50.15672,21.06623,51.558727,154.14773813883463
2020-05-22,456885.5,United Kingdom,Europe/London,2020-05-22,13.7627,8.022925,69.85506,13.7627,10.360988,14.225977,30.794756,0.9894104,0.98941183,0.0,0.0,0.0,68.99657758076985
2020-05-23,433313.5,United Kingdom,Europe/London,2020-05-23,11.521157,6.4872932,72.50777,11.521157,8.560616,11.357832,26.746527,0.0,0.0,0.0,0.0,0.0,0.0
2020-05-24,449203.5,United Kingdom,Europe/London,2020-05-24,13.022605,8.616322,75.86572,13.022605,10.3124895,13.711811,30.67874,0.25265503,0.25265408,0.0,0.0,0.0,2.0391722520192466
2020-05-25,468889.0,United Kingdom,Europe/London,2020-05-25,13.610283,7.331271,69.15488,13.610283,9.958824,13.792103,29.846045,92.35468,92.35468,3.6241798,0.33484173,0.5853834,14.989964644114176
2020-05-26,533959.0,United Kingdom,Europe/London,2020-05-26,14.338621,8.54643,69.964,14.338621,10.855556,15.0321865,32.034554,81.171684,81.17169,21.90464,4.327256,5.142702,103.93093029658
2020-05-27,541766.0,United Kingdom,Europe/London,2020-05-27,14.1349945,7.982348,68.67908,14.1349945,10.482929,14.616766,31.23146,98.94221,98.942215,44.243607,18.290873,33.938744,140.38822301228842
2020-05-28,524896.5,United Kingdom,Europe/London,2020-05-28,15.458026,8.9475,67.68046,15.458026,11.565811,16.324688,33.66348,144.77463,144.77463,38.73694,12.306843,17.930147,156.389506260554
2020-05-29,502782.5,United Kingdom,Europe/London,2020-05-29,16.28462,7.705497,59.945435,16.28462,11.374522,16.658937,33.112507,223.83652,223.83652,49.04639,16.890118,27.981848,104.00903797149658
2020-05-30,452339.5,United Kingdom,Europe/London,2020-05-30,15.739124,7.6053023,61.011024,15.739124,11.047104,16.049501,32.377487,180.35147,180.35147,27.604176,7.673984,14.029235,47.98637390136719
2020-05-31,449934.0,United Kingdom,Europe/London,2020-05-31,15.887756,7.3363743,59.719223,15.887756,10.97989,16.06618,32.154667,195.91995,195.91995,9.606262,0.17758799,0.3062153,7.7446513175964355
2020-06-01,533321.5,United Kingdom,Europe/London,2020-06-01,15.99047,8.198826,62.379616,15.99047,11.411514,16.517178,33.245213,186.8198,186.81982,25.693424,0.042429924,0.0,29.135449091593426
2020-06-02,542117.5,United Kingdom,Europe/London,2020-06-02,15.343534,8.818752,68.37968,15.343534,11.474006,16.142141,33.351917,181.28116,181.28116,19.035429,1.0418363,1.3170376,84.39284054438274
2020-06-03,569618.0,United Kingdom,Europe/London,2020-06-03,11.957764,8.13896,78.30441,11.957764,9.619386,12.519369,29.237257,0.0,0.0,0.0,0.0,0.0,127.26020908355711
2020-06-04,575917.0,United Kingdom,Europe/London,2020-06-04,10.222291,6.754312,79.7532,10.222291,8.088111,10.173034,25.748112,0.0,0.0,0.0,0.0,0.0,1.8562959829966228
2020-06-05,516816.0,United Kingdom,Europe/London,2020-06-05,9.744377,5.0520506,74.0376,9.744377,7.055224,9.096777,23.577744,0.0,0.0,0.0,0.0,0.0,2.234243869781494
2020-06-06,483999.0,United Kingdom,Europe/London,2020-06-06,10.215671,6.7453327,79.83147,10.215671,8.098448,10.178635,25.775963,0.0,0.0,0.0,0.0,0.0,0.4310692151387532
2020-06-07,514632.5,United Kingdom,Europe/London,2020-06-07,10.944844,7.4900074,80.03608,10.944844,8.80172,11.190545,27.314459,0.0,0.0,0.0,0.0,0.0,0.9955072402954102
2020-06-08,582023.0,United Kingdom,Europe/London,2020-06-08,10.68047,5.681031,72.2023,10.68047,7.7616673,10.265522,25.186409,0.0,0.0,0.0,0.0,0.0,3.435154438018799
2020-06-09,591542.0,United Kingdom,Europe/London,2020-06-09,11.211012,6.5908527,74.40534,11.211012,8.444794,11.099129,26.578537,0.0,0.0,0.0,0.0,0.0,0.6788994471232096
2020-06-10,618627.5,United Kingdom,Europe/London,2020-06-10,11.230939,8.977085,86.41451,11.230939,9.747256,12.075684,29.29164,0.0,0.0,0.0,0.0,0.0,51.33805322647095
2020-06-11,560725.0,United Kingdom,Europe/London,2020-06-11,12.068434,9.077532,82.561584,12.068434,10.157437,12.983353,30.34421,0.0,0.0,0.0,0.0,0.0,182.8590203921
2020-06-12,559794.5,United Kingdom,Europe/London,2020-06-12,13.457913,10.864688,84.9454,13.457913,11.753051,15.211739,34.128384,0.0,0.0,0.050379753,7.5532727,18.564682,771.2617094516754
2020-06-13,504863.5,United Kingdom,Europe/London,2020-06-13,15.087598,12.079687,83.85376,15.087598,13.130501,17.416763,37.41525,62.15908,62.15908,32.662933,34.47354,88.52884,1171.0590228239696
2020-06-14,506019.0,United Kingdom,Europe/London,2020-06-14,15.547442,12.657662,83.94693,15.547442,13.620665,18.17599,38.732315,33.086266,33.086273,40.919777,60.54319,152.58588,1544.382452726364
2020-06-15,570201.0,United Kingdom,Europe/London,2020-06-15,15.532114,12.786047,84.943,15.532114,13.709717,18.24001,38.94071,51.067192,51.067192,49.984684,59.6527,150.16138,1698.5987414518993
2020-06-16,588619.0,United Kingdom,Europe/London,2020-06-16,15.362619,13.137525,87.40783,15.362619,13.852752,18.252241,39.28043,19.565338,19.565342,21.793335,47.707893,118.112274,1940.3204067548115
2020-06-17,595198.0,United Kingdom,Europe/London,2020-06-17,15.107299,12.9601755,87.70694,15.107299,13.642176,17.90432,38.75829,8.594559,8.594557,27.793425,58.74866,154.0424,1804.233664194743
2020-06-18,612974.5,United Kingdom,Europe/London,2020-06-18,14.133447,12.201573,88.913155,14.133447,12.830465,16.523804,36.612408,3.9980392,3.9980388,1.2035856,5.855123,13.287506,1246.910569190979
2020-06-19,567227.5,United Kingdom,Europe/London,2020-06-19,13.872695,11.610375,86.76566,13.872695,12.354718,15.950829,35.464146,0.0,0.0,0.0,0.43897963,0.8078594,813.3125801881155
2020-06-20,487204.0,United Kingdom,Europe/London,2020-06-20,14.908345,10.955764,78.5289,14.908345,12.3919525,16.671093,35.632378,3.8311157,3.8311167,4.7635255,17.023123,39.775944,531.8065961996714
2020-06-21,459309.5,United Kingdom,Europe/London,2020-06-21,14.655793,10.945319,79.26182,14.655793,12.271677,16.413404,35.359344,5.0890274,5.0890274,0.37255526,1.2813115,1.8883018,528.6947828133901
2020-06-22,517160.5,United Kingdom,Europe/London,2020-06-22,14.318121,10.260497,77.93131,14.318121,11.739111,15.76688,34.146072,46.390724,46.390724,18.333704,9.911202,15.233832,442.368572473526
2020-06-23,538921.5,United Kingdom,Europe/London,2020-06-23,16.891146,12.474403,76.91639,16.891207,14.029862,19.437231,39.87515,256.10602,256.25653,272.60754,156.95567,393.5721,1521.6729568640392
2020-06-24,562947.5,United Kingdom,Europe/London,2020-06-24,19.000996,13.3709545,72.17307,19.009745,15.34915,22.055964,43.478844,666.70483,672.97284,732.7937,422.81128,1162.6349,2244.4071300029755
2020-06-25,569115.5,United Kingdom,Europe/London,2020-06-25,20.162106,13.865606,69.567184,20.17646,16.080603,23.50855,45.494392,902.6538,917.4622,1070.4476,662.28345,1807.9043,2713.093066215515
2020-06-26,581148.5,United Kingdom,Europe/London,2020-06-26,18.46782,14.488637,78.67541,18.481226,15.795092,22.177889,44.788143,420.033,438.27353,665.7628,500.81912,1433.5869,3211.59259557724
2020-06-27,492762.5,United Kingdom,Europe/London,2020-06-27,15.137292,12.650318,85.603065,15.137292,13.458019,17.775797,38.340775,4.008644,4.0086427,12.522265,43.822025,115.84187,1612.4794855117798
2020-06-28,421444.5,United Kingdom,Europe/London,2020-06-28,13.19344,9.998123,82.00266,13.19344,11.15552,14.48527,32.551025,0.0,0.0,0.0,0.0,0.0,122.52242016792296
2020-06-29,515646.0,United Kingdom,Europe/London,2020-06-29,13.167014,9.865652,81.22613,13.167014,11.066576,14.404109,32.369827,0.0,0.0,0.0,0.0,0.0,140.11658430099487
2020-06-30,586092.0,United Kingdom,Europe/London,2020-06-30,13.992469,11.189261,83.75329,13.992469,12.145815,15.881431,35.05395,0.0,0.0,0.0,14.59543,34.00284,670.6280837059021
2020-07-01,595267.0,United Kingdom,Europe/London,2020-07-01,13.904129,11.2633705,84.650185,13.904129,12.158275,15.856399,35.14438,0.0,0.0,0.019450188,8.848144,20.629063,931.658892552058
2020-07-02,597840.0,United Kingdom,Europe/London,2020-07-02,13.035516,9.7550745,81.20401,13.035516,10.9522915,14.298233,32.313137,0.0,0.0,0.0,0.17759514,0.22562695,475.8373157978058
2020-07-03,546311.0,United Kingdom,Europe/London,2020-07-03,13.138588,10.824479,86.45958,13.138588,11.602002,14.874778,33.75288,0.84251404,0.84251547,0.0,0.0,0.0,694.5017995039622
2020-07-04,518861.0,United Kingdom,Europe/London,2020-07-04,14.585441,12.769882,89.12641,14.585441,13.325736,17.361506,38.17076,0.0,0.0,9.717834,41.743103,118.571754,2089.44282579422
2020-07-05,446967.5,United Kingdom,Europe/London,2020-07-05,14.105669,9.970368,77.525276,14.105669,11.5436945,15.458402,33.65692,0.91337585,0.9133768,0.11946201,6.7825584,15.524282,635.5291896661123
2020-07-06,535042.5,United Kingdom,Europe/London,2020-07-06,13.238911,8.28424,72.93824,13.238911,10.222973,13.781995,30.486805,0.0,0.0,0.0,0.0,0.0,4.903397878011067
2020-07-07,608726.0,United Kingdom,Europe/London,2020-07-07,12.546749,9.341184,81.54266,12.546749,10.500771,13.568027,31.131098,0.0,0.0,0.0,0.0,0.0,167.58290990193686
2020-07-08,629478.5,United Kingdom,Europe/London,2020-07-08,13.409279,11.316335,87.75218,13.409279,12.037989,15.461039,34.92286,0.0,0.0,0.1697588,29.46068,78.66844,1358.0218976338704
2020-07-09,627196.0,United Kingdom,Europe/London,2020-07-09,13.593086,11.426243,87.38413,13.593086,12.174476,15.684435,35.22129,0.0,0.0,0.22836113,30.93959,76.857315,1350.2093483606975
2020-07-10,573445.0,United Kingdom,Europe/London,2020-07-10,12.804643,8.941733,78.647026,12.804643,10.418571,13.644465,30.88078,0.0,0.0,0.0,0.45094538,0.8074951,101.7680419286092
2020-07-11,504841.0,United Kingdom,Europe/London,2020-07-11,13.11257,8.213767,73.651215,13.11257,10.1394,13.622575,30.264742,0.2443161,0.24431658,0.0,0.0,0.0,4.575093428293864
2020-07-12,488742.0,United Kingdom,Europe/London,2020-07-12,14.180701,8.671338,71.487946,14.180701,10.8416195,14.902754,31.95332,36.582047,36.582047,0.0,0.0,0.0,66.64381353060405
2020-07-13,579381.0,United Kingdom,Europe/London,2020-07-13,15.226443,11.602865,80.13423,15.226443,12.897852,17.344187,36.960705,38.60013,38.60013,19.130919,21.876564,49.570328,1097.2508039474487
2020-07-14,599686.5,United Kingdom,Europe/London,2020-07-14,14.065521,10.719295,81.06973,14.065521,11.915956,15.7421875,34.529804,0.0,0.0,0.0,4.4807305,8.906635,642.0354517300924
2020-07-15,617100.0,United Kingdom,Europe/London,2020-07-15,13.960542,11.550389,85.80922,13.960542,12.335756,16.002623,35.452415,0.0,0.0,0.0,0.0,0.0,736.7519574165344
2020-07-16,597079.5,United Kingdom,Europe/London,2020-07-16,16.378136,13.222578,82.29217,16.378136,14.256163,19.321838,40.473915,61.00276,61.002758,104.3732,119.34146,315.70404,2029.4361720879872
2020-07-17,578567.0,United Kingdom,Europe/London,2020-07-17,16.675278,12.967521,80.16539,16.675278,14.260789,19.516212,40.48766,146.74382,146.74382,175.25546,142.73358,350.4584,2053.7008262475333
2020-07-18,525777.0,United Kingdom,Europe/London,2020-07-18,15.167654,11.562613,80.062675,15.167654,12.852997,17.311895,36.97892,46.6755,46.6755,48.840523,43.790257,103.74708,1406.5451619625092
2020-07-19,498647.0,United Kingdom,Europe/London,2020-07-19,13.676358,9.243777,76.14232,13.676358,10.967214,14.697079,32.2822,0.0,0.0,0.0,3.5781698,8.508823,438.9036649862925
2020-07-20,559364.5,United Kingdom,Europe/London,2020-07-20,13.152608,7.9793077,72.64746,13.152608,10.046515,13.569066,30.041515,3.6549683,3.6549692,0.0,0.0,0.0,10.169565439224243
2020-07-21,582386.0,United Kingdom,Europe/London,2020-07-21,13.589549,8.0705805,71.12143,13.589549,10.278704,14.052515,30.618898,5.825775,5.825772,0.0,0.0,0.0,16.113147576649983
2020-07-22,583059.5,United Kingdom,Europe/London,2020-07-22,14.685599,10.620742,78.47612,14.685599,12.127575,16.30066,34.988037,62.614525,62.614525,8.658504,3.7431316,9.431652,518.4653582572937
2020-07-23,585915.0,United Kingdom,Europe/London,2020-07-23,15.595729,12.534053,83.44405,15.595729,13.611187,18.184,38.666145,55.207634,55.207638,16.69883,29.242565,65.09093,1581.5485247770946
2020-07-24,581970.5,United Kingdom,Europe/London,2020-07-24,15.935345,12.6237,81.799225,15.935345,13.754519,18.588861,39.202103,74.72663,74.72662,89.58171,116.01564,280.35416,1708.2472248077393
2020-07-25,524789.5,United Kingdom,Europe/London,2020-07-25,15.955746,13.955102,88.32438,15.955746,14.573555,19.34114,41.2912,19.466064,19.466063,74.206795,144.68782,393.26733,2701.47399353981
2020-07-26,484572.5,United Kingdom,Europe/London,2020-07-26,14.960493,11.370701,80.26406,14.960493,12.658786,16.94517,36.31237,6.103546,6.1035447,0.0,0.6399126,0.99534035,856.1372745037079
2020-07-27,567467.0,United Kingdom,Europe/London,2020-07-27,14.401252,12.319853,87.645164,14.401252,12.98937,16.947004,37.33183,1.9927216,1.9927192,69.25162,141.04207,386.0441,1802.800015449524
2020-07-28,522473.0,United Kingdom,Europe/London,2020-07-28,13.49525,8.993709,75.3692,13.49525,10.719043,14.346861,31.61799,0.091926575,0.09192753,0.0,1.8863707,4.5955753,75.07722393671672
2020-07-29,564651.0,United Kingdom,Europe/London,2020-07-29,13.809467,8.928522,73.56454,13.809467,10.799775,14.639118,31.878256,14.658829,14.658831,0.053913116,0.14255857,0.197258,95.1597056388855
2020-07-30,578483.0,United Kingdom,Europe/London,2020-07-30,16.014784,11.509711,77.21344,16.014776,13.150411,18.095554,37.665257,294.87372,294.8726,250.32687,124.328674,278.00836,1097.136199315389
2020-07-31,568334.5,United Kingdom,Europe/London,2020-07-31,19.97491,13.660355,69.78873,19.984358,15.903145,23.210428,44.986683,1071.6934,1079.6792,1162.2777,624.641,1739.639,2523.7655262947083
2020-08-01,531828.0,United Kingdom,Europe/London,2020-08-01,16.243597,12.451537,79.314026,16.243597,13.778707,18.806345,39.259754,77.514626,77.51462,99.272575,112.496155,313.52548,1608.57124710083
2020-08-02,502794.5,United Kingdom,Europe/London,2020-08-02,14.571188,10.267457,76.86914,14.571188,11.868861,15.998674,34.34066,33.337677,33.337673,0.17279196,0.25146246,0.61211395,239.9586451848348
2020-08-03,576094.0,United Kingdom,Europe/London,2020-08-03,13.662467,8.68087,73.60288,13.662467,10.640175,14.383898,31.421412,3.4478455,3.447844,0.0,0.0,0.0,39.337397813797
2020-08-04,571489.0,United Kingdom,Europe/London,2020-08-04,14.096391,10.857518,82.20424,14.096391,12.019388,15.880666,34.868454,15.03595,15.035952,4.311324,16.791826,39.652706,952.4713587760924
2020-08-05,572439.5,United Kingdom,Europe/London,2020-08-05,17.178371,14.156758,83.56865,17.178371,15.159464,20.669485,42.840828,110.45828,110.458275,117.605865,192.37706,486.664,2861.3492839336395
2020-08-06,630244.0,United Kingdom,Europe/London,2020-08-06,17.851864,14.775366,83.11749,17.851967,15.760339,21.762775,44.726997,238.33841,238.62027,563.99677,572.37744,1615.0531,3529.1587318579354
2020-08-07,609325.0,United Kingdom,Europe/London,2020-08-07,19.333784,15.071125,79.13258,19.342766,16.512348,23.39977,46.682884,739.56934,747.1018,995.4222,762.28046,2087.3213,3750.318646510442
2020-08-08,541108.0,United Kingdom,Europe/London,2020-08-08,17.744734,13.327145,77.10228,17.772512,14.855674,20.88263,42.435104,534.26337,561.57434,818.7261,583.2894,1651.4873,2612.93843070666
2020-08-09,522810.5,United Kingdom,Europe/London,2020-08-09,16.900127,13.087082,79.544014,16.920889,14.379011,19.89422,41.162476,376.35626,398.2376,622.74304,472.38733,1344.6991,2405.641088962555
2020-08-10,620792.5,United Kingdom,Europe/London,2020-08-10,18.376009,14.660836,80.33646,18.424788,15.866851,22.271961,45.229507,622.9497,671.2483,1080.026,827.95435,2402.2473,3575.762548049291
2020-08-11,645127.5,United Kingdom,Europe/London,2020-08-11,19.744001,16.18621,81.846825,19.831604,17.305685,24.578793,49.295406,944.2767,1013.6128,1654.517,1259.975,3698.46,4941.285990556081
2020-08-12,651024.0,United Kingdom,Europe/London,2020-08-12,20.836586,16.930157,80.42627,20.929039,18.167658,26.129976,51.715385,1210.1748,1297.1738,2031.6062,1531.4692,4461.6636,5635.295622825623
2020-08-13,644175.5,United Kingdom,Europe/London,2020-08-13,18.519478,16.24347,87.03294,18.519478,16.91765,23.361006,48.050266,257.49103,257.49103,831.6779,927.8091,2684.4817,4933.78421942393
2020-08-14,633375.5,United Kingdom,Europe/London,2020-08-14,17.128187,15.15939,88.62258,17.128187,15.750535,21.264977,44.622845,65.28167,65.28167,328.26505,552.9475,1551.1042,3851.827082236608
2020-08-15,578991.5,United Kingdom,Europe/London,2020-08-15,16.610369,14.64336,88.63146,16.610369,15.246488,20.424152,43.17605,16.826141,16.826143,152.37665,365.5075,995.3323,3355.080593506495
2020-08-16,569598.0,United Kingdom,Europe/London,2020-08-16,16.268307,14.514055,89.74723,16.268307,15.049635,20.033611,42.69027,40.112465,40.112457,197.4942,385.12283,1062.3682,3285.6909755071006
2020-08-17,629978.5,United Kingdom,Europe/London,2020-08-17,15.998745,14.221936,89.66895,15.998745,14.758575,19.540983,41.779697,35.8431,35.8431,114.12512,230.32457,618.1199,2944.579907814661
2020-08-18,621885.5,United Kingdom,Europe/London,2020-08-18,16.898384,14.692808,87.51315,16.898384,15.373636,20.699518,43.432804,87.49629,87.49631,194.46611,310.01807,844.2329,3333.733180999756
2020-08-19,642518.5,United Kingdom,Europe/London,2020-08-19,16.984953,15.482494,91.252144,16.984953,15.928015,21.329086,45.062614,10.988564,10.988556,222.01875,506.11206,1425.8416,4166.131033023198
2020-08-20,556945.5,United Kingdom,Europe/London,2020-08-20,17.899168,13.008849,74.37778,17.899168,14.768864,20.77597,41.84043,135.97223,135.97221,161.51675,292.65344,826.8374,1969.2381776173909
2020-08-21,540112.5,United Kingdom,Europe/London,2020-08-21,16.909458,13.343323,80.061874,16.909458,14.528363,19.91841,41.201157,38.169464,38.169464,57.677338,92.4106,234.90271,2132.945930957794
2020-08-22,486521.0,United Kingdom,Europe/London,2020-08-22,15.614021,12.38262,81.87099,15.614021,13.4788265,18.090078,38.367584,11.941025,11.941027,1.6594291,3.6889896,6.63449,1325.1085081895192
2020-08-23,529706.5,United Kingdom,Europe/London,2020-08-23,14.488565,11.316448,81.84766,14.488565,12.415355,16.469292,35.821564,3.6875305,3.6875348,1.3776517,11.398943,25.226753,999.632533311844
2020-08-24,609458.5,United Kingdom,Europe/London,2020-08-24,13.87173,10.205277,79.765884,13.87173,11.563468,15.376631,33.852104,7.414131,7.4141307,18.630207,43.181904,114.79211,812.7375992139181
2020-08-25,587361.5,United Kingdom,Europe/London,2020-08-25,14.653233,12.7445755,88.79028,14.653233,13.348619,17.412508,38.191887,9.231552,9.231556,37.396496,123.4326,328.5775,2046.044720808665
2020-08-26,598002.5,United Kingdom,Europe/London,2020-08-26,14.616886,11.159902,80.43862,14.616886,12.366639,16.494158,35.659447,1.427002,1.4270029,0.099990845,0.72433376,0.8650713,747.1344455083212
2020-08-27,656743.5,United Kingdom,Europe/London,2020-08-27,12.98397,11.394988,90.39912,12.98397,11.886977,14.976939,34.317924,0.0,0.0,0.0,9.176225,21.479433,834.8815831343333
2020-08-28,593498.0,United Kingdom,Europe/London,2020-08-28,12.496928,10.019075,85.39307,12.496928,10.891945,13.858679,32.04099,0.0,0.0,0.0,0.94632816,2.2535868,501.10627420743305
2020-08-29,521314.0,United Kingdom,Europe/London,2020-08-29,11.424062,7.499481,77.468765,11.424062,9.012135,11.670149,27.802881,0.0,0.0,0.0,0.0,0.0,43.455686807632446
2020-08-30,535598.5,United Kingdom,Europe/London,2020-08-30,11.600709,7.17531,75.37752,11.600709,8.924569,11.707999,27.59172,0.0,0.0,0.0,0.0,0.0,28.51250489552816
2020-08-31,565215.0,United Kingdom,Europe/London,2020-08-31,12.0249405,7.4746914,75.23242,12.0249405,9.283796,12.244387,28.338871,0.0,0.0,0.0,0.0,0.0,0.7788232167561849
2020-09-01,614174.5,United Kingdom,Europe/London,2020-09-01,13.035835,8.925694,77.79861,13.035835,10.49092,13.897021,31.180534,0.0,0.0,0.0,0.005800724,0.0,181.57590301831564
2020-09-02,611797.0,United Kingdom,Europe/London,2020-09-02,14.322361,11.712625,84.98585,14.322361,12.5962925,16.507494,36.228912,0.0,0.0,4.4160523,25.420372,62.881374,1218.0187587738037
2020-09-03,610721.5,United Kingdom,Europe/London,2020-09-03,15.66649,13.029996,84.87955,15.66649,13.917789,18.593468,39.701416,2.8340912,2.8340926,57.926273,129.30519,367.32962,2186.782901843389
2020-09-04,598722.0,United Kingdom,Europe/London,2020-09-04,13.442756,9.814187,79.405914,13.442756,11.134486,14.664685,32.60969,0.0,0.0,0.0,0.9949155,2.4230642,189.71092971165976
2020-09-05,530682.0,United Kingdom,Europe/London,2020-09-05,12.380645,8.573002,78.591705,12.380645,10.011613,13.047291,29.96064,0.0,0.0,0.0,0.0,0.0,10.631433725357056
2020-09-06,562511.0,United Kingdom,Europe/London,2020-09-06,12.829422,9.528898,81.39041,12.829422,10.742685,13.956082,31.717463,0.0,0.0,0.0,0.039260864,0.07349014,248.446075518926
2020-09-07,623431.0,United Kingdom,Europe/London,2020-09-07,14.044287,12.200859,89.04508,14.044287,12.772425,16.4656,36.61204,0.18397522,0.18397474,0.7353945,12.73444,28.697384,1422.1066524982452
2020-09-08,627888.5,United Kingdom,Europe/London,2020-09-08,16.853361,14.644531,87.291084,16.853361,15.327047,20.69216,43.49821,107.53801,107.53802,296.83972,427.53085,1211.9746,3453.1862285137177
2020-09-09,615703.5,United Kingdom,Europe/London,2020-09-09,14.632603,10.983317,79.621254,14.632603,12.31795,16.538654,35.762413,15.955353,15.955351,58.824593,115.42386,314.58655,1315.5655460357666
2020-09-10,639108.5,United Kingdom,Europe/London,2020-09-10,11.738395,7.7369504,77.621315,11.738395,9.278807,12.0636215,28.345587,0.0,0.0,0.0,0.0,0.0,4.908530076344808
2020-09-11,604367.5,United Kingdom,Europe/London,2020-09-11,13.021705,9.458469,79.61748,13.021705,10.748671,14.079579,31.718103,0.0,0.0,0.0,0.0,0.0,82.98969443639119
2020-09-12,523272.5,United Kingdom,Europe/London,2020-09-12,13.530845,9.446797,77.41217,13.530845,10.978009,14.611877,32.30359,0.085754395,0.085754395,0.0,0.124848366,0.101270676,224.61294754346213
2020-09-13,502210.5,United Kingdom,Europe/London,2020-09-13,16.0026,12.974008,83.15936,16.0026,13.972305,18.81699,39.724644,116.49399,116.49399,143.19089,109.00651,274.94736,1896.7347661654155
2020-09-14,621827.5,United Kingdom,Europe/London,2020-09-14,16.746737,12.813515,79.59659,16.746708,14.174687,19.468544,40.224125,341.06653,341.02817,338.70828,197.47063,506.5478,1713.049834728241
2020-09-15,658002.0,United Kingdom,Europe/London,2020-09-15,17.223087,13.7797985,81.538155,17.23007,14.910104,20.513618,42.325047,343.14478,352.4569,487.42145,349.3796,973.2784,2570.592979749044
2020-09-16,639641.5,United Kingdom,Europe/London,2020-09-16,14.941291,12.156051,84.06028,14.941291,13.086325,17.417301,37.68924,91.04969,91.04968,150.28279,167.69142,448.80203,1829.4997301101685
2020-09-17,625241.0,United Kingdom,Europe/London,2020-09-17,14.073047,9.99159,77.67296,14.073047,11.491608,15.391712,33.527958,6.7545395,6.7545385,0.43185282,3.8202538,8.926306,333.39280160268146
2020-09-18,600879.5,United Kingdom,Europe/London,2020-09-18,13.309776,9.410207,78.786804,13.309776,10.863071,14.365198,32.007107,1.8500824,1.85008,0.010253429,1.5823832,3.114068,231.6929607391357
2020-09-19,539331.5,United Kingdom,Europe/London,2020-09-19,13.882096,10.071283,79.05009,13.882096,11.45375,15.244298,33.457127,32.87091,32.87091,13.645106,8.457035,17.102608,363.5624528725942
2020-09-20,556754.0,United Kingdom,Europe/London,2020-09-20,13.792716,10.710375,82.68351,13.792716,11.771325,15.45013,34.19929,36.50644,36.50644,26.656826,18.536373,37.895752,510.0770591100057
2020-09-21,641467.5,United Kingdom,Europe/London,2020-09-21,13.721936,10.544914,82.43021,13.721936,11.655132,15.32755,33.983074,98.93468,98.93468,87.88301,61.27976,145.49356,654.8166124820709
2020-09-22,642240.0,United Kingdom,Europe/London,2020-09-22,14.2310095,11.684588,85.511734,14.2310095,12.524236,16.385363,36.05005,79.9111,79.9111,85.392136,66.02119,164.70773,1099.8189503351848
2020-09-23,680820.5,United Kingdom,Europe/London,2020-09-23,11.368479,8.836943,85.14825,11.368479,9.781946,12.340661,29.800596,0.0,0.0,0.0,1.038693,1.4584236,759.1499109268188
2020-09-24,662766.0,United Kingdom,Europe/London,2020-09-24,8.438183,5.5217605,82.857544,8.438183,6.653874,7.960771,22.731384,0.0,0.0,0.0,0.0,0.0,0.3937085469563802
2020-09-25,605563.0,United Kingdom,Europe/London,2020-09-25,9.03286,4.8165,76.114075,9.03286,6.579053,8.290386,22.588362,0.0,0.0,0.0,0.0,0.0,0.0
2020-09-26,569925.0,United Kingdom,Europe/London,2020-09-26,8.748298,3.8250263,72.10795,8.748298,5.939053,7.6860657,21.401306,0.0,0.0,0.0,0.0,0.0,0.1023761431376139
2020-09-27,595761.0,United Kingdom,Europe/London,2020-09-27,8.772007,4.6810045,76.50145,8.772007,6.350427,8.01646,22.290327,0.0,0.0,0.0,0.0,0.0,3.821352481842041
2020-09-28,700165.5,United Kingdom,Europe/London,2020-09-28,10.47738,8.174264,86.34904,10.47738,8.981296,11.115925,27.9529,0.0,0.0,0.0,1.278225,1.6337814,394.8676274617513
2020-09-29,688632.0,United Kingdom,Europe/London,2020-09-29,11.255154,8.475769,84.150795,11.255154,9.504384,11.966708,28.946184,0.0,0.0,0.0,2.157722,4.3369427,331.841149409612
2020-09-30,685678.5,United Kingdom,Europe/London,2020-09-30,11.442671,9.837808,90.06513,11.442671,10.344847,12.711513,30.70476,0.0,0.0,0.0,0.0,0.0,399.172468662262
2020-10-01,694440.0,United Kingdom,Europe/London,2020-10-01,9.663596,6.977962,84.317505,9.663596,8.003083,9.722963,25.485788,0.0,0.0,0.0,0.0,0.0,51.76438776652018
2020-10-02,689902.0,United Kingdom,Europe/London,2020-10-02,9.958737,7.8557944,87.392,9.958737,8.593338,10.399173,26.861696,0.0,0.0,0.0,0.0,0.0,92.08940235773724
2020-10-03,646438.0,United Kingdom,Europe/London,2020-10-03,10.677825,9.510753,92.662155,10.677825,9.86251,11.81878,29.565632,0.0,0.0,0.0,0.0,0.0,413.0061427752177
2020-10-04,634998.0,United Kingdom,Europe/London,2020-10-04,11.03734,9.660486,91.51155,11.03734,10.091432,12.189649,29.960424,0.0,0.0,0.0,0.0,0.0,173.0023299853007
2020-10-05,703546.0,United Kingdom,Europe/London,2020-10-05,11.493604,9.848005,89.95682,11.493604,10.369071,12.7178545,30.62811,0.0,0.0,0.0,0.0,0.0,103.77739572525024
2020-10-06,687758.0,United Kingdom,Europe/London,2020-10-06,11.351174,9.4526415,88.447975,11.351174,10.071967,12.394214,29.972324,0.0,0.0,0.0,0.0,0.0,29.969078143437702
2020-10-07,674556.0,United Kingdom,Europe/London,2020-10-07,10.966516,8.019181,82.65706,10.966516,9.1017065,11.410475,27.893415,0.0,0.0,0.0,0.0,0.0,45.580376863479614
2020-10-08,704459.0,United Kingdom,Europe/London,2020-10-08,10.458887,8.207834,86.4727,10.458887,9.018508,11.122127,28.002619,0.0,0.0,0.0,0.99941826,1.2612743,562.4339643319448
2020-10-09,679715.5,United Kingdom,Europe/London,2020-10-09,8.23731,5.5035014,83.42528,8.23731,6.534496,7.7317944,22.447126,0.0,0.0,0.0,0.0,0.0,0.2848219871520996
2020-10-10,631001.5,United Kingdom,Europe/London,2020-10-10,9.020586,6.711258,85.78342,9.020586,7.525168,8.95393,24.47738,0.0,0.0,0.0,0.0,0.0,0.0178126494089762
2020-10-11,628865.0,United Kingdom,Europe/London,2020-10-11,9.410755,6.5544686,82.92617,9.410755,7.617929,9.267868,24.658524,0.0,0.0,0.0,0.0,0.0,0.0
2020-10-12,748188.5,United Kingdom,Europe/London,2020-10-12,9.010082,7.4413514,90.13044,9.010082,7.948562,9.22395,25.255041,0.0,0.0,0.0,0.0,0.0,13.153826395670572
2020-10-13,724534.5,United Kingdom,Europe/London,2020-10-13,8.84323,6.7014337,86.89122,8.84323,7.4631276,8.767369,24.270117,0.0,0.0,0.0,0.0,0.0,0.0814855893452962
2020-10-14,713215.5,United Kingdom,Europe/London,2020-10-14,10.106157,7.5690327,84.78285,10.106157,8.480196,10.359415,26.480612,0.0,0.0,0.0,0.0,0.0,0.2259352207183838
2020-10-15,733688.0,United Kingdom,Europe/London,2020-10-15,8.121945,5.372602,83.39514,8.121945,6.4143443,7.557797,22.164373,0.0,0.0,0.0,0.0,0.0,0.0
2020-10-16,741524.5,United Kingdom,Europe/London,2020-10-16,8.3799095,5.98023,85.34288,8.3799095,6.8493805,8.0298195,23.028337,0.0,0.0,0.0,0.0,0.0,0.0
2020-10-17,678365.0,United Kingdom,Europe/London,2020-10-17,8.740352,6.67724,87.19157,8.740352,7.3928266,8.650159,24.12524,0.0,0.0,0.0,0.0,0.0,0.0
2020-10-18,676541.5,United Kingdom,Europe/London,2020-10-18,8.401022,6.4346743,87.80979,8.401022,7.119831,8.231063,23.55645,0.0,0.0,0.0,0.0,0.0,0.0
2020-10-19,701119.5,United Kingdom,Europe/London,2020-10-19,10.407706,8.085522,86.108025,10.407706,8.903425,10.8734045,27.385725,0.0,0.0,0.0,0.0,0.0,5.038373311360677
2020-10-20,696114.5,United Kingdom,Europe/London,2020-10-20,12.500333,10.417199,87.47704,12.500333,11.093238,14.020664,32.492126,0.0,0.0,0.0,0.0,0.0,475.107817252477
2020-10-21,741764.5,United Kingdom,Europe/London,2020-10-21,12.372698,11.301432,93.25926,12.372698,11.603895,14.324792,33.578445,0.0,0.0,0.0,0.0,0.0,870.1420927842458
2020-10-22,710358.5,United Kingdom,Europe/London,2020-10-22,9.955552,7.5783606,85.599785,9.955552,8.431617,10.25039,26.446129,0.0,0.0,0.0,0.0,0.0,21.570597330729168
2020-10-23,713209.0,United Kingdom,Europe/London,2020-10-23,8.828256,6.5087347,85.74577,8.828256,7.3472924,8.728668,24.191196,0.0,0.0,0.0,0.0,0.0,60.70601511001587
2020-10-24,634937.0,United Kingdom,Europe/London,2020-10-24,9.683447,7.5170665,86.55178,9.683447,8.270609,9.994336,26.21725,0.0,0.0,0.0,0.0,0.0,168.49558083216348
2020-10-25,610995.25,United Kingdom,Europe/London,2020-10-25,8.499615,5.843216,83.733986,8.499615,6.8256493,8.102792,23.018444,0.0,0.0,0.0,0.0,0.0,2.094109535217285
2020-10-26,700632.0,United Kingdom,Europe/London,2020-10-26,8.767628,6.601025,86.59883,8.767628,7.3573565,8.641091,24.050568,0.0,0.0,0.0,0.0,0.0,0.0
2020-10-27,740053.5,United Kingdom,Europe/London,2020-10-27,8.337874,6.664303,89.44897,8.337874,7.223216,8.271461,23.784357,0.0,0.0,0.0,0.0,0.0,40.66663153966268
2020-10-28,716829.0,United Kingdom,Europe/London,2020-10-28,8.170047,5.5975685,84.08216,8.170047,6.539882,7.6813874,22.425264,0.0,0.0,0.0,0.0,0.0,0.0276530583699544
2020-10-29,732732.0,United Kingdom,Europe/London,2020-10-29,10.348152,8.7287,89.80453,10.348152,9.250619,11.18898,28.38752,0.0,0.0,0.0,0.0,0.0,399.6221287250519
2020-10-30,708321.5,United Kingdom,Europe/London,2020-10-30,11.609664,9.538218,87.38755,11.609664,10.257933,12.864728,30.842365,0.0,0.0,0.0,0.0,0.0,796.7674186229706
2020-10-31,605297.5,United Kingdom,Europe/London,2020-10-31,11.007538,8.44598,84.553345,11.007538,9.373812,11.739907,28.75333,0.0,0.0,0.0,0.0,0.0,417.0069960753123
2020-11-01,598773.0,United Kingdom,Europe/London,2020-11-01,11.277511,8.875922,85.3777,11.277511,9.720472,12.222471,29.630178,0.0,0.0,0.0,3.4891386,5.4073935,670.459082365036
2020-11-02,676025.5,United Kingdom,Europe/London,2020-11-02,10.0270405,7.135756,82.71085,10.0270405,8.219404,10.240011,26.294983,0.0,0.0,0.0,0.16139507,0.1692934,429.9707669417064
2020-11-03,757652.0,United Kingdom,Europe/London,2020-11-03,6.3189507,3.7657046,84.092575,6.3189507,4.74104,5.2184834,18.826548,0.0,0.0,0.0,0.0,0.0,0.0
2020-11-04,782678.0,United Kingdom,Europe/London,2020-11-04,6.359583,3.9825077,85.34385,6.359583,4.870188,5.345139,19.111015,0.0,0.0,0.0,0.0,0.0,0.000672181447347
2020-11-05,780694.5,United Kingdom,Europe/London,2020-11-05,7.9328413,6.036512,88.26856,7.9328413,6.6937943,7.6493816,22.763857,0.0,0.0,0.0,0.0,0.0,0.0438312689463297
2020-11-06,759646.5,United Kingdom,Europe/London,2020-11-06,7.134949,5.262836,88.52153,7.134949,5.93256,6.5582495,21.127626,0.0,0.0,0.0,0.0,0.0,0.1686466534932454
2020-11-07,699353.0,United Kingdom,Europe/London,2020-11-07,6.8647437,5.4493275,90.98054,6.8647437,5.9089785,6.422594,21.235523,0.0,0.0,0.0,0.0,0.0,30.66497000058492
2020-11-08,693033.0,United Kingdom,Europe/London,2020-11-08,9.6904335,8.92275,95.03196,9.6904335,9.1216955,10.588837,27.877632,0.0,0.0,0.0,0.0,0.0,244.03871035575867
2020-11-09,752089.5,United Kingdom,Europe/London,2020-11-09,11.198112,10.50555,95.578476,11.198112,10.674084,12.762153,31.286068,0.0,0.0,0.0,0.0,0.0,494.8598358631134
2020-11-10,742183.0,United Kingdom,Europe/London,2020-11-10,10.656368,9.52968,92.9129,10.656368,9.857462,11.753317,29.416739,0.0,0.0,0.0,0.0,0.0,78.81798489888509
2020-11-11,701445.0,United Kingdom,Europe/London,2020-11-11,10.943518,9.197225,89.12797,10.943518,9.753362,11.877843,29.250727,0.0,0.0,0.0,0.0,0.0,24.660298029581707
2020-11-12,692969.5,United Kingdom,Europe/London,2020-11-12,9.8290615,7.1949577,83.91015,9.8290615,8.142383,9.936916,25.789444,0.0,0.0,0.0,0.0,0.0,0.3016471862792969
2020-11-13,691772.5,United Kingdom,Europe/London,2020-11-13,8.990831,6.3410563,83.72414,8.990831,7.3124743,8.792559,24.076818,0.0,0.0,0.0,0.0,0.0,3.1811935106913247
2020-11-14,642602.5,United Kingdom,Europe/London,2020-11-14,10.415606,8.775669,89.68399,10.415606,9.300347,11.225851,28.367018,0.0,0.0,0.0,0.0,0.0,266.5152550538381
2020-11-15,620459.0,United Kingdom,Europe/London,2020-11-15,9.355682,7.2398987,86.89989,9.355682,7.9819446,9.504572,25.424252,0.0,0.0,0.0,0.0,0.0,51.1758337020874
2020-11-16,704496.0,United Kingdom,Europe/London,2020-11-16,9.612244,7.2780833,85.63789,9.612244,8.116886,9.785374,25.753592,0.0,0.0,0.0,0.0,0.0,31.37212483088176
2020-11-17,695484.5,United Kingdom,Europe/London,2020-11-17,12.452681,10.772767,89.61163,12.452681,11.289711,14.105981,32.815147,0.0,0.0,0.0,0.0,0.0,259.7738066514333
2020-11-18,685618.5,United Kingdom,Europe/London,2020-11-18,10.641289,8.240947,85.354675,10.641289,9.093167,11.250009,28.030066,0.0,0.0,0.0,0.0,0.0,105.5981187025706
2020-11-19,750600.5,United Kingdom,Europe/London,2020-11-19,5.7385817,2.183314,78.292885,5.7385817,3.683819,4.212193,17.044598,0.0,0.0,0.0,0.0,0.0,0.0
2020-11-20,760676.5,United Kingdom,Europe/London,2020-11-20,7.2263794,5.8412757,91.05359,7.2263794,6.291191,6.9572673,22.090092,0.0,0.0,0.0,0.0,0.0,2.200710852940877
2020-11-21,642076.5,United Kingdom,Europe/London,2020-11-21,9.301022,6.9348083,85.33931,9.301022,7.7848034,9.35793,25.111212,0.0,0.0,0.0,0.0,0.0,0.8583629131317139
2020-11-22,670535.0,United Kingdom,Europe/London,2020-11-22,6.5644274,4.1757126,85.03509,6.5644274,5.080807,5.6352396,19.558413,0.0,0.0,0.0,0.0,0.0,0.1743314266204834
2020-11-23,757336.5,United Kingdom,Europe/London,2020-11-23,6.908386,5.278969,89.584724,6.908386,5.8249874,6.364917,20.992455,0.0,0.0,0.0,0.0,0.0,0.2420705954233805
2020-11-24,732441.0,United Kingdom,Europe/London,2020-11-24,9.473303,7.6693287,88.656784,9.473303,8.2631855,9.783132,25.996658,0.0,0.0,0.0,0.0,0.0,1.4358317057291667
2020-11-25,795163.0,United Kingdom,Europe/London,2020-11-25,6.8818893,5.425566,90.661446,6.8818893,5.9057345,6.3802943,21.082245,0.0,0.0,0.0,0.0,0.0,4.624100685119629
2020-11-26,809021.5,United Kingdom,Europe/London,2020-11-26,4.6517744,3.4376009,92.07792,4.6517744,3.8205056,3.4619725,16.884562,0.0,0.0,0.0,0.0,0.0,0.0
2020-11-27,815249.0,United Kingdom,Europe/London,2020-11-27,4.3631473,2.7873695,89.76716,4.3631473,3.3376288,2.9794154,16.047867,0.0,0.0,0.0,0.0,0.0,0.0
2020-11-28,741700.5,United Kingdom,Europe/London,2020-11-28,5.584075,4.489878,92.82415,5.584075,4.8278275,4.8131323,19.010288,0.0,0.0,0.0,0.0,0.0,4.885623137156169
2020-11-29,741404.5,United Kingdom,Europe/London,2020-11-29,6.037584,5.3846927,95.66551,6.037584,5.537189,5.5250797,20.19349,0.0,0.0,0.0,0.0,0.0,0.0
2020-11-30,775592.0,United Kingdom,Europe/London,2020-11-30,7.28883,5.649783,89.63858,7.28883,6.224654,6.8617263,21.703789,0.0,0.0,0.0,0.0,0.0,0.0
2020-12-01,822664.0,United Kingdom,Europe/London,2020-12-01,5.057793,2.8288887,85.81615,5.057793,3.6725016,3.7006009,16.827923,0.0,0.0,0.0,0.0,0.0,0.0
2020-12-02,834804.0,United Kingdom,Europe/London,2020-12-02,5.2964067,3.568234,88.85424,5.2964067,4.1837063,4.1643643,17.701233,0.0,0.0,0.0,0.0,0.0,0.0
2020-12-03,862666.0,United Kingdom,Europe/London,2020-12-03,2.8903573,1.789158,92.61375,2.8903573,2.1359925,1.2490757,13.833769,0.0,0.0,0.0,0.0,0.0,0.0
2020-12-04,825518.5,United Kingdom,Europe/London,2020-12-04,3.6863842,1.9805936,88.97756,3.6863842,2.6097944,2.0745146,14.721875,0.0,0.0,0.0,0.0,0.0,0.0
2020-12-05,771707.0,United Kingdom,Europe/London,2020-12-05,4.217052,2.6040156,89.46709,4.217052,3.1668937,2.7640386,15.704646,0.0,0.0,0.0,0.0,0.0,0.0
2020-12-06,791405.5,United Kingdom,Europe/London,2020-12-06,2.6219406,1.7118726,93.93155,2.6219406,1.9713695,0.9237867,13.400682,0.0,0.0,0.0,0.0,0.0,0.0
2020-12-07,876802.0,United Kingdom,Europe/London,2020-12-07,1.9465758,1.122318,94.447945,1.9465759,1.3453853,0.085641295,12.260101,0.0,0.0,0.0,0.0,0.0,0.0
2020-12-08,874219.0,United Kingdom,Europe/London,2020-12-08,4.1459494,2.9868991,92.37978,4.1459494,3.347497,2.8254626,16.005222,0.0,0.0,0.0,0.0,0.0,0.0
2020-12-09,873470.5,United Kingdom,Europe/London,2020-12-09,5.106547,3.61739,90.31409,5.106547,4.123819,3.961434,17.470348,0.0,0.0,0.0,0.0,0.0,0.0
2020-12-10,846339.0,United Kingdom,Europe/London,2020-12-10,6.1369295,4.753335,90.95476,6.1369295,5.2038474,5.378919,19.603724,0.0,0.0,0.0,0.0,0.0,0.4000812371571858
2020-12-11,823539.0,United Kingdom,Europe/London,2020-12-11,7.334944,6.520887,94.664635,7.334944,6.7379127,7.1910214,22.544735,0.0,0.0,0.0,0.0,0.0,0.0
2020-12-12,758549.5,United Kingdom,Europe/London,2020-12-12,6.2828717,5.082551,92.28805,6.2828717,5.466268,5.622857,20.026093,0.0,0.0,0.0,0.0,0.0,0.0
2020-12-13,732666.5,United Kingdom,Europe/London,2020-12-13,6.689377,5.609267,92.936356,6.689377,5.931192,6.2837515,21.158045,0.0,0.0,0.0,0.0,0.0,9.04881191253662
2020-12-14,769081.5,United Kingdom,Europe/London,2020-12-14,8.561683,6.633752,87.80178,8.561683,7.2857885,8.455757,23.899239,0.0,0.0,0.0,0.0,0.0,0.064965009689331
2020-12-15,802187.5,United Kingdom,Europe/London,2020-12-15,6.8673415,5.129283,88.848045,6.8673415,5.718761,6.2207623,20.658018,0.0,0.0,0.0,0.0,0.0,0.0
2020-12-16,791638.5,United Kingdom,Europe/London,2020-12-16,7.630923,5.998544,89.50996,7.6309237,6.53432,7.294553,22.305447,0.0,0.0,0.0,0.0,0.0,0.0
2020-12-17,781480.0,United Kingdom,Europe/London,2020-12-17,7.7219276,6.130479,89.782646,7.7219276,6.6504545,7.4426584,22.558998,0.0,0.0,0.0,0.0,0.0,1.2852007548014324
2020-12-18,731625.5,United Kingdom,Europe/London,2020-12-18,10.688512,9.355348,91.530914,10.688512,9.757024,11.70555,29.224113,0.0,0.0,0.0,0.0,0.0,78.24972438812256
2020-12-19,654157.0,United Kingdom,Europe/London,2020-12-19,8.381795,6.204111,86.30532,8.381795,6.970569,8.131791,23.31204,0.0,0.0,0.0,0.0,0.0,0.0024015108744303
2020-12-20,673333.5,United Kingdom,Europe/London,2020-12-20,6.4048657,4.26601,86.347595,6.4048657,5.039926,5.464645,19.363426,0.0,0.0,0.0,0.0,0.0,0.0
2020-12-21,771964.0,United Kingdom,Europe/London,2020-12-21,7.5849805,6.533235,93.13675,7.5849805,6.857062,7.565664,23.15612,0.0,0.0,0.0,0.0,0.0,154.9355430603027
2020-12-22,787271.0,United Kingdom,Europe/London,2020-12-22,6.029635,4.702408,91.32149,6.029635,5.1375866,5.3468623,19.711477,0.0,0.0,0.0,0.0,0.0,24.94240458806356
2020-12-23,750723.0,United Kingdom,Europe/London,2020-12-23,5.668681,4.5794272,92.84829,5.668681,4.9262533,4.9576883,19.2659,0.0,0.0,0.0,0.0,0.0,10.017941077550253
2020-12-24,706209.0,United Kingdom,Europe/London,2020-12-24,2.873475,-0.2846497,80.02086,2.873475,1.0874381,0.6749963,12.254764,0.0,0.0,0.0,0.0,0.0,0.0
2020-12-25,693158.5,United Kingdom,Europe/London,2020-12-25,2.5012271,0.025799053,83.98712,2.5012271,1.0482355,0.4060025,12.168325,0.0,0.0,0.0,0.0,0.0,0.0
2020-12-26,607362.0,United Kingdom,Europe/London,2020-12-26,6.4904723,4.6675797,88.28398,6.4904723,5.2989345,5.709149,19.898058,0.0,0.0,0.0,0.0,0.0,0.0
2020-12-27,652633.0,United Kingdom,Europe/London,2020-12-27,3.6362805,1.63348,87.018135,3.6362805,2.3911572,1.950453,14.465506,0.0,0.0,0.0,0.0,0.0,0.0
2020-12-28,751851.0,United Kingdom,Europe/London,2020-12-28,1.1416839,0.060563546,92.71882,1.1416839,0.40124702,-0.97330254,10.734623,0.0,0.0,0.0,0.0,0.0,0.0
2020-12-29,774505.0,United Kingdom,Europe/London,2020-12-29,1.9471033,0.60477155,91.0174,1.9471033,1.0608245,-0.045945372,11.891004,0.0,0.0,0.0,0.0,0.0,0.0
2020-12-30,793839.5,United Kingdom,Europe/London,2020-12-30,0.9044863,-0.55850446,90.208885,0.9044863,-0.029971031,-1.3698136,10.047985,0.0,0.0,0.0,0.0,0.0,0.0
2020-12-31,793905.0,United Kingdom,Europe/London,2020-12-31,0.7687136,-0.39370054,92.14951,0.7687136,-0.016159171,-1.4627373,10.0308275,0.0,0.0,0.0,0.0,0.0,0.0
2021-01-01,733884.5,United Kingdom,Europe/London,2021-01-01,1.7732456,0.35021695,90.47757,1.7732456,0.8478724,-0.2753823,11.559684,0.0,0.0,0.0,0.0,0.0,0.0
2021-01-02,751983.0,United Kingdom,Europe/London,2021-01-02,1.092132,-0.5009639,89.31773,1.092132,0.085466824,-1.1689229,10.2750435,0.0,0.0,0.0,0.0,0.0,0.0
2021-01-03,752837.0,United Kingdom,Europe/London,2021-01-03,1.9752202,0.46736082,89.92993,1.9752202,1.0044372,-0.04994456,11.829572,0.0,0.0,0.0,0.0,0.0,0.0
2021-01-04,842042.5,United Kingdom,Europe/London,2021-01-04,2.168322,0.2221568,87.20651,2.168322,0.9658633,0.07242737,11.826931,0.0,0.0,0.0,0.0,0.0,0.0
2021-01-05,862503.5,United Kingdom,Europe/London,2021-01-05,1.8037261,-0.26348338,86.406044,1.8037262,0.54881716,-0.41116548,11.124378,0.0,0.0,0.0,0.0,0.0,0.0
2021-01-06,892954.5,United Kingdom,Europe/London,2021-01-06,0.6813998,-0.6940606,90.72445,0.6813998,-0.21496588,-1.6205956,9.745046,0.0,0.0,0.0,0.0,0.0,0.0
2021-01-07,900464.5,United Kingdom,Europe/London,2021-01-07,0.13695155,-0.9071385,92.901985,0.13695154,-0.57662094,-2.2247107,9.026168,0.0,0.0,0.0,0.0,0.0,0.0
2021-01-08,890834.5,United Kingdom,Europe/London,2021-01-08,-0.13106729,-1.6842479,89.69298,-0.13106735,-1.0719113,-2.6386273,8.347873,0.0,0.0,0.0,0.0,0.0,0.0
2021-01-09,819016.5,United Kingdom,Europe/London,2021-01-09,0.25365865,-1.1521604,90.59407,0.25365865,-0.6270708,-2.1166224,9.122432,0.0,0.0,0.0,0.0,0.0,0.0
2021-01-10,790533.5,United Kingdom,Europe/London,2021-01-10,2.9545956,1.9211317,93.084015,2.9545956,2.2377818,1.3454815,13.988814,0.0,0.0,0.0,0.0,0.0,0.0
2021-01-11,801419.0,United Kingdom,Europe/London,2021-01-11,6.10127,4.510326,89.697876,6.10127,5.055361,5.279343,19.38889,0.0,0.0,0.0,0.0,0.0,0.0
2021-01-12,839626.0,United Kingdom,Europe/London,2021-01-12,3.6940532,1.8280665,87.90562,3.6940532,2.5569353,2.1632352,14.962977,0.0,0.0,0.0,0.0,0.0,0.0
2021-01-13,865863.0,United Kingdom,Europe/London,2021-01-13,3.5452704,2.484614,92.89463,3.5452704,2.8315616,2.2157788,15.377649,0.0,0.0,0.0,0.0,0.0,0.0
2021-01-14,856067.5,United Kingdom,Europe/London,2021-01-14,3.8440788,2.9164202,93.867195,3.8440788,3.1854084,2.5591147,15.801786,0.0,0.0,0.0,0.0,0.0,0.0
2021-01-15,870993.0,United Kingdom,Europe/London,2021-01-15,1.3908088,0.18095486,91.912735,1.3908088,0.58092314,-0.69735116,11.061975,0.0,0.0,0.0,0.0,0.0,0.0
2021-01-16,734547.5,United Kingdom,Europe/London,2021-01-16,4.980239,3.1934333,88.46487,4.980239,3.8330648,3.7381623,17.072317,0.0,0.0,0.0,0.0,0.0,0.0244004726409912
2021-01-17,722271.5,United Kingdom,Europe/London,2021-01-17,4.842748,2.5031521,85.01277,4.842748,3.397427,3.3584747,16.251465,0.0,0.0,0.0,0.0,0.0,0.0
2021-01-18,809942.5,United Kingdom,Europe/London,2021-01-18,4.957475,3.4103854,89.85531,4.957475,3.9437916,3.7776866,17.223352,0.0,0.0,0.0,0.0,0.0,0.0081610679626464
2021-01-19,791815.5,United Kingdom,Europe/London,2021-01-19,6.520734,5.611118,94.036285,6.520734,5.863342,6.174068,21.15543,0.0,0.0,0.0,0.0,0.0,0.0894547303517659
2021-01-20,787306.5,United Kingdom,Europe/London,2021-01-20,5.8088007,4.9581866,94.40225,5.8088007,5.1852207,5.27141,19.899029,0.0,0.0,0.0,0.0,0.0,0.0860490004221598
2021-01-21,783686.5,United Kingdom,Europe/London,2021-01-21,3.6584857,1.27991,84.788574,3.6584857,2.2177794,1.837432,14.106966,0.0,0.0,0.0,0.0,0.0,0.0
2021-01-22,801487.5,United Kingdom,Europe/London,2021-01-22,2.4312177,0.28314146,86.050026,2.4312177,1.1283913,0.35418758,12.146256,0.0,0.0,0.0,0.0,0.0,0.0
2021-01-23,783666.0,United Kingdom,Europe/London,2021-01-23,0.06600808,-1.6588722,88.6052,0.06600808,-0.9815225,-2.4597173,8.495843,0.0,0.0,0.0,0.0,0.0,0.0
2021-01-24,804032.5,United Kingdom,Europe/London,2021-01-24,-0.34549984,-1.8181989,90.033554,-0.3454998,-1.2761612,-2.9010856,7.996253,0.0,0.0,0.0,0.0,0.0,0.0
2021-01-25,842679.5,United Kingdom,Europe/London,2021-01-25,1.3060527,-1.0428116,84.73156,1.3060527,-0.07568394,-1.0810816,10.139152,0.0,0.0,0.0,0.0,0.0,0.0
2021-01-26,886000.5,United Kingdom,Europe/London,2021-01-26,2.2975473,1.1772419,92.437355,2.297547,1.5415765,0.5200426,12.852862,0.0,0.0,0.0,0.0,0.0,0.0
2021-01-27,845582.5,United Kingdom,Europe/London,2021-01-27,5.4644485,4.8081317,95.637856,5.4644485,4.9788766,4.801822,19.192083,0.0,0.0,0.0,0.0,0.0,0.195361057917277
2021-01-28,792321.0,United Kingdom,Europe/London,2021-01-28,6.2086854,5.1952505,93.41347,6.2086854,5.514935,5.7440286,20.507933,0.0,0.0,0.0,0.0,0.0,1.2001759211222331
2021-01-29,767843.0,United Kingdom,Europe/London,2021-01-29,5.8423867,4.2506223,89.729095,5.8423867,4.8016224,4.986124,19.032652,0.0,0.0,0.0,0.0,0.0,0.0
2021-01-30,725883.0,United Kingdom,Europe/London,2021-01-30,2.5786972,0.46455088,86.3135,2.5786972,1.3254017,0.62083834,12.632463,0.0,0.0,0.0,0.0,0.0,0.0
2021-01-31,780357.0,United Kingdom,Europe/London,2021-01-31,0.5823141,-1.700651,85.089355,0.582314,-0.7396801,-1.9296411,9.058146,0.0,0.0,0.0,0.0,0.0,0.0
2021-02-01,861057.0,United Kingdom,Europe/London,2021-02-01,1.6732384,-0.20461431,87.7046,1.6732384,0.54152095,-0.47644597,11.1769495,0.0,0.0,0.0,0.0,0.0,0.0234389305114746
2021-02-02,807422.0,United Kingdom,Europe/London,2021-02-02,4.497486,2.9081645,89.70375,4.497486,3.5013278,3.3179748,16.765394,0.0,0.0,0.0,0.0,0.0,0.0061791737874348
2021-02-03,803054.5,United Kingdom,Europe/London,2021-02-03,4.8292527,3.0807943,88.75145,4.8292527,3.726945,3.593976,16.939764,0.0,0.0,0.0,0.0,0.0,0.0
2021-02-04,818189.0,United Kingdom,Europe/London,2021-02-04,4.553603,3.5149493,93.10605,4.553603,3.8403108,3.4364574,16.990498,0.0,0.0,0.0,0.0,0.0,0.0
2021-02-05,784869.5,United Kingdom,Europe/London,2021-02-05,4.9122624,3.741335,92.30546,4.9122624,4.120194,3.8413687,17.482912,0.0,0.0,0.0,0.0,0.0,0.0
2021-02-06,723070.5,United Kingdom,Europe/London,2021-02-06,3.2634647,1.9076238,91.072914,3.263465,2.3868616,1.6429784,14.269096,0.0,0.0,0.0,0.0,0.0,0.0
2021-02-07,729153.0,United Kingdom,Europe/London,2021-02-07,1.0671383,-2.4034586,78.09617,1.0671383,-0.76867354,-1.6141231,9.073391,0.0,0.0,0.0,0.0,0.0,0.0
2021-02-08,857905.0,United Kingdom,Europe/London,2021-02-08,-0.57874,-3.863067,78.86835,-0.57874,-2.3114994,-3.5751796,6.526433,0.0,0.0,0.0,0.0,0.0,0.0
2021-02-09,887926.0,United Kingdom,Europe/London,2021-02-09,-1.2533703,-4.3009076,80.22277,-1.2533703,-2.8711946,-4.3264775,5.6304193,0.0,0.0,0.0,0.0,0.0,0.0
2021-02-10,890827.5,United Kingdom,Europe/London,2021-02-10,-1.8885437,-5.3410525,77.971054,-1.8885437,-3.6403027,-5.1434226,4.480839,0.0,0.0,0.0,0.0,0.0,0.0
2021-02-11,896911.0,United Kingdom,Europe/London,2021-02-11,-2.6195598,-6.09229,77.881836,-2.6195598,-4.3620687,-5.980233,3.4481442,0.0,0.0,0.0,0.0,0.0,0.0
2021-02-12,852685.0,United Kingdom,Europe/London,2021-02-12,-0.72046834,-5.4028835,71.29808,-0.72046834,-2.94535,-3.9805248,5.646831,0.0,0.0,0.0,0.0,0.0,0.0
2021-02-13,784364.5,United Kingdom,Europe/London,2021-02-13,-0.9328969,-6.088889,68.5357,-0.9328969,-3.279645,-4.2849836,5.1755066,0.0,0.0,0.0,0.0,0.0,0.0
2021-02-14,760205.0,United Kingdom,Europe/London,2021-02-14,3.4908257,0.43077132,80.94158,3.490826,1.8395411,1.5918372,13.723175,0.0,0.0,0.0,0.0,0.0,0.0
2021-02-15,796453.5,United Kingdom,Europe/London,2021-02-15,7.2187014,5.7907767,90.84912,7.2187014,6.2512665,6.8164144,21.701796,0.0,0.0,0.0,0.0,0.0,0.0
2021-02-16,757451.5,United Kingdom,Europe/London,2021-02-16,7.923831,5.8532495,86.95482,7.923831,6.586572,7.544079,22.481369,0.0,0.0,0.0,0.0,0.0,0.0
2021-02-17,744332.5,United Kingdom,Europe/London,2021-02-17,7.46759,5.0902257,85.21386,7.46759,5.984198,6.8487225,21.347075,0.0,0.0,0.0,0.0,0.0,0.0
2021-02-18,716655.5,United Kingdom,Europe/London,2021-02-18,6.723596,3.8802643,82.487495,6.723596,5.0001354,5.676078,19.386328,0.0,0.0,0.0,0.0,0.0,0.0
2021-02-19,719713.5,United Kingdom,Europe/London,2021-02-19,7.618448,5.483464,86.462685,7.618448,6.242691,7.1356134,21.883251,0.0,0.0,0.0,0.0,0.0,0.0
2021-02-20,626593.0,United Kingdom,Europe/London,2021-02-20,9.8513,7.352623,84.87351,9.8513,8.2462,10.026045,26.00071,0.0,0.0,0.0,0.0,0.0,0.0
2021-02-21,669856.5,United Kingdom,Europe/London,2021-02-21,8.516303,5.8562436,83.74962,8.516303,6.86186,8.155546,23.137611,0.0,0.0,0.0,0.0,0.0,0.0
2021-02-22,761074.0,United Kingdom,Europe/London,2021-02-22,6.9907904,4.636196,85.54965,6.9907904,5.5407424,6.1987505,20.375057,0.0,0.0,0.0,0.0,0.0,0.0
2021-02-23,677308.0,United Kingdom,Europe/London,2021-02-23,8.91803,5.8890696,81.83448,8.91803,7.0546947,8.5772915,23.603222,0.0,0.0,0.0,0.0,0.0,0.0365182558695475
2021-02-24,675946.0,United Kingdom,Europe/London,2021-02-24,10.531044,7.470383,81.82151,10.531044,8.602635,10.770963,26.877121,0.0,0.0,0.0,0.0,0.0,0.2867236137390136
2021-02-25,718664.5,United Kingdom,Europe/London,2021-02-25,7.077902,3.8807025,80.80194,7.077902,5.1811404,6.0420246,19.779099,0.0,0.0,0.0,0.0,0.0,0.0
2021-02-26,733096.0,United Kingdom,Europe/London,2021-02-26,5.496044,2.6877224,83.120384,5.496044,3.8207986,4.0832243,17.11617,0.0,0.0,0.0,0.0,0.0,0.0
2021-02-27,669252.0,United Kingdom,Europe/London,2021-02-27,5.8820868,3.4967036,85.45109,5.8820868,4.4091506,4.720205,18.21254,0.0,0.0,0.0,0.0,0.0,0.0
2021-02-28,672179.5,United Kingdom,Europe/London,2021-02-28,5.273688,3.1004853,86.67599,5.273688,3.9233787,3.9897335,17.252604,0.0,0.0,0.0,0.0,0.0,0.0
2021-03-01,778755.0,United Kingdom,Europe/London,2021-03-01,4.3170114,2.422857,88.16224,4.3170114,3.1299276,2.8225029,15.690654,0.0,0.0,0.0,0.0,0.0,0.0
2021-03-02,797882.5,United Kingdom,Europe/London,2021-03-02,3.4742513,1.8455607,89.46629,3.4742513,2.4291747,1.8155894,14.375707,0.0,0.0,0.0,0.0,0.0,0.0
2021-03-03,825353.0,United Kingdom,Europe/London,2021-03-03,3.517675,2.388019,92.48489,3.517675,2.7485075,2.0461268,14.9455,0.0,0.0,0.0,0.0,0.0,0.0
2021-03-04,812003.0,United Kingdom,Europe/London,2021-03-04,3.9484541,1.467386,84.44145,3.9484541,2.5087335,2.2119658,14.638059,0.0,0.0,0.0,0.0,0.0,0.0
2021-03-05,806219.5,United Kingdom,Europe/London,2021-03-05,2.7819078,-1.9108663,71.82842,2.7819078,0.35859382,0.19066468,11.0606575,0.0,0.0,0.0,0.0,0.0,0.0
2021-03-06,737456.0,United Kingdom,Europe/London,2021-03-06,2.4439223,-1.8358415,74.29654,2.4439223,0.2164197,-0.12544942,10.780003,0.0,0.0,0.0,0.0,0.0,0.0
2021-03-07,716539.0,United Kingdom,Europe/London,2021-03-07,3.480104,-0.10589306,78.25685,3.480104,1.5364215,1.3620491,13.095544,0.0,0.0,0.0,0.0,0.0,0.0
2021-03-08,784924.0,United Kingdom,Europe/London,2021-03-08,5.5088387,2.86679,83.823814,5.5088387,3.9449942,4.183143,17.37382,0.0,0.0,0.0,0.0,0.0,0.0
2021-03-09,744344.0,United Kingdom,Europe/London,2021-03-09,6.4019732,3.5965526,83.0228,6.4019732,4.7197967,5.269655,18.821972,0.0,0.0,0.0,0.0,0.0,0.0
2021-03-10,735691.0,United Kingdom,Europe/London,2021-03-10,7.39751,5.4745574,87.78628,7.39751,6.164777,6.9248805,21.6873,0.0,0.0,0.0,0.0,0.0,0.1851595242818196
2021-03-11,681991.0,United Kingdom,Europe/London,2021-03-11,6.706425,3.2524137,79.05785,6.706425,4.6750746,5.4735117,18.848974,0.0,0.0,0.0,0.0,0.0,0.0
2021-03-12,681063.0,United Kingdom,Europe/London,2021-03-12,5.226823,2.223706,81.589745,5.226823,3.465615,3.6745372,16.45059,0.0,0.0,0.0,0.0,0.0,0.0
2021-03-13,637114.5,United Kingdom,Europe/London,2021-03-13,4.8519526,1.6909474,80.75036,4.8519526,3.0304224,3.14696,15.641866,0.0,0.0,0.0,0.0,0.0,0.0
2021-03-14,641716.5,United Kingdom,Europe/London,2021-03-14,6.231259,3.28444,81.89739,6.231259,4.471425,4.999301,18.368704,0.0,0.0,0.0,0.0,0.0,0.0
2021-03-15,744541.5,United Kingdom,Europe/London,2021-03-15,7.46852,4.3594337,81.40434,7.46852,5.611349,6.584959,20.603333,0.0,0.0,0.0,0.0,0.0,0.0
2021-03-16,728540.5,United Kingdom,Europe/London,2021-03-16,8.6462345,5.736445,82.89338,8.6462345,6.888765,8.253489,23.179829,0.0,0.0,0.0,0.0,0.0,0.0
2021-03-17,750842.5,United Kingdom,Europe/London,2021-03-17,6.8071036,3.5126724,80.40811,6.8071036,4.863157,5.6427655,19.143316,0.0,0.0,0.0,0.0,0.0,0.0
2021-03-18,758179.0,United Kingdom,Europe/London,2021-03-18,7.6239223,5.5538206,87.24518,7.6239223,6.28406,7.1487784,21.910492,0.0,0.0,0.0,0.0,0.0,0.0
2021-03-19,732919.0,United Kingdom,Europe/London,2021-03-19,7.578246,5.4127126,86.60947,7.578246,6.2024546,7.0290136,21.653357,0.0,0.0,0.0,0.0,0.0,0.0
2021-03-20,679265.0,United Kingdom,Europe/London,2021-03-20,7.539023,5.257417,85.87748,7.539023,6.086556,6.934747,21.459375,0.0,0.0,0.0,0.0,0.0,0.0
2021-03-21,665425.0,United Kingdom,Europe/London,2021-03-21,7.0104012,3.54819,79.31916,7.0104012,4.969835,5.853069,19.3691,0.0,0.0,0.0,0.0,0.0,0.0
2021-03-22,726537.5,United Kingdom,Europe/London,2021-03-22,6.578369,3.6473973,82.18834,6.578369,4.8005414,5.451424,19.016586,0.0,0.0,0.0,0.0,0.0,0.0
2021-03-23,708322.0,United Kingdom,Europe/London,2021-03-23,7.595009,4.0017824,78.60011,7.595009,5.464818,6.5716796,20.338606,0.0,0.0,0.0,0.0,0.0,0.0
2021-03-24,701229.5,United Kingdom,Europe/London,2021-03-24,7.4321084,4.042065,80.11606,7.4321084,5.4436097,6.444888,20.275024,0.0,0.0,0.0,0.0,0.0,0.0
2021-03-25,675194.5,United Kingdom,Europe/London,2021-03-25,7.90121,4.9746222,82.49947,7.90121,6.1119556,7.209035,21.580599,0.0,0.0,0.0,0.0,0.0,0.0
2021-03-26,654083.0,United Kingdom,Europe/London,2021-03-26,6.5799336,3.3498828,80.51159,6.5799336,4.697389,5.4083,18.893393,0.0,0.0,0.0,0.0,0.0,0.0
2021-03-27,597783.0,United Kingdom,Europe/London,2021-03-27,5.972345,1.6920091,74.97276,5.972345,3.5989087,4.292289,16.849104,0.0,0.0,0.0,0.0,0.0,0.0
2021-03-29,608062.0,United Kingdom,Europe/London,2021-03-29,11.502712,8.759754,83.84843,11.502712,9.731913,12.254736,29.307774,0.0,0.0,0.0,0.0,0.0,26.23469853401184
2021-03-30,640327.5,United Kingdom,Europe/London,2021-03-30,11.394797,6.8307853,75.82467,11.394797,8.673418,11.385576,27.054998,16.193268,16.19326,0.0,0.0,0.0,0.1516213417053222
2021-03-31,646731.5,United Kingdom,Europe/London,2021-03-31,10.739901,6.54526,76.84495,10.739901,8.194751,10.64691,26.156565,3.7387009,3.7387013,0.0,0.0,0.0,1.117328643798828
2021-04-01,645630.5,United Kingdom,Europe/London,2021-04-01,7.185813,3.6580374,78.86206,7.185813,5.1209583,6.136815,19.855137,0.0,0.0,0.0,0.0,0.0,0.0
2021-04-02,615302.0,United Kingdom,Europe/London,2021-04-02,5.786502,1.4326946,74.48999,5.7865024,3.351952,4.019962,16.41851,0.0,0.0,0.0,0.0,0.0,0.0
2021-04-03,614145.0,United Kingdom,Europe/London,2021-04-03,6.1244097,1.7997028,74.84087,6.1244106,3.70018,4.449541,17.017689,0.0,0.0,0.0,0.0,0.0,0.0
2021-04-04,536381.0,United Kingdom,Europe/London,2021-04-04,6.3387804,2.5774455,78.23518,6.3387804,4.16689,4.9109883,17.930788,0.0,0.0,0.0,0.0,0.0,0.0
2021-04-05,557185.5,United Kingdom,Europe/London,2021-04-05,3.466815,-3.513118,62.33471,3.466815,0.34874472,0.6545161,11.13597,0.0,0.0,0.0,0.0,0.0,0.0
2021-04-06,684212.5,United Kingdom,Europe/London,2021-04-06,1.8709488,-4.2076645,65.38349,1.8709488,-0.9482692,-1.1730251,8.870543,0.0,0.0,0.0,0.0,0.0,0.0
2021-04-07,755745.0,United Kingdom,Europe/London,2021-04-07,2.6160707,-3.4810634,65.41174,2.6160707,-0.2754169,-0.28416047,10.027405,0.0,0.0,0.0,0.0,0.0,0.0
2021-04-08,676437.0,United Kingdom,Europe/London,2021-04-08,6.419266,2.4152257,76.359505,6.419266,4.1565404,4.950111,17.894508,0.0,0.0,0.0,0.0,0.0,0.0
2021-04-09,707301.0,United Kingdom,Europe/London,2021-04-09,4.975773,0.55102587,74.23766,4.975773,2.6294065,3.0341494,15.105771,0.0,0.0,0.0,0.0,0.0,0.0
2021-04-10,665543.5,United Kingdom,Europe/London,2021-04-10,2.9986966,-1.0585252,75.8174,2.9986966,0.8608189,0.6402274,11.934091,0.0,0.0,0.0,0.0,0.0,0.0
2021-04-11,649568.5,United Kingdom,Europe/London,2021-04-11,2.3225904,-2.0583518,74.40533,2.3225904,0.08582464,-0.29262912,10.528873,0.0,0.0,0.0,0.0,0.0,0.0
2021-04-12,735594.0,United Kingdom,Europe/London,2021-04-12,3.368386,-2.0534875,70.33168,3.368386,0.7350938,0.7892706,11.6889305,0.0,0.0,0.0,0.0,0.0,0.0
2021-04-13,739218.0,United Kingdom,Europe/London,2021-04-13,4.820357,-0.12855273,72.32805,4.820357,2.2356255,2.6922166,14.425456,0.0,0.0,0.0,0.0,0.0,0.0
2021-04-14,724986.0,United Kingdom,Europe/London,2021-04-14,5.639249,1.0164523,74.33481,5.639249,3.1605139,3.7779143,16.002949,0.0,0.0,0.0,0.0,0.0,0.0
2021-04-15,718780.5,United Kingdom,Europe/London,2021-04-15,5.488002,0.12753284,70.59702,5.488002,2.682873,3.384964,15.171029,0.0,0.0,0.0,0.0,0.0,0.0
2021-04-16,705748.0,United Kingdom,Europe/London,2021-04-16,5.747392,0.19961676,69.74303,5.747392,2.8500092,3.6578832,15.471647,0.0,0.0,0.0,0.0,0.0,0.0
2021-04-17,616981.5,United Kingdom,Europe/London,2021-04-17,6.621578,0.17972745,65.91151,6.621578,3.316082,4.5294433,16.349718,0.0,0.0,0.0,0.0,0.0,0.0
2021-04-18,607423.0,United Kingdom,Europe/London,2021-04-18,7.2932324,1.9228715,70.839874,7.2932324,4.4124813,5.6919045,18.40935,0.0,0.0,0.0,0.0,0.0,0.0
2021-04-19,666141.0,United Kingdom,Europe/London,2021-04-19,8.550539,2.9613702,70.30459,8.550539,5.4889364,7.223493,20.455364,0.0,0.0,0.0,0.0,0.0,0.0
2021-04-20,678102.0,United Kingdom,Europe/London,2021-04-20,8.618208,3.9311483,74.13944,8.618208,5.946037,7.5944753,21.377872,0.0,0.0,0.0,0.0,0.0,0.0
2021-04-21,673349.5,United Kingdom,Europe/London,2021-04-21,7.9260907,2.401016,69.64705,7.9260907,4.944794,6.4802,19.489212,0.0,0.0,0.0,0.0,0.0,0.0
2021-04-22,661276.0,United Kingdom,Europe/London,2021-04-22,7.2950506,0.551627,65.414,7.2950506,3.83952,5.315934,17.349945,0.0,0.0,0.0,0.0,0.0,0.0
2021-04-23,631655.5,United Kingdom,Europe/London,2021-04-23,8.8576765,0.8769235,61.37819,8.8576765,4.828106,6.969851,19.188843,0.0,0.0,0.0,0.0,0.0,0.0
2021-04-24,559428.0,United Kingdom,Europe/London,2021-04-24,9.191334,2.4070709,64.53212,9.191334,5.5544724,7.7068176,20.663668,0.0,0.0,0.0,0.0,0.0,0.0
2021-04-25,561466.5,United Kingdom,Europe/London,2021-04-25,7.850474,2.4829621,70.58828,7.850474,4.8954954,6.370143,19.31483,0.0,0.0,0.0,0.0,0.0,0.0
2021-04-26,654642.0,United Kingdom,Europe/London,2021-04-26,7.3886266,2.5114474,72.76388,7.3886266,4.7048683,5.9422326,18.941391,0.0,0.0,0.0,0.0,0.0,0.0
2021-04-27,693450.5,United Kingdom,Europe/London,2021-04-27,7.5958424,3.9964926,79.016136,7.5958424,5.4869475,6.584865,20.3744,0.0,0.0,0.0,0.0,0.0,0.0
2021-04-28,695131.5,United Kingdom,Europe/London,2021-04-28,6.826961,2.626224,75.64041,6.826961,4.4722238,5.3987837,18.42162,0.0,0.0,0.0,0.0,0.0,0.0
2021-04-29,711169.0,United Kingdom,Europe/London,2021-04-29,5.715549,0.9738739,72.92524,5.715549,3.161535,3.8173172,15.974975,0.0,0.0,0.0,0.0,0.0,0.0
2021-04-30,690398.5,United Kingdom,Europe/London,2021-04-30,5.550948,1.3736051,75.79152,5.550948,3.2456393,3.7605393,16.111042,0.0,0.0,0.0,0.0,0.0,0.0
2021-05-01,624148.0,United Kingdom,Europe/London,2021-05-01,5.634783,1.5844573,76.629196,5.634783,3.386745,3.9014697,16.356474,0.0,0.0,0.0,0.0,0.0,0.0
2021-05-02,595829.0,United Kingdom,Europe/London,2021-05-02,6.3621182,1.7249867,74.19103,6.3621182,3.8353252,4.672795,17.217468,0.0,0.0,0.0,0.0,0.0,0.0
2021-05-03,626664.5,United Kingdom,Europe/London,2021-05-03,6.64798,3.9328644,83.388054,6.64798,4.9898562,5.633354,19.403345,0.0,0.0,0.0,0.0,0.0,0.0
2021-05-04,650058.0,United Kingdom,Europe/London,2021-05-04,6.8603644,2.972772,77.13492,6.8603644,4.6329613,5.5306983,18.732481,0.0,0.0,0.0,0.0,0.0,0.0
2021-05-05,691281.5,United Kingdom,Europe/London,2021-05-05,5.2397094,0.8509371,74.55775,5.2397094,2.8632715,3.3179252,15.426935,0.0,0.0,0.0,0.0,0.0,0.0
2021-05-06,700889.5,United Kingdom,Europe/London,2021-05-06,5.2788777,1.2156879,76.86554,5.2788777,3.0651934,3.454338,15.739339,0.0,0.0,0.0,0.0,0.0,0.0
2021-05-07,674579.0,United Kingdom,Europe/London,2021-05-07,6.5684533,1.3277072,71.28426,6.5684533,3.775892,4.7665796,17.10995,0.0,0.0,0.0,0.0,0.0,0.0
2021-05-08,619134.5,United Kingdom,Europe/London,2021-05-08,8.101114,6.080937,87.54884,8.101114,6.830072,7.9990015,23.4531,0.0,0.0,0.0,0.0,0.0,201.8135798772176
2021-05-09,567270.0,United Kingdom,Europe/London,2021-05-09,11.707427,8.544199,81.74971,11.707427,9.6959095,12.394943,29.336884,0.0,0.0,0.0,0.0,0.0,74.06379246711731
2021-05-10,621356.5,United Kingdom,Europe/London,2021-05-10,10.966851,7.6707835,80.8064,10.966851,8.908234,11.262142,27.474766,0.0,0.0,0.0,0.0,0.0,7.680455684661865
2021-05-11,647372.5,United Kingdom,Europe/London,2021-05-11,9.867035,6.14948,78.86393,9.867035,7.6368628,9.581565,24.72107,0.0,0.0,0.0,0.0,0.0,0.0
2021-05-12,667920.0,United Kingdom,Europe/London,2021-05-12,9.52394,6.334654,81.682976,9.52394,7.5768986,9.300167,24.545809,0.0,0.0,0.0,0.0,0.0,0.0059650739034016
2021-05-13,681958.0,United Kingdom,Europe/London,2021-05-13,9.409635,6.962328,85.3003,9.409635,7.843667,9.431312,25.12105,0.0,0.0,0.0,0.0,0.0,0.0931676228841145
2021-05-14,683264.0,United Kingdom,Europe/London,2021-05-14,8.99311,6.189343,83.16871,8.99311,7.2467504,8.723401,23.877201,0.0,0.0,0.0,0.0,0.0,0.9996677239735922
2021-05-15,615938.5,United Kingdom,Europe/London,2021-05-15,9.366638,6.740531,84.214485,9.366638,7.7137136,9.314724,24.870102,0.0,0.0,0.0,0.0,0.0,0.0317198435465494
2021-05-16,599765.0,United Kingdom,Europe/London,2021-05-16,9.783755,7.148275,84.41826,9.783755,8.12248,9.892005,25.745497,0.0,0.0,0.0,0.0,0.0,0.1256752808888753
2021-05-17,668811.0,United Kingdom,Europe/London,2021-05-17,9.900689,6.984881,82.80987,9.900689,8.080711,9.933607,25.651781,0.0,0.0,0.0,0.0,0.0,0.0246184666951497
2021-05-18,661791.0,United Kingdom,Europe/London,2021-05-18,9.741974,6.357566,80.43775,9.741973,7.6755934,9.540868,24.832317,0.0,0.0,0.0,0.0,0.0,0.0771091779073079
2021-05-19,653043.0,United Kingdom,Europe/London,2021-05-19,9.949272,6.1154404,78.318306,9.949272,7.652004,9.655984,24.783438,0.0,0.0,0.0,0.0,0.0,0.0
2021-05-20,666322.5,United Kingdom,Europe/London,2021-05-20,9.199926,6.8966236,85.79936,9.199926,7.706785,9.202338,24.853777,0.0,0.0,0.0,0.0,0.0,0.2043203512827555
2021-05-21,642630.0,United Kingdom,Europe/London,2021-05-21,9.386255,7.0968933,85.95158,9.386255,7.9210176,9.487666,25.321907,0.0,0.0,0.0,0.0,0.0,0.551800012588501
2021-05-22,611231.0,United Kingdom,Europe/London,2021-05-22,8.329034,4.1657386,75.88837,8.329034,5.9372044,7.409178,21.37596,0.0,0.0,0.0,0.0,0.0,0.0
2021-05-23,584893.0,United Kingdom,Europe/London,2021-05-23,7.996005,4.9749064,81.84877,7.996005,6.1478467,7.3213134,21.72718,0.0,0.0,0.0,0.0,0.0,0.0
2021-05-24,661809.0,United Kingdom,Europe/London,2021-05-24,8.583336,5.866839,83.89442,8.583336,6.9022994,8.189561,23.111437,0.0,0.0,0.0,0.0,0.0,0.0
2021-05-25,674398.0,United Kingdom,Europe/London,2021-05-25,9.549609,6.3542457,81.173416,9.549609,7.5791316,9.332038,24.589289,0.0,0.0,0.0,0.0,0.0,0.3137301603953044
2021-05-26,675788.0,United Kingdom,Europe/London,2021-05-26,10.010098,6.940435,82.08049,10.010098,8.092838,10.018446,25.694246,0.0,0.0,0.0,0.0,0.0,0.4788743654886881
2021-05-27,650138.0,United Kingdom,Europe/London,2021-05-27,11.268947,7.314558,78.3068,11.268947,8.857518,11.426449,27.396057,0.0,0.0,0.0,0.0,0.0,0.1251492500305175
2021-05-28,643220.0,United Kingdom,Europe/London,2021-05-28,12.189303,8.710336,80.18579,12.189303,9.988793,12.928937,29.973642,0.0,0.0,0.0,0.0,0.0,31.623620907465614
2021-05-29,559486.5,United Kingdom,Europe/London,2021-05-29,13.804023,9.730418,77.8759,13.804023,11.246745,14.980678,32.85081,0.6697159,0.6697159,0.0,0.0,0.0,102.45591608683269
2021-05-30,510594.5,United Kingdom,Europe/London,2021-05-30,13.344861,8.850101,76.03452,13.344861,10.574025,14.136907,31.29897,2.5878906,2.5878892,0.0,0.0,0.0,57.968010584513344
2021-05-31,523795.0,United Kingdom,Europe/London,2021-05-31,13.891458,8.897129,73.740135,13.891458,10.816741,14.720596,31.963144,52.206512,52.206505,10.213708,3.054121,1.2197723,109.64072450002034
2021-06-01,578771.0,United Kingdom,Europe/London,2021-06-01,15.834297,9.592259,68.52295,15.834297,12.02326,16.961943,34.784576,168.70616,168.70618,52.499016,13.112552,17.136353,153.45226669311523
2021-06-02,598199.5,United Kingdom,Europe/London,2021-06-02,15.673425,10.370692,72.30651,15.673425,12.364144,17.209724,35.779263,162.00977,162.00977,124.723434,76.85996,187.1025,685.7467832565308
2021-06-03,620542.0,United Kingdom,Europe/London,2021-06-03,14.706318,10.964874,79.07578,14.706318,12.297581,16.521746,35.578465,23.181442,23.181442,30.355911,36.299973,92.228676,871.8580187161764
2021-06-04,608779.0,United Kingdom,Europe/London,2021-06-04,13.255215,8.613463,74.70291,13.255215,10.421187,13.965092,30.974762,0.0,0.0,0.0,0.05790615,0.12729645,157.74329702059427
2021-06-05,535038.5,United Kingdom,Europe/London,2021-06-05,13.966148,9.446549,76.09627,13.966148,11.170095,15.0409775,32.730316,24.785767,24.78577,0.0,0.12962008,0.23442364,199.2177697022756
2021-06-06,548525.5,United Kingdom,Europe/London,2021-06-06,14.319999,10.277414,77.848114,14.319999,11.787309,15.819697,34.29178,4.4451904,4.4451895,7.2573586,15.512003,36.812897,694.4882510503134
2021-06-07,616339.0,United Kingdom,Europe/London,2021-06-07,14.400819,10.173937,77.12469,14.400819,11.742815,15.837485,34.197323,24.058472,24.05847,25.92138,24.278503,59.6254,563.1587726275126
2021-06-08,604222.5,United Kingdom,Europe/London,2021-06-08,14.894239,10.175906,74.87689,14.894239,11.934667,16.28779,34.576584,57.52208,57.52207,13.081844,6.42559,12.804634,293.2558093070984
2021-06-09,607537.0,United Kingdom,Europe/London,2021-06-09,16.079844,12.388104,80.08979,16.079844,13.670431,18.59307,38.95188,113.29761,113.29761,95.74592,80.99138,200.37906,1509.9334280490875
2021-06-10,625543.0,United Kingdom,Europe/London,2021-06-10,16.820381,14.007537,84.16809,16.820381,14.907924,20.213285,42.19721,70.364296,70.36429,136.1366,189.3289,502.27747,2713.254176457723
2021-06-11,594348.0,United Kingdom,Europe/London,2021-06-11,15.600443,12.077717,80.327354,15.600443,13.3166685,18.005035,38.156696,34.863213,34.863216,53.696327,72.9941,189.77829,1625.8206270535786
2021-06-12,519152.0,United Kingdom,Europe/London,2021-06-12,14.5529785,9.4558325,72.75428,14.5529785,11.418243,15.656236,33.410152,43.3796,43.379597,17.049826,9.646799,16.601055,346.7893409729004
2021-06-13,511526.0,United Kingdom,Europe/London,2021-06-13,16.982285,12.556132,76.47641,16.982285,14.086254,19.594246,40.15839,245.76144,245.76144,312.87103,210.00414,562.46783,1678.6543385187786
2021-06-14,594260.0,United Kingdom,Europe/London,2021-06-14,15.226942,10.670809,75.29994,15.227119,12.342974,16.957397,35.87545,139.84097,140.26576,167.29143,113.89555,305.99863,1122.4916281700134
2021-06-15,599043.0,United Kingdom,Europe/London,2021-06-15,14.240466,8.894667,71.85633,14.240466,10.966399,15.097614,32.3991,86.97204,86.97204,38.137005,19.044992,40.368748,268.4810694058736
2021-06-16,620922.5,United Kingdom,Europe/London,2021-06-16,15.914507,11.220449,75.37584,15.914515,12.939855,17.870436,37.211285,218.69398,218.88919,198.56,108.32539,283.41647,1061.803645690282
2021-06-17,655941.0,United Kingdom,Europe/London,2021-06-17,14.782706,10.859994,78.40331,14.782706,12.316582,16.639277,35.77655,5.0604706,5.060471,48.27014,125.63131,345.6028,1249.9302057425182
2021-06-18,645489.0,United Kingdom,Europe/London,2021-06-18,12.837832,8.968258,78.46681,12.837832,10.475647,13.788687,31.232306,0.0,0.0,2.3939042,12.310292,33.406227,466.8496217727661
2021-06-19,577951.0,United Kingdom,Europe/London,2021-06-19,13.06748,9.904239,81.83108,13.06748,11.032982,14.342231,32.376762,0.0,0.0,0.0,0.0,0.0,234.6774613062541
2021-06-20,573681.5,United Kingdom,Europe/London,2021-06-20,13.104177,10.373195,84.18889,13.104177,11.335197,14.613393,33.07572,0.0,0.0,0.0044527054,3.018909,7.424015,515.125034570694
2021-06-21,639821.5,United Kingdom,Europe/London,2021-06-21,11.981486,7.951211,77.37239,11.981486,9.536833,12.446063,28.986284,0.0,0.0,0.0,0.0,0.0,69.86025341351827
2021-06-22,625481.5,United Kingdom,Europe/London,2021-06-22,12.088781,6.54006,70.55832,12.088781,8.839539,11.963729,27.43415,0.0,0.0,0.0,0.0,0.0,1.2564136187235515
2021-06-23,613250.0,United Kingdom,Europe/London,2021-06-23,13.466507,9.599265,79.031364,13.466507,11.055536,14.647184,32.520824,2.7617493,2.7617488,0.7129569,6.0131965,13.855413,457.79006576538086
2021-06-24,640154.0,United Kingdom,Europe/London,2021-06-24,14.614948,12.174073,85.927345,14.614948,12.966422,17.012434,37.127827,6.9522247,6.9522243,17.381474,48.13372,125.291145,1353.248905658722
2021-06-25,605546.0,United Kingdom,Europe/London,2021-06-25,12.540636,9.592792,82.91879,12.540636,10.660128,13.733469,31.611465,0.0,0.0,0.0,4.096179,10.178855,539.4544563293457
2021-06-26,543271.5,United Kingdom,Europe/London,2021-06-26,13.32383,9.864827,80.42993,13.32383,11.1093,14.594389,32.62841,0.060005188,0.06000471,0.0,0.39894247,0.55468655,329.7063121000926
2021-06-27,561430.0,United Kingdom,Europe/London,2021-06-27,14.560836,11.573481,83.04009,14.560836,12.602281,16.688784,36.312653,0.26851654,0.26851606,8.10186,38.45014,104.41513,1200.1906926631927
2021-06-28,647883.0,United Kingdom,Europe/London,2021-06-28,14.599407,11.977751,85.14742,14.599407,12.869211,16.92143,36.898872,5.2369156,5.236917,13.320397,51.378323,136.9075,1346.7225871880848
2021-06-29,647626.5,United Kingdom,Europe/London,2021-06-29,14.846497,11.745353,82.59197,14.846497,12.806009,17.011904,36.70763,16.938133,16.938133,11.529055,10.185554,21.233778,1031.7584416866302
2021-06-30,634661.5,United Kingdom,Europe/London,2021-06-30,14.242403,11.193101,82.59065,14.242403,12.236246,16.138395,35.33076,1.9541397,1.9541378,6.779859,22.363556,57.0195,761.7095227241516
2021-07-01,629320.5,United Kingdom,Europe/London,2021-07-01,14.614893,10.581051,78.406166,14.614893,12.083375,16.25647,34.993523,8.830688,8.830688,13.06437,22.297535,58.910683,780.3410928249359
2021-07-02,619214.5,United Kingdom,Europe/London,2021-07-02,15.239437,11.872604,81.27574,15.239437,13.0294485,17.490719,37.353725,37.17383,37.17383,43.19817,47.708176,119.5993,1229.4794515768688
2021-07-03,578864.5,United Kingdom,Europe/London,2021-07-03,15.90217,13.795113,87.65994,15.90217,14.441012,19.182335,40.938427,10.273109,10.273108,64.208534,139.98482,378.666,2543.04926832517
2021-07-04,557850.5,United Kingdom,Europe/London,2021-07-04,15.893859,13.952969,88.59997,15.893859,14.54206,19.244,41.125813,6.3063965,6.30639,30.541489,91.31526,241.73761,2641.726422468821
2021-07-05,617437.5,United Kingdom,Europe/London,2021-07-05,14.809017,11.920649,83.954994,14.809017,12.937269,17.057707,36.90114,0.0,0.0,0.0,0.33851385,0.41119957,1102.6952343781788
2021-07-06,618947.5,United Kingdom,Europe/London,2021-07-06,14.050474,11.484619,85.19003,14.050474,12.350079,16.073246,35.489887,0.0,0.0,0.0,0.57001066,1.2896929,803.5597802003225
2021-07-07,628626.0,United Kingdom,Europe/London,2021-07-07,15.291722,12.525733,84.19277,15.291722,13.435965,17.85685,38.291477,2.1174545,2.117455,11.185646,38.362244,99.18466,1491.0027511119845
2021-07-08,633205.0,United Kingdom,Europe/London,2021-07-08,15.515849,12.570074,83.39035,15.515849,13.546602,18.102282,38.581127,12.311859,12.311856,12.556123,39.79569,99.9335,1511.418129682541
2021-07-09,632174.5,United Kingdom,Europe/London,2021-07-09,15.658116,12.846158,84.08805,15.658116,13.7710085,18.391123,39.14036,25.45546,25.455463,46.599,54.35798,143.53105,1704.4677114486694
2021-07-10,578769.0,United Kingdom,Europe/London,2021-07-10,15.563182,13.150443,86.06764,15.563182,13.922528,18.462282,39.51218,0.22187042,0.22186947,7.785397,44.796272,117.98915,1952.785096724828
2021-07-11,558320.5,United Kingdom,Europe/London,2021-07-11,15.632666,13.346873,86.82078,15.632666,14.069694,18.634794,39.87434,0.7339325,0.7339325,5.159403,30.711287,78.108246,2110.0512639681497
2021-07-12,635698.0,United Kingdom,Europe/London,2021-07-12,15.939092,13.884818,88.14183,15.939092,14.522882,19.254032,41.072876,4.060051,4.0600486,24.021492,86.411064,225.29709,2588.347588221232
2021-07-13,627580.5,United Kingdom,Europe/London,2021-07-13,16.580427,13.675668,83.81371,16.580427,14.624903,19.77554,41.39103,42.146683,42.146683,77.87276,105.56044,271.5313,2406.5430839061737
2021-07-14,614546.5,United Kingdom,Europe/London,2021-07-14,16.77485,13.127844,80.18076,16.77485,14.359758,19.66018,40.714455,128.65277,128.65279,159.09128,128.92322,328.84488,1936.78674586614
2021-07-15,619584.0,United Kingdom,Europe/London,2021-07-15,16.974743,12.8604765,77.55815,16.974743,14.269045,19.737078,40.57254,111.47314,111.47314,155.85004,138.3744,362.0871,1820.3092934290569
2021-07-16,593892.5,United Kingdom,Europe/London,2021-07-16,18.018824,13.644954,77.25706,18.018824,15.131899,21.227192,42.907265,371.31738,371.31738,481.52063,313.6601,860.8404,2453.380188703537
2021-07-17,534960.0,United Kingdom,Europe/London,2021-07-17,19.541876,14.431432,74.01888,19.561361,16.159052,23.208992,45.768463,608.8667,629.31964,846.6578,608.6554,1690.3081,3138.167408307393
2021-07-18,533806.5,United Kingdom,Europe/London,2021-07-18,19.186462,14.277564,74.98944,19.222584,15.932129,22.796415,45.24557,672.14276,700.11566,970.1178,670.3995,1897.1688,3060.763464768728
2021-07-19,633631.5,United Kingdom,Europe/London,2021-07-19,19.2158,14.485217,75.90956,19.251833,16.071014,22.957436,45.64953,676.8222,708.68756,995.9617,744.1767,2105.0623,3289.497590939204
2021-07-20,645219.5,United Kingdom,Europe/London,2021-07-20,19.556782,14.9995985,76.87423,19.5896,16.513367,23.595575,46.83992,716.01196,754.3959,1100.2239,807.19196,2299.0918,3709.821489175161
2021-07-21,645357.5,United Kingdom,Europe/London,2021-07-21,19.763115,15.279785,77.19368,19.794197,16.760794,23.964577,47.51164,710.71484,748.58093,1133.71,872.3832,2458.166,3960.0344399611154
2021-07-22,636865.5,United Kingdom,Europe/London,2021-07-22,19.856016,15.184013,76.47737,19.87938,16.740286,23.990154,47.415054,747.286,769.0172,1109.6122,835.7327,2351.9485,3854.6402486165366
2021-07-23,612351.5,United Kingdom,Europe/London,2021-07-23,18.39533,14.396476,78.70806,18.395613,15.726078,22.031525,44.501987,301.6369,302.0285,498.65396,447.25012,1226.1792,3088.8381060759225
2021-07-24,553560.0,United Kingdom,Europe/London,2021-07-24,16.921185,13.276121,79.9553,16.921185,14.505525,19.913769,41.16847,90.455284,90.45529,144.14673,175.71057,467.1656,2108.4089999993644
2021-07-25,549702.0,United Kingdom,Europe/London,2021-07-25,16.876436,13.304195,80.68474,16.876436,14.517344,19.908602,41.236652,109.88539,109.88539,162.59169,210.66972,549.88885,2244.7224803765616
2021-07-26,609879.5,United Kingdom,Europe/London,2021-07-26,17.516224,13.972567,81.14197,17.516224,15.1600275,20.903292,42.894844,225.4833,225.4833,310.71814,305.89673,816.13776,2711.2348604997
2021-07-27,631912.5,United Kingdom,Europe/London,2021-07-27,16.701462,14.0940485,85.12733,16.701462,14.920208,20.141897,42.208973,18.792458,18.792458,58.472973,149.17155,394.0041,2781.4239185651145
2021-07-28,593516.0,United Kingdom,Europe/London,2021-07-28,15.04048,12.363154,84.715485,15.04048,13.268336,17.53088,37.822258,0.058883667,0.058883667,1.2007151,11.184152,27.454388,1434.4816213448842
2021-07-29,564399.5,United Kingdom,Europe/London,2021-07-29,14.932959,10.99455,78.63226,14.932959,12.43413,16.71021,35.69656,3.8712387,3.871242,0.0,0.10859966,0.053429604,528.6107857227325
2021-07-30,606311.0,United Kingdom,Europe/London,2021-07-30,14.568512,12.46692,87.52088,14.568512,13.126858,17.088867,37.424015,0.0,0.0,0.0,3.271801,7.192854,1384.924032847087
2021-07-31,548110.0,United Kingdom,Europe/London,2021-07-31,14.738348,11.984481,84.04831,14.738348,12.905565,17.039494,36.98039,0.06619263,0.066193104,1.0655384,11.481453,27.643686,1312.019057750702
2021-08-01,545057.0,United Kingdom,Europe/London,2021-08-01,14.112155,10.248846,78.47387,14.112155,11.689449,15.608894,34.071045,0.0,0.0,0.98132896,13.941372,36.01534,749.1295934518179
2021-08-02,608269.5,United Kingdom,Europe/London,2021-08-02,13.69771,9.612043,77.50078,13.69771,11.140265,14.852736,32.682796,0.0,0.0,0.0,0.17408419,0.37516022,301.175406853358
2021-08-03,606766.0,United Kingdom,Europe/London,2021-08-03,14.287979,10.404845,78.99298,14.287979,11.820106,15.796224,34.28229,3.8357391,3.835742,0.05096674,2.3108878,4.883319,402.61157242457074
2021-08-04,594412.5,United Kingdom,Europe/London,2021-08-04,15.541882,11.376862,77.94525,15.541882,12.88397,17.514633,36.873398,42.127914,42.127914,12.107077,17.756292,40.350433,773.8947612444559
2021-08-05,596750.5,United Kingdom,Europe/London,2021-08-05,15.667419,12.701332,83.34409,15.667419,13.701079,18.332996,38.958702,10.219994,10.219992,0.59201574,27.770012,63.357155,1619.5429468949635
2021-08-06,566570.0,United Kingdom,Europe/London,2021-08-06,15.968292,13.68701,86.910324,15.968292,14.418244,19.17336,40.791096,9.398041,9.398043,16.086422,56.410557,141.5184,2420.222661972046
2021-08-07,528684.0,United Kingdom,Europe/London,2021-08-07,15.2156725,12.918737,86.59093,15.2156725,13.650837,17.986328,38.79322,0.06439972,0.06439972,2.0410933,23.068016,55.899704,1757.924169778824
2021-08-08,511317.0,United Kingdom,Europe/London,2021-08-08,15.225937,12.851512,86.15233,15.225937,13.613627,17.956644,38.690464,0.0,0.0,0.27089882,17.422832,42.810028,1700.1887775262196
2021-08-09,598409.0,United Kingdom,Europe/London,2021-08-09,15.005002,12.391055,85.11617,15.005002,13.258681,17.491243,37.774197,1.7199783,1.7199769,0.0,7.948687,17.701874,1349.5620160897572
2021-08-10,606756.0,United Kingdom,Europe/London,2021-08-10,15.587239,12.423723,82.569534,15.587239,13.500776,18.090368,38.4179,58.61876,58.61876,51.733704,49.311104,117.710556,1369.9639018376668
2021-08-11,606696.0,United Kingdom,Europe/London,2021-08-11,15.496253,12.703783,84.32492,15.496253,13.623448,18.171541,38.813652,39.890778,39.890785,45.175026,71.51186,174.4834,1682.355314811071
2021-08-12,599460.0,United Kingdom,Europe/London,2021-08-12,15.085157,11.502017,80.33789,15.085157,12.768844,17.178516,36.75168,34.912384,34.91238,63.26055,75.14015,206.95718,1156.312439362208
2021-08-13,567298.5,United Kingdom,Europe/London,2021-08-13,15.472981,11.744959,79.32054,15.472981,13.046919,17.643438,37.362125,29.46717,29.46717,21.747217,34.835133,83.59796,1026.684815009435
2021-08-14,539010.5,United Kingdom,Europe/London,2021-08-14,15.724754,12.356217,81.08308,15.724754,13.500102,18.235765,38.583977,54.88021,54.88022,86.76341,99.30123,261.5841,1530.7619613806407
2021-08-15,540933.5,United Kingdom,Europe/London,2021-08-15,15.012066,12.243188,84.21646,15.012066,13.162467,17.457567,37.6698,24.470688,24.470688,26.382782,38.86455,97.145645,1443.3586982885995
2021-08-16,598422.5,United Kingdom,Europe/London,2021-08-16,14.20347,10.145726,77.26295,14.20347,11.626359,15.575593,33.809467,0.0,0.0,0.0,0.064195156,0.00885582,192.9657288392385
2021-08-17,626168.5,United Kingdom,Europe/London,2021-08-17,14.986309,12.310243,84.38061,14.986309,13.179426,17.42773,37.628857,0.6809616,0.68096113,0.4640112,1.4926519,2.7396107,1290.1176897684734
2021-08-18,623960.0,United Kingdom,Europe/London,2021-08-18,15.282693,12.326582,82.963875,15.282693,13.302464,17.742332,37.984123,2.679039,2.6790357,9.036699,19.210403,46.968304,1342.0742645263672
2021-08-19,649366.5,United Kingdom,Europe/London,2021-08-19,14.762968,12.013153,84.047745,14.762968,12.921642,17.091003,37.08345,2.4151993,2.415197,29.009012,67.8073,181.86609,1276.5654188791912
2021-08-20,644451.0,United Kingdom,Europe/London,2021-08-20,16.04834,13.659171,86.32325,16.04834,14.417031,19.270758,40.92617,10.898422,10.898423,39.292442,115.13414,301.32742,2511.2911761601767
2021-08-21,596785.0,United Kingdom,Europe/London,2021-08-21,16.241724,14.893623,91.9219,16.241724,15.27598,20.157469,43.08251,1.0315552,1.0315552,36.333256,184.69287,480.21066,3506.5769577026367
2021-08-22,568876.5,United Kingdom,Europe/London,2021-08-22,16.275097,14.252711,88.41577,16.275097,14.879762,19.80824,42.034477,15.460388,15.46039,52.80394,139.04552,366.27527,2922.3910501003265
2021-08-23,634675.0,United Kingdom,Europe/London,2021-08-23,16.06658,13.189667,84.07827,16.06658,14.1497345,18.992924,40.10471,15.560699,15.560703,27.155794,63.016724,159.03748,2005.3688168525696
2021-08-24,634338.5,United Kingdom,Europe/London,2021-08-24,16.002424,12.856894,82.755905,16.002424,13.916517,18.749132,39.532444,70.907104,70.907104,92.356094,88.98222,230.66245,1732.6769216855366
2021-08-25,641815.5,United Kingdom,Europe/London,2021-08-25,15.886648,13.030631,83.97513,15.886648,13.966364,18.727373,39.68007,57.548233,57.548233,101.08907,96.60165,263.269,1867.1682236989336
2021-08-26,624271.0,United Kingdom,Europe/London,2021-08-26,15.406796,11.812032,80.12488,15.406796,13.084514,17.627384,37.43595,18.589668,18.589666,39.266945,50.73562,136.83502,1152.825545390447
2021-08-27,627429.5,United Kingdom,Europe/London,2021-08-27,13.884988,10.202199,79.36843,13.884988,11.528044,15.293193,33.588,0.44580078,0.4457984,2.4603004,4.793491,11.923168,322.0008331934611
2021-08-28,556933.5,United Kingdom,Europe/London,2021-08-28,14.22283,10.88596,81.6885,14.22283,12.055624,15.966006,34.880474,11.887573,11.887573,11.514347,12.816859,30.159737,614.8263270060221
2021-08-29,540232.0,United Kingdom,Europe/London,2021-08-29,14.04882,10.915055,82.28346,14.04882,12.007069,15.785558,34.681473,1.7732468,1.7732472,0.9501271,3.2171588,6.4023066,473.05167547861737
2021-08-30,578434.5,United Kingdom,Europe/London,2021-08-30,14.00034,10.493763,79.71536,14.00034,11.720673,15.539236,34.073784,0.0,0.0,0.0,0.018835068,0.0052337646,353.2365010579427
2021-08-31,636196.5,United Kingdom,Europe/London,2021-08-31,13.865902,10.548729,80.75227,13.865902,11.697886,15.432591,34.015327,0.0,0.0,0.0,0.0055556297,0.0,365.2653693358104
2021-09-01,650850.5,United Kingdom,Europe/London,2021-09-01,14.341196,10.834689,80.09596,14.341196,12.05665,16.032179,34.850918,5.8759155,5.8759165,3.943771,4.1961994,9.048306,364.3727966944377
2021-09-02,653794.5,United Kingdom,Europe/London,2021-09-02,14.414121,11.012782,80.54873,14.414121,12.184962,16.189392,35.163128,0.0,0.0,0.0,0.0,0.0,427.014344851176
2021-09-03,644704.0,United Kingdom,Europe/London,2021-09-03,14.173265,11.255539,83.2205,14.173265,12.237824,16.07697,35.28055,7.721985,7.721984,7.3605075,12.070634,29.048063,617.9975058237711
2021-09-04,580907.5,United Kingdom,Europe/London,2021-09-04,14.45756,11.32206,82.06238,14.45756,12.391437,16.41046,35.71059,6.599518,6.599518,13.316963,21.384016,54.920498,772.1296481291453
2021-09-05,559411.5,United Kingdom,Europe/London,2021-09-05,15.830686,12.659138,82.45851,15.830686,13.7171545,18.511717,39.175465,153.19797,153.19794,224.86665,189.55936,520.73175,1761.272088130315
2021-09-06,647122.5,United Kingdom,Europe/London,2021-09-06,17.540127,14.76184,85.111275,17.545116,15.642837,21.40237,44.267746,323.2564,330.64386,497.44937,462.07794,1284.7229,3431.806539773941
2021-09-07,643913.0,United Kingdom,Europe/London,2021-09-07,19.075745,14.776196,78.598114,19.090126,16.235762,22.941431,45.850174,659.03,668.46594,904.31287,659.738,1815.9507,3439.986446619034
2021-09-08,651026.5,United Kingdom,Europe/London,2021-09-08,19.093956,14.123674,75.35513,19.093544,15.858624,22.57831,44.786762,655.905,655.4264,758.24426,511.54413,1364.2549,2862.7877152760825
2021-09-09,668215.0,United Kingdom,Europe/London,2021-09-09,17.223452,15.528228,90.202446,17.223452,16.028439,21.558674,45.27945,86.9068,86.90679,294.33066,511.18027,1411.1533,4151.718485514323
2021-09-10,663886.5,United Kingdom,Europe/London,2021-09-10,17.026922,15.58367,91.5743,17.026922,15.999304,21.378277,45.121834,34.665863,34.66586,166.00613,422.48566,1117.4922,4174.949785868327
2021-09-11,566417.0,United Kingdom,Europe/London,2021-09-11,15.984686,13.233142,84.62393,15.984686,14.154638,18.960045,40.160053,30.26966,30.269669,30.71999,52.151726,132.6054,2111.3484823703766
2021-09-12,579140.5,United Kingdom,Europe/London,2021-09-12,13.535093,10.421397,82.235664,13.535093,11.518177,15.065255,33.575886,0.10507965,0.105080605,0.0,1.832953,4.448843,528.1320005257925
2021-09-13,655542.5,United Kingdom,Europe/London,2021-09-13,14.018998,10.94396,82.43908,14.018998,12.014408,15.816171,34.824135,0.5160446,0.5160446,0.0,2.9564328,6.354847,833.2054974238077
2021-09-14,678914.5,United Kingdom,Europe/London,2021-09-14,14.737313,13.098143,90.17036,14.737313,13.590968,17.634876,38.664955,0.7006531,0.70065355,17.458359,65.764496,177.99219,1985.506591478984
2021-09-15,657859.5,United Kingdom,Europe/London,2021-09-15,14.754764,12.609535,87.818405,14.754764,13.306678,17.361868,37.860455,1.8576355,1.8576365,0.4982834,10.2782345,22.529938,1548.6241623560588
2021-09-16,650382.0,United Kingdom,Europe/London,2021-09-16,14.858944,11.849803,83.1728,14.858944,12.875585,17.077866,36.871834,21.819817,21.819813,22.705137,29.02063,69.91498,1074.4159832000732
2021-09-17,626611.0,United Kingdom,Europe/London,2021-09-17,15.279029,12.4979105,84.25012,15.279029,13.419864,17.821133,38.212677,2.0422745,2.042274,2.321402,10.830219,24.424055,1429.9843007723491
2021-09-18,580717.0,United Kingdom,Europe/London,2021-09-18,15.172367,12.470439,84.931046,15.172367,13.369495,17.736502,38.16936,64.56822,64.56822,74.55133,86.333435,226.58488,1588.6676496664684
2021-09-19,575991.5,United Kingdom,Europe/London,2021-09-19,14.396751,11.860073,85.29712,14.396751,12.702891,16.633526,36.44984,0.0,0.0,3.305439,20.99432,54.5941,1146.2931784788768
2021-09-20,632365.0,United Kingdom,Europe/London,2021-09-20,13.1667795,10.116785,82.94739,13.1667795,11.190987,14.563382,32.825283,0.38890076,0.3889017,0.0,0.8655877,1.457489,447.29995250701904
2021-09-21,634855.5,United Kingdom,Europe/London,2021-09-21,13.978944,10.703192,81.71547,13.978944,11.854169,15.622222,34.34757,1.9771118,1.9771118,0.1873169,0.16544008,0.13607693,466.90406664212543
2021-09-22,608053.5,United Kingdom,Europe/London,2021-09-22,14.367343,11.372443,82.98556,14.367343,12.392356,16.338018,35.668148,4.1790085,4.179006,1.4634042,2.7041903,4.8304453,773.4816375573477
2021-09-23,611845.5,United Kingdom,Europe/London,2021-09-23,14.490433,11.417733,82.4184,14.490433,12.476007,16.523804,35.97254,19.388924,19.388922,28.558867,44.743713,112.93001,993.6325964927672
2021-09-24,607744.5,United Kingdom,Europe/London,2021-09-24,15.532291,13.000287,85.5078,15.532291,13.814614,18.401892,39.402386,64.80284,64.80284,133.54066,158.92267,434.06168,1998.6253583431244
2021-09-25,604427.5,United Kingdom,Europe/London,2021-09-25,16.128965,14.311913,89.306404,16.128965,14.856318,19.73311,42.088512,6.052017,6.0520134,47.86731,169.53876,451.2064,3104.176115433375
2021-09-26,549481.5,United Kingdom,Europe/London,2021-09-26,16.087057,13.528252,85.57513,16.087057,14.362784,19.206596,40.67166,17.326744,17.326742,31.60591,67.165695,173.14949,2310.8776154518127
2021-09-27,596088.0,United Kingdom,Europe/London,2021-09-27,12.665451,9.47294,81.81528,12.665451,10.657059,13.824812,31.645435,0.0,0.0,0.0,11.897312,25.222122,673.2326253255209
2021-09-28,652298.5,United Kingdom,Europe/London,2021-09-28,11.037854,8.495985,84.8356,11.037854,9.394609,11.718473,28.635471,0.0,0.0,0.0,0.0,0.0,159.4707605044047
2021-09-29,628696.5,United Kingdom,Europe/London,2021-09-29,9.754177,5.9160933,78.24419,9.754177,7.4658904,9.393505,24.39547,0.0,0.0,0.0,0.0,0.0,7.559223095575969
2021-09-30,661827.0,United Kingdom,Europe/London,2021-09-30,11.730221,9.78098,88.03831,11.730221,10.419263,13.04674,31.137363,0.0,0.0,0.0,1.3736005,1.922925,690.7194969654083
2021-10-01,606004.0,United Kingdom,Europe/London,2021-10-01,11.796146,8.502951,81.14259,11.796146,9.764353,12.537043,29.579113,0.0,0.0,0.0,0.35739088,0.3942976,441.5374035835266
2021-10-02,616107.5,United Kingdom,Europe/London,2021-10-02,9.972271,7.9495115,87.501144,9.972271,8.650542,10.453081,26.988695,0.0,0.0,0.0,2.8447032,5.893936,240.8148002624512
2021-10-03,558812.5,United Kingdom,Europe/London,2021-10-03,10.304228,7.639445,84.094376,10.304228,8.58851,10.604594,26.816975,0.0,0.0,0.0,0.0,0.0,5.733304103215535
2021-10-04,668230.5,United Kingdom,Europe/London,2021-10-04,10.773411,8.476881,86.229485,10.773411,9.271185,11.412103,28.24612,0.0,0.0,0.0,0.0,0.0,44.07004674275717
2021-10-05,662587.0,United Kingdom,Europe/London,2021-10-05,10.311082,7.89191,85.561226,10.311082,8.752288,10.716432,27.11881,0.0,0.0,0.0,0.0,0.0,48.21311140060425
2021-10-06,670199.5,United Kingdom,Europe/London,2021-10-06,11.076591,7.5475464,79.51974,11.076591,8.879992,11.353921,27.538565,0.0,0.0,0.0,0.0,0.0,95.44683313369752
2021-10-07,676219.0,United Kingdom,Europe/London,2021-10-07,15.045969,13.551083,90.95882,15.045969,13.9881735,18.207504,39.727444,0.0,0.0,1.5110426,62.311325,154.92653,2447.796930074692
2021-10-08,682299.5,United Kingdom,Europe/London,2021-10-08,14.9871855,13.466588,90.84254,14.9871855,13.913845,18.059599,39.412132,0.0,0.0,0.20836878,14.567427,34.59392,2218.0805735588074
2021-10-09,610697.0,United Kingdom,Europe/London,2021-10-09,13.609963,11.938836,90.05391,13.609963,12.460512,15.870987,35.712982,0.0,0.0,0.0,0.0,0.0,1149.2069629033406
2021-10-10,585315.5,United Kingdom,Europe/London,2021-10-10,11.775294,9.106154,84.41141,11.775294,10.058489,12.711203,30.105312,0.0,0.0,0.0,0.0,0.0,268.5858676433563
2021-10-11,666285.5,United Kingdom,Europe/London,2021-10-11,10.619231,7.9327927,84.05412,10.619231,8.889864,11.021796,27.424124,0.0,0.0,0.0,0.0,0.0,1.2409497102101643
2021-10-12,703158.5,United Kingdom,Europe/London,2021-10-12,11.207278,9.3731985,88.79427,11.207278,9.969177,12.245819,29.814995,0.0,0.0,0.0,0.0,0.0,144.29942758878073
2021-10-13,701237.5,United Kingdom,Europe/London,2021-10-13,11.923904,9.890534,87.700195,11.923904,10.557411,13.184414,31.170254,0.0,0.0,0.0,0.0,0.0,183.5376988252004
2021-10-14,674586.5,United Kingdom,Europe/London,2021-10-14,11.950399,9.446425,85.0492,11.950399,10.304912,13.0173645,30.652246,0.0,0.0,0.0,0.0,0.0,119.50274761517842
2021-10-15,694456.0,United Kingdom,Europe/London,2021-10-15,9.035881,5.6246843,80.05803,9.035881,7.002785,8.694638,23.726393,0.0,0.0,0.0,0.0,0.0,72.72162437438965
2021-10-16,648048.5,United Kingdom,Europe/London,2021-10-16,9.356723,6.9454584,85.40891,9.356723,7.8253546,9.485392,25.374638,0.0,0.0,0.0,0.0,0.0,88.91150053342183
2021-10-17,618382.0,United Kingdom,Europe/London,2021-10-17,11.9607315,10.623256,91.80372,11.9607315,11.024622,13.593345,32.258602,0.0,0.0,0.0,0.0,0.0,574.069031794866
2021-10-18,708163.5,United Kingdom,Europe/London,2021-10-18,13.401056,12.406923,93.7875,13.401056,12.678612,15.933529,36.26773,0.0,0.0,0.0,15.335518,28.262962,1542.0039196809132
2021-10-19,682134.0,United Kingdom,Europe/London,2021-10-19,15.425184,14.201058,92.57404,15.425184,14.548784,18.949152,41.139084,0.0,0.0,4.15134,133.91782,325.19812,2914.968623081843
2021-10-20,667724.5,United Kingdom,Europe/London,2021-10-20,11.50265,8.987686,84.9255,11.50265,9.886093,12.496373,29.996557,0.0,0.0,0.0,8.485928,12.464952,622.9800288677216
2021-10-21,663067.5,United Kingdom,Europe/London,2021-10-21,7.622846,3.3642468,75.24838,7.622846,5.189902,6.424997,19.877285,0.0,0.0,0.0,0.0,0.0,0.0973315238952636
2021-10-22,698528.0,United Kingdom,Europe/London,2021-10-22,8.65077,5.193786,79.38347,8.65077,6.5590444,8.046954,22.591211,0.0,0.0,0.0,0.0,0.0,0.0
2021-10-23,638061.5,United Kingdom,Europe/London,2021-10-23,10.120705,7.1318235,82.21279,10.120705,8.235852,10.210627,26.036633,0.0,0.0,0.0,0.0,0.0,0.152741273244222
2021-10-24,585798.5,United Kingdom,Europe/London,2021-10-24,11.83584,9.112482,83.73586,11.83584,10.079517,12.759374,30.130306,0.0,0.0,0.0,0.0,0.0,123.633159160614
2021-10-25,676838.0,United Kingdom,Europe/London,2021-10-25,10.286003,7.8962536,85.5358,10.286003,8.743856,10.707314,27.138578,0.0,0.0,0.0,0.0,0.0,42.906349182128906
2021-10-26,681881.5,United Kingdom,Europe/London,2021-10-26,11.95465,10.207242,89.244606,11.95465,10.748741,13.408454,31.750326,0.0,0.0,0.0,0.0,0.0,599.9121809800466
2021-10-27,656196.5,United Kingdom,Europe/London,2021-10-27,14.112951,11.73205,85.8022,14.112951,12.502153,16.258204,35.89945,0.0,0.0,0.0,0.0,0.0,936.9188776810964
2021-10-28,674602.5,United Kingdom,Europe/London,2021-10-28,12.809799,10.817858,87.97412,12.809799,11.458525,14.515976,33.33092,0.0,0.0,0.0,0.0,0.0,531.4740082422892
2021-10-29,676419.5,United Kingdom,Europe/London,2021-10-29,10.893601,9.021462,88.56813,10.893601,9.641672,11.791704,29.100433,0.0,0.0,0.0,0.0,0.0,180.38386956850687
2021-10-30,622052.0,United Kingdom,Europe/London,2021-10-30,9.34498,7.153897,86.5731,9.34498,7.9200134,9.44728,25.282242,0.0,0.0,0.0,0.0,0.0,5.435804526011149
2021-10-31,606977.5,United Kingdom,Europe/London,2021-10-31,9.07419,6.943451,86.9868,9.07419,7.6894217,9.1105585,24.822458,0.0,0.0,0.0,0.0,0.0,16.20890013376872
2021-11-01,701281.5,United Kingdom,Europe/London,2021-11-01,8.392702,5.666372,83.415215,8.392702,6.686455,7.9254794,22.711462,0.0,0.0,0.0,0.0,0.0,0.0
2021-11-02,756725.5,United Kingdom,Europe/London,2021-11-02,6.5786657,4.7133245,88.39011,6.5786657,5.370912,5.7923555,19.97297,0.0,0.0,0.0,0.0,0.0,0.0
2021-11-03,766765.5,United Kingdom,Europe/London,2021-11-03,6.331239,4.4181824,87.9126,6.331239,5.096187,5.4543056,19.467459,0.0,0.0,0.0,0.0,0.0,0.0
2021-11-04,773412.5,United Kingdom,Europe/London,2021-11-04,5.9902554,2.9513686,81.319405,5.9902554,4.176502,4.6596994,17.84816,0.0,0.0,0.0,0.0,0.0,0.0
2021-11-05,779479.5,United Kingdom,Europe/London,2021-11-05,7.729821,5.7987394,87.894615,7.729821,6.467759,7.385446,22.387457,0.0,0.0,0.0,0.0,0.0,0.0
2021-11-06,638155.0,United Kingdom,Europe/London,2021-11-06,10.20731,7.8761883,85.69604,10.20731,8.690923,10.603219,26.985888,0.0,0.0,0.0,0.0,0.0,23.884769757588703
2021-11-07,619986.5,United Kingdom,Europe/London,2021-11-07,8.646389,4.213151,74.05956,8.646389,6.061927,7.700689,21.624838,0.0,0.0,0.0,0.0,0.0,1.2818687756856282
2021-11-08,766806.0,United Kingdom,Europe/London,2021-11-08,9.04555,7.43832,89.84154,9.04555,7.9706125,9.376383,25.626986,0.0,0.0,0.0,0.0,0.0,185.50163586934408
2021-11-09,734219.5,United Kingdom,Europe/London,2021-11-09,11.42579,9.515994,88.249,11.42579,10.146239,12.540851,30.25318,0.0,0.0,0.0,0.0,0.0,195.78236571947733
2021-11-10,771641.5,United Kingdom,Europe/London,2021-11-10,9.674873,7.936249,89.16953,9.674873,8.540376,10.170012,26.726204,0.0,0.0,0.0,0.0,0.0,142.18491784731546
2021-11-11,757363.5,United Kingdom,Europe/London,2021-11-11,9.900349,8.329198,90.13209,9.900349,8.836711,10.497121,27.239384,0.0,0.0,0.0,0.0,0.0,31.623533010482788
2021-11-12,694848.0,United Kingdom,Europe/London,2021-11-12,10.894977,9.258979,89.76446,10.894977,9.770016,11.854828,29.273134,0.0,0.0,0.0,0.0,0.0,27.879831393559773
2021-11-13,679590.0,United Kingdom,Europe/London,2021-11-13,9.984097,7.8681045,86.946434,9.984097,8.582566,10.362141,26.708279,0.0,0.0,0.0,0.0,0.0,0.5473341941833496
2021-11-14,688990.5,United Kingdom,Europe/London,2021-11-14,9.6550665,8.176331,90.655525,9.6550665,8.636969,10.17497,26.773155,0.0,0.0,0.0,0.0,0.0,36.21574187278748
2021-11-15,771720.0,United Kingdom,Europe/London,2021-11-15,9.221123,7.756744,90.801895,9.221123,8.23105,9.562006,25.826519,0.0,0.0,0.0,0.0,0.0,8.846477270126343
2021-11-16,771100.0,United Kingdom,Europe/London,2021-11-16,8.838905,7.180877,89.548874,8.838905,7.7309875,8.963016,24.828835,0.0,0.0,0.0,0.0,0.0,3.958037217458089
2021-11-17,746009.0,United Kingdom,Europe/London,2021-11-17,8.296123,5.651841,83.80188,8.296123,6.637664,7.842521,22.652466,0.0,0.0,0.0,0.0,0.0,1.0178132851918538
2021-11-18,728925.0,United Kingdom,Europe/London,2021-11-18,11.362327,9.56912,88.85949,11.362327,10.139714,12.486822,30.214746,0.0,0.0,0.0,0.0,0.0,75.05005049705505
2021-11-19,733157.5,United Kingdom,Europe/London,2021-11-19,11.269804,9.30776,87.88814,11.269804,9.947257,12.245593,29.699432,0.0,0.0,0.0,0.0,0.0,13.706841230392456
2021-11-20,671216.0,United Kingdom,Europe/London,2021-11-20,9.164171,6.8272815,85.49391,9.164171,7.6537733,9.144851,24.756102,0.0,0.0,0.0,0.0,0.0,0.0
2021-11-21,668307.5,United Kingdom,Europe/London,2021-11-21,5.268742,2.1209052,80.5503,5.268742,3.4235556,3.6928122,16.427288,0.0,0.0,0.0,0.0,0.0,0.0
2021-11-22,807750.5,United Kingdom,Europe/London,2021-11-22,4.7414823,2.4117007,85.30589,4.7414823,3.3022037,3.2568119,16.149769,0.0,0.0,0.0,0.0,0.0,0.0
2021-11-23,837852.0,United Kingdom,Europe/London,2021-11-23,6.0162606,4.291573,88.92549,6.0162606,4.878991,5.1012073,19.040974,0.0,0.0,0.0,0.0,0.0,0.0
2021-11-24,828810.5,United Kingdom,Europe/London,2021-11-24,5.968801,3.9012284,86.768486,5.968801,4.6523166,4.9210753,18.619423,0.0,0.0,0.0,0.0,0.0,0.0
2021-11-25,800393.5,United Kingdom,Europe/London,2021-11-25,4.1078415,1.1517644,81.44704,4.1078415,2.3844311,2.2648451,14.5012245,0.0,0.0,0.0,0.0,0.0,0.0
2021-11-26,764251.5,United Kingdom,Europe/London,2021-11-26,5.059629,2.118062,81.67142,5.059629,3.3428142,3.5125828,16.297014,0.0,0.0,0.0,0.0,0.0,0.0
2021-11-27,734952.5,United Kingdom,Europe/London,2021-11-27,2.6775453,-1.6133932,74.148926,2.6775453,0.473218,0.18747225,11.239051,0.0,0.0,0.0,0.0,0.0,0.0
2021-11-28,781479.5,United Kingdom,Europe/London,2021-11-28,1.3180423,-1.6366943,81.25426,1.3180423,-0.30951467,-1.1821126,9.835503,0.0,0.0,0.0,0.0,0.0,0.0
2021-11-29,874642.0,United Kingdom,Europe/London,2021-11-29,2.7433493,1.0811412,89.041405,2.7433493,1.6959146,0.9854362,13.36239,0.0,0.0,0.0,0.0,0.0,0.0
2021-11-30,799609.0,United Kingdom,Europe/London,2021-11-30,9.107216,7.687511,90.938034,9.107216,8.128427,9.420695,25.634062,0.0,0.0,0.0,0.0,0.0,0.1443017323811849
2021-12-01,781446.0,United Kingdom,Europe/London,2021-12-01,5.818663,2.9631684,82.11047,5.818663,4.11703,4.5489583,17.847069,0.0,0.0,0.0,0.0,0.0,0.0
2021-12-02,842400.5,United Kingdom,Europe/London,2021-12-02,2.2217908,-1.3358383,77.796394,2.2217908,0.2933371,-0.22530569,10.898143,0.0,0.0,0.0,0.0,0.0,0.0
2021-12-03,840427.0,United Kingdom,Europe/London,2021-12-03,5.745378,4.3415246,90.87153,5.745378,4.812,4.8819866,18.91199,0.0,0.0,0.0,0.0,0.0,1.582411527633667
2021-12-04,722082.0,United Kingdom,Europe/London,2021-12-04,4.940721,2.5688138,85.12669,4.940721,3.505549,3.4842403,16.428745,0.0,0.0,0.0,0.0,0.0,0.0
2021-12-05,744024.0,United Kingdom,Europe/London,2021-12-05,4.1159234,1.2855133,82.20584,4.1159234,2.4555116,2.3176184,14.635133,0.0,0.0,0.0,0.0,0.0,0.0
2021-12-06,849959.5,United Kingdom,Europe/London,2021-12-06,3.7452595,1.9299273,88.25109,3.7452595,2.602747,2.1161993,14.733475,0.0,0.0,0.0,0.0,0.0,0.0
2021-12-07,850563.5,United Kingdom,Europe/London,2021-12-07,4.0099735,1.8855082,86.32555,4.0099735,2.692626,2.3793733,14.998465,0.0,0.0,0.0,0.0,0.0,0.0
2021-12-08,831349.0,United Kingdom,Europe/London,2021-12-08,5.2650676,2.583115,83.3567,5.2650676,3.6641366,3.8045049,16.745848,0.0,0.0,0.0,0.0,0.0,0.0
2021-12-09,850987.0,United Kingdom,Europe/London,2021-12-09,5.09509,3.1289928,87.42557,5.09509,3.8564625,3.8251283,17.109974,0.0,0.0,0.0,0.0,0.0,0.8476988474527994
2021-12-10,813199.0,United Kingdom,Europe/London,2021-12-10,4.260641,1.6306348,83.35958,4.260641,2.6840296,2.5422056,15.005366,0.0,0.0,0.0,0.0,0.0,0.0
2021-12-11,775462.0,United Kingdom,Europe/London,2021-12-11,6.0313416,4.7528634,91.614456,6.0313416,5.16588,5.355631,19.73224,0.0,0.0,0.0,0.0,0.0,6.232853174209595
2021-12-12,697186.5,United Kingdom,Europe/London,2021-12-12,9.808145,8.29977,90.45143,9.808145,8.779399,10.416719,27.180227,0.0,0.0,0.0,0.0,0.0,29.54055960973104
2021-12-13,796420.5,United Kingdom,Europe/London,2021-12-13,8.092218,6.3125257,88.69093,8.092218,6.9255457,7.9445004,23.308258,0.0,0.0,0.0,0.0,0.0,0.8450672626495361
2021-12-14,789948.0,United Kingdom,Europe/London,2021-12-14,8.617998,7.2274127,91.10024,8.617998,7.670307,8.798372,24.764463,0.0,0.0,0.0,0.0,0.0,7.228801965713501
2021-12-15,779897.5,United Kingdom,Europe/London,2021-12-15,9.702809,7.8737216,88.492226,9.702809,8.476327,10.082951,26.427155,0.0,0.0,0.0,0.0,0.0,0.0450418790181477
2021-12-16,811994.0,United Kingdom,Europe/London,2021-12-16,8.492236,6.680689,88.5655,8.492236,7.28969,8.4051485,23.881506,0.0,0.0,0.0,0.0,0.0,0.0
2021-12-17,813759.0,United Kingdom,Europe/London,2021-12-17,5.6903315,4.2644496,90.82472,5.6903315,4.731422,4.7681136,18.689829,0.0,0.0,0.0,0.0,0.0,0.0
2021-12-18,758797.5,United Kingdom,Europe/London,2021-12-18,4.558801,3.8796644,95.46994,4.558801,4.040222,3.546074,17.288626,0.0,0.0,0.0,0.0,0.0,0.0
2021-12-19,768808.5,United Kingdom,Europe/London,2021-12-19,3.458886,2.9760356,96.7213,3.4588861,3.0565474,2.1412477,15.316077,0.0,0.0,0.0,0.0,0.0,0.0
2021-12-20,840889.0,United Kingdom,Europe/London,2021-12-20,4.1358256,2.69695,90.63823,4.1358256,3.1915445,2.7168963,15.717976,0.0,0.0,0.0,0.0,0.0,0.0
2021-12-21,849051.5,United Kingdom,Europe/London,2021-12-21,2.827039,0.5567051,85.35473,2.827039,1.4529654,0.82363755,12.753932,0.0,0.0,0.0,0.0,0.0,0.0
2021-12-22,852830.5,United Kingdom,Europe/London,2021-12-22,2.2866824,0.77698433,89.92214,2.2866824,1.3083297,0.37515336,12.465524,0.0,0.0,0.0,0.0,0.0,0.0
2021-12-23,803277.5,United Kingdom,Europe/London,2021-12-23,6.490543,5.771813,95.23391,6.490543,5.9494476,6.1373696,21.102777,0.0,0.0,0.0,0.0,0.0,3.1557908058166504
2021-12-24,730391.0,United Kingdom,Europe/London,2021-12-24,6.070997,4.8084965,91.92509,6.070997,5.268602,5.419697,19.839163,0.0,0.0,0.0,0.0,0.0,0.0
2021-12-25,622773.5,United Kingdom,Europe/London,2021-12-25,4.4562693,2.0154076,84.783134,4.4562693,3.0969245,3.004524,15.956331,0.0,0.0,0.0,0.0,0.0,0.0149973233540852
2021-12-26,652409.0,United Kingdom,Europe/London,2021-12-26,4.9359484,3.4916055,90.812675,4.9359484,4.0536838,3.8681912,17.518404,0.0,0.0,0.0,0.0,0.0,0.0
2021-12-27,705019.5,United Kingdom,Europe/London,2021-12-27,6.229034,5.605853,95.849556,6.229034,5.747235,5.816,20.668764,0.0,0.0,0.0,0.0,0.0,0.1259326934814453
2021-12-28,695477.0,United Kingdom,Europe/London,2021-12-28,6.3987937,5.3360896,93.14867,6.3987937,5.6478143,5.906035,20.618721,0.0,0.0,0.0,0.0,0.0,0.0
2021-12-29,679859.0,United Kingdom,Europe/London,2021-12-29,8.104414,6.7607512,91.48165,8.104414,7.176754,8.176855,23.94404,0.0,0.0,0.0,0.0,0.0,132.1532608668009
2021-12-30,646659.5,United Kingdom,Europe/London,2021-12-30,11.76431,10.33136,91.019775,11.76431,10.765202,13.246468,31.632744,0.0,0.0,0.0,0.0,0.0,424.5010015964508
2021-12-31,623973.5,United Kingdom,Europe/London,2021-12-31,11.182545,9.739767,91.015236,11.182545,10.174533,12.389854,30.265686,0.0,0.0,0.0,0.0,0.0,172.92962511380514
2022-01-01,550091.5,United Kingdom,Europe/London,2022-01-01,11.617246,9.128037,84.9614,11.617246,9.987439,12.540964,29.908264,0.0,0.0,0.0,0.0,0.0,68.88720520337422
2022-01-02,592829.0,United Kingdom,Europe/London,2022-01-02,9.147549,6.9755034,86.39803,9.147549,7.7316976,9.1909075,24.91571,0.0,0.0,0.0,0.0,0.0,8.243511279424032
2022-01-03,644972.0,United Kingdom,Europe/London,2022-01-03,6.9227614,4.3334446,83.799706,6.9227614,5.324724,6.086169,20.18441,0.0,0.0,0.0,0.0,0.0,0.0
2022-01-04,770405.0,United Kingdom,Europe/London,2022-01-04,2.9133253,0.05957975,81.868095,2.9133253,1.2985188,0.837773,12.64073,0.0,0.0,0.0,0.0,0.0,0.0
2022-01-05,822483.0,United Kingdom,Europe/London,2022-01-05,2.530326,-0.9636716,78.1588,2.530326,0.59639823,0.14968844,11.3962345,0.0,0.0,0.0,0.0,0.0,0.0
2022-01-06,846398.5,United Kingdom,Europe/London,2022-01-06,2.8190312,0.47450212,84.931946,2.8190312,1.4251451,0.8445075,12.82896,0.0,0.0,0.0,0.0,0.0,0.0
2022-01-07,827662.0,United Kingdom,Europe/London,2022-01-07,2.7408159,0.35049963,84.65593,2.7408159,1.3197926,0.6838815,12.516233,0.0,0.0,0.0,0.0,0.0,0.0
2022-01-08,748988.5,United Kingdom,Europe/London,2022-01-08,4.915996,3.2148428,88.94509,4.9159956,3.8223732,3.7094343,17.10808,0.0,0.0,0.0,0.0,0.0,0.0
2022-01-09,746062.5,United Kingdom,Europe/London,2022-01-09,4.072148,2.0355744,86.867584,4.072148,2.7960165,2.476533,15.159293,0.0,0.0,0.0,0.0,0.0,0.0
2022-01-10,851034.0,United Kingdom,Europe/London,2022-01-10,6.2662387,5.2091985,93.04873,6.2662387,5.5242925,5.7035666,20.285772,0.0,0.0,0.0,0.0,0.0,0.1722666422526041
2022-01-11,838680.0,United Kingdom,Europe/London,2022-01-11,6.48065,5.0635505,90.844376,6.48065,5.5499153,5.8858404,20.413502,0.0,0.0,0.0,0.0,0.0,0.1041469573974609
2022-01-12,825173.0,United Kingdom,Europe/London,2022-01-12,5.565805,4.02427,90.130035,5.565805,4.537792,4.5915174,18.419115,0.0,0.0,0.0,0.0,0.0,0.0
2022-01-13,838439.5,United Kingdom,Europe/London,2022-01-13,5.070945,3.422954,89.42536,5.070945,3.9892862,3.9057395,17.380997,0.0,0.0,0.0,0.0,0.0,0.0
2022-01-14,844927.0,United Kingdom,Europe/London,2022-01-14,4.1398163,2.8255332,91.43821,4.1398163,3.261158,2.8108563,15.977376,0.0,0.0,0.0,0.0,0.0,0.0
2022-01-15,790602.0,United Kingdom,Europe/London,2022-01-15,3.4580295,2.0817506,90.92757,3.4580295,2.5426786,1.8787469,14.5824,0.0,0.0,0.0,0.0,0.0,0.0
2022-01-16,744033.5,United Kingdom,Europe/London,2022-01-16,5.53768,3.437458,86.744026,5.53768,4.236285,4.3625174,17.824604,0.0,0.0,0.0,0.0,0.0,0.0
2022-01-17,835447.0,United Kingdom,Europe/London,2022-01-17,4.1519685,2.1639419,87.23381,4.1519685,2.895753,2.590912,15.337364,0.0,0.0,0.0,0.0,0.0,0.0
2022-01-18,858847.0,United Kingdom,Europe/London,2022-01-18,3.8611648,2.4381874,90.74088,3.8611648,2.921001,2.405733,15.339666,0.0,0.0,0.0,0.0,0.0,0.0
2022-01-19,807132.5,United Kingdom,Europe/London,2022-01-19,5.818769,3.1780126,83.578514,5.818769,4.2341475,4.573517,17.913534,0.0,0.0,0.0,0.0,0.0,0.0
2022-01-20,857687.5,United Kingdom,Europe/London,2022-01-20,2.9286175,-0.6278306,78.01472,2.9286175,0.97835356,0.64418405,12.069465,0.0,0.0,0.0,0.0,0.0,0.0
2022-01-21,867510.0,United Kingdom,Europe/London,2022-01-21,3.5990853,1.2462592,84.79754,3.5990853,2.1674726,1.8145655,14.151604,0.0,0.0,0.0,0.0,0.0,0.0
2022-01-22,776581.5,United Kingdom,Europe/London,2022-01-22,5.688744,3.7001307,87.19579,5.688744,4.424137,4.5978236,18.21482,0.0,0.0,0.0,0.0,0.0,0.0
2022-01-23,772330.0,United Kingdom,Europe/London,2022-01-23,5.298459,2.8722756,84.48657,5.298459,3.8006217,3.9306753,17.040812,0.0,0.0,0.0,0.0,0.0,0.0
2022-01-24,863829.0,United Kingdom,Europe/London,2022-01-24,4.580223,2.5822573,86.99294,4.580223,3.3170986,3.1443548,16.122288,0.0,0.0,0.0,0.0,0.0,0.0
2022-01-25,883991.0,United Kingdom,Europe/London,2022-01-25,3.8240175,2.0261688,88.20129,3.8240175,2.6758232,2.224052,14.895169,0.0,0.0,0.0,0.0,0.0,0.0
2022-01-26,821611.5,United Kingdom,Europe/London,2022-01-26,6.12513,3.8975153,85.90871,6.12513,4.7242713,5.097481,18.835775,0.0,0.0,0.0,0.0,0.0,0.0
2022-01-27,792152.0,United Kingdom,Europe/London,2022-01-27,7.2112026,4.614707,83.92021,7.2112026,5.6073017,6.4239545,20.613571,0.0,0.0,0.0,0.0,0.0,0.0067667166392008
2022-01-28,805862.0,United Kingdom,Europe/London,2022-01-28,6.333919,4.7805047,89.991234,6.333919,5.2975187,5.6242433,19.94234,0.0,0.0,0.0,0.0,0.0,0.0
2022-01-29,672093.0,United Kingdom,Europe/London,2022-01-29,8.51705,5.166079,79.953575,8.51705,6.526929,7.9757876,22.63325,0.0,0.0,0.0,0.0,0.0,0.0
2022-01-30,703012.5,United Kingdom,Europe/London,2022-01-30,4.493718,1.7902904,83.00071,4.493718,2.8801613,2.8332307,15.404901,0.0,0.0,0.0,0.0,0.0,0.0
2022-01-31,774507.0,United Kingdom,Europe/London,2022-01-31,5.5236983,1.2080774,74.43127,5.5236983,3.175672,3.7244022,16.059021,0.0,0.0,0.0,0.0,0.0,0.0
2022-02-01,736361.5,United Kingdom,Europe/London,2022-02-01,8.922192,5.9639487,82.13448,8.922192,7.09472,8.590284,23.630932,0.0,0.0,0.0,0.0,0.0,0.0
2022-02-02,778384.5,United Kingdom,Europe/London,2022-02-02,8.717683,6.8497114,88.2237,8.717683,7.481335,8.690134,24.27777,0.0,0.0,0.0,0.0,0.0,0.0
2022-02-03,756391.5,United Kingdom,Europe/London,2022-02-03,7.9996247,5.828604,86.376495,7.9996247,6.6047807,7.6098332,22.53015,0.0,0.0,0.0,0.0,0.0,0.0
2022-02-04,752255.0,United Kingdom,Europe/London,2022-02-04,4.311045,1.3304136,81.414246,4.311045,2.5852706,2.5498896,14.938292,0.0,0.0,0.0,0.0,0.0,0.0
2022-02-05,681790.5,United Kingdom,Europe/London,2022-02-05,5.572306,2.9253547,83.31437,5.572306,3.9590652,4.2662315,17.494633,0.0,0.0,0.0,0.0,0.0,0.0
2022-02-06,659956.5,United Kingdom,Europe/London,2022-02-06,5.5535345,2.6095796,81.66268,5.5535345,3.8095112,4.1923304,17.322502,0.0,0.0,0.0,0.0,0.0,0.0
2022-02-07,789399.5,United Kingdom,Europe/London,2022-02-07,6.057493,3.5756624,84.371284,6.057493,4.5439,5.015931,18.73226,0.0,0.0,0.0,0.0,0.0,0.0
2022-02-08,753202.0,United Kingdom,Europe/London,2022-02-08,8.49212,5.728911,83.009445,8.49212,6.7708898,8.107213,23.046682,0.0,0.0,0.0,0.0,0.0,0.0
2022-02-09,759572.0,United Kingdom,Europe/London,2022-02-09,6.272262,3.657886,83.68411,6.272262,4.698866,5.240005,18.97494,0.0,0.0,0.0,0.0,0.0,0.0
2022-02-10,774783.5,United Kingdom,Europe/London,2022-02-10,4.1350245,0.7287102,79.08937,4.1350245,2.2182221,2.1877587,14.236385,0.0,0.0,0.0,0.0,0.0,0.0
2022-02-11,803016.0,United Kingdom,Europe/London,2022-02-11,3.0619042,-0.106360935,80.32861,3.0619042,1.2608783,0.9058705,12.565164,0.0,0.0,0.0,0.0,0.0,0.0
2022-02-12,672197.5,United Kingdom,Europe/London,2022-02-12,6.4578476,3.7573268,83.23147,6.4578476,4.8224897,5.384408,19.04402,0.0,0.0,0.0,0.0,0.0,0.0
2022-02-13,696008.5,United Kingdom,Europe/London,2022-02-13,7.252913,5.896252,91.195114,7.252913,6.32992,6.889402,21.845053,0.0,0.0,0.0,0.0,0.0,0.0563495159149169
2022-02-14,776659.5,United Kingdom,Europe/London,2022-02-14,5.710204,3.589873,86.53612,5.710204,4.3772817,4.562308,18.075575,0.0,0.0,0.0,0.0,0.0,0.0
2022-02-15,793344.5,United Kingdom,Europe/London,2022-02-15,5.6208363,3.542254,86.74009,5.6208363,4.3231344,4.5127006,18.0991,0.0,0.0,0.0,0.0,0.0,0.0164437294006347
2022-02-16,722319.0,United Kingdom,Europe/London,2022-02-16,9.056391,6.7715344,86.036156,9.056391,7.588755,9.108783,24.854137,0.0,0.0,0.0,0.0,0.0,34.00141557057699
2022-02-17,721558.0,United Kingdom,Europe/London,2022-02-17,6.00054,2.0739565,76.52532,6.00054,3.76141,4.420163,17.157835,0.0,0.0,0.0,0.0,0.0,0.0
2022-02-18,732754.5,United Kingdom,Europe/London,2022-02-18,4.623297,1.7301583,82.27432,4.623297,2.9541125,2.9946887,15.627615,0.0,0.0,0.0,0.0,0.0,0.0191272099812825
2022-02-19,706080.0,United Kingdom,Europe/London,2022-02-19,3.935863,1.2200271,82.90632,3.935863,2.3463738,2.1441891,14.472464,0.0,0.0,0.0,0.0,0.0,0.0
2022-02-20,648542.5,United Kingdom,Europe/London,2022-02-20,7.430776,5.1046524,85.4604,7.430776,5.984792,6.889728,21.532223,0.0,0.0,0.0,0.0,0.0,0.0164634386698404
2022-02-21,748112.5,United Kingdom,Europe/London,2022-02-21,6.424225,2.4931936,76.534096,6.424225,4.1707673,4.956756,17.9039,0.0,0.0,0.0,0.0,0.0,0.0
2022-02-22,732972.0,United Kingdom,Europe/London,2022-02-22,7.1308303,4.051104,81.307045,7.1308303,5.2892857,6.1708565,20.047255,0.0,0.0,0.0,0.0,0.0,0.0
2022-02-23,737457.5,United Kingdom,Europe/London,2022-02-23,6.2198358,3.3367894,82.12544,6.2198358,4.474977,5.0156255,18.436296,0.0,0.0,0.0,0.0,0.0,0.0
2022-02-24,746441.0,United Kingdom,Europe/London,2022-02-24,3.7597349,0.40257356,79.43481,3.7597349,1.896898,1.746614,13.67205,0.0,0.0,0.0,0.0,0.0,0.0
2022-02-25,742452.0,United Kingdom,Europe/London,2022-02-25,5.3231874,1.381123,76.46434,5.3231874,3.1086032,3.5375242,15.893859,0.0,0.0,0.0,0.0,0.0,0.0
2022-02-26,635177.5,United Kingdom,Europe/London,2022-02-26,6.30243,2.4636822,77.170715,6.30243,4.098855,4.8239503,17.749395,0.0,0.0,0.0,0.0,0.0,0.0
2022-02-27,620545.0,United Kingdom,Europe/London,2022-02-27,6.069243,1.2779471,71.961464,6.069243,3.4516497,4.2698755,16.61208,0.0,0.0,0.0,0.0,0.0,0.0
2022-02-28,766018.5,United Kingdom,Europe/London,2022-02-28,7.2326436,4.865833,85.24623,7.2326436,5.762923,6.5412307,20.90462,0.0,0.0,0.0,0.0,0.0,0.0
2022-03-01,792898.0,United Kingdom,Europe/London,2022-03-01,5.1616917,2.670517,84.76251,5.1616917,3.6904492,3.7971807,16.913687,0.0,0.0,0.0,0.0,0.0,0.0
2022-03-02,799139.0,United Kingdom,Europe/London,2022-03-02,5.467732,3.83565,89.51485,5.467732,4.4263,4.4735384,18.264084,0.0,0.0,0.0,0.0,0.0,0.0
2022-03-03,795845.0,United Kingdom,Europe/London,2022-03-03,6.855153,5.0014896,88.239784,6.855153,5.6591873,6.1801224,20.566006,0.0,0.0,0.0,0.0,0.0,0.0
2022-03-04,783467.0,United Kingdom,Europe/London,2022-03-04,5.1711373,3.006753,86.48876,5.1711373,3.846989,3.8631048,17.079817,0.0,0.0,0.0,0.0,0.0,0.0
2022-03-05,692530.0,United Kingdom,Europe/London,2022-03-05,4.2034945,0.88569826,79.93524,4.203494,2.3292458,2.2954285,14.415931,0.0,0.0,0.0,0.0,0.0,0.0
2022-03-06,702570.5,United Kingdom,Europe/London,2022-03-06,3.6265936,-0.089793056,77.74225,3.6265936,1.5778472,1.4592913,13.104714,0.0,0.0,0.0,0.0,0.0,0.0
2022-03-07,772082.5,United Kingdom,Europe/London,2022-03-07,3.3824615,-0.7482362,75.26093,3.3824615,1.16226,1.0540953,12.405618,0.0,0.0,0.0,0.0,0.0,0.0
2022-03-08,731751.5,United Kingdom,Europe/London,2022-03-08,5.303759,0.52565086,71.95382,5.303759,2.7365265,3.3419485,15.382104,0.0,0.0,0.0,0.0,0.0,0.0
2022-03-09,715812.5,United Kingdom,Europe/London,2022-03-09,7.937735,4.560536,79.843994,7.937735,5.9108996,7.1066303,21.227127,0.0,0.0,0.0,0.0,0.0,0.0
2022-03-10,715095.0,United Kingdom,Europe/London,2022-03-10,8.536665,5.2925873,80.66727,8.536665,6.550867,7.9660735,22.569284,0.0,0.0,0.0,0.0,0.0,0.0
2022-03-11,704095.0,United Kingdom,Europe/London,2022-03-11,8.808498,6.1038475,83.493935,8.808498,7.1125407,8.510999,23.611343,0.0,0.0,0.0,0.0,0.0,0.0
2022-03-12,616229.5,United Kingdom,Europe/London,2022-03-12,7.846148,4.7901034,81.817406,7.846148,6.010288,7.085309,21.330385,0.0,0.0,0.0,0.0,0.0,0.0
2022-03-13,620686.0,United Kingdom,Europe/London,2022-03-13,8.098385,5.025805,81.405174,8.098385,6.2161884,7.408827,21.78732,0.0,0.0,0.0,0.0,0.0,0.0
2022-03-14,719545.0,United Kingdom,Europe/London,2022-03-14,6.7917037,3.5753691,81.19515,6.7917037,4.906963,5.6409907,19.165228,0.0,0.0,0.0,0.0,0.0,0.0
2022-03-15,730384.0,United Kingdom,Europe/London,2022-03-15,7.07093,3.7420275,80.285645,7.07093,5.0899396,5.999745,19.674725,0.0,0.0,0.0,0.0,0.0,0.0
2022-03-16,779220.0,United Kingdom,Europe/London,2022-03-16,6.7485313,4.809099,87.85061,6.7485313,5.529409,6.0411325,20.367874,0.0,0.0,0.0,0.0,0.0,0.0
2022-03-17,709670.0,United Kingdom,Europe/London,2022-03-17,6.1120405,2.9537559,81.011246,6.1120405,4.235094,4.8150144,18.06847,0.0,0.0,0.0,0.0,0.0,0.0
2022-03-18,694559.5,United Kingdom,Europe/London,2022-03-18,7.5561137,3.8560166,78.76522,7.5561137,5.393126,6.5380316,20.317516,0.0,0.0,0.0,0.0,0.0,0.0
2022-03-19,568850.5,United Kingdom,Europe/London,2022-03-19,8.595255,2.7582068,68.91041,8.595255,5.437635,7.2060156,20.325108,0.0,0.0,0.0,0.0,0.0,0.0
2022-03-20,605504.0,United Kingdom,Europe/London,2022-03-20,6.290862,0.7201055,69.01351,6.290862,3.3705,4.3397093,16.409775,0.0,0.0,0.0,0.0,0.0,0.0
2022-03-21,731298.0,United Kingdom,Europe/London,2022-03-21,6.106195,1.805145,75.63341,6.106195,3.6915817,4.485408,17.155125,0.0,0.0,0.0,0.0,0.0,0.0
2022-03-22,683996.5,United Kingdom,Europe/London,2022-03-22,9.643503,4.8409014,73.45654,9.643503,6.830409,8.941206,23.326498,0.0,0.0,0.0,0.0,0.0,0.0
2022-03-23,684329.5,United Kingdom,Europe/London,2022-03-23,9.748067,4.130904,70.93227,9.748067,6.609285,8.787606,22.702585,0.0,0.0,0.0,0.0,0.0,0.0035241444905598
2022-03-24,681896.5,United Kingdom,Europe/London,2022-03-24,9.2154255,3.7248826,71.129425,9.2154255,6.1597943,8.146358,21.856915,0.0,0.0,0.0,0.0,0.0,0.0
2022-03-25,659262.5,United Kingdom,Europe/London,2022-03-25,9.334239,3.9578424,71.69804,9.334239,6.3309927,8.330825,22.16213,0.0,0.0,0.0,0.0,0.0,0.0
2022-03-26,581960.0,United Kingdom,Europe/London,2022-03-26,9.180733,4.256797,73.53352,9.180733,6.359755,8.263812,22.250933,0.0,0.0,0.0,0.0,0.0,0.0
2022-03-28,694249.5,United Kingdom,Europe/London,2022-03-28,8.47609,5.40286,82.43543,8.47609,6.609145,7.9575005,22.654955,0.0,0.0,0.0,0.0,0.0,0.149634838104248
2022-03-29,733817.5,United Kingdom,Europe/London,2022-03-29,7.2547646,5.095574,86.71604,7.2547646,5.888349,6.6275606,21.107773,0.0,0.0,0.0,0.0,0.0,0.0487394332885742
2022-03-30,746833.5,United Kingdom,Europe/London,2022-03-30,4.5466747,1.6436836,82.29092,4.546675,2.9205472,2.916004,15.543592,0.0,0.0,0.0,0.0,0.0,0.0
2022-03-31,724183.0,United Kingdom,Europe/London,2022-03-31,2.6490839,-1.8271676,73.67697,2.6490836,0.3657555,0.083168454,10.996769,0.0,0.0,0.0,0.0,0.0,0.0
2022-04-01,729123.5,United Kingdom,Europe/London,2022-04-01,3.1035483,-1.4539388,73.40088,3.1035483,0.7560652,0.62281144,11.695893,0.0,0.0,0.0,0.0,0.0,0.0
2022-04-02,676185.0,United Kingdom,Europe/London,2022-04-02,3.6136196,-0.56345737,75.93159,3.6136196,1.4208802,1.3362843,12.782234,0.0,0.0,0.0,0.0,0.0,0.0
2022-04-03,636507.5,United Kingdom,Europe/London,2022-04-03,4.5130424,0.27094525,75.74364,4.5130424,2.243647,2.4731128,14.36098,0.0,0.0,0.0,0.0,0.0,0.0
2022-04-04,683588.5,United Kingdom,Europe/London,2022-04-04,9.201617,7.1145997,87.09371,9.201617,7.8501573,9.328311,25.206604,0.0,0.0,0.0,0.0,0.0,0.0
2022-04-05,666139.5,United Kingdom,Europe/London,2022-04-05,8.823301,6.246225,84.62841,8.823301,7.2052827,8.607099,23.857203,0.0,0.0,0.0,0.0,0.0,0.0
2022-04-06,647210.0,United Kingdom,Europe/London,2022-04-06,8.411281,5.5158644,82.40581,8.411281,6.6105475,7.9112983,22.639557,0.0,0.0,0.0,0.0,0.0,0.0
2022-04-07,659467.0,United Kingdom,Europe/London,2022-04-07,6.179543,1.978531,75.4475,6.179543,3.8403492,4.5731683,17.265463,0.0,0.0,0.0,0.0,0.0,0.0
2022-04-08,689757.0,United Kingdom,Europe/London,2022-04-08,4.6361713,0.163221,74.30792,4.6361713,2.2628496,2.5392227,14.323809,0.0,0.0,0.0,0.0,0.0,0.0
2022-04-09,608840.0,United Kingdom,Europe/London,2022-04-09,4.694053,-0.7030236,69.65952,4.694053,1.9177088,2.3750005,13.759402,0.0,0.0,0.0,0.0,0.0,0.0
2022-04-10,603758.0,United Kingdom,Europe/London,2022-04-10,5.705926,0.32174495,70.18478,5.705926,2.854197,3.6503427,15.525637,0.0,0.0,0.0,0.0,0.0,0.0
2022-04-11,631928.0,United Kingdom,Europe/London,2022-04-11,8.940197,2.880212,66.99961,8.940197,5.623585,7.5885725,20.781828,0.0,0.0,0.0,0.0,0.0,0.0
2022-04-12,691662.0,United Kingdom,Europe/London,2022-04-12,9.76763,7.1975565,84.40246,9.76763,8.121084,9.924405,25.868078,0.0,0.0,0.0,0.0,0.0,10.511664946873983
2022-04-13,667807.0,United Kingdom,Europe/London,2022-04-13,10.456537,8.342021,87.37649,10.456537,9.067399,11.0439,27.77955,0.0,0.0,0.0,0.0,0.0,14.953040679295858
2022-04-14,662005.5,United Kingdom,Europe/London,2022-04-14,10.2838955,7.7135344,85.02971,10.2838955,8.638691,10.602567,26.84716,0.0,0.0,0.0,0.0,0.0,1.74176557858785
2022-04-15,564808.5,United Kingdom,Europe/London,2022-04-15,11.613933,8.5237875,82.38515,11.613933,9.6396885,12.263095,29.13269,0.008766174,0.008766651,0.0,0.0,0.0,11.546898365020752
2022-04-16,517313.0,United Kingdom,Europe/London,2022-04-16,11.631429,8.198181,80.824776,11.631429,9.481496,12.145101,28.76867,0.0,0.0,0.0,0.0,0.0,7.348549207051595
2022-04-17,496476.0,United Kingdom,Europe/London,2022-04-17,11.664704,6.9682636,74.89229,11.664704,8.896848,11.707294,27.473232,0.0,0.0,0.0,0.0,0.0,0.5009633700052897
2022-04-18,541062.5,United Kingdom,Europe/London,2022-04-18,9.718916,5.1735144,74.77763,9.718916,7.105267,9.103628,23.642103,0.0,0.0,0.0,0.0,0.0,0.0
2022-04-19,635944.5,United Kingdom,Europe/London,2022-04-19,8.547633,4.4708266,76.71034,8.547633,6.158676,7.6913495,21.776707,0.0,0.0,0.0,0.0,0.0,0.0
2022-04-20,612843.5,United Kingdom,Europe/London,2022-04-20,9.517072,4.6838417,73.94017,9.517072,6.7433043,8.7348795,22.970037,0.0,0.0,0.0,0.0,0.0,0.0
2022-04-21,588490.5,United Kingdom,Europe/London,2022-04-21,10.183533,4.6272163,69.99366,10.183533,7.010756,9.3765745,23.577517,0.0,0.0,0.0,0.0,0.0,0.0
2022-04-22,582753.5,United Kingdom,Europe/London,2022-04-22,9.992284,5.020572,72.56165,9.992284,7.1187806,9.317503,23.754105,0.0,0.0,0.0,0.0,0.0,0.0
2022-04-23,518818.0,United Kingdom,Europe/London,2022-04-23,10.103051,5.8056946,75.65491,10.103051,7.5423517,9.706411,24.650108,0.0,0.0,0.0,0.0,0.0,0.0
2022-04-24,507376.0,United Kingdom,Europe/London,2022-04-24,9.632038,4.9528127,74.04032,9.632038,6.9143863,8.927947,23.305494,0.0,0.0,0.0,0.0,0.0,0.0
2022-04-25,644680.0,United Kingdom,Europe/London,2022-04-25,8.322253,4.0651283,75.46143,8.322253,5.8493614,7.317673,21.129675,0.0,0.0,0.0,0.0,0.0,0.0
2022-04-26,644901.5,United Kingdom,Europe/London,2022-04-26,8.220431,3.5023465,73.789276,8.220431,5.562149,7.0405264,20.533186,0.0,0.0,0.0,0.0,0.0,0.0
2022-04-27,684531.0,United Kingdom,Europe/London,2022-04-27,7.5260878,2.3544204,70.80338,7.5260878,4.674401,6.0083337,18.879778,0.0,0.0,0.0,0.0,0.0,0.0
2022-04-28,692658.0,United Kingdom,Europe/London,2022-04-28,7.6398454,2.8619354,72.72058,7.6398454,4.9407,6.282396,19.447056,0.0,0.0,0.0,0.0,0.0,0.0
2022-04-29,655798.5,United Kingdom,Europe/London,2022-04-29,8.506027,3.6763082,73.35603,8.506027,5.775367,7.3929477,21.012156,0.0,0.0,0.0,0.0,0.0,0.0
2022-04-30,557374.0,United Kingdom,Europe/London,2022-04-30,8.726325,4.5009723,76.79059,8.726325,6.288114,7.898027,22.037222,0.0,0.0,0.0,0.0,0.0,0.0
2022-05-01,585174.0,United Kingdom,Europe/London,2022-05-01,10.340449,7.8318024,84.99511,10.340449,8.733642,10.703149,27.026968,0.0,0.0,0.0,0.0,0.0,0.4911252657572428
2022-05-02,599483.5,United Kingdom,Europe/London,2022-05-02,10.568242,7.914216,84.27575,10.568242,8.881513,10.975521,27.38486,0.0,0.0,0.0,0.0,0.0,0.0393322308858235
2022-05-03,668236.5,United Kingdom,Europe/London,2022-05-03,10.01542,7.387451,84.1658,10.01542,8.334929,10.227391,26.274118,0.0,0.0,0.0,0.0,0.0,2.768765926361084
2022-05-04,649259.5,United Kingdom,Europe/London,2022-05-04,11.17928,8.595742,84.70897,11.17928,9.511308,11.8694515,28.804384,0.0,0.0,0.0,0.0,0.0,25.480328798294067
2022-05-05,628948.0,United Kingdom,Europe/London,2022-05-05,11.818644,8.622874,81.88425,11.818644,9.785487,12.52098,29.491486,0.0,0.0,0.0,0.0,0.0,17.262417793273926
2022-05-06,606017.5,United Kingdom,Europe/London,2022-05-06,12.35656,9.453973,83.38638,12.35656,10.489881,13.409842,31.026577,0.2847824,0.2847824,0.0,0.0,0.0,53.30513755480448
2022-05-07,538941.5,United Kingdom,Europe/London,2022-05-07,11.686592,8.144597,80.15449,11.686592,9.507456,12.225644,28.896872,0.0,0.0,0.0,0.0,0.0,68.45518120129903
2022-05-08,509335.5,United Kingdom,Europe/London,2022-05-08,11.859712,7.5611463,76.423355,11.859712,9.241318,12.1265135,28.30574,0.0,0.0,0.0,0.0,0.0,7.873666683832805
2022-05-09,571043.0,United Kingdom,Europe/London,2022-05-09,12.502315,8.548243,77.97198,12.502315,10.028852,13.182149,30.12525,2.951271,2.951272,0.0,0.0,0.0,48.85963336626688
2022-05-10,564038.5,United Kingdom,Europe/London,2022-05-10,12.776904,8.288618,75.318245,12.776904,10.041977,13.348966,30.098648,0.0,0.0,0.0,0.0,0.0,57.776999950408936
2022-05-11,601538.5,United Kingdom,Europe/London,2022-05-11,11.2988405,7.762963,79.58773,11.2988405,9.121737,11.670298,28.028557,0.0,0.0,0.0,0.0,0.0,63.252989292144775
2022-05-12,583599.5,United Kingdom,Europe/London,2022-05-12,10.569772,6.259716,75.96972,10.569772,8.009444,10.330411,25.56587,0.0,0.0,0.0,0.0,0.0,0.0
2022-05-13,537421.5,United Kingdom,Europe/London,2022-05-13,12.09839,7.8945847,76.3964,12.09839,9.506264,12.475041,28.85646,0.0,0.0,0.0,0.0,0.0,0.0492494901021321
2022-05-14,505310.0,United Kingdom,Europe/London,2022-05-14,12.863827,8.324566,75.641365,12.863827,10.086081,13.426214,30.160446,13.654121,13.654118,0.0,0.0,0.0,3.136244455973307
2022-05-15,528859.5,United Kingdom,Europe/London,2022-05-15,13.039775,9.566873,80.26354,13.039775,10.81227,14.195477,32.0168,0.0,0.0,0.0,0.6231656,1.1888256,354.6149465243022
2022-05-16,610425.0,United Kingdom,Europe/London,2022-05-16,13.273103,11.058938,86.95146,13.273103,11.780464,15.136118,34.25026,6.6006927,6.6006894,12.924095,28.841446,71.71362,962.447297414144
2022-05-17,593422.5,United Kingdom,Europe/London,2022-05-17,14.438543,11.129877,81.81912,14.438543,12.277769,16.294743,35.41948,80.52865,80.52864,56.74236,37.08419,82.23602,681.0408248901367
2022-05-18,576135.0,United Kingdom,Europe/London,2022-05-18,13.780425,9.038759,74.659386,13.780425,10.89186,14.675515,32.031944,6.875778,6.8757763,0.0,0.06503487,0.05674362,144.93136358261108
2022-05-19,585128.0,United Kingdom,Europe/London,2022-05-19,13.24811,8.52013,74.86893,13.24811,10.414056,13.930248,30.887995,0.047569275,0.047569275,0.0,0.0,0.0,132.53592785199484
2022-05-20,594516.5,United Kingdom,Europe/London,2022-05-20,12.348345,8.818414,79.58949,12.348345,10.11341,13.124443,30.236889,0.0,0.0,0.0,0.0,0.0,30.159022728602093
2022-05-21,505874.0,United Kingdom,Europe/London,2022-05-21,12.481231,8.394825,77.22568,12.481231,9.953816,13.069905,29.843634,0.0,0.0,0.0,0.0,0.0,3.832464694976807
2022-05-22,496543.0,United Kingdom,Europe/London,2022-05-22,13.536468,9.887207,79.75899,13.536468,11.212865,14.786476,32.785122,11.701065,11.701065,0.012047768,0.00035381317,0.0,142.58097592989603
2022-05-23,604703.5,United Kingdom,Europe/London,2022-05-23,12.035603,8.875199,81.68377,12.035603,10.023015,12.835708,29.985832,0.0,0.0,0.0,0.0,0.0,44.04447587331136
2022-05-24,587822.5,United Kingdom,Europe/London,2022-05-24,11.288465,7.365755,77.88453,11.288465,8.898411,11.461511,27.45773,0.0,0.0,0.0,0.0,0.0,0.0293235778808593
2022-05-25,582212.5,United Kingdom,Europe/London,2022-05-25,11.986724,8.583452,80.28135,11.986724,9.831602,12.6842985,29.648952,0.0,0.0,0.0,0.0,0.0,74.72591845194499
2022-05-26,577989.5,United Kingdom,Europe/London,2022-05-26,12.314769,8.6561775,79.05748,12.314769,10.03767,13.111181,30.264725,0.0,0.0,0.0,0.0,0.0,289.750760157903
2022-05-27,521217.0,United Kingdom,Europe/London,2022-05-27,11.967579,6.473756,70.56948,11.967579,8.775084,11.831137,27.27775,0.0,0.0,0.0,0.0,0.0,69.27581429481506
2022-05-28,510187.5,United Kingdom,Europe/London,2022-05-28,11.159799,5.797697,70.82477,11.159799,8.034162,10.74413,25.669834,0.0,0.0,0.0,0.0,0.0,0.0
2022-05-29,508475.0,United Kingdom,Europe/London,2022-05-29,9.773675,5.1593995,73.78425,9.773675,7.070731,9.145543,23.663109,0.0,0.0,0.0,0.0,0.0,0.0250674883524576
2022-05-30,604571.5,United Kingdom,Europe/London,2022-05-30,9.589905,6.207741,80.08057,9.589905,7.508233,9.322324,24.490404,0.0,0.0,0.0,0.0,0.0,0.0403337478637695
2022-05-31,604792.5,United Kingdom,Europe/London,2022-05-31,10.1454115,7.04091,81.9119,10.1454115,8.210118,10.190282,25.934448,0.0,0.0,0.0,0.0,0.0,0.0
2022-06-01,592610.0,United Kingdom,Europe/London,2022-06-01,11.458966,7.244353,76.84268,11.458966,8.9113455,11.584104,27.49723,0.0,0.0,0.0,0.0,0.0,1.826875368754069
2022-06-02,517985.0,United Kingdom,Europe/London,2022-06-02,12.377856,7.5275636,74.382126,12.377856,9.463083,12.626641,28.782612,0.0,0.0,0.0,0.0,0.0,1.5802063941955566
2022-06-03,504484.0,United Kingdom,Europe/London,2022-06-03,13.322526,8.785296,75.36223,13.322526,10.523759,14.093298,31.215933,13.526253,13.526253,0.07025099,0.03947401,0.0,69.09966047604878
2022-06-04,486776.5,United Kingdom,Europe/London,2022-06-04,12.730447,8.073642,74.42516,12.730447,9.887265,13.220687,29.822441,0.8414917,0.8414922,0.0,0.0,0.0,90.8428208033244
2022-06-05,546972.5,United Kingdom,Europe/London,2022-06-05,11.557395,8.709215,83.77258,11.557395,9.766191,12.325738,29.410257,0.4955902,0.4955902,0.0,0.0,0.0,167.78247078259787
2022-06-06,629423.5,United Kingdom,Europe/London,2022-06-06,12.336617,9.355957,82.895065,12.336617,10.431013,13.366505,30.941374,0.0,0.0,0.0,0.0,0.0,187.12702910105384
2022-06-07,610573.5,United Kingdom,Europe/London,2022-06-07,13.523748,9.833201,79.41217,13.523748,11.182587,14.806264,32.867695,0.020736694,0.020736217,0.0,1.9470143,4.440201,477.2268424828847
2022-06-08,581967.5,United Kingdom,Europe/London,2022-06-08,13.79718,10.733031,82.671974,13.79718,11.813164,15.477313,34.266113,0.2946167,0.29461575,0.06896734,1.6530123,3.4695225,642.9502255916595
2022-06-09,596440.5,United Kingdom,Europe/London,2022-06-09,13.982304,10.707758,81.45443,13.982304,11.861118,15.629348,34.360664,0.0,0.0,0.0,1.4439864,2.5263948,481.00037519137067
2022-06-10,529543.0,United Kingdom,Europe/London,2022-06-10,15.240278,10.391292,74.12653,15.240278,12.21985,16.732935,35.20709,17.867393,17.867395,0.9523096,0.49495745,0.72297287,345.1473867893219
2022-06-11,444352.0,United Kingdom,Europe/London,2022-06-11,14.268975,9.821894,75.728455,14.268975,11.482206,15.480275,33.42192,4.564911,4.5649123,0.0,0.0,0.0,102.2433001200358
2022-06-12,450252.5,United Kingdom,Europe/London,2022-06-12,13.17821,8.217692,73.30554,13.17821,10.183565,13.702635,30.371918,0.048561096,0.048561573,0.0,0.0,0.0,3.88133970896403
2022-06-13,570289.5,United Kingdom,Europe/London,2022-06-13,12.868985,8.13119,74.081856,12.868985,9.980878,13.3464155,29.924904,0.0,0.0,0.0,0.0,0.0,1.195375919342041
2022-06-14,579812.5,United Kingdom,Europe/London,2022-06-14,13.658802,8.423933,72.383865,13.658802,10.483328,14.26488,31.093105,34.677475,34.677475,0.10223436,0.0,0.0,12.483354489008583
2022-06-15,590101.5,United Kingdom,Europe/London,2022-06-15,15.126987,9.509851,71.26395,15.126987,11.676056,16.213737,33.948315,126.329254,126.329254,57.21939,14.326322,20.275568,125.3526037534078
2022-06-16,600306.0,United Kingdom,Europe/London,2022-06-16,16.475876,10.812927,71.48799,16.475876,12.9415455,18.177177,37.06108,255.75398,255.75398,170.83641,66.72219,132.99197,542.6879778703054
2022-06-17,557042.0,United Kingdom,Europe/London,2022-06-17,17.932804,11.521143,68.12815,17.935015,13.914735,20.066828,39.780407,618.7997,622.18555,651.2989,329.20557,884.942,1327.557161649068
2022-06-18,534772.5,United Kingdom,Europe/London,2022-06-18,13.26704,9.142697,76.93066,13.26704,10.738534,14.332861,31.997679,19.602661,19.602661,43.982162,54.14699,151.88727,813.0550719102224
2022-06-19,492882.0,United Kingdom,Europe/London,2022-06-19,12.484334,8.129813,75.769905,12.484334,9.808955,12.965734,29.54485,0.0,0.0,0.0,0.0,0.0,8.11587119102478
2022-06-20,558346.5,United Kingdom,Europe/London,2022-06-20,13.915401,8.388274,71.24054,13.915401,10.573288,14.519046,31.349255,16.325615,16.325615,0.0,0.0,0.0,23.13868506749471
2022-06-21,563996.0,United Kingdom,Europe/London,2022-06-21,15.257471,10.549629,76.00997,15.257471,12.328601,16.838007,35.47407,133.5614,133.5614,26.536816,2.6219668,3.5098772,488.0548349221547
2022-06-22,576396.5,United Kingdom,Europe/London,2022-06-22,16.56415,11.362413,73.76264,16.56415,13.284776,18.52319,37.87894,253.22116,253.22115,187.89244,83.16048,172.43367,707.3665408293406
2022-06-23,595383.0,United Kingdom,Europe/London,2022-06-23,16.816233,12.204096,75.73331,16.816233,13.840428,19.222294,39.40241,203.89551,203.89551,189.25659,122.620575,301.09598,1311.4598174889882
2022-06-24,579126.0,United Kingdom,Europe/London,2022-06-24,16.16999,12.780163,81.29142,16.16999,13.9337845,18.86251,39.548393,37.062798,37.062794,26.37818,32.32895,76.97561,1647.0455504258473
2022-06-25,457360.5,United Kingdom,Europe/London,2022-06-25,14.632738,9.411749,72.38415,14.632738,11.46213,15.686802,33.3479,1.3659515,1.3659525,0.0,0.028195381,0.034208298,228.49033172925317
2022-06-26,439038.5,United Kingdom,Europe/London,2022-06-26,14.039255,8.851203,72.71478,14.039255,10.900032,14.83493,32.013817,9.878868,9.87887,0.0,0.0,0.0,54.66813683509827
2022-06-27,550566.5,United Kingdom,Europe/London,2022-06-27,13.667579,8.91013,74.28839,13.667579,10.777286,14.497296,31.731113,0.0,0.0,0.0,0.0,0.0,47.79991881052653
2022-06-28,545559.0,United Kingdom,Europe/London,2022-06-28,14.129662,9.754579,76.17941,14.129662,11.402957,15.337467,33.27047,10.917564,10.917563,0.0,0.11788893,0.22506142,218.01876997947693
2022-06-29,585281.5,United Kingdom,Europe/London,2022-06-29,14.82272,11.294211,80.31716,14.82272,12.5367985,16.740719,35.982216,12.452713,12.452711,0.38431787,1.653408,2.5673609,611.5694315433502
2022-06-30,587060.5,United Kingdom,Europe/London,2022-06-30,13.944076,10.5406885,81.062874,13.944076,11.766896,15.498372,34.05827,0.0,0.0,0.0,0.0,0.0,302.8172905445099
2022-07-01,561791.5,United Kingdom,Europe/London,2022-07-01,13.722097,10.283369,80.77445,13.722097,11.517289,15.147573,33.468647,0.014480591,0.0144815445,0.0,0.0,0.0,161.9111507733663
2022-07-02,498393.0,United Kingdom,Europe/London,2022-07-02,13.990904,10.70323,81.42473,13.990904,11.860377,15.6159725,34.30612,0.68904877,0.6890483,0.0,0.0,0.0,304.1223367849986
2022-07-03,495518.5,United Kingdom,Europe/London,2022-07-03,13.919564,9.944551,78.096085,13.919564,11.409364,15.190538,33.234245,0.75818634,0.7581878,0.0,0.0,0.0,134.84098410606384
2022-07-04,550244.0,United Kingdom,Europe/London,2022-07-04,13.6894045,9.010298,74.61139,13.6894045,10.799738,14.538678,31.80965,7.4742813,7.4742804,0.13000107,0.071557045,0.09752941,20.65016277631124
2022-07-05,571355.5,United Kingdom,Europe/London,2022-07-05,14.258572,9.364963,73.722046,14.258572,11.241848,15.29654,32.924095,6.9418335,6.941832,0.0,0.40593147,0.4741621,251.53131953875223
2022-07-06,563843.5,United Kingdom,Europe/London,2022-07-06,15.748739,12.369156,81.26852,15.748739,13.519882,18.230356,38.522835,61.155006,61.155006,49.433712,35.607964,76.50168,1410.228520790736
2022-07-07,576870.5,United Kingdom,Europe/London,2022-07-07,16.416588,11.996887,76.269516,16.416588,13.563311,18.702166,38.65121,118.2783,118.2783,84.106094,52.630676,110.86394,1115.064707994461
2022-07-08,556987.0,United Kingdom,Europe/London,2022-07-08,16.921497,12.4989395,77.21791,16.921455,14.067867,19.476105,39.92916,265.6073,265.54944,256.56076,131.59901,325.86002,1504.9536585013072
2022-07-09,496887.0,United Kingdom,Europe/London,2022-07-09,16.80338,11.297895,71.959595,16.80338,13.355883,18.744879,38.072903,199.19229,199.1923,119.19256,43.85244,87.631226,778.8209249178568
2022-07-10,492991.5,United Kingdom,Europe/London,2022-07-10,18.074099,12.191432,71.233665,18.074074,14.359563,20.46904,40.655136,443.43323,443.42957,398.95087,199.62244,470.66895,1283.0179379781086
2022-07-11,581381.5,United Kingdom,Europe/London,2022-07-11,19.325325,12.817742,69.193665,19.323969,15.200998,22.05923,42.89604,649.1153,647.8718,582.1428,298.5923,747.0488,1750.6958401203156
2022-07-12,618358.5,United Kingdom,Europe/London,2022-07-12,19.256311,13.2097435,69.42964,19.260546,15.374915,22.239725,43.534813,539.5741,541.16974,600.92096,406.07016,1068.7213,2253.547669728597
2022-07-13,588105.5,United Kingdom,Europe/London,2022-07-13,16.617039,10.6835985,69.75123,16.617134,12.95398,18.330336,37.2421,237.87157,238.09523,189.15276,129.30078,348.1872,964.3904337088268
2022-07-14,583237.5,United Kingdom,Europe/London,2022-07-14,15.141679,9.457614,70.87476,15.141679,11.691133,16.211626,33.912827,74.77924,74.779236,12.796507,4.433259,11.243433,173.06734943389893
2022-07-15,571683.0,United Kingdom,Europe/London,2022-07-15,15.527156,10.505888,73.96228,15.527156,12.401514,17.081106,35.67436,110.4656,110.4656,41.188324,11.111026,18.4852,440.62906789779663
2022-07-16,511733.5,United Kingdom,Europe/London,2022-07-16,16.315496,10.92816,73.12219,16.315496,12.94426,18.086203,37.094482,287.6946,287.6946,199.48602,79.665985,161.16255,687.5187284946442
2022-07-17,502260.0,United Kingdom,Europe/London,2022-07-17,19.775822,12.178351,65.541,19.775501,15.092033,22.189356,42.442802,774.7901,774.1738,584.61993,274.95752,652.9389,1446.793817838033
2022-07-18,602985.0,United Kingdom,Europe/London,2022-07-18,22.47809,12.038543,56.700203,22.48201,16.086573,24.866816,45.136692,1863.7794,1869.8698,1579.5055,642.8307,1658.7794,1580.1187644004822
2022-07-19,635189.5,United Kingdom,Europe/London,2022-07-19,23.420301,13.585885,58.648357,23.436314,17.238134,26.639584,48.462826,2230.9187,2240.3372,2292.629,1042.6235,2778.1624,2567.923115889231
2022-07-20,634727.5,United Kingdom,Europe/London,2022-07-20,17.952097,13.593392,76.67059,17.95259,15.08244,21.16469,42.850616,275.14145,275.4503,443.8169,408.62943,1130.5854,2476.1710534890494
2022-07-21,625715.5,United Kingdom,Europe/London,2022-07-21,15.947302,11.454063,75.48449,15.947302,13.063988,17.977959,37.452675,45.413795,45.413803,46.82868,48.54081,125.21855,928.2742813428245
2022-07-22,601365.0,United Kingdom,Europe/London,2022-07-22,15.565748,11.931474,79.618416,15.565748,13.183868,17.828491,37.71757,16.80056,16.80056,20.036863,33.551064,86.03655,1135.6685625712078
2022-07-23,511376.0,United Kingdom,Europe/London,2022-07-23,16.586449,13.300039,82.12048,16.586449,14.401394,19.602297,40.89268,119.93914,119.93914,153.57056,148.79655,399.48926,2172.8468939463296
2022-07-24,475736.5,United Kingdom,Europe/London,2022-07-24,18.372305,15.091248,82.663574,18.37223,16.171467,22.424946,45.65502,312.80185,312.8832,460.04498,523.04645,1402.2747,3721.83566236496
2022-07-25,568915.5,United Kingdom,Europe/London,2022-07-25,16.045334,12.62657,81.11205,16.045334,13.79897,18.68905,39.28517,41.848503,41.8485,32.695663,53.388786,145.53377,1709.5528505643208
2022-07-26,585639.5,United Kingdom,Europe/London,2022-07-26,14.422793,9.547273,73.702644,14.422793,11.40446,15.52321,33.266457,4.10614,4.1061387,0.0,0.0,0.0,139.12659557660422
2022-07-27,586882.5,United Kingdom,Europe/London,2022-07-27,14.435616,9.533274,74.04164,14.435616,11.398881,15.534032,33.275745,15.155266,15.15526,0.0,0.046521664,0.0034456253,137.42505145072937
2022-07-28,591105.5,United Kingdom,Europe/London,2022-07-28,15.609246,11.124763,76.27625,15.609246,12.776739,17.459383,36.59435,49.44114,49.44114,4.7816834,5.7709947,13.331456,672.1314436594645
2022-07-29,556173.5,United Kingdom,Europe/London,2022-07-29,16.991945,11.755356,73.24831,16.991945,13.690325,19.157433,38.89838,157.78493,157.78493,91.472115,51.53554,108.53996,980.8249419530232
2022-07-30,510434.5,United Kingdom,Europe/London,2022-07-30,17.450514,14.201284,82.10678,17.450514,15.272766,20.993973,43.270683,121.0369,121.036896,214.72498,248.57666,682.1903,2970.9820171991983
2022-07-31,514298.0,United Kingdom,Europe/London,2022-07-31,16.697302,13.107492,80.36949,16.697302,14.376093,19.777933,41.198704,116.37567,116.37567,284.49048,335.65768,960.2159,2742.4017367362976
2022-08-01,562251.5,United Kingdom,Europe/London,2022-08-01,16.103165,11.341814,75.50589,16.103165,13.1150465,18.162336,37.69713,194.35207,194.35207,181.38533,150.80038,384.5229,1331.309489885966
2022-08-02,566471.0,United Kingdom,Europe/London,2022-08-02,19.075672,15.992198,83.111084,19.079367,16.96025,23.73096,48.09007,339.19812,347.0957,806.4169,900.1575,2521.7566,4648.550735076268
2022-08-03,565315.0,United Kingdom,Europe/London,2022-08-03,17.655952,13.739431,78.82208,17.6568,15.064882,20.973518,42.845753,260.27176,261.88394,384.0407,380.21652,1073.2915,2660.578691641489
2022-08-04,557174.5,United Kingdom,Europe/London,2022-08-04,15.156731,9.4796095,71.08321,15.156731,11.739504,16.268978,34.048244,71.45886,71.45886,18.453747,26.156065,70.63159,366.90636952718097
2022-08-05,537287.5,United Kingdom,Europe/London,2022-08-05,13.852232,7.543316,67.8653,13.852232,10.151932,14.100138,30.277983,23.20021,23.20021,0.0,0.13016796,0.25550938,8.855865557988485
2022-08-06,473765.0,United Kingdom,Europe/London,2022-08-06,14.566479,8.605221,69.92577,14.566479,11.004491,15.269858,32.29154,71.34155,71.34156,0.0,0.0,0.0,70.18453160921733
2022-08-07,465207.0,United Kingdom,Europe/London,2022-08-07,16.456064,10.989214,72.628365,16.456064,13.066314,18.25306,37.308487,210.08339,210.08339,106.98497,28.3382,43.01595,697.5009886423746
2022-08-08,567433.5,United Kingdom,Europe/London,2022-08-08,17.296104,11.899331,73.08794,17.296104,13.88418,19.535849,39.420856,321.31696,321.31702,263.97446,121.537094,270.52966,1075.9254366556804
2022-08-09,582572.5,United Kingdom,Europe/London,2022-08-09,18.40915,12.352348,70.68465,18.409079,14.594523,20.90466,41.282585,482.09396,482.10663,413.01993,212.80673,511.51074,1507.945888519287
2022-08-10,586315.5,United Kingdom,Europe/London,2022-08-10,19.18321,12.081652,67.26887,19.183125,14.774005,21.553875,41.720234,717.80524,717.452,596.865,293.06885,718.9574,1373.2232031027477
2022-08-11,590516.5,United Kingdom,Europe/London,2022-08-11,19.765617,12.034138,65.49616,19.765997,14.972053,22.127672,42.292706,1022.6697,1022.9163,847.2411,398.6653,1000.60657,1432.722122033437
2022-08-12,594301.5,United Kingdom,Europe/London,2022-08-12,20.223042,12.751112,66.47534,20.223051,15.540608,22.945488,43.780865,1120.8224,1121.0852,1000.374,480.64603,1227.7938,1813.7410031954448
2022-08-13,528289.5,United Kingdom,Europe/London,2022-08-13,20.554567,13.038228,66.59453,20.554255,15.851423,23.439835,44.579796,1240.4901,1241.457,1159.3739,589.1144,1510.8899,2058.122617880503
2022-08-14,530525.5,United Kingdom,Europe/London,2022-08-14,20.343782,12.903283,67.02105,20.342793,15.7201605,23.172642,44.202023,1111.2738,1111.12,915.0216,453.9345,1144.1078,2048.2892441749573
2022-08-15,625810.0,United Kingdom,Europe/London,2022-08-15,18.266619,14.336073,79.90926,18.266531,15.692984,21.872963,44.28236,384.251,384.92972,472.00424,399.56122,1052.1965,3043.9581591288247
2022-08-16,621645.0,United Kingdom,Europe/London,2022-08-16,16.09707,13.380982,84.61098,16.09707,14.271009,19.213491,40.679688,80.41248,80.41248,164.17502,248.20811,668.1436,2490.790108203888
2022-08-17,602886.0,United Kingdom,Europe/London,2022-08-17,15.135456,11.6514015,80.40289,15.135456,12.914032,17.448605,37.430374,22.363792,22.36379,103.46095,200.53029,551.86707,1913.905784447988
2022-08-18,595831.5,United Kingdom,Europe/London,2022-08-18,16.62861,13.46763,82.34724,16.62861,14.511012,19.79064,41.35335,125.75192,125.751915,228.72104,298.69067,813.7989,2518.796916007996
2022-08-19,552962.5,United Kingdom,Europe/London,2022-08-19,16.015137,11.093596,74.32964,16.015137,12.949758,17.917555,37.159843,68.25884,68.25884,52.42243,118.90274,336.22098,974.9859248002372
2022-08-20,472727.0,United Kingdom,Europe/London,2022-08-20,15.683741,10.933271,74.8918,15.683741,12.690564,17.468132,36.48742,112.34969,112.349686,64.47189,28.511593,44.62348,765.997829357783
2022-08-21,499101.0,United Kingdom,Europe/London,2022-08-21,15.464188,10.836012,75.42435,15.464188,12.553459,17.20955,36.15319,78.10798,78.10798,43.62047,33.760178,69.422966,807.5125203927358
2022-08-22,607371.0,United Kingdom,Europe/London,2022-08-22,15.847652,12.994033,84.08339,15.847652,13.946,18.786915,39.926514,76.80077,76.80077,143.8622,203.42534,575.5392,2352.074950138728
2022-08-23,605987.0,United Kingdom,Europe/London,2022-08-23,18.14969,15.404565,84.95827,18.149725,16.267479,22.421759,46.05301,258.8912,259.1114,580.9964,662.8482,1842.9988,4059.479927142461
2022-08-24,609065.5,United Kingdom,Europe/London,2022-08-24,17.746126,14.548052,82.57357,17.74823,15.603104,21.55678,44.335823,295.05435,301.09375,591.47754,613.2989,1739.2913,3424.8285795847573
2022-08-25,612100.5,United Kingdom,Europe/London,2022-08-25,15.516971,12.198759,81.48859,15.516971,13.36454,18.000383,38.295376,7.244301,7.244302,51.295464,123.6758,349.2741,1615.7086606820424
2022-08-26,565599.5,United Kingdom,Europe/London,2022-08-26,14.970772,11.201096,79.6282,14.970772,12.545706,16.869946,36.083557,58.51336,58.513367,25.386486,20.696535,44.0092,793.3506197929382
2022-08-27,509630.5,United Kingdom,Europe/London,2022-08-27,15.696188,11.486563,77.807175,15.696188,13.005143,17.737465,37.226177,106.56787,106.56787,65.959145,44.196526,102.05444,931.3643518288932
2022-08-28,498951.5,United Kingdom,Europe/London,2022-08-28,16.232006,12.148899,78.41469,16.232006,13.598298,18.598589,38.691566,98.07451,98.07451,41.778038,38.74729,86.52042,1221.670981725057
2022-08-29,517735.5,United Kingdom,Europe/London,2022-08-29,16.165474,12.083024,77.96008,16.165474,13.532908,18.49033,38.503883,38.988594,38.9886,14.747168,15.808098,32.720688,1135.719157377879
2022-08-30,575795.0,United Kingdom,Europe/London,2022-08-30,15.266283,10.817232,76.009895,15.266283,12.450862,16.980738,35.862835,51.951866,51.95186,36.758057,29.91455,69.82505,635.0862317879995
2022-08-31,579051.0,United Kingdom,Europe/London,2022-08-31,15.163637,10.321528,74.48011,15.163637,12.135301,16.645554,35.10207,73.53166,73.53166,21.017998,10.401625,19.317764,476.6360046863556
2022-09-01,583098.0,United Kingdom,Europe/London,2022-09-01,15.540529,11.101775,76.61642,15.540529,12.713942,17.414213,36.596,85.95274,85.95274,45.546906,40.59489,100.220604,834.7261346975962
2022-09-02,590777.5,United Kingdom,Europe/London,2022-09-02,16.278393,12.393936,79.023705,16.278393,13.748864,18.817701,39.23088,93.03839,93.03839,104.506874,117.363525,303.9778,1614.9154086907704
2022-09-03,522028.0,United Kingdom,Europe/London,2022-09-03,17.055508,13.745695,81.6685,17.055508,14.841311,20.302485,42.02465,86.08946,86.08946,134.05823,166.51178,444.32916,2490.44287109375
2022-09-04,512060.0,United Kingdom,Europe/London,2022-09-04,17.582764,14.267241,81.63967,17.582764,15.347432,21.131643,43.419556,119.41924,119.41925,197.51257,241.82756,647.3685,2952.309894561768
2022-09-05,590109.0,United Kingdom,Europe/London,2022-09-05,17.724674,14.371933,81.6736,17.724674,15.4807415,21.3412,43.755898,125.83685,125.83685,195.39255,267.12665,721.0902,3053.8708395163217
2022-09-06,609320.0,United Kingdom,Europe/London,2022-09-06,16.355639,14.098228,86.99932,16.355639,14.803911,19.803755,41.876705,22.82582,22.825817,65.59323,155.01736,416.879,2792.876023292541
2022-09-07,596999.0,United Kingdom,Europe/London,2022-09-07,16.096134,13.547674,85.53433,16.096134,14.366762,19.215551,40.680477,32.962723,32.96273,45.211575,81.34096,201.0694,2290.083132982254
2022-09-08,614703.5,United Kingdom,Europe/London,2022-09-08,15.290132,13.61411,90.07362,15.290132,14.118995,18.448505,39.965336,0.0,0.0,0.033233166,36.647522,87.345726,2350.6438257694244
2022-09-09,586482.5,United Kingdom,Europe/London,2022-09-09,15.185182,12.971943,87.18686,15.185182,13.684693,17.99965,38.886547,0.0,0.0,0.3829527,29.510746,74.11245,1896.2536880175276
2022-09-10,538360.0,United Kingdom,Europe/London,2022-09-10,14.741007,11.945266,84.16189,14.741007,12.885627,17.045418,36.99515,1.8532867,1.8532853,6.3661947,28.325855,69.3461,1387.9917786916096
2022-09-11,524200.0,United Kingdom,Europe/London,2022-09-11,14.97341,12.704525,87.117546,14.97341,13.4302845,17.686052,38.387764,30.510887,30.51089,53.27822,83.51333,215.3111,1883.5168296496076
2022-09-12,596796.0,United Kingdom,Europe/London,2022-09-12,16.426708,13.679691,84.5005,16.426708,14.582055,19.732096,41.553185,130.3655,130.3655,258.01627,313.93375,882.5522,2805.6497975985208
2022-09-13,615547.0,United Kingdom,Europe/London,2022-09-13,14.408692,11.006775,80.67959,14.408692,12.206022,16.251339,35.35141,0.0,0.0,10.39487,65.74017,175.57185,887.1626134713491
2022-09-14,595621.0,United Kingdom,Europe/London,2022-09-14,13.456145,10.227981,81.69625,13.456145,11.375644,14.906555,33.271454,0.43810272,0.43810177,0.3789668,6.010467,14.5568495,513.2604591051737
2022-09-15,608500.0,United Kingdom,Europe/London,2022-09-15,12.522806,7.9507813,74.802284,12.522806,9.749498,12.951644,29.43612,0.0,0.0,0.0,0.0,0.0,33.81777938206991
2022-09-16,564529.5,United Kingdom,Europe/London,2022-09-16,10.942008,5.492898,70.61068,10.942008,7.823065,10.43838,25.200119,0.0,0.0,0.0,0.0,0.0,0.040592352549235
2022-09-17,511661.5,United Kingdom,Europe/London,2022-09-17,10.461748,5.2372575,71.638466,10.461748,7.442855,9.863019,24.44554,0.0,0.0,0.0,0.0,0.0,0.0
2022-09-18,522627.5,United Kingdom,Europe/London,2022-09-18,11.705202,7.737358,77.55471,11.705202,9.2592125,12.038078,28.333618,0.0,0.0,0.0,0.0,0.0,8.53329881032308
2022-09-19,545566.5,United Kingdom,Europe/London,2022-09-19,12.285887,9.155931,82.00635,12.285887,10.285048,13.21987,30.619452,0.0,0.0,0.0,0.0,0.0,70.58366386095683
2022-09-20,610524.5,United Kingdom,Europe/London,2022-09-20,13.577409,10.085019,80.61176,13.577409,11.354069,14.919509,33.08615,0.0,0.0,0.0,0.0,0.0,197.586948633194
2022-09-21,606407.5,United Kingdom,Europe/London,2022-09-21,14.210156,10.404676,79.019485,14.210156,11.789821,15.702177,34.15458,0.0,0.0,0.0,0.0,0.0,301.4017913341522
2022-09-22,597184.5,United Kingdom,Europe/London,2022-09-22,13.941368,11.113299,83.96021,13.941368,12.095651,15.797511,34.90916,0.0,0.0,0.0,0.3340125,0.5106745,751.4839040438334
2022-09-23,591413.5,United Kingdom,Europe/London,2022-09-23,12.576868,9.659572,83.57696,12.576868,10.722371,13.780445,31.678066,0.0,0.0,0.0,0.45513535,0.9044695,470.3559845288594
2022-09-24,532304.0,United Kingdom,Europe/London,2022-09-24,11.139618,7.401748,78.98775,11.139618,8.847548,11.338491,27.380512,0.0,0.0,0.0,0.0,0.0,4.728797833124797
2022-09-25,512753.5,United Kingdom,Europe/London,2022-09-25,11.225729,7.6365414,79.723785,11.225729,9.016927,11.537487,27.786606,0.0,0.0,0.0,0.0,0.0,36.20935503641764
2022-09-26,583275.0,United Kingdom,Europe/London,2022-09-26,10.900298,6.985095,77.30174,10.900298,8.508954,10.966741,26.765099,0.0,0.0,0.0,0.0,0.0,52.23283386230469
2022-09-27,620029.5,United Kingdom,Europe/London,2022-09-27,9.709513,6.2448015,79.58364,9.709513,7.5804796,9.475221,24.706741,0.0,0.0,0.0,0.0,0.0,16.786969979604084
2022-09-28,623778.5,United Kingdom,Europe/London,2022-09-28,9.865878,6.6928487,81.53821,9.865878,7.9043727,9.7890625,25.308033,0.0,0.0,0.0,0.0,0.0,0.9002049763997396
2022-09-29,629274.0,United Kingdom,Europe/London,2022-09-29,11.420148,8.635621,83.689606,11.420148,9.625984,12.122316,29.083807,0.0,0.0,0.0,0.0,0.0,19.41869322458903
2022-09-30,618154.5,United Kingdom,Europe/London,2022-09-30,11.273788,9.518365,89.28583,11.273788,10.0848055,12.403813,30.14239,0.0,0.0,0.0,1.5393009,1.8651352,344.9232771396637
2022-10-01,497441.5,United Kingdom,Europe/London,2022-10-01,12.686914,9.500078,81.721436,12.686914,10.643845,13.780765,31.479202,0.0,0.0,0.0,0.0,0.0,193.2289916674296
2022-10-02,538114.0,United Kingdom,Europe/London,2022-10-02,12.441645,9.062174,80.77568,12.441645,10.30725,13.332435,30.655447,0.0,0.0,0.0,0.0,0.0,119.78277762730916
2022-10-03,613050.0,United Kingdom,Europe/London,2022-10-03,12.085384,9.379044,84.19099,12.085384,10.314719,13.1366625,30.747873,0.0,0.0,0.0,0.0,0.0,227.4960389137268
2022-10-04,604435.0,United Kingdom,Europe/London,2022-10-04,14.469532,12.229082,86.687965,14.469532,12.950047,16.904818,37.084717,0.0,0.0,0.0,0.3263979,0.35062218,1465.5118158658345
2022-10-05,589357.0,United Kingdom,Europe/London,2022-10-05,12.732229,10.054522,84.16539,12.732229,10.98852,14.168715,32.49706,0.0,0.0,0.0,4.1377716,6.344796,878.5438630580902
2022-10-06,566248.5,United Kingdom,Europe/London,2022-10-06,12.476379,9.063327,80.22993,12.476379,10.298123,13.390439,30.75889,0.0,0.0,0.0,0.0,0.0,169.25043972333273
2022-10-07,573530.5,United Kingdom,Europe/London,2022-10-07,12.100356,9.242613,83.14985,12.100356,10.254975,13.105471,30.632292,0.0,0.0,0.0,0.0,0.0,203.8417478402456
2022-10-08,536908.5,United Kingdom,Europe/London,2022-10-08,10.327018,6.845388,80.0011,10.327018,8.181358,10.297037,25.908703,0.0,0.0,0.0,0.0,0.0,0.1185154914855957
2022-10-09,517732.0,United Kingdom,Europe/London,2022-10-09,11.068139,7.5715938,79.986244,11.068139,8.891491,11.351315,27.54659,0.0,0.0,0.0,0.0,0.0,32.710073153177895
2022-10-10,603736.0,United Kingdom,Europe/London,2022-10-10,10.137784,6.128493,77.21073,10.137784,7.745628,9.8677025,25.040869,0.0,0.0,0.0,0.0,0.0,27.55514391263326
2022-10-11,650793.5,United Kingdom,Europe/London,2022-10-11,9.511696,6.1272106,80.43079,9.511696,7.438576,9.23038,24.373423,0.0,0.0,0.0,0.0,0.0,0.0
2022-10-12,655555.0,United Kingdom,Europe/London,2022-10-12,11.0060425,8.4266615,84.5268,11.0060425,9.336592,11.668898,28.55376,0.0,0.0,0.0,0.0,0.0,147.42520920435587
2022-10-13,653721.0,United Kingdom,Europe/London,2022-10-13,10.37037,8.063142,86.40067,10.37037,8.889281,10.8990965,27.529545,0.0,0.0,0.0,0.0,0.0,146.95223593711853
2022-10-14,644815.5,United Kingdom,Europe/London,2022-10-14,10.574287,8.527908,87.54139,10.574287,9.231437,11.307395,28.31292,0.0,0.0,0.0,0.0,0.0,185.0282915433248
2022-10-15,531484.5,United Kingdom,Europe/London,2022-10-15,10.058824,7.222522,83.384026,10.058824,8.278789,10.2237015,26.18682,0.0,0.0,0.0,0.0,0.0,23.646057685216267
2022-10-16,525410.5,United Kingdom,Europe/London,2022-10-16,10.403631,6.821261,79.25835,10.403631,8.210929,10.435151,26.163574,0.0,0.0,0.0,0.95186424,1.593441,162.72851212819418
2022-10-17,588232.0,United Kingdom,Europe/London,2022-10-17,12.445244,9.32437,82.10544,12.445244,10.457312,13.499157,31.122284,0.0,0.0,0.0,3.2245812,6.788026,392.6417785485585
2022-10-18,636330.5,United Kingdom,Europe/London,2022-10-18,10.051825,7.5891347,85.55938,10.051825,8.466219,10.359234,26.582354,0.0,0.0,0.0,0.63177204,1.2838001,131.85601925849917
2022-10-19,617962.0,United Kingdom,Europe/London,2022-10-19,11.129025,8.582953,84.66806,11.129025,9.467352,11.878967,28.926725,0.0,0.0,0.0,4.104705,11.603035,364.5172538757324
2022-10-20,668203.5,United Kingdom,Europe/London,2022-10-20,12.172757,10.824824,91.635124,12.172757,11.233345,13.915343,32.785233,0.0,0.0,0.0,2.5642104,3.6695385,779.6328149636587
2022-10-21,638207.5,United Kingdom,Europe/London,2022-10-21,12.718952,11.492118,92.453804,12.718952,11.844376,14.765656,34.199818,0.0,0.0,0.0,1.5316801,3.063305,964.2097911834716
2022-10-22,559687.0,United Kingdom,Europe/London,2022-10-22,13.211662,11.5657625,90.1069,13.211662,12.079575,15.271329,34.73706,0.0,0.0,0.0,0.0,0.0,798.3768844604492
2022-10-23,574750.0,United Kingdom,Europe/London,2022-10-23,13.058031,11.943846,93.13933,13.058031,12.258947,15.321077,35.15503,0.0,0.0,0.0,4.669773,10.133147,1101.742460568746
2022-10-24,622671.0,United Kingdom,Europe/London,2022-10-24,12.273237,10.7756405,90.86554,12.273237,11.234516,13.93072,32.64417,0.0,0.0,0.0,0.0,0.0,300.10499382019043
2022-10-25,630132.5,United Kingdom,Europe/London,2022-10-25,12.285079,10.342818,88.19297,12.285079,10.962435,13.755325,32.1302,0.0,0.0,0.0,0.0,0.0,346.179372549057
2022-10-26,585370.0,United Kingdom,Europe/London,2022-10-26,14.098159,11.144509,82.86207,14.098159,12.162136,15.97331,35.1229,0.0,0.0,0.0,0.27802896,0.50649357,781.2686522006989
2022-10-27,638989.0,United Kingdom,Europe/London,2022-10-27,14.151302,12.2832,88.70476,14.151302,12.864859,16.635612,36.899696,0.0,0.0,2.7389607,30.375755,79.03979,1595.4857896169026
2022-10-28,585872.0,United Kingdom,Europe/London,2022-10-28,13.83306,11.1987705,84.53698,13.83306,12.093598,15.7431965,34.951363,0.0,0.0,0.0,4.097616,8.95541,853.5920654932657
2022-10-29,564665.0,United Kingdom,Europe/London,2022-10-29,13.322072,11.549195,89.24745,13.322072,12.093221,15.426841,34.982315,1.1187134,1.1187153,13.558149,50.965908,136.108,1114.4924051761627
2022-10-30,546357.5,United Kingdom,Europe/London,2022-10-30,12.844265,10.572667,86.22924,12.844265,11.315319,14.420736,32.999435,0.0,0.0,0.0,0.0,0.0,419.577732483546
2022-10-31,623971.5,United Kingdom,Europe/London,2022-10-31,12.691101,10.673112,87.74819,12.691101,11.3221,14.31639,32.980904,0.0,0.0,0.0,0.0,0.0,426.4681191444397
2022-11-01,640674.0,United Kingdom,Europe/London,2022-11-01,10.652188,8.31972,85.807945,10.652188,9.131051,11.2349,27.965097,0.0,0.0,0.0,0.0,0.0,64.95590782165527
2022-11-02,630093.0,United Kingdom,Europe/London,2022-11-02,9.899902,7.117094,83.126595,9.899902,8.121636,10.0137415,25.88141,0.0,0.0,0.0,0.0,0.0,34.20822731653849
2022-11-03,687768.0,United Kingdom,Europe/London,2022-11-03,8.330326,6.0475335,85.940895,8.330326,6.87417,8.050349,23.177174,0.0,0.0,0.0,0.0,0.0,21.315258741378784
2022-11-04,662339.5,United Kingdom,Europe/London,2022-11-04,7.2653184,4.9789577,86.01988,7.2653184,5.814188,6.5834303,20.964869,0.0,0.0,0.0,0.0,0.0,0.0
2022-11-05,627343.0,United Kingdom,Europe/London,2022-11-05,8.871202,7.632532,92.07932,8.871202,8.005999,9.22007,25.497196,0.0,0.0,0.0,0.0,0.0,102.80584319432576
2022-11-06,604230.0,United Kingdom,Europe/London,2022-11-06,9.386265,7.959986,90.96652,9.386264,8.40656,9.836548,26.304663,0.0,0.0,0.0,0.0,0.0,106.22456900278728
2022-11-07,654358.5,United Kingdom,Europe/London,2022-11-07,11.470846,9.642684,88.66761,11.470846,10.216842,12.642515,30.460026,0.0,0.0,0.0,0.0,0.0,214.80864667892456
2022-11-08,640572.5,United Kingdom,Europe/London,2022-11-08,10.7927065,8.298054,84.7571,10.7927065,9.157855,11.356292,28.054367,0.0,0.0,0.0,0.0,0.0,10.784857749938965
2022-11-09,652526.0,United Kingdom,Europe/London,2022-11-09,10.111368,7.713488,85.330376,10.111368,8.551463,10.42351,26.651772,0.0,0.0,0.0,0.0,0.0,1.2206247647603352
2022-11-10,633115.0,United Kingdom,Europe/London,2022-11-10,13.1455965,10.545376,84.42348,13.1455965,11.40995,14.694178,33.2276,0.0,0.0,0.0,0.0,0.0,221.52859377861023
2022-11-11,627784.0,United Kingdom,Europe/London,2022-11-11,13.991657,11.368222,84.404396,13.991657,12.227834,15.9458475,35.23616,0.0,0.0,0.0,0.0,0.0,646.3144422372183
2022-11-12,602712.5,United Kingdom,Europe/London,2022-11-12,11.503037,9.984603,90.5321,11.503037,10.447627,12.814194,30.884289,0.0,0.0,0.0,0.0,0.0,281.32743469874066
2022-11-13,590971.0,United Kingdom,Europe/London,2022-11-13,11.803995,10.242215,90.44067,11.803995,10.730164,13.226429,31.504028,0.0,0.0,0.0,0.0,0.0,292.6341691017151
2022-11-14,692597.0,United Kingdom,Europe/London,2022-11-14,10.568128,9.289088,91.989845,10.568128,9.681163,11.560089,29.031015,0.0,0.0,0.0,0.0,0.0,138.6593275864919
2022-11-15,693821.0,United Kingdom,Europe/London,2022-11-15,9.542251,7.9354815,89.95135,9.542251,8.465717,9.971446,26.402742,0.0,0.0,0.0,0.0,0.0,32.787901639938354
2022-11-16,707041.5,United Kingdom,Europe/London,2022-11-16,7.4211426,5.8478026,90.00331,7.4211426,6.369369,7.0455556,21.983011,0.0,0.0,0.0,0.0,0.0,0.949449062347412
2022-11-17,690810.5,United Kingdom,Europe/London,2022-11-17,8.14299,6.62536,90.44579,8.14299,7.12367,8.044047,23.493456,0.0,0.0,0.0,0.0,0.0,0.4316325982411702
2022-11-18,679653.0,United Kingdom,Europe/London,2022-11-18,8.33046,6.1298428,86.37044,8.33046,6.9202547,8.035194,23.131327,0.0,0.0,0.0,0.0,0.0,0.0
2022-11-19,650840.5,United Kingdom,Europe/London,2022-11-19,6.9182434,4.7543855,86.43293,6.9182434,5.545261,6.150914,20.37071,0.0,0.0,0.0,0.0,0.0,0.0
2022-11-20,639141.5,United Kingdom,Europe/London,2022-11-20,6.495989,4.5488605,87.70574,6.495989,5.2388353,5.6604786,19.750952,0.0,0.0,0.0,0.0,0.0,0.0
2022-11-21,748587.0,United Kingdom,Europe/London,2022-11-21,4.9846544,3.526323,90.534225,4.9846544,4.012216,3.8580484,17.401777,0.0,0.0,0.0,0.0,0.0,0.0
2022-11-22,746581.5,United Kingdom,Europe/London,2022-11-22,5.812055,4.346329,90.52155,5.812055,4.8273582,4.9220457,18.904104,0.0,0.0,0.0,0.0,0.0,0.0
2022-11-23,713823.0,United Kingdom,Europe/London,2022-11-23,6.940029,4.852316,86.93425,6.940029,5.5969825,6.2172236,20.519308,0.0,0.0,0.0,0.0,0.0,0.0683069229125976
2022-11-24,705640.0,United Kingdom,Europe/London,2022-11-24,7.9584303,5.4741807,84.471176,7.9584303,6.377496,7.4395003,22.125853,0.0,0.0,0.0,0.0,0.0,0.0
2022-11-25,689064.5,United Kingdom,Europe/London,2022-11-25,8.278611,5.618953,83.57085,8.278611,6.5964265,7.793927,22.546618,0.0,0.0,0.0,0.0,0.0,0.0
2022-11-26,619732.5,United Kingdom,Europe/London,2022-11-26,10.124707,8.120623,87.49693,10.124707,8.785968,10.611617,27.157875,0.0,0.0,0.0,0.0,0.0,32.0009118715922
2022-11-27,636495.0,United Kingdom,Europe/London,2022-11-27,9.518184,7.5222974,87.61359,9.518184,8.221126,9.795161,25.950377,0.0,0.0,0.0,0.0,0.0,51.08191180229187
2022-11-28,743825.5,United Kingdom,Europe/London,2022-11-28,6.20395,4.9718337,92.05112,6.20395,5.3554034,5.5179405,19.874279,0.0,0.0,0.0,0.0,0.0,0.0
2022-11-29,768657.5,United Kingdom,Europe/London,2022-11-29,4.25537,3.5847225,95.553894,4.25537,3.7398217,3.1299694,16.663767,0.0,0.0,0.0,0.0,0.0,0.0
2022-11-30,769495.0,United Kingdom,Europe/London,2022-11-30,4.704552,3.7381933,93.60687,4.704552,4.010767,3.6268733,17.253674,0.0,0.0,0.0,0.0,0.0,0.0
2022-12-01,780526.5,United Kingdom,Europe/London,2022-12-01,5.8022027,4.9484982,94.38796,5.8022027,5.1759553,5.1198087,19.477041,0.0,0.0,0.0,0.0,0.0,0.0
2022-12-02,787051.5,United Kingdom,Europe/London,2022-12-02,5.5657225,4.4007354,92.4178,5.5657225,4.757196,4.683843,18.676153,0.0,0.0,0.0,0.0,0.0,0.0
2022-12-03,701814.5,United Kingdom,Europe/London,2022-12-03,5.152817,3.0567317,86.530205,5.152817,3.8307168,3.8341928,17.030777,0.0,0.0,0.0,0.0,0.0,0.0
2022-12-04,697747.5,United Kingdom,Europe/London,2022-12-04,3.9845698,2.051434,87.38381,3.9845698,2.7628582,2.372893,15.024054,0.0,0.0,0.0,0.0,0.0,0.0
2022-12-05,788463.0,United Kingdom,Europe/London,2022-12-05,4.725646,2.7610247,87.2739,4.725646,3.480819,3.331444,16.386032,0.0,0.0,0.0,0.0,0.0,0.0
2022-12-06,796050.5,United Kingdom,Europe/London,2022-12-06,3.4824138,1.398987,86.47138,3.4824138,2.1946552,1.6984831,14.032579,0.0,0.0,0.0,0.0,0.0,0.0
2022-12-07,824503.0,United Kingdom,Europe/London,2022-12-07,1.659186,-0.34846234,86.78743,1.6591862,0.43734664,-0.5699387,10.938516,0.0,0.0,0.0,0.0,0.0,0.0
2022-12-08,848045.5,United Kingdom,Europe/London,2022-12-08,0.12805739,-2.0191772,85.832344,0.12805738,-1.1337556,-2.4770064,8.336963,0.0,0.0,0.0,0.0,0.0,0.0
2022-12-09,843620.5,United Kingdom,Europe/London,2022-12-09,0.053539064,-1.6544783,88.58747,0.053539094,-0.99635,-2.472882,8.481349,0.0,0.0,0.0,0.0,0.0,0.0
2022-12-10,794877.0,United Kingdom,Europe/London,2022-12-10,0.2544459,-1.0204407,91.3732,0.25444588,-0.5853063,-2.1291337,9.084263,0.0,0.0,0.0,0.0,0.0,0.0
2022-12-11,798320.5,United Kingdom,Europe/London,2022-12-11,-0.5215852,-1.6055483,92.61909,-0.5215852,-1.2497486,-3.0387592,7.92485,0.0,0.0,0.0,0.0,0.0,0.0
2022-12-12,891804.0,United Kingdom,Europe/London,2022-12-12,-2.0785522,-3.0973136,92.88623,-2.0785522,-2.760463,-4.8826776,5.5489955,0.0,0.0,0.0,0.0,0.0,0.0
2022-12-13,896305.5,United Kingdom,Europe/London,2022-12-13,-1.8282045,-3.2636144,90.18822,-1.8282045,-2.7254345,-4.6749067,5.6831894,0.0,0.0,0.0,0.0,0.0,0.0
2022-12-14,878291.0,United Kingdom,Europe/London,2022-12-14,-1.6766869,-3.8089387,85.74965,-1.6766869,-2.8969648,-4.6424704,5.5031095,0.0,0.0,0.0,0.0,0.0,0.0
2022-12-15,902092.5,United Kingdom,Europe/London,2022-12-15,-1.8486832,-3.9864688,85.74322,-1.8486832,-3.0643044,-4.832967,5.2783294,0.0,0.0,0.0,0.0,0.0,0.0
2022-12-16,878176.5,United Kingdom,Europe/London,2022-12-16,-1.2728193,-2.761005,89.89736,-1.2728193,-2.2121692,-4.0052114,6.5654078,0.0,0.0,0.0,0.0,0.0,0.0
2022-12-17,795158.0,United Kingdom,Europe/London,2022-12-17,1.5364586,-0.16821894,88.67864,1.5364586,0.4684703,-0.6361644,10.973052,0.0,0.0,0.0,0.0,0.0,0.0
2022-12-18,767551.5,United Kingdom,Europe/London,2022-12-18,2.8635583,1.3063408,89.766396,2.863558,1.8880272,1.1824374,13.700009,0.0,0.0,0.0,0.0,0.0,17.527591466903687
2022-12-19,740983.5,United Kingdom,Europe/London,2022-12-19,10.22626,8.867371,91.39533,10.22626,9.289725,11.11388,28.39384,0.0,0.0,0.0,0.0,0.0,217.4363112449646
2022-12-20,724256.5,United Kingdom,Europe/London,2022-12-20,7.230397,4.814369,84.88834,7.230397,5.7296915,6.533414,20.88763,0.0,0.0,0.0,0.0,0.0,16.764903386433918
2022-12-21,729434.5,United Kingdom,Europe/London,2022-12-21,6.581082,4.5779257,87.26519,6.581082,5.3070292,5.768304,19.90095,0.0,0.0,0.0,0.0,0.0,0.0
2022-12-22,763173.0,United Kingdom,Europe/London,2022-12-22,6.294187,5.4923463,94.68903,6.294187,5.7066407,5.8154645,20.548956,0.0,0.0,0.0,0.0,0.0,0.0732863744099934
2022-12-23,700119.5,United Kingdom,Europe/London,2022-12-23,6.3055673,5.072921,92.032524,6.3055673,5.4762225,5.7141986,20.245913,0.0,0.0,0.0,0.0,0.0,3.516297181447347
2022-12-24,610336.0,United Kingdom,Europe/London,2022-12-24,7.2921844,5.83095,90.53051,7.2921844,6.2987256,6.9084725,21.828892,0.0,0.0,0.0,0.0,0.0,0.0
2022-12-25,554310.5,United Kingdom,Europe/London,2022-12-25,7.7101274,6.1278377,89.80455,7.7101274,6.6556306,7.4663644,22.648138,0.0,0.0,0.0,0.0,0.0,0.0
2022-12-26,556088.5,United Kingdom,Europe/London,2022-12-26,3.7986128,1.2401288,83.69178,3.7986128,2.272045,2.0030615,14.3222885,0.0,0.0,0.0,0.0,0.0,0.0
2022-12-27,626278.5,United Kingdom,Europe/London,2022-12-27,4.8024306,3.3220239,90.32388,4.8024306,3.824009,3.6651378,17.189623,0.0,0.0,0.0,0.0,0.0,0.2334362665812174
2022-12-28,632732.5,United Kingdom,Europe/London,2022-12-28,7.415364,5.9612503,90.66574,7.415364,6.428951,7.1208186,22.207203,0.0,0.0,0.0,0.0,0.0,1.1276315053304036
2022-12-29,619316.5,United Kingdom,Europe/London,2022-12-29,5.9462337,3.2670004,83.19915,5.9462337,4.306098,4.7120967,18.074228,0.0,0.0,0.0,0.0,0.0,0.0
2022-12-30,617881.5,United Kingdom,Europe/London,2022-12-30,7.3180757,5.2249703,86.77173,7.3180757,5.9723244,6.766749,21.387077,0.0,0.0,0.0,0.0,0.0,3.203317960103353
2022-12-31,620477.5,United Kingdom,Europe/London,2022-12-31,6.851824,5.404911,90.668106,6.851824,5.8942127,6.5157294,21.526178,0.0,0.0,0.0,0.0,0.0,41.00591778755188
2023-01-01,580559.5,United Kingdom,Europe/London,2023-01-01,6.0566487,4.248433,88.520775,6.0566487,4.872595,5.186176,19.2109,0.0,0.0,0.0,0.0,0.0,0.0
2023-01-02,648132.5,United Kingdom,Europe/London,2023-01-02,3.2197444,1.2806653,87.478584,3.2197442,2.0215976,1.4535408,13.818631,0.0,0.0,0.0,0.0,0.0,0.0
2023-01-03,711511.5,United Kingdom,Europe/London,2023-01-03,6.751247,5.5513015,92.135414,6.751247,5.926546,6.398376,21.373095,0.0,0.0,0.0,0.0,0.0,14.188963333765663
2023-01-04,671211.5,United Kingdom,Europe/London,2023-01-04,9.513769,7.499391,87.48691,9.513769,8.177127,9.794515,25.958954,0.0,0.0,0.0,0.0,0.0,19.826589186986286
2023-01-05,705420.0,United Kingdom,Europe/London,2023-01-05,8.555521,6.9426827,89.764626,8.555521,7.467808,8.632734,24.411787,0.0,0.0,0.0,0.0,0.0,2.360715786616008
2023-01-06,679587.0,United Kingdom,Europe/London,2023-01-06,7.9450574,5.8103013,86.51559,7.9450574,6.5746284,7.574537,22.530186,0.0,0.0,0.0,0.0,0.0,0.7160176436106364
2023-01-07,606742.5,United Kingdom,Europe/London,2023-01-07,8.573884,6.45587,86.69569,8.573884,7.201822,8.437908,23.828863,0.0,0.0,0.0,0.0,0.0,0.1508683363596598
2023-01-08,639107.5,United Kingdom,Europe/London,2023-01-08,6.079645,3.5927374,84.33138,6.079645,4.546619,4.934685,18.458755,0.0,0.0,0.0,0.0,0.0,0.0
2023-01-09,729674.5,United Kingdom,Europe/London,2023-01-09,5.6035166,3.0133102,83.74738,5.6035166,4.0232587,4.268924,17.442984,0.0,0.0,0.0,0.0,0.0,0.0
2023-01-10,747453.5,United Kingdom,Europe/London,2023-01-10,7.610619,5.9126983,89.105354,7.610619,6.492529,7.340704,22.476974,0.0,0.0,0.0,0.0,0.0,14.076327164967855
2023-01-11,716392.5,United Kingdom,Europe/London,2023-01-11,6.891747,4.276937,83.61287,6.891747,5.2686987,5.9743714,19.922964,0.0,0.0,0.0,0.0,0.0,0.0273895263671875
2023-01-12,722004.5,United Kingdom,Europe/London,2023-01-12,7.6892686,5.4336314,86.140724,7.6892686,6.2780733,7.2280803,22.017857,0.0,0.0,0.0,0.0,0.0,0.0232467651367187
2023-01-13,701879.0,United Kingdom,Europe/London,2023-01-13,6.6685524,3.5603483,80.972885,6.6685524,4.7994556,5.5050454,19.004412,0.0,0.0,0.0,0.0,0.0,0.0
2023-01-14,641021.5,United Kingdom,Europe/London,2023-01-14,6.174905,4.0044274,86.353584,6.174905,4.837824,5.2362866,19.138283,0.0,0.0,0.0,0.0,0.0,2.252791086832682
2023-01-15,665635.0,United Kingdom,Europe/London,2023-01-15,4.0006084,1.2850423,82.82708,4.0006084,2.3928077,2.18955,14.481976,0.0,0.0,0.0,0.0,0.0,0.0
2023-01-16,808131.0,United Kingdom,Europe/London,2023-01-16,0.6429368,-2.0511658,82.84094,0.6429369,-0.8236813,-1.9264653,8.958872,0.0,0.0,0.0,0.0,0.0,0.0
2023-01-17,850616.5,United Kingdom,Europe/London,2023-01-17,-0.79589474,-3.1316895,84.662735,-0.79589474,-2.1219249,-3.6311572,6.7585945,0.0,0.0,0.0,0.0,0.0,0.0
2023-01-18,832444.5,United Kingdom,Europe/London,2023-01-18,1.5237054,-1.1108575,82.96557,1.5237055,0.005006416,-0.88620436,10.295251,0.0,0.0,0.0,0.0,0.0,0.0
2023-01-19,835899.0,United Kingdom,Europe/London,2023-01-19,1.1808587,-1.2156622,84.49156,1.1808587,-0.21651165,-1.2464317,9.899979,0.0,0.0,0.0,0.0,0.0,0.0
2023-01-20,821050.5,United Kingdom,Europe/London,2023-01-20,1.5404743,-1.0726699,83.21081,1.5404743,0.027150584,-0.8513502,10.363708,0.0,0.0,0.0,0.0,0.0,0.0
2023-01-21,754531.0,United Kingdom,Europe/London,2023-01-21,1.4249736,-0.46323135,87.620056,1.4249736,0.2627328,-0.7933341,10.734143,0.0,0.0,0.0,0.0,0.0,0.0
2023-01-22,751877.0,United Kingdom,Europe/London,2023-01-22,3.0621166,1.4643173,89.49572,3.0621166,2.0356698,1.3956046,13.941224,0.0,0.0,0.0,0.0,0.0,0.0
2023-01-23,840936.5,United Kingdom,Europe/London,2023-01-23,4.150284,2.530629,89.43001,4.150284,3.1092021,2.7991662,15.929179,0.0,0.0,0.0,0.0,0.0,0.0
2023-01-24,842986.5,United Kingdom,Europe/London,2023-01-24,4.725868,3.4557292,91.65297,4.725868,3.8709002,3.6702197,17.34294,0.0,0.0,0.0,0.0,0.0,0.0
2023-01-25,835009.5,United Kingdom,Europe/London,2023-01-25,5.3592315,3.8792136,90.51183,5.3592315,4.3874116,4.3506293,18.11289,0.0,0.0,0.0,0.0,0.0,0.0
2023-01-26,819437.0,United Kingdom,Europe/London,2023-01-26,4.461672,2.1692312,85.30375,4.461672,3.0468566,2.8890548,15.617809,0.0,0.0,0.0,0.0,0.0,0.0
2023-01-27,818962.5,United Kingdom,Europe/London,2023-01-27,3.6142106,1.468771,86.2097,3.6142106,2.299499,1.8544413,14.234137,0.0,0.0,0.0,0.0,0.0,0.0
2023-01-28,751682.5,United Kingdom,Europe/London,2023-01-28,4.404389,2.2252157,85.9975,4.404389,3.0639138,2.8597374,15.638227,0.0,0.0,0.0,0.0,0.0,0.0
2023-01-29,665858.0,United Kingdom,Europe/London,2023-01-29,6.362215,4.3674746,87.29412,6.362215,5.0896277,5.474788,19.469082,0.0,0.0,0.0,0.0,0.0,0.0
2023-01-30,733562.5,United Kingdom,Europe/London,2023-01-30,6.172222,2.7820392,79.25699,6.172222,4.187434,4.785404,17.873943,0.0,0.0,0.0,0.0,0.0,0.0
2023-01-31,716702.0,United Kingdom,Europe/London,2023-01-31,6.393016,3.0700564,79.78779,6.393016,4.4475822,5.1089354,18.387001,0.0,0.0,0.0,0.0,0.0,0.0
2023-02-01,722586.0,United Kingdom,Europe/London,2023-02-01,6.7651577,3.490048,79.92407,6.7651577,4.8108373,5.594437,19.082762,0.0,0.0,0.0,0.0,0.0,0.0
2023-02-02,714512.0,United Kingdom,Europe/London,2023-02-02,8.542226,6.354783,86.37325,8.542226,7.1258035,8.328805,23.57697,0.0,0.0,0.0,0.0,0.0,0.0
2023-02-03,707632.0,United Kingdom,Europe/London,2023-02-03,8.887352,6.4959826,85.187195,8.887352,7.362349,8.74654,24.132605,0.0,0.0,0.0,0.0,0.0,0.0
2023-02-04,668924.0,United Kingdom,Europe/London,2023-02-04,7.6226068,5.17004,84.65852,7.6226068,6.0807133,7.00883,21.517893,0.0,0.0,0.0,0.0,0.0,0.0
2023-02-05,672992.5,United Kingdom,Europe/London,2023-02-05,3.9199471,0.57358265,79.416,3.9199471,2.021222,1.934084,13.910994,0.0,0.0,0.0,0.0,0.0,0.0
2023-02-06,764601.0,United Kingdom,Europe/London,2023-02-06,4.0816665,1.5524724,84.161804,4.0816665,2.5630963,2.3817177,14.878276,0.0,0.0,0.0,0.0,0.0,0.0
2023-02-07,787074.5,United Kingdom,Europe/London,2023-02-07,4.3000436,2.306791,87.3474,4.3000436,3.0525243,2.8164518,15.70645,0.0,0.0,0.0,0.0,0.0,0.0
2023-02-08,762741.0,United Kingdom,Europe/London,2023-02-08,4.117114,1.2678125,82.61317,4.117114,2.4629953,2.3317277,14.673878,0.0,0.0,0.0,0.0,0.0,0.0
2023-02-09,756482.0,United Kingdom,Europe/London,2023-02-09,4.7462006,1.5546538,80.471146,4.7462006,2.9065728,3.014286,15.459834,0.0,0.0,0.0,0.0,0.0,0.0
2023-02-10,745020.0,United Kingdom,Europe/London,2023-02-10,6.2183585,4.065105,86.32766,6.2183585,4.8565745,5.3022084,19.24659,0.0,0.0,0.0,0.0,0.0,0.0
2023-02-11,675449.5,United Kingdom,Europe/London,2023-02-11,8.187058,5.728034,84.78536,8.187058,6.6322665,7.7404046,22.559673,0.0,0.0,0.0,0.0,0.0,0.0
2023-02-12,675096.0,United Kingdom,Europe/London,2023-02-12,7.0818686,3.8092303,79.924965,7.0818686,5.115704,5.9941716,19.636444,0.0,0.0,0.0,0.0,0.0,0.0
2023-02-13,730397.5,United Kingdom,Europe/London,2023-02-13,5.4694395,2.8606365,83.65431,5.4694395,3.8733587,4.1050467,17.224728,0.0,0.0,0.0,0.0,0.0,0.0
2023-02-14,744512.5,United Kingdom,Europe/London,2023-02-14,5.6392603,3.4543545,86.43868,5.6392603,4.2649045,4.483615,17.985022,0.0,0.0,0.0,0.0,0.0,0.0
2023-02-15,720262.5,United Kingdom,Europe/London,2023-02-15,6.8103976,4.114329,83.50023,6.8103976,5.16593,5.8614564,19.752893,0.0,0.0,0.0,0.0,0.0,0.0
2023-02-16,728990.0,United Kingdom,Europe/London,2023-02-16,8.032368,6.6373553,91.020935,8.032368,7.083873,7.9770365,23.505625,0.0,0.0,0.0,0.0,0.0,0.6200015544891357
2023-02-17,657160.5,United Kingdom,Europe/London,2023-02-17,9.528054,6.965225,84.56592,9.528054,7.935536,9.630759,25.471865,0.0,0.0,0.0,0.0,0.0,0.0604528586069742
2023-02-18,607309.0,United Kingdom,Europe/London,2023-02-18,8.401202,6.4475355,87.83759,8.401202,7.116294,8.29676,23.7449,0.0,0.0,0.0,0.0,0.0,0.007826805114746
2023-02-19,581595.5,United Kingdom,Europe/London,2023-02-19,7.7630334,5.1992927,84.30182,7.7630334,6.154759,7.155526,21.678812,0.0,0.0,0.0,0.0,0.0,0.0
2023-02-20,663116.5,United Kingdom,Europe/London,2023-02-20,9.241533,7.0404186,86.45092,9.241533,7.820376,9.302378,25.059914,0.0,0.0,0.0,0.0,0.0,0.0
2023-02-21,722976.5,United Kingdom,Europe/London,2023-02-21,8.049723,6.4041624,89.54304,8.049723,6.950064,7.8480206,23.10858,0.0,0.0,0.0,0.0,0.0,0.0
2023-02-22,728769.0,United Kingdom,Europe/London,2023-02-22,5.9207006,3.7743092,86.45472,5.9207006,4.5875144,4.844716,18.491194,0.0,0.0,0.0,0.0,0.0,0.0
2023-02-23,730728.0,United Kingdom,Europe/London,2023-02-23,4.8260617,1.6490631,80.49046,4.8260617,3.0035071,3.1488502,15.69523,0.0,0.0,0.0,0.0,0.0,0.0
2023-02-24,723582.5,United Kingdom,Europe/London,2023-02-24,5.9129515,2.9122589,81.46568,5.9129515,4.129107,4.597865,17.814146,0.0,0.0,0.0,0.0,0.0,0.0
2023-02-25,669437.5,United Kingdom,Europe/London,2023-02-25,3.61467,-0.24632904,76.37681,3.61467,1.4908202,1.399819,12.958443,0.0,0.0,0.0,0.0,0.0,0.0
2023-02-26,664854.5,United Kingdom,Europe/London,2023-02-26,3.39374,-0.6228579,76.066895,3.39374,1.2374828,1.0960232,12.5026655,0.0,0.0,0.0,0.0,0.0,0.0
2023-02-27,771224.0,United Kingdom,Europe/London,2023-02-27,3.5573397,0.86244076,83.067635,3.5573397,1.9705548,1.6452277,13.75034,0.0,0.0,0.0,0.0,0.0,0.0
2023-02-28,775593.5,United Kingdom,Europe/London,2023-02-28,4.870639,2.440897,84.6573,4.870639,3.3903644,3.3750293,16.248228,0.0,0.0,0.0,0.0,0.0,0.0
2023-03-01,767222.0,United Kingdom,Europe/London,2023-03-01,5.255495,2.673857,83.710205,5.255495,3.6868138,3.821998,16.812428,0.0,0.0,0.0,0.0,0.0,0.0
2023-03-02,763390.0,United Kingdom,Europe/London,2023-03-02,4.708641,1.2385688,78.738106,4.708641,2.7326639,2.8759022,15.138093,0.0,0.0,0.0,0.0,0.0,0.0
2023-03-03,781368.0,United Kingdom,Europe/London,2023-03-03,4.126544,0.41976047,77.1357,4.126544,2.0446322,2.077883,13.942947,0.0,0.0,0.0,0.0,0.0,0.0
2023-03-04,712928.5,United Kingdom,Europe/London,2023-03-04,4.077915,0.16124791,76.051636,4.077915,1.9147959,1.9682246,13.722554,0.0,0.0,0.0,0.0,0.0,0.0
2023-03-05,706464.0,United Kingdom,Europe/London,2023-03-05,3.8415825,0.6350771,80.056274,3.8415825,2.0263572,1.8641078,13.85389,0.0,0.0,0.0,0.0,0.0,0.0
2023-03-06,772620.0,United Kingdom,Europe/London,2023-03-06,3.8546906,1.3300709,84.08996,3.8546906,2.3734474,2.0873294,14.457534,0.0,0.0,0.0,0.0,0.0,0.0
2023-03-07,780140.0,United Kingdom,Europe/London,2023-03-07,1.2362026,-2.6421752,76.60491,1.2362026,-0.7211679,-1.4599236,9.204126,0.0,0.0,0.0,0.0,0.0,0.0
2023-03-08,827214.0,United Kingdom,Europe/London,2023-03-08,-0.110986724,-3.1866663,80.98097,-0.110986724,-1.6736174,-2.8815773,7.6345034,0.0,0.0,0.0,0.0,0.0,0.0
2023-03-09,816364.5,United Kingdom,Europe/London,2023-03-09,1.5525407,-0.3492782,87.770546,1.5525407,0.46793902,-0.51268524,11.296723,0.0,0.0,0.0,0.0,0.0,0.0
2023-03-10,773891.5,United Kingdom,Europe/London,2023-03-10,1.856616,-1.7172196,78.51808,1.856616,0.019650042,-0.6280191,10.424325,0.0,0.0,0.0,0.0,0.0,0.0
2023-03-11,705942.5,United Kingdom,Europe/London,2023-03-11,1.9831306,-1.3399545,79.87283,1.9831306,0.23151307,-0.39703125,10.846583,0.0,0.0,0.0,0.0,0.0,0.1053685347239176
2023-03-12,620336.0,United Kingdom,Europe/London,2023-03-12,7.588965,5.890281,89.371445,7.588964,6.4706573,7.2906375,22.374172,0.0,0.0,0.0,0.0,0.0,2.3053943316141763
2023-03-13,661521.5,United Kingdom,Europe/London,2023-03-13,8.310818,6.057983,86.164856,8.310818,6.895331,8.132011,23.446444,0.0,0.0,0.0,0.0,0.0,1.8839155832926435
2023-03-14,714608.5,United Kingdom,Europe/London,2023-03-14,3.150963,-0.5581179,77.73124,3.1509628,1.161725,0.91206384,12.423243,0.0,0.0,0.0,0.0,0.0,0.0
2023-03-15,770539.0,United Kingdom,Europe/London,2023-03-15,2.9591982,0.7637227,86.09982,2.9591982,1.6652237,1.0960244,13.2845545,0.0,0.0,0.0,0.0,0.0,0.0
2023-03-16,705495.5,United Kingdom,Europe/London,2023-03-16,8.483631,7.0884676,91.20304,8.483631,7.5281053,8.596377,24.437395,0.0,0.0,0.0,0.0,0.0,0.7941152254740397
2023-03-17,685089.0,United Kingdom,Europe/London,2023-03-17,9.583026,7.8074093,89.06779,9.583026,8.399002,9.942492,26.247723,0.0,0.0,0.0,0.0,0.0,1.853997786839803
2023-03-18,620537.0,United Kingdom,Europe/London,2023-03-18,8.883392,7.475021,91.130424,8.883392,7.9206796,9.111227,25.165386,0.0,0.0,0.0,0.0,0.0,0.0485743681589762
2023-03-19,598601.0,United Kingdom,Europe/London,2023-03-19,6.9539967,3.8449802,81.19792,6.9539967,5.0917273,5.8787904,19.541744,0.0,0.0,0.0,0.0,0.0,0.0
2023-03-20,706245.0,United Kingdom,Europe/London,2023-03-20,8.627024,7.434625,92.39632,8.627024,7.79528,8.886398,24.996069,0.0,0.0,0.0,0.0,0.0,2.8698437213897705
2023-03-21,652547.5,United Kingdom,Europe/London,2023-03-21,9.953507,7.808659,86.96706,9.953507,8.554626,10.297357,26.57963,0.0,0.0,0.0,0.0,0.0,0.0
2023-03-22,612418.0,United Kingdom,Europe/London,2023-03-22,9.308571,5.909921,80.114555,9.308571,7.265306,8.97716,24.025503,0.0,0.0,0.0,0.0,0.0,0.1265552043914795
2023-03-23,634138.0,United Kingdom,Europe/London,2023-03-23,8.659468,5.6727166,82.05291,8.659468,6.8158345,8.221148,23.065163,0.0,0.0,0.0,0.0,0.0,0.0
2023-03-24,612799.5,United Kingdom,Europe/London,2023-03-24,8.261227,5.3780913,82.636826,8.261227,6.4772463,7.696279,22.30343,0.0,0.0,0.0,0.0,0.0,0.0
2023-03-25,579370.0,United Kingdom,Europe/London,2023-03-25,7.765141,4.4733105,80.33789,7.765141,5.800196,6.9251285,21.027487,0.0,0.0,0.0,0.0,0.0,0.0
2023-03-27,688715.5,United Kingdom,Europe/London,2023-03-27,4.3813143,-0.9407561,70.145645,4.3813143,1.6948625,2.0559127,13.426382,0.0,0.0,0.0,0.0,0.0,0.0
2023-03-28,723215.5,United Kingdom,Europe/London,2023-03-28,6.263686,4.205063,86.85196,6.263686,4.971327,5.388832,19.407412,0.0,0.0,0.0,0.0,0.0,0.0239935715993245
2023-03-29,699545.0,United Kingdom,Europe/London,2023-03-29,9.907043,8.72606,92.52302,9.907043,9.073353,10.664017,27.697144,0.0,0.0,0.0,0.0,0.0,58.446561654408775
2023-03-30,637568.0,United Kingdom,Europe/London,2023-03-30,10.54041,8.127038,85.49743,10.54041,8.972582,11.024586,27.573166,0.0,0.0,0.0,0.0,0.0,0.4561214447021484
2023-03-31,660555.0,United Kingdom,Europe/London,2023-03-31,9.124986,7.7155814,91.08811,9.124986,8.158315,9.452993,25.693102,0.0,0.0,0.0,0.0,0.0,0.5551128387451172
2023-04-01,616268.5,United Kingdom,Europe/London,2023-04-01,7.481343,5.1415467,85.50334,7.481343,6.020701,6.867672,21.374943,0.0,0.0,0.0,0.0,0.0,0.0
2023-04-02,590169.5,United Kingdom,Europe/London,2023-04-02,7.0620737,3.6455662,79.73386,7.0620737,5.0643444,5.938938,19.517109,0.0,0.0,0.0,0.0,0.0,0.0
2023-04-03,642855.0,United Kingdom,Europe/London,2023-04-03,5.8682003,1.489654,74.92801,5.8682,3.4411526,4.120176,16.553297,0.0,0.0,0.0,0.0,0.0,0.0
2023-04-04,638503.0,United Kingdom,Europe/London,2023-04-04,6.6679325,1.7602334,72.41505,6.6679325,3.9708364,5.0113406,17.621576,0.0,0.0,0.0,0.0,0.0,0.0
2023-04-05,690933.5,United Kingdom,Europe/London,2023-04-05,8.511535,6.3671126,86.80366,8.511535,7.1499667,8.354545,23.706335,0.0,0.0,0.0,0.0,0.0,3.575645844141642
2023-04-06,631803.5,United Kingdom,Europe/London,2023-04-06,8.753954,5.8736205,83.058075,8.753954,7.017608,8.399908,23.39698,0.0,0.0,0.0,0.0,0.0,0.0
2023-04-07,560870.5,United Kingdom,Europe/London,2023-04-07,7.08587,2.632383,75.357666,7.08587,4.6011376,5.659566,18.69089,0.0,0.0,0.0,0.0,0.0,0.0
2023-04-08,535992.0,United Kingdom,Europe/London,2023-04-08,7.9068837,3.6858099,76.57753,7.9068837,5.496232,6.796499,20.411568,0.0,0.0,0.0,0.0,0.0,0.0
2023-04-09,514032.5,United Kingdom,Europe/London,2023-04-09,9.011061,5.2674885,78.37588,9.011061,6.770384,8.4186325,22.989052,0.0,0.0,0.0,0.0,0.0,0.0
2023-04-10,520375.0,United Kingdom,Europe/London,2023-04-10,9.356207,6.2735963,81.81503,9.356207,7.4837737,9.155787,24.442019,0.0,0.0,0.0,0.0,0.0,1.38249937693278
2023-04-11,603967.5,United Kingdom,Europe/London,2023-04-11,7.3859878,3.8069987,78.99222,7.3859878,5.3065186,6.3253384,20.021683,0.0,0.0,0.0,0.0,0.0,0.0
2023-04-12,629083.5,United Kingdom,Europe/London,2023-04-12,5.757706,2.5733182,80.57319,5.757706,3.892301,4.3058157,17.270666,0.0,0.0,0.0,0.0,0.0,0.0
2023-04-13,618972.5,United Kingdom,Europe/London,2023-04-13,7.0217614,3.005721,76.70971,7.0217614,4.7309494,5.692121,18.895916,0.0,0.0,0.0,0.0,0.0,0.0
2023-04-14,685477.0,United Kingdom,Europe/London,2023-04-14,6.306224,3.8575146,84.839935,6.306224,4.789322,5.2512045,18.942188,0.0,0.0,0.0,0.0,0.0,0.0
2023-04-15,591361.5,United Kingdom,Europe/London,2023-04-15,7.707147,4.448667,81.23231,7.707147,5.756788,6.854152,20.933514,0.0,0.0,0.0,0.0,0.0,0.0
2023-04-16,589653.0,United Kingdom,Europe/London,2023-04-16,9.8637495,6.8001165,81.77823,9.8637495,7.9497433,9.843419,25.465767,0.0,0.0,0.0,0.0,0.0,27.16713817914327
2023-04-17,654471.5,United Kingdom,Europe/London,2023-04-17,10.874886,8.516461,85.94218,10.874886,9.3413,11.521769,28.37172,0.0,0.0,0.0,0.0,0.0,8.03916343053182
2023-04-18,620214.0,United Kingdom,Europe/London,2023-04-18,9.574168,5.0642924,75.35558,9.574168,7.0013423,8.926215,23.403296,0.0,0.0,0.0,0.0,0.0,0.4141639073689778
2023-04-19,606062.0,United Kingdom,Europe/London,2023-04-19,9.239766,4.074932,71.65762,9.239766,6.341189,8.283359,22.197948,0.0,0.0,0.0,0.0,0.0,0.0
2023-04-20,580408.5,United Kingdom,Europe/London,2023-04-20,8.589717,2.4196608,67.510216,8.589717,5.2917023,7.0996013,20.035604,0.0,0.0,0.0,0.0,0.0,0.0
2023-04-21,638503.5,United Kingdom,Europe/London,2023-04-21,8.357306,4.144949,76.28578,8.357306,5.946714,7.4143634,21.3392,0.0,0.0,0.0,0.0,0.0,0.0
2023-04-22,584402.0,United Kingdom,Europe/London,2023-04-22,7.823642,4.4020047,80.28297,7.823642,5.8291903,6.9662266,21.03765,0.0,0.0,0.0,0.0,0.0,0.0
2023-04-23,582099.0,United Kingdom,Europe/London,2023-04-23,8.083688,5.3232856,83.258575,8.083688,6.385461,7.531198,22.159035,0.0,0.0,0.0,0.0,0.0,0.0129154523213704
2023-04-24,667367.5,United Kingdom,Europe/London,2023-04-24,6.13036,2.1188369,76.32723,6.13036,3.9050484,4.595726,17.4176,0.0,0.0,0.0,0.0,0.0,0.0
2023-04-25,654893.0,United Kingdom,Europe/London,2023-04-25,5.12524,-0.8252673,67.529785,5.12524,2.1385262,2.7953634,14.165939,0.0,0.0,0.0,0.0,0.0,0.0
2023-04-26,684303.0,United Kingdom,Europe/London,2023-04-26,6.5699606,1.1329542,69.63022,6.5699606,3.6754193,4.7633185,17.100964,0.0,0.0,0.0,0.0,0.0,0.0
2023-04-27,684361.5,United Kingdom,Europe/London,2023-04-27,7.851181,4.9366035,82.3966,7.851181,6.0816793,7.207808,21.669655,0.0,0.0,0.0,0.0,0.0,15.542641162872314
2023-04-28,650379.5,United Kingdom,Europe/London,2023-04-28,10.12518,8.124844,87.89228,10.12518,8.809955,10.643023,27.24728,0.0,0.0,0.0,0.0,0.0,44.61446738243103
2023-04-29,558925.0,United Kingdom,Europe/London,2023-04-29,9.640296,7.0324697,84.5684,9.640296,8.007381,9.789202,25.719072,0.0,0.0,0.0,0.0,0.0,41.68937611579895
2023-04-30,548653.0,United Kingdom,Europe/London,2023-04-30,10.558982,8.632324,88.43131,10.558982,9.284539,11.277423,28.252756,0.0,0.0,0.0,0.0,0.0,27.493385235468548
2023-05-01,549959.0,United Kingdom,Europe/London,2023-05-01,10.744298,7.8336062,82.97043,10.744298,8.918465,11.15689,27.581322,0.0,0.0,0.0,0.0,0.0,8.423981189727783
2023-05-02,623934.5,United Kingdom,Europe/London,2023-05-02,9.622807,6.021195,78.951256,9.622807,7.4372315,9.349587,24.511396,0.0,0.0,0.0,0.0,0.0,1.1760474840799968
2023-05-03,579089.0,United Kingdom,Europe/London,2023-05-03,10.29936,6.04149,76.0477,10.29936,7.756071,9.990822,25.097887,0.0,0.0,0.0,0.0,0.0,0.0002543131510416
2023-05-04,575105.0,United Kingdom,Europe/London,2023-05-04,10.209231,6.233235,77.0965,10.209231,7.8157444,10.015576,25.331715,0.0,0.0,0.0,0.0,0.0,21.72871383031209
2023-05-05,597976.5,United Kingdom,Europe/London,2023-05-05,11.658855,9.189493,85.250824,11.658855,10.042081,12.653774,30.15477,0.0,0.0,0.0,0.0,0.0,156.2662316163381
2023-05-06,566846.5,United Kingdom,Europe/London,2023-05-06,11.773807,10.161991,90.23613,11.773807,10.671436,13.175907,31.417288,0.0,0.0,0.0,0.0,0.0,377.12676334381104
2023-05-07,513806.5,United Kingdom,Europe/London,2023-05-07,12.857134,10.283139,85.34092,12.857134,11.173937,14.297633,32.630035,0.0,0.0,0.0,0.014961243,0.006975174,302.3693376382192
2023-05-08,551194.0,United Kingdom,Europe/London,2023-05-08,12.432909,10.932901,90.759155,12.432909,11.3903055,14.185754,33.07707,0.0,0.0,0.0,0.0,0.0,570.4390735626221
2023-05-09,612613.5,United Kingdom,Europe/London,2023-05-09,12.511851,10.21231,86.715195,12.511851,11.020562,13.93185,32.218643,0.0,0.0,0.0,0.0,0.0,371.5731217861176
2023-05-10,599897.0,United Kingdom,Europe/London,2023-05-10,11.244452,8.873992,85.89062,11.244452,9.685593,12.046462,29.186129,0.0,0.0,0.0,0.0,0.0,22.10911973317464
2023-05-11,606814.5,United Kingdom,Europe/London,2023-05-11,11.437122,8.652618,83.818504,11.437122,9.65078,12.137384,29.094912,0.0,0.0,0.0,0.0,0.0,6.706118583679199
2023-05-12,594497.0,United Kingdom,Europe/London,2023-05-12,11.060943,8.513263,84.962616,11.060943,9.4079895,11.697798,28.53313,0.0,0.0,0.0,0.0,0.0,2.3414559364318848
2023-05-13,527412.5,United Kingdom,Europe/London,2023-05-13,11.189181,8.125412,82.43966,11.189181,9.24132,11.681112,28.257534,0.0,0.0,0.0,0.0,0.0,17.498531818389893
2023-05-14,506904.5,United Kingdom,Europe/London,2023-05-14,11.234191,8.191848,82.55119,11.234191,9.3178425,11.780334,28.456736,0.0,0.0,0.0,0.0,0.0,45.57291078567505
2023-05-15,549108.0,United Kingdom,Europe/London,2023-05-15,10.095179,4.72266,70.63498,10.095179,7.049358,9.333192,23.612833,0.0,0.0,0.0,0.0,0.0,2.840016365051269
2023-05-16,579942.5,United Kingdom,Europe/London,2023-05-16,10.551264,5.754646,73.300995,10.551264,7.720106,10.131476,25.0406,0.0,0.0,0.0,0.0,0.0,0.0
2023-05-17,600575.0,United Kingdom,Europe/London,2023-05-17,11.454545,7.0421033,75.53199,11.454545,8.788247,11.508008,27.291548,0.0,0.0,0.0,0.0,0.0,0.1123798688252766
2023-05-18,583041.0,United Kingdom,Europe/London,2023-05-18,12.616864,8.255389,75.90913,12.616864,9.934339,13.1491165,29.823065,0.0,0.0,0.0,0.0,0.0,6.483008066813151
2023-05-19,590024.0,United Kingdom,Europe/London,2023-05-19,12.308622,8.459337,78.336754,12.308622,9.915959,12.937185,29.780884,0.0,0.0,0.0,0.0,0.0,27.40851004918416
2023-05-20,478371.5,United Kingdom,Europe/London,2023-05-20,12.568126,8.350434,77.443634,12.568126,10.009513,13.158283,29.936436,0.0,0.0,0.0,0.0,0.0,51.99493209520976
2023-05-21,472540.0,United Kingdom,Europe/London,2023-05-21,12.464584,7.993609,76.17955,12.464584,9.779758,12.9172,29.443443,0.0,0.0,0.0,0.0,0.0,34.94372280438741
2023-05-22,543606.5,United Kingdom,Europe/London,2023-05-22,12.428486,7.3083696,72.32471,12.428486,9.367503,12.603565,28.626272,2.1520157,2.1520157,0.0,0.0,0.0,10.99528694152832
2023-05-23,565816.5,United Kingdom,Europe/London,2023-05-23,12.027588,7.287222,73.92836,12.027588,9.166309,12.173418,28.134714,0.0,0.0,0.0,0.0,0.0,1.5496519406636555
2023-05-24,539860.0,United Kingdom,Europe/London,2023-05-24,12.799781,7.9606934,73.616554,12.799781,9.843947,13.222979,29.704094,1.2114792,1.2114797,0.0,0.0,0.0,4.940539201100667
2023-05-25,565853.5,United Kingdom,Europe/London,2023-05-25,12.706633,8.065885,74.64014,12.706633,9.866079,13.195653,29.79602,0.32552338,0.32552338,0.0,0.0,0.0,34.517449378967285
2023-05-26,533535.0,United Kingdom,Europe/London,2023-05-26,12.920515,7.9856176,73.59032,12.920515,9.927872,13.369664,29.90072,0.70376587,0.70376587,0.0,0.0,0.0,24.06903648376465
2023-05-27,452932.0,United Kingdom,Europe/London,2023-05-27,13.0939,7.823081,72.30441,13.0939,9.935754,13.468492,29.86574,5.8981857,5.8981876,0.0,0.0,0.0,9.59553829828898
2023-05-28,452320.0,United Kingdom,Europe/London,2023-05-28,12.483651,6.976779,70.401505,12.483651,9.227981,12.578364,28.45886,11.093971,11.093971,0.14141655,0.0,0.0,34.7903782526652
2023-05-29,456786.5,United Kingdom,Europe/London,2023-05-29,11.833136,6.357751,70.71975,11.833136,8.603971,11.636983,26.975399,0.13529968,0.13530111,0.0,0.0,0.0,1.6303483645121255
2023-05-30,538330.0,United Kingdom,Europe/London,2023-05-30,12.369169,7.9297924,75.45459,12.369169,9.622054,12.795478,29.27671,8.65255,8.652547,0.59053564,0.17965746,0.18881607,27.002684593200684
2023-05-31,561839.5,United Kingdom,Europe/London,2023-05-31,12.574069,9.031778,79.759056,12.574069,10.314173,13.441961,30.727272,2.194748,2.1947489,0.39750624,0.7818527,0.89825726,75.2834685643514
2023-06-01,549769.5,United Kingdom,Europe/London,2023-06-01,12.207643,8.318314,77.84614,12.207643,9.767247,12.780207,29.522041,0.023803711,0.023804188,0.0,0.029691696,0.0,47.861301501592
2023-06-02,514119.5,United Kingdom,Europe/London,2023-06-02,12.309635,6.717858,69.94588,12.309635,9.001929,12.244885,27.829298,0.0,0.0,0.0,0.0,0.0,3.06869109471639
2023-06-03,451879.0,United Kingdom,Europe/London,2023-06-03,13.1650715,7.5944743,71.31758,13.1650715,9.854512,13.45572,29.702524,10.257286,10.257286,0.0,0.0,0.0,21.17311159769694
2023-06-04,448354.5,United Kingdom,Europe/London,2023-06-04,13.516301,8.228855,72.26514,13.516301,10.313829,14.049481,30.743858,23.401321,23.401329,0.036180496,0.0,0.0,22.513291200002037
2023-06-05,544605.0,United Kingdom,Europe/London,2023-06-05,12.956908,8.4087,75.07138,12.956908,10.154136,13.558632,30.366623,4.2567444,4.2567434,0.0819788,0.0,0.0,51.56069119771322
2023-06-06,574473.5,United Kingdom,Europe/London,2023-06-06,12.31378,8.117839,76.22814,12.31378,9.709999,12.791361,29.36105,0.0,0.0,0.0,0.0,0.0,29.36026946703593
2023-06-07,552541.5,United Kingdom,Europe/London,2023-06-07,12.787393,8.122002,74.16009,12.787393,9.91383,13.282047,29.893507,16.181679,16.181683,8.594627,4.761152,7.661022,62.94719139734904
2023-06-08,523842.5,United Kingdom,Europe/London,2023-06-08,13.203622,8.01245,71.930176,13.203622,10.040023,13.653527,30.191647,36.26803,36.26803,12.297248,3.894031,4.32187,45.169081687927246
2023-06-09,513472.5,United Kingdom,Europe/London,2023-06-09,14.591789,9.215617,71.519936,14.591789,11.2606535,15.607531,33.20824,144.01329,144.01328,136.21643,78.2586,187.66321,423.6815911928813
2023-06-10,482586.5,United Kingdom,Europe/London,2023-06-10,17.222818,11.849125,72.59624,17.224876,13.778264,19.518322,39.514317,448.1538,449.0152,484.8634,289.35208,758.0562,1505.82492295901
2023-06-11,497851.0,United Kingdom,Europe/London,2023-06-11,18.06836,13.929237,78.076546,18.073154,15.3259945,21.463537,43.4867,388.70966,395.34644,549.62573,431.188,1187.4093,2787.384708881378
2023-06-12,579467.5,United Kingdom,Europe/London,2023-06-12,18.641409,14.776761,79.87296,18.646421,16.060879,22.529154,45.468773,468.1891,481.93863,740.12976,591.35974,1652.9297,3496.2091402212777
2023-06-13,554296.0,United Kingdom,Europe/London,2023-06-13,19.215921,12.477814,68.60136,19.216225,15.0576935,21.821672,42.417645,597.9462,598.66833,536.8915,322.66556,829.7269,1772.3790426254272
2023-06-14,550260.0,United Kingdom,Europe/London,2023-06-14,18.261541,9.986169,61.40303,18.261536,13.331198,19.62207,37.918163,427.2467,427.20523,242.481,104.33469,230.866,542.4919160207113
2023-06-15,560135.5,United Kingdom,Europe/London,2023-06-15,18.071321,10.4295,63.849213,18.071321,13.455319,19.629208,38.283424,414.42224,414.42224,246.22653,94.713806,192.37668,607.4377308686575
2023-06-16,551604.0,United Kingdom,Europe/London,2023-06-16,18.26639,10.424904,63.006256,18.26639,13.52397,19.809393,38.439903,430.8154,430.8154,248.9392,80.80652,153.84477,561.091625293096
2023-06-17,508938.5,United Kingdom,Europe/London,2023-06-17,17.227818,11.236954,69.405655,17.227818,13.51178,19.176693,38.528748,149.58594,149.58594,119.54821,77.43437,185.44595,1013.3902484575908
2023-06-18,508586.5,United Kingdom,Europe/London,2023-06-18,17.29183,13.221392,78.242256,17.29183,14.642974,20.294838,41.5789,207.09625,207.09625,283.82275,235.45102,649.06256,2238.149778366089
2023-06-19,547299.5,United Kingdom,Europe/London,2023-06-19,17.230642,13.63711,80.90974,17.230642,14.871675,20.406988,42.00246,124.43184,124.43185,126.17894,134.41327,326.73868,2380.364274263382
2023-06-20,607499.5,United Kingdom,Europe/London,2023-06-20,16.58195,13.829922,84.36317,16.58195,14.710865,19.885605,41.70132,43.929474,43.92947,111.11765,188.83116,531.58026,2575.2157703240714
2023-06-21,566660.0,United Kingdom,Europe/London,2023-06-21,17.069248,13.117489,79.042274,17.069248,14.492613,19.970467,41.060703,135.14154,135.14154,149.74783,132.39996,329.2704,2032.3495296637216
2023-06-22,581417.0,United Kingdom,Europe/London,2023-06-22,17.108734,12.002858,73.78383,17.108734,13.880286,19.464224,39.560417,218.19559,218.19557,218.82472,156.93068,409.14563,1512.8890560468035
2023-06-23,560262.5,United Kingdom,Europe/London,2023-06-23,16.963606,13.397726,80.86156,16.963606,14.605067,20.053207,41.488907,158.73746,158.73747,178.91264,176.4675,473.17896,2382.2030074596405
2023-06-24,491735.0,United Kingdom,Europe/London,2023-06-24,19.721748,15.751671,79.09304,19.722443,17.039476,24.186089,48.209316,465.7695,468.65048,875.3933,822.0553,2283.0312,4356.623641014099
2023-06-25,471755.0,United Kingdom,Europe/London,2023-06-25,18.762362,13.928035,74.95794,18.7687,15.580173,22.132498,44.125053,532.5382,540.2618,678.8039,448.25552,1235.1654,2692.873051007589
2023-06-26,528717.5,United Kingdom,Europe/London,2023-06-26,15.548788,10.223504,72.39614,15.548788,12.272069,16.957865,35.284992,24.144798,24.144798,0.12747002,1.6494036,3.9036808,244.41084043184915
2023-06-27,592100.0,United Kingdom,Europe/London,2023-06-27,15.55361,12.7406845,84.0052,15.55361,13.67705,18.28215,39.0238,9.898659,9.898662,13.511719,92.485245,239.4083,1839.1240342458088
2023-06-28,605880.5,United Kingdom,Europe/London,2023-06-28,16.820873,14.194212,84.98036,16.820873,15.0352,20.415339,42.774357,90.01191,90.0119,293.17853,376.09253,1055.4354,3137.5785880088806
2023-06-29,555941.0,United Kingdom,Europe/London,2023-06-29,14.960214,10.169894,74.84899,14.960214,12.017349,16.39617,34.76303,14.409035,14.409032,3.7089787,37.541016,99.56499,574.4362010161082
2023-06-30,563205.5,United Kingdom,Europe/London,2023-06-30,14.378901,12.166734,86.94952,14.378901,12.88544,16.796083,36.942036,0.0,0.0,0.010869026,28.088133,62.924664,1450.4562590122223
2023-07-01,443204.0,United Kingdom,Europe/London,2023-07-01,15.375188,11.173204,77.34675,15.375188,12.736266,17.290895,36.541355,4.6762085,4.676209,0.044136047,23.408997,51.538033,946.908262014389
2023-07-02,425153.5,United Kingdom,Europe/London,2023-07-02,13.831331,8.34129,70.7677,13.831331,10.528341,14.399839,31.161118,0.0,0.0,0.0,0.0,0.0,6.623170932133992
2023-07-03,508657.5,United Kingdom,Europe/London,2023-07-03,13.293074,8.673172,74.54828,13.293074,10.452661,14.009959,31.032639,0.0,0.0,0.0,0.0,0.0,35.82742222150167
2023-07-04,575500.5,United Kingdom,Europe/London,2023-07-04,13.141157,9.504677,79.42339,13.141157,10.847969,14.231169,31.929926,0.0,0.0,0.0,0.0,0.0,197.6323550542196
2023-07-05,550437.5,United Kingdom,Europe/London,2023-07-05,13.603585,9.308303,76.56183,13.603585,10.941491,14.594924,32.12282,0.0,0.0,0.0,0.0,0.0,74.34853760401408
2023-07-06,539476.0,United Kingdom,Europe/London,2023-07-06,14.715767,10.113778,75.47682,14.715767,11.84555,16.067326,34.273495,7.6243515,7.6243467,0.0,0.5998206,0.5999508,175.54690965016684
2023-07-07,511769.5,United Kingdom,Europe/London,2023-07-07,18.437916,12.573541,71.041275,18.437862,14.721851,21.052605,41.64982,399.66245,399.7357,368.77332,207.45699,509.50098,1636.2411396503448
2023-07-08,517420.5,United Kingdom,Europe/London,2023-07-08,18.795694,14.304039,75.928635,18.795826,15.820662,22.412365,44.858383,295.13416,295.52966,518.2865,468.1775,1335.5167,3064.362763007482
2023-07-09,488667.5,United Kingdom,Europe/London,2023-07-09,16.833027,13.127328,80.1317,16.833027,14.423799,19.745018,40.84789,80.1739,80.17389,67.17224,112.78611,294.0937,2014.02764805158
2023-07-10,554871.5,United Kingdom,Europe/London,2023-07-10,15.832614,12.5712,82.03488,15.832614,13.683702,18.425848,38.92372,48.633804,48.6338,26.922178,35.22216,79.14653,1529.057384332021
2023-07-11,557099.5,United Kingdom,Europe/London,2023-07-11,15.75567,13.120051,84.92654,15.75567,13.9748335,18.645401,39.68328,13.875473,13.875473,20.521568,53.32322,133.59473,1948.4529360930128
2023-07-12,537788.5,United Kingdom,Europe/London,2023-07-12,15.012439,11.725923,81.58903,15.012439,12.857317,17.147078,36.78857,4.9711,4.9710994,0.77316713,2.549008,4.3133526,851.333255370458
2023-07-13,560996.0,United Kingdom,Europe/London,2023-07-13,15.072871,11.435156,79.76213,15.072871,12.709603,17.07276,36.470673,7.941475,7.941473,4.073159,9.853977,20.80181,789.8059630393982
2023-07-14,576687.0,United Kingdom,Europe/London,2023-07-14,14.616527,12.879673,89.54989,14.616527,13.406682,17.404621,38.23273,0.25299835,0.25299883,5.205333,102.82017,268.94406,1889.2203302383425
2023-07-15,450728.0,United Kingdom,Europe/London,2023-07-15,15.55653,12.873367,84.650406,15.55653,13.754116,18.298246,39.059494,1.8089447,1.8089457,0.8798461,23.32779,59.51863,1715.7243288358052
2023-07-16,431290.5,United Kingdom,Europe/London,2023-07-16,14.867656,11.392834,80.51769,14.867656,12.61198,16.832254,36.159397,0.23564148,0.23564148,0.0,0.1356678,0.033052444,651.8757337729136
2023-07-17,530080.5,United Kingdom,Europe/London,2023-07-17,14.375051,10.3480835,77.881775,14.375051,11.818054,15.843028,34.25588,6.918434,6.9184318,0.26331758,0.19019556,0.0,296.9708975156148
2023-07-18,582120.5,United Kingdom,Europe/London,2023-07-18,14.091381,10.834717,81.73835,14.091381,11.983642,15.811668,34.679543,11.615189,11.615184,0.2665639,0.7759757,1.5912285,618.3209366003672
2023-07-19,568958.0,United Kingdom,Europe/London,2023-07-19,14.938674,11.294142,80.040016,14.938674,12.603233,16.900625,36.227543,24.630737,24.63074,12.718983,17.7663,39.81698,951.5083416303
2023-07-20,562424.0,United Kingdom,Europe/London,2023-07-20,13.951244,9.721215,77.026405,13.951244,11.305541,15.131709,33.01189,4.7846146,4.7846136,0.108820915,1.2309465,2.8124094,177.25699814160666
2023-07-21,553202.0,United Kingdom,Europe/London,2023-07-21,13.691903,9.631456,77.56797,13.691903,11.139448,14.83111,32.631012,0.0,0.0,0.0,0.0,0.0,136.66209618250528
2023-07-22,513570.5,United Kingdom,Europe/London,2023-07-22,14.139134,12.288764,89.08608,14.139134,12.887721,16.641697,36.938927,0.0,0.0,0.04412794,31.553532,70.562256,1640.7866588433585
2023-07-23,466126.0,United Kingdom,Europe/London,2023-07-23,15.456138,12.712548,84.54121,15.456138,13.646789,18.200333,38.9694,33.234932,33.234924,58.67593,83.117294,207.6116,2043.115978717804
2023-07-24,558884.5,United Kingdom,Europe/London,2023-07-24,13.466642,9.974106,80.18768,13.466642,11.257392,14.814039,32.990322,0.0,0.0,0.0,3.2339659,8.134401,555.4480593999227
2023-07-25,547138.5,United Kingdom,Europe/London,2023-07-25,13.518037,9.35122,77.06988,13.518037,10.912995,14.521791,32.07097,0.0,0.0,0.0,0.0,0.0,60.42885128657023
2023-07-26,554932.5,United Kingdom,Europe/London,2023-07-26,14.296247,10.896514,81.489395,14.296247,12.131912,16.083683,35.0796,11.487793,11.48779,0.0,13.00926,26.342186,868.0743594169617
2023-07-27,577825.0,United Kingdom,Europe/London,2023-07-27,16.700361,14.937887,89.75415,16.700361,15.458849,20.686815,43.757454,62.418335,62.41833,169.86537,348.53412,954.54834,3632.8860925038657
2023-07-28,550241.0,United Kingdom,Europe/London,2023-07-28,16.745955,13.51527,82.11028,16.745955,14.600146,19.875576,41.37581,40.572243,40.57223,70.85974,136.0491,348.01093,2345.0466142495475
2023-07-29,437019.5,United Kingdom,Europe/London,2023-07-29,15.973611,11.858828,77.707115,15.973611,13.329355,18.190466,38.002743,32.916573,32.916573,9.199125,9.379706,21.453293,1015.701831817627
2023-07-30,457952.0,United Kingdom,Europe/London,2023-07-30,15.170446,12.162014,82.9093,15.170446,13.185546,17.565943,37.688465,0.39032745,0.39032602,0.38717604,34.082756,81.970856,1279.7286962668102
2023-07-31,556337.5,United Kingdom,Europe/London,2023-07-31,15.384563,13.726135,90.140945,15.384563,14.223658,18.63855,40.334827,0.0,0.0,14.230381,99.75002,259.12772,2539.5047404766083
2023-08-01,545924.0,United Kingdom,Europe/London,2023-08-01,15.502908,12.382386,82.49722,15.502908,13.446156,17.983137,38.26557,2.8313904,2.831389,0.5248399,8.219512,19.36578,1349.9245138168335
2023-08-02,551506.5,United Kingdom,Europe/London,2023-08-02,15.183055,13.034722,87.44921,15.183055,13.721658,18.05094,39.036648,0.25369263,0.25369263,7.058368,70.78132,182.74483,1990.6588366826372
2023-08-03,542010.5,United Kingdom,Europe/London,2023-08-03,15.17751,11.940075,81.72012,15.17751,13.045342,17.428057,37.284702,0.6779709,0.6779733,0.43694067,4.6331854,11.295289,1023.5122335751852
2023-08-04,544562.5,United Kingdom,Europe/London,2023-08-04,14.178568,10.284482,78.116135,14.178568,11.708444,15.643956,34.04842,0.0,0.0,0.0,2.5710454,5.565998,485.87349851926166
2023-08-05,508055.0,United Kingdom,Europe/London,2023-08-05,12.920608,10.790054,87.23598,12.920608,11.488184,14.60912,33.39388,0.0,0.0,0.0,16.069046,40.460655,486.1515754858653
2023-08-06,467737.0,United Kingdom,Europe/London,2023-08-06,13.497161,9.79537,79.40673,13.497161,11.152356,14.705949,32.628536,0.0,0.0,0.0,0.0,0.0,141.07278553644815
2023-08-07,524554.0,United Kingdom,Europe/London,2023-08-07,13.887142,9.910175,78.36642,13.887142,11.3860235,15.142455,33.15703,0.95108795,0.95108795,0.0,0.0,0.0,129.8647247950236
2023-08-08,563055.0,United Kingdom,Europe/London,2023-08-08,13.8873825,10.390198,80.5135,13.8873825,11.680337,15.45009,34.028187,0.0,0.0,0.0,21.04495,50.206024,791.5867420832316
2023-08-09,555185.5,United Kingdom,Europe/London,2023-08-09,15.52645,11.677673,78.96939,15.52645,13.044714,17.775644,37.647964,112.61302,112.61302,190.16606,188.28665,517.8017,1604.8461232185364
2023-08-10,563660.0,United Kingdom,Europe/London,2023-08-10,18.88331,15.389935,81.298874,18.885233,16.50454,23.139248,46.760986,389.8508,395.06375,733.23914,707.67487,2001.9093,4044.766094684601
2023-08-11,524014.0,United Kingdom,Europe/London,2023-08-11,18.378843,14.254045,78.19907,18.378843,15.680335,21.950539,44.29883,157.74489,157.74487,205.14243,313.39587,858.05914,2990.569787979126
2023-08-12,467152.5,United Kingdom,Europe/London,2023-08-12,16.572105,13.673991,83.41561,16.572105,14.6022415,19.766422,41.38012,16.902763,16.902761,47.899612,115.15068,303.75946,2405.267505248388
2023-08-13,475798.0,United Kingdom,Europe/London,2023-08-13,16.048603,12.76782,81.65846,16.048603,13.877799,18.73551,39.408096,13.628212,13.628214,10.4109955,14.962898,34.714207,1635.884132385254
2023-08-14,569372.0,United Kingdom,Europe/London,2023-08-14,16.004665,13.802252,87.25286,16.004665,14.49116,19.302488,41.094124,14.275932,14.275933,90.637825,159.44446,445.91736,2570.8207906881967
2023-08-15,564312.5,United Kingdom,Europe/London,2023-08-15,15.936753,12.798657,82.71399,15.936753,13.855539,18.641764,39.346226,55.739204,55.739204,54.767647,62.914444,155.30516,1660.4855286280315
2023-08-16,572998.0,United Kingdom,Europe/London,2023-08-16,16.024994,12.495287,81.01202,16.024994,13.710821,18.574242,38.99736,103.95403,103.954025,98.3974,73.32183,181.96298,1456.5407401720684
2023-08-17,556352.5,United Kingdom,Europe/London,2023-08-17,16.83007,13.150895,79.884995,16.83007,14.393194,19.741682,40.84599,100.820984,100.820984,133.28539,129.61575,338.5514,1986.5927623907728
2023-08-18,559526.0,United Kingdom,Europe/London,2023-08-18,16.457289,13.873524,84.99178,16.457289,14.701363,19.87334,41.8973,39.29605,39.296055,213.31532,339.62305,962.2339,2844.0418033599854
2023-08-19,448696.5,United Kingdom,Europe/London,2023-08-19,17.952608,14.653864,81.8396,17.952608,15.73155,21.740995,44.47669,110.92858,110.92857,193.8256,371.9983,1040.7709,3316.2632484436035
2023-08-20,467338.0,United Kingdom,Europe/London,2023-08-20,17.20777,13.41374,79.51079,17.20777,14.713806,20.261389,41.63215,94.97197,94.97197,106.977135,121.15927,300.0873,2195.4255062739053
2023-08-21,531886.0,United Kingdom,Europe/London,2023-08-21,16.912455,13.570625,81.531364,16.912455,14.678894,20.055632,41.584496,83.219986,83.21999,117.54329,141.15953,357.14365,2329.060312430064
2023-08-22,538675.0,United Kingdom,Europe/London,2023-08-22,16.921612,13.632838,81.9285,16.921612,14.726028,20.094034,41.675804,100.07982,100.07982,110.64274,98.61162,235.37422,2384.0724086761475
2023-08-23,575552.0,United Kingdom,Europe/London,2023-08-23,15.904105,12.443817,81.00973,15.904105,13.619585,18.459791,38.894672,128.55437,128.55437,154.07468,114.21257,300.6257,1623.2571085294087
2023-08-24,585092.0,United Kingdom,Europe/London,2023-08-24,15.713579,12.370293,81.43343,15.713579,13.524368,18.270834,38.705597,84.87729,84.8773,162.65694,155.8613,440.0564,1730.4597793420155
2023-08-25,556447.0,United Kingdom,Europe/London,2023-08-25,13.572989,10.429777,82.35207,13.572989,11.543567,15.081704,33.552185,0.6012802,0.6012802,1.2732725,6.965785,18.370487,328.16363104184467
2023-08-26,494765.0,United Kingdom,Europe/London,2023-08-26,13.54433,11.078571,85.81471,13.54433,11.91048,15.356318,34.37818,0.0,0.0,0.0,0.29200077,0.61820984,510.1058891614278
2023-08-27,483290.5,United Kingdom,Europe/London,2023-08-27,13.692177,11.03655,84.67922,13.692177,11.937668,15.483617,34.47108,0.0,0.0,0.0,0.13413143,0.17175102,490.1614803473155
2023-08-28,503145.5,United Kingdom,Europe/London,2023-08-28,14.127078,10.507769,79.75842,14.127078,11.809894,15.6642275,34.196945,0.05101776,0.05101776,0.0,0.0,0.0,277.4288227558136
2023-08-29,568497.0,United Kingdom,Europe/London,2023-08-29,13.953648,10.798309,82.00308,13.953648,11.906728,15.653179,34.479485,0.0,0.0,0.0,1.0362282,1.7248011,578.8635663986206
2023-08-30,559994.0,United Kingdom,Europe/London,2023-08-30,13.213172,9.428328,78.98447,13.213172,10.83047,14.255389,31.86897,0.0,0.0,0.0,0.0,0.0,69.76015130678813
2023-08-31,599347.5,United Kingdom,Europe/London,2023-08-31,13.190218,10.547638,85.02636,13.190218,11.470506,14.803943,33.461235,0.0,0.0,3.644055,22.764137,59.682884,662.7549885114034
2023-09-01,579108.0,United Kingdom,Europe/London,2023-09-01,15.099371,12.611403,85.85829,15.099371,13.435451,17.768452,38.39215,9.522766,9.522767,36.345024,80.6051,219.15285,1832.1481062571208
2023-09-02,509701.5,United Kingdom,Europe/London,2023-09-02,15.982256,12.907592,83.19817,15.982256,13.937631,18.795937,39.704636,85.69028,85.69028,116.42995,132.51126,340.7252,1982.5102616945903
2023-09-03,481751.0,United Kingdom,Europe/London,2023-09-03,17.110762,13.520695,80.919174,17.110762,14.730269,20.238708,41.747105,250.16824,250.16824,320.94595,246.8799,662.201,2317.015385945638
2023-09-04,573126.0,United Kingdom,Europe/London,2023-09-04,18.36561,14.006218,77.70384,18.381037,15.478263,21.812098,43.940163,591.1306,605.4252,834.8215,570.0985,1599.4706,2842.162227710088
2023-09-05,594499.5,United Kingdom,Europe/London,2023-09-05,18.00378,13.658228,77.64164,18.015947,15.134506,21.258205,43.025986,512.63873,527.0794,738.2333,512.4048,1417.8373,2630.4328158696494
2023-09-06,622256.5,United Kingdom,Europe/London,2023-09-06,18.67489,15.332147,82.166534,18.715118,16.385595,22.945127,46.594624,574.88293,626.03467,1102.4015,879.7004,2571.6748,4076.340758005778
2023-09-07,622222.0,United Kingdom,Europe/London,2023-09-07,20.02077,16.521448,81.79165,20.057436,17.617004,25.040913,50.10103,869.01044,908.48865,1605.875,1266.6417,3698.511,5213.3098219235735
2023-09-08,617126.5,United Kingdom,Europe/London,2023-09-08,19.87925,16.577976,82.90631,19.920708,17.61166,24.926273,50.031322,809.28534,862.3714,1503.633,1231.7656,3575.7437,5253.654103914897
2023-09-09,548981.0,United Kingdom,Europe/London,2023-09-09,20.31501,16.89891,82.51656,20.389612,17.973068,25.575476,51.083782,912.6371,986.5681,1669.326,1380.0377,3992.1,5581.759208361308
2023-09-10,562332.0,United Kingdom,Europe/London,2023-09-10,18.75081,16.520342,87.68038,18.78071,17.182428,23.797453,48.87294,479.1736,521.9442,1209.3605,1122.5906,3280.4138,5255.2945722738905
2023-09-11,611501.0,United Kingdom,Europe/London,2023-09-11,17.152666,14.631865,85.743744,17.152666,15.438063,21.016993,43.878628,105.06278,105.062775,315.27698,536.5044,1469.8425,3566.5981137752533
2023-09-12,625576.5,United Kingdom,Europe/London,2023-09-12,14.106247,11.334556,84.293564,14.106247,12.334085,16.263193,35.938084,12.227608,12.227613,55.00387,110.51106,306.62982,1829.421250184377
2023-09-13,584299.0,United Kingdom,Europe/London,2023-09-13,12.539473,8.92082,79.85051,12.539473,10.259678,13.417156,30.723228,0.0,0.0,0.0,1.542417,3.263156,205.65277226765951
2023-09-14,585638.0,United Kingdom,Europe/London,2023-09-14,14.606326,11.375756,81.71589,14.606326,12.499612,16.615908,36.023617,19.499557,19.499554,11.621271,25.133785,56.35601,996.110028107961
2023-09-15,591192.0,United Kingdom,Europe/London,2023-09-15,14.127281,11.386971,84.71804,14.127281,12.320448,16.178675,35.65688,87.83916,87.83916,100.18768,83.629425,212.99368,1242.0560952822368
2023-09-16,532473.5,United Kingdom,Europe/London,2023-09-16,13.988301,11.407029,85.24781,13.988301,12.281589,16.089912,35.658638,65.51522,65.51522,98.57126,113.07686,303.26828,1454.801744222641
2023-09-17,534103.5,United Kingdom,Europe/London,2023-09-17,14.406686,12.660691,89.553856,14.406686,13.191654,17.185665,38.000984,0.63586426,0.6358638,35.18296,153.94202,414.9707,2223.6942962010703
2023-09-18,573722.0,United Kingdom,Europe/London,2023-09-18,14.02241,11.539286,85.65842,14.02241,12.409222,16.185757,35.86379,0.0,0.0,7.185446,67.865,173.45316,1468.022492170334
2023-09-19,588518.0,United Kingdom,Europe/London,2023-09-19,13.608691,11.401027,86.816,13.608691,12.116602,15.720871,35.301445,0.0,0.0,2.155373,57.400566,145.62561,1512.793008883794
2023-09-20,584707.5,United Kingdom,Europe/London,2023-09-20,14.991182,12.620763,86.07814,14.991182,13.3921795,17.681826,38.34278,0.023971558,0.023971558,2.8794446,38.401447,89.8537,1957.804316520691
2023-09-21,595081.5,United Kingdom,Europe/London,2023-09-21,11.731084,9.065609,84.40756,11.731084,10.007203,12.620821,29.928768,0.0,0.0,0.0,1.4403362,3.1396618,95.52497426668803
2023-09-22,583608.5,United Kingdom,Europe/London,2023-09-22,11.20711,8.772433,85.64231,11.20711,9.621271,11.960961,29.01178,0.0,0.0,0.0,0.0,0.0,18.66143488883972
2023-09-23,526083.0,United Kingdom,Europe/London,2023-09-23,11.207192,7.074463,76.87999,11.207192,8.715805,11.294284,27.13466,0.0,0.0,0.0,0.26469612,0.49905396,27.463680585225426
2023-09-24,492196.5,United Kingdom,Europe/London,2023-09-24,15.228419,12.726659,85.411476,15.228419,13.536592,17.958939,38.697628,0.0,0.0,2.6395388,52.08979,131.25221,1954.820257425308
2023-09-25,549690.0,United Kingdom,Europe/London,2023-09-25,15.308109,11.708557,79.88659,15.308109,12.969054,17.452394,37.118187,6.972595,6.9725966,0.3740058,11.956596,27.470943,945.5743970076244
2023-09-26,592255.5,United Kingdom,Europe/London,2023-09-26,14.413694,11.6611,84.09404,14.413694,12.582405,16.555882,36.20119,14.869209,14.869214,30.34395,54.69101,149.74167,1048.6438117027285
2023-09-27,609132.5,United Kingdom,Europe/London,2023-09-27,13.777541,11.699192,87.64515,13.777541,12.354785,15.986764,35.744884,2.2461243,2.2461238,18.54235,56.306747,149.9212,1387.6698260307312
2023-09-28,588248.0,United Kingdom,Europe/London,2023-09-28,14.520956,11.392734,81.886185,14.520956,12.462467,16.498518,35.84286,0.0,0.0,0.3863201,15.886377,38.59396,713.3905687332153
2023-09-29,541254.5,United Kingdom,Europe/London,2023-09-29,13.8237295,10.554204,81.50122,13.8237295,11.724506,15.413816,34.03824,0.0,0.0,1.5046744,26.08799,65.05309,494.6962672074636
2023-09-30,539048.5,United Kingdom,Europe/London,2023-09-30,12.570251,10.411424,87.200676,12.570251,11.12506,14.099413,32.589195,0.0,0.0,0.0,16.852146,38.29477,517.7996811072031
2023-10-01,544513.5,United Kingdom,Europe/London,2023-10-01,15.7645035,13.670636,87.85182,15.7645035,14.344589,19.068705,40.87076,12.471008,12.47101,87.875275,205.80826,555.3715,2806.47660557429
2023-10-02,629246.0,United Kingdom,Europe/London,2023-10-02,13.60877,11.684368,88.50718,13.60877,12.316903,15.846391,35.652676,0.67723846,0.67723846,12.766014,103.11528,267.17212,1489.115781148275
2023-10-03,574952.5,United Kingdom,Europe/London,2023-10-03,12.466459,9.607831,83.405624,12.466459,10.620452,13.597345,31.357729,0.0,0.0,2.2504582,16.120893,40.473034,140.86196041107178
2023-10-04,584416.5,United Kingdom,Europe/London,2023-10-04,12.679207,9.948684,83.98336,12.679207,10.886524,13.949054,31.966059,0.0,0.0,0.0,0.0,0.0,76.4633297920227
2023-10-05,603557.5,United Kingdom,Europe/London,2023-10-05,13.34269,11.1681795,87.12869,13.34269,11.874284,15.237153,34.40775,0.0,0.0,0.0,4.1655054,10.156852,785.2556473414103
2023-10-06,561697.5,United Kingdom,Europe/London,2023-10-06,15.352983,12.973986,86.10844,15.352983,13.7355995,18.204557,39.166203,4.594879,4.5948796,18.007328,69.77527,174.16672,2031.7851974169412
2023-10-07,523377.0,United Kingdom,Europe/London,2023-10-07,14.433603,12.002218,86.07748,14.433603,12.786788,16.841602,36.980408,63.71324,63.71324,104.33259,103.5731,271.619,1810.595486402512
2023-10-08,516981.0,United Kingdom,Europe/London,2023-10-08,14.274897,11.502686,84.62646,14.274897,12.439006,16.352417,35.879513,84.07109,84.07109,71.39347,53.96137,122.277824,1108.317174911499
2023-10-09,602534.5,United Kingdom,Europe/London,2023-10-09,15.261129,13.031306,87.15732,15.261129,13.734722,18.136654,39.140938,91.89908,91.89908,165.33217,150.53215,415.62985,2019.2276805241904
2023-10-10,583696.5,United Kingdom,Europe/London,2023-10-10,15.253436,12.795837,85.92332,15.253436,13.597814,17.978806,38.70544,26.333,26.332998,33.854042,40.204727,100.24255,1785.3149001598358
2023-10-11,607414.5,United Kingdom,Europe/London,2023-10-11,12.800894,10.135127,84.276085,12.800894,11.1178465,14.448722,33.17177,0.0,0.0,7.8308563,48.263855,121.90037,1595.0391505559285
2023-10-12,650889.0,United Kingdom,Europe/London,2023-10-12,10.457249,8.167943,86.2792,10.457249,9.009715,11.166626,28.13446,0.0,0.0,0.47135925,26.14563,56.24484,769.0967187086741
2023-10-13,604419.0,United Kingdom,Europe/London,2023-10-13,11.875226,9.29608,84.68143,11.875226,10.252203,13.125126,31.105581,0.0,0.0,16.462786,56.929565,161.65549,1266.4744884967804
2023-10-14,520994.5,United Kingdom,Europe/London,2023-10-14,7.7774615,3.7114682,76.18333,7.7774615,5.423244,6.6938324,20.35578,0.0,0.0,0.0,0.0,0.0,0.0
2023-10-15,557105.0,United Kingdom,Europe/London,2023-10-15,6.2930255,2.4104676,77.46029,6.2930255,4.0912914,4.804118,17.710663,0.0,0.0,0.0,0.0,0.0,0.0
2023-10-16,687161.5,United Kingdom,Europe/London,2023-10-16,6.7009497,3.6477149,81.75994,6.7009497,4.8582773,5.58552,19.174707,0.0,0.0,0.0,0.0,0.0,0.0
2023-10-17,641822.0,United Kingdom,Europe/London,2023-10-17,8.780983,5.5371885,81.04276,8.780983,6.7856727,8.314068,23.111134,0.0,0.0,0.0,0.0,0.0,3.1292511622111
2023-10-18,633689.0,United Kingdom,Europe/London,2023-10-18,11.608459,8.824939,83.31366,11.608459,9.821192,12.439334,29.639719,0.0,0.0,0.0,2.5419483,4.316267,291.5756188233693
2023-10-19,638373.0,United Kingdom,Europe/London,2023-10-19,13.436125,11.767168,89.83306,13.436125,12.296966,15.687599,35.512966,0.0,0.0,0.0,12.853268,28.388605,1505.300185362498
2023-10-20,628921.0,United Kingdom,Europe/London,2023-10-20,11.145964,9.524532,89.97319,11.145964,10.078571,12.380341,30.309788,0.0,0.0,0.0,0.0,0.0,727.5728754997253
2023-10-21,589528.5,United Kingdom,Europe/London,2023-10-21,9.035839,7.2615814,88.91408,9.035839,7.865784,9.250559,25.287663,0.0,0.0,0.0,0.0,0.0,146.50473801294962
2023-10-22,569848.0,United Kingdom,Europe/London,2023-10-22,8.303022,5.673806,84.313416,8.303022,6.654288,7.8750052,22.733627,0.0,0.0,0.0,0.0,0.0,0.4504558245340983
2023-10-23,662234.5,United Kingdom,Europe/London,2023-10-23,8.593749,6.9099574,89.5691,8.593749,7.459741,8.716369,24.583153,0.0,0.0,0.0,0.0,0.0,48.85922312736511
2023-10-24,679935.0,United Kingdom,Europe/London,2023-10-24,9.62242,7.983451,89.854195,9.62242,8.516871,10.061288,26.511751,0.0,0.0,0.0,0.0,0.0,3.421696424484253
2023-10-25,688418.0,United Kingdom,Europe/London,2023-10-25,8.5503435,7.225882,91.685104,8.5503435,7.6369395,8.689484,24.578104,0.0,0.0,0.0,0.0,0.0,2.487725019454956
2023-10-26,687998.0,United Kingdom,Europe/London,2023-10-26,9.9978285,8.629249,91.43857,9.9978285,9.048731,10.70561,27.65092,0.0,0.0,0.0,0.0,0.0,39.01339308420817
2023-10-27,661580.5,United Kingdom,Europe/London,2023-10-27,9.780395,8.442645,91.62547,9.780395,8.854101,10.389002,27.148846,0.0,0.0,0.0,0.0,0.0,3.726450045903524
2023-10-28,593824.5,United Kingdom,Europe/London,2023-10-28,10.250984,8.732981,90.51623,10.250984,9.209727,10.990884,27.998192,0.0,0.0,0.0,0.0,0.0,30.82293256123861
2023-10-29,587496.25,United Kingdom,Europe/London,2023-10-29,9.923447,8.206227,89.28504,9.923447,8.765391,10.4376335,27.028934,0.0,0.0,0.0,0.0,0.0,3.655429601669312
2023-10-30,674747.5,United Kingdom,Europe/London,2023-10-30,8.990734,6.6833196,85.86173,8.990734,7.537675,8.9827385,24.614246,0.0,0.0,0.0,0.0,0.0,2.063965638478597
2023-10-31,701777.0,United Kingdom,Europe/London,2023-10-31,8.113536,5.901918,86.52279,8.113536,6.7730784,7.9042797,23.159838,0.0,0.0,0.0,0.0,0.0,41.13960790634155
2023-11-01,672894.0,United Kingdom,Europe/London,2023-11-01,9.017683,6.9067626,86.9907,9.017683,7.6614766,9.123025,24.962952,0.0,0.0,0.0,0.0,0.0,84.98057174682617
2023-11-02,696823.0,United Kingdom,Europe/London,2023-11-02,8.116627,6.4750957,89.67039,8.116627,7.0228696,7.989531,23.389301,0.0,0.0,0.0,0.0,0.0,0.7659142017364502
2023-11-03,676262.5,United Kingdom,Europe/London,2023-11-03,8.789553,6.5361204,86.09094,8.789553,7.3315864,8.640814,24.01047,0.0,0.0,0.0,0.0,0.0,0.0
2023-11-04,656692.5,United Kingdom,Europe/London,2023-11-04,7.403189,6.2122703,92.354935,7.403189,6.5711174,7.1482086,22.3031,0.0,0.0,0.0,0.0,0.0,0.0
2023-11-05,618598.0,United Kingdom,Europe/London,2023-11-05,7.979223,6.1028028,88.38281,7.979223,6.7475,7.678087,22.758907,0.0,0.0,0.0,0.0,0.0,0.0
2023-11-06,694052.0,United Kingdom,Europe/London,2023-11-06,8.066576,6.1439466,88.094086,8.066576,6.805963,7.77713,22.880371,0.0,0.0,0.0,0.0,0.0,0.0
2023-11-07,705292.5,United Kingdom,Europe/London,2023-11-07,8.019699,5.926552,87.00854,8.019699,6.6610117,7.6501074,22.607334,0.0,0.0,0.0,0.0,0.0,0.0
2023-11-08,717594.0,United Kingdom,Europe/London,2023-11-08,7.762106,5.504342,86.079254,7.762106,6.3388686,7.2917247,22.0643,0.0,0.0,0.0,0.0,0.0,23.266228437423703
2023-11-09,730859.0,United Kingdom,Europe/London,2023-11-09,6.209937,4.0943904,86.64834,6.209937,4.862353,5.233188,19.06442,0.0,0.0,0.0,0.0,0.0,0.0
2023-11-10,731789.0,United Kingdom,Europe/London,2023-11-10,5.706108,3.7633646,87.75974,5.706108,4.461771,4.636502,18.293217,0.0,0.0,0.0,0.0,0.0,0.0
2023-11-11,666773.0,United Kingdom,Europe/London,2023-11-11,5.435849,3.554156,88.10801,5.435849,4.2250137,4.285563,17.791859,0.0,0.0,0.0,0.0,0.0,0.0
2023-11-12,679585.0,United Kingdom,Europe/London,2023-11-12,5.6463966,4.4743805,92.37557,5.6463966,4.8354836,4.875616,19.075005,0.0,0.0,0.0,0.0,0.0,11.738629023234049
2023-11-13,675885.5,United Kingdom,Europe/London,2023-11-13,9.866955,7.787112,87.459885,9.866955,8.5107355,10.241939,26.58202,0.0,0.0,0.0,0.0,0.0,103.606609582901
2023-11-14,717687.5,United Kingdom,Europe/London,2023-11-14,9.1857195,7.558494,89.72872,9.1857195,8.077996,9.447345,25.568602,0.0,0.0,0.0,0.0,0.0,1.098709265391032
2023-11-15,716185.5,United Kingdom,Europe/London,2023-11-15,7.760935,5.4480042,85.7966,7.760935,6.294576,7.2359004,21.908062,0.0,0.0,0.0,0.0,0.0,0.0
2023-11-16,781761.5,United Kingdom,Europe/London,2023-11-16,5.697776,4.5015707,92.255905,5.697776,4.8717246,4.849675,18.905024,0.0,0.0,0.0,0.0,0.0,0.0
2023-11-17,741009.5,United Kingdom,Europe/London,2023-11-17,5.887266,4.418995,90.65523,5.887266,4.9028745,5.017715,19.03801,0.0,0.0,0.0,0.0,0.0,0.88258163134257
2023-11-18,625073.0,United Kingdom,Europe/London,2023-11-18,10.268216,9.045542,92.26351,10.268216,9.406995,11.227771,28.639776,0.0,0.0,0.0,0.0,0.0,366.61081926027936
2023-11-19,609123.0,United Kingdom,Europe/London,2023-11-19,10.823965,8.995839,88.71224,10.823965,9.590275,11.664,28.862925,0.0,0.0,0.0,0.0,0.0,4.438479423522949
2023-11-20,708363.0,United Kingdom,Europe/London,2023-11-20,9.438521,7.776237,89.52089,9.438521,8.319124,9.783221,26.058495,0.0,0.0,0.0,0.0,0.0,0.0604219436645507
2023-11-21,739732.0,United Kingdom,Europe/London,2023-11-21,7.4507155,5.2182283,85.97089,7.450716,6.0237284,6.868059,21.432161,0.0,0.0,0.0,0.0,0.0,0.0
2023-11-22,717047.5,United Kingdom,Europe/London,2023-11-22,9.634263,7.9208865,89.22429,9.634263,8.473174,10.061992,26.493496,0.0,0.0,0.0,0.0,0.0,0.6819363435109457
2023-11-23,670110.5,United Kingdom,Europe/London,2023-11-23,10.286423,7.5938005,83.630066,10.286423,8.576328,10.61743,26.885927,0.0,0.0,0.0,0.0,0.0,5.445880095163981
2023-11-24,706092.0,United Kingdom,Europe/London,2023-11-24,5.4636755,1.0365883,73.59837,5.4636755,3.0249581,3.6347034,15.917452,0.0,0.0,0.0,0.0,0.0,0.863429069519043
2023-11-25,717767.0,United Kingdom,Europe/London,2023-11-25,1.6868309,-0.76664835,84.29016,1.6868309,0.2478688,-0.6320614,10.71628,0.0,0.0,0.0,0.0,0.0,0.0
2023-11-26,739038.5,United Kingdom,Europe/London,2023-11-26,3.5172298,2.2741416,91.72023,3.5172298,2.684172,2.0756445,15.032776,0.0,0.0,0.0,0.0,0.0,0.6102267106374105
2023-11-27,783348.0,United Kingdom,Europe/London,2023-11-27,5.8294334,4.362737,90.49251,5.8294334,4.8584447,4.9623156,18.98634,0.0,0.0,0.0,0.0,0.0,0.0
2023-11-28,797180.5,United Kingdom,Europe/London,2023-11-28,3.4944365,1.4818637,86.97453,3.4944365,2.2461152,1.7392974,14.125842,0.0,0.0,0.0,0.0,0.0,0.0
2023-11-29,831961.5,United Kingdom,Europe/London,2023-11-29,1.3791214,-0.67508596,86.47758,1.3791214,0.14391547,-0.91529113,10.472753,0.0,0.0,0.0,0.0,0.0,0.0
2023-11-30,848811.0,United Kingdom,Europe/London,2023-11-30,0.88626355,-1.076669,87.071556,0.8862635,-0.3011906,-1.5177902,9.666254,0.0,0.0,0.0,0.0,0.0,0.0
2023-12-01,864457.5,United Kingdom,Europe/London,2023-12-01,-0.73515767,-2.1554277,90.43659,-0.7351576,-1.6380903,-3.3705204,7.3787475,0.0,0.0,0.0,0.0,0.0,0.0
2023-12-02,811846.5,United Kingdom,Europe/London,2023-12-02,-1.2764689,-2.307824,92.95469,-1.2764689,-1.9734555,-3.920215,6.8086915,0.0,0.0,0.0,0.0,0.0,0.0
2023-12-03,799432.5,United Kingdom,Europe/London,2023-12-03,1.5818907,0.7286235,94.19608,1.5818907,0.96887547,-0.27841976,11.898074,0.0,0.0,0.0,0.0,0.0,0.0
2023-12-04,836045.5,United Kingdom,Europe/London,2023-12-04,4.1750617,3.0657322,92.65243,4.1750617,3.416678,2.9087594,16.187792,0.0,0.0,0.0,0.0,0.0,0.0
2023-12-05,847072.5,United Kingdom,Europe/London,2023-12-05,3.4300547,1.9355776,90.150345,3.4300547,2.4534476,1.8218352,14.473402,0.0,0.0,0.0,0.0,0.0,0.0
2023-12-06,842608.5,United Kingdom,Europe/London,2023-12-06,1.5553075,0.0586679,90.06978,1.5553075,0.5906796,-0.52015424,11.266785,0.0,0.0,0.0,0.0,0.0,0.0
2023-12-07,807820.5,United Kingdom,Europe/London,2023-12-07,6.242572,4.7185016,90.10061,6.242572,5.236091,5.5069747,19.775736,0.0,0.0,0.0,0.0,0.0,5.896146376927693
2023-12-08,771635.5,United Kingdom,Europe/London,2023-12-08,7.3910594,5.991684,91.02359,7.3910594,6.4354,7.0465612,22.038578,0.0,0.0,0.0,0.0,0.0,0.0
2023-12-09,677807.5,United Kingdom,Europe/London,2023-12-09,8.441021,6.546635,88.43939,8.441021,7.2268515,8.321911,23.739712,0.0,0.0,0.0,0.0,0.0,24.6005068620046
2023-12-10,687862.5,United Kingdom,Europe/London,2023-12-10,7.766331,5.858077,88.089355,7.766331,6.5243697,7.3928022,22.33959,0.0,0.0,0.0,0.0,0.0,4.768580595652263
2023-12-11,773461.0,United Kingdom,Europe/London,2023-12-11,6.846062,5.055637,88.67297,6.846062,5.6674056,6.2045875,20.653105,0.0,0.0,0.0,0.0,0.0,3.3941032886505127
2023-12-12,780350.5,United Kingdom,Europe/London,2023-12-12,7.2361736,6.217976,93.32806,7.2361736,6.5138254,7.0120397,22.220982,0.0,0.0,0.0,0.0,0.0,0.6039532025655111
2023-12-13,797688.0,United Kingdom,Europe/London,2023-12-13,5.100675,3.401933,89.009735,5.100675,3.999953,3.9266126,17.385483,0.0,0.0,0.0,0.0,0.0,0.0
2023-12-14,805019.0,United Kingdom,Europe/London,2023-12-14,6.0948005,4.240612,88.14211,6.0948005,4.892047,5.1782794,19.117142,0.0,0.0,0.0,0.0,0.0,0.0
2023-12-15,762815.5,United Kingdom,Europe/London,2023-12-15,7.90017,5.4772897,84.82341,7.90017,6.3627486,7.3908467,22.093643,0.0,0.0,0.0,0.0,0.0,0.1426518758138021
2023-12-16,654796.5,United Kingdom,Europe/London,2023-12-16,9.9419365,8.3404255,89.90376,9.9419365,8.849228,10.499179,27.168034,0.0,0.0,0.0,0.0,0.0,0.0
2023-12-17,632098.5,United Kingdom,Europe/London,2023-12-17,10.0582485,7.7826967,85.90399,10.0582485,8.569193,10.397673,26.674046,0.0,0.0,0.0,0.0,0.0,3.187132994333903
2023-12-18,723669.5,United Kingdom,Europe/London,2023-12-18,10.268882,8.634217,89.72274,10.268882,9.165579,10.995562,27.980093,0.0,0.0,0.0,0.0,0.0,39.71347292264303
2023-12-19,738636.5,United Kingdom,Europe/London,2023-12-19,7.546484,5.4670215,86.876854,7.546484,6.2392216,7.1144147,21.954708,0.0,0.0,0.0,0.0,0.0,49.10197003682455
2023-12-20,707498.5,United Kingdom,Europe/London,2023-12-20,8.449537,6.206936,85.91302,8.449537,7.0043383,8.214227,23.4228,0.0,0.0,0.0,0.0,0.0,0.0
2023-12-21,669712.5,United Kingdom,Europe/London,2023-12-21,9.59674,6.1244464,79.32419,9.59674,7.4873285,9.366172,24.603838,0.0,0.0,0.0,0.0,0.0,0.0
2023-12-22,639295.0,United Kingdom,Europe/London,2023-12-22,8.550729,5.780331,83.00256,8.550729,6.8093357,8.161525,23.09365,0.0,0.0,0.0,0.0,0.0,0.0
2023-12-23,581384.5,United Kingdom,Europe/London,2023-12-23,9.06867,7.03112,87.42088,9.06867,7.7331734,9.147913,24.937656,0.0,0.0,0.0,0.0,0.0,2.3048338095347085
2023-12-24,551324.5,United Kingdom,Europe/London,2023-12-24,10.683015,8.295992,85.44471,10.683015,9.150844,11.319868,28.15146,0.0,0.0,0.0,0.0,0.0,70.03825616836548
2023-12-25,546618.0,United Kingdom,Europe/London,2023-12-25,8.004545,6.0172515,87.52056,8.004545,6.734027,7.8066707,23.081202,0.0,0.0,0.0,0.0,0.0,34.35439896583557
2023-12-26,571103.5,United Kingdom,Europe/London,2023-12-26,4.870062,2.4720466,84.844376,4.870062,3.3928163,3.4278345,16.400532,0.0,0.0,0.0,0.0,0.0,0.0
2023-12-27,609263.0,United Kingdom,Europe/London,2023-12-27,7.368201,5.6830935,89.26803,7.368201,6.2563295,7.0166154,22.00139,0.0,0.0,0.0,0.0,0.0,5.366214354832967
2023-12-28,601949.5,United Kingdom,Europe/London,2023-12-28,8.154014,5.2658343,82.284164,8.154014,6.352103,7.572344,22.149176,0.0,0.0,0.0,0.0,0.0,0.0
2023-12-29,630117.5,United Kingdom,Europe/London,2023-12-29,5.9657326,3.207417,82.90973,5.9657326,4.2905455,4.7322807,18.097155,0.0,0.0,0.0,0.0,0.0,0.0
2023-12-30,636442.5,United Kingdom,Europe/London,2023-12-30,5.6917567,4.0198545,89.18408,5.6917567,4.597459,4.790242,18.75497,0.0,0.0,0.0,0.0,0.0,0.0
2023-12-31,616817.5,United Kingdom,Europe/London,2023-12-31,5.9642487,4.29701,89.30562,5.9642487,4.863257,5.0442605,18.973825,0.0,0.0,0.0,0.0,0.0,0.0
2024-01-01,606484.5,United Kingdom,Europe/London,2024-01-01,5.704713,3.7210405,87.428085,5.704713,4.4479036,4.6467476,18.32539,0.0,0.0,0.0,0.0,0.0,2.127331495285034
2024-01-02,702771.0,United Kingdom,Europe/London,2024-01-02,7.959727,6.6600566,91.65828,7.959727,7.0646405,7.92247,23.483517,0.0,0.0,0.0,0.0,0.0,14.743066628774008
2024-01-03,737602.5,United Kingdom,Europe/London,2024-01-03,7.290085,5.992546,91.63296,7.290085,6.393698,6.94187,21.925266,0.0,0.0,0.0,0.0,0.0,0.0
2024-01-04,772095.0,United Kingdom,Europe/London,2024-01-04,6.1226034,4.731563,90.94074,6.122603,5.180293,5.333199,19.499924,0.0,0.0,0.0,0.0,0.0,0.0
2024-01-05,772706.0,United Kingdom,Europe/London,2024-01-05,4.9838586,3.6646488,91.35345,4.9838586,4.090415,3.8541098,17.389198,0.0,0.0,0.0,0.0,0.0,0.0
2024-01-06,713211.0,United Kingdom,Europe/London,2024-01-06,3.528196,1.9641873,89.81264,3.528196,2.5104284,1.9073694,14.536785,0.0,0.0,0.0,0.0,0.0,0.0
2024-01-07,736028.5,United Kingdom,Europe/London,2024-01-07,1.7787277,-0.16442193,87.597824,1.7787278,0.6215162,-0.4051505,11.185851,0.0,0.0,0.0,0.0,0.0,0.0
2024-01-08,847506.0,United Kingdom,Europe/London,2024-01-08,1.0794474,-1.7907461,81.978325,1.0794474,-0.49237627,-1.4832537,9.417331,0.0,0.0,0.0,0.0,0.0,0.0
2024-01-09,830970.0,United Kingdom,Europe/London,2024-01-09,1.0119665,-2.5698264,77.54079,1.0119665,-0.8982562,-1.7248187,8.862076,0.0,0.0,0.0,0.0,0.0,0.0
2024-01-10,829466.5,United Kingdom,Europe/London,2024-01-10,2.3669994,0.061093025,85.15613,2.3669994,1.0089561,0.25569776,11.985819,0.0,0.0,0.0,0.0,0.0,0.0
2024-01-11,833282.5,United Kingdom,Europe/London,2024-01-11,3.5768418,1.4246377,86.041756,3.5768418,2.2522154,1.8019904,14.153858,0.0,0.0,0.0,0.0,0.0,0.0
2024-01-12,835674.0,United Kingdom,Europe/London,2024-01-12,3.2569916,1.3056377,87.215576,3.2569916,2.034085,1.4512092,13.743179,0.0,0.0,0.0,0.0,0.0,0.0
2024-01-13,750363.0,United Kingdom,Europe/London,2024-01-13,3.6572714,1.7747681,87.64235,3.6572714,2.4681423,1.9845936,14.522042,0.0,0.0,0.0,0.0,0.0,0.0
2024-01-14,738583.0,United Kingdom,Europe/London,2024-01-14,2.333803,0.009526458,84.9185,2.333803,0.95858777,0.20170186,11.893593,0.0,0.0,0.0,0.0,0.0,0.0
2024-01-15,839342.5,United Kingdom,Europe/London,2024-01-15,-0.13915539,-4.2640543,74.37124,-0.1391554,-2.1900582,-3.1902258,6.818925,0.0,0.0,0.0,0.0,0.0,0.0
2024-01-16,871689.5,United Kingdom,Europe/London,2024-01-16,0.22669579,-2.6105282,81.80631,0.22669576,-1.3247619,-2.4885314,8.129034,0.0,0.0,0.0,0.0,0.0,0.0
2024-01-17,888279.0,United Kingdom,Europe/London,2024-01-17,-1.1668113,-3.9287488,82.00762,-1.1668112,-2.6582716,-4.144808,5.9849925,0.0,0.0,0.0,0.0,0.0,0.0
2024-01-18,881838.0,United Kingdom,Europe/London,2024-01-18,-1.5198754,-4.533202,80.485146,-1.5198754,-3.117607,-4.6168423,5.2955947,0.0,0.0,0.0,0.0,0.0,0.0
2024-01-19,836835.0,United Kingdom,Europe/London,2024-01-19,1.540163,-1.4484923,81.12666,1.540163,-0.13182503,-0.93080354,10.141969,0.0,0.0,0.0,0.0,0.0,0.0
2024-01-20,715189.0,United Kingdom,Europe/London,2024-01-20,5.2102823,2.1651175,81.04883,5.2102823,3.442198,3.6847332,16.510313,0.0,0.0,0.0,0.0,0.0,0.0
2024-01-21,670419.0,United Kingdom,Europe/London,2024-01-21,8.2731695,6.127078,86.55066,8.2731695,6.884696,8.034712,23.23657,0.0,0.0,0.0,0.0,0.0,0.6657543182373047
2024-01-22,721936.0,United Kingdom,Europe/London,2024-01-22,7.39679,3.7221913,77.836006,7.39679,5.233514,6.319574,19.987564,0.0,0.0,0.0,0.0,0.0,0.1149857838948567
2024-01-23,760062.5,United Kingdom,Europe/London,2024-01-23,8.313598,6.1087866,86.22212,8.313598,6.9155827,8.127353,23.427025,0.0,0.0,0.0,0.0,0.0,40.43989102045695
2024-01-24,731851.5,United Kingdom,Europe/London,2024-01-24,8.330266,4.6175275,77.906006,8.330266,6.1125274,7.513338,21.665611,0.0,0.0,0.0,0.0,0.0,0.0445996125539143
2024-01-25,748075.0,United Kingdom,Europe/London,2024-01-25,8.338021,7.057066,91.73896,8.338021,7.451639,8.468817,24.34158,0.0,0.0,0.0,0.0,0.0,13.788125117619831
2024-01-26,688218.5,United Kingdom,Europe/London,2024-01-26,6.6543617,2.8674154,77.394424,6.6543617,4.501867,5.3632054,18.634697,0.0,0.0,0.0,0.0,0.0,9.284479459126793
2024-01-27,676062.0,United Kingdom,Europe/London,2024-01-27,6.3335204,3.7117758,83.53522,6.3335204,4.709582,5.232358,18.8404,0.0,0.0,0.0,0.0,0.0,0.0
2024-01-28,648821.0,United Kingdom,Europe/London,2024-01-28,8.148352,5.802339,85.4681,8.148352,6.6569867,7.774265,22.727112,0.0,0.0,0.0,0.0,0.0,0.2098308404286702
2024-01-29,762233.0,United Kingdom,Europe/London,2024-01-29,7.0786304,5.514293,90.044945,7.0786304,6.0728455,6.727502,21.710287,0.0,0.0,0.0,0.0,0.0,4.691427230834961
2024-01-30,765097.0,United Kingdom,Europe/London,2024-01-30,5.046073,2.6225312,84.73418,5.046073,3.567051,3.6690028,16.762432,0.0,0.0,0.0,0.0,0.0,0.0
2024-01-31,753082.0,United Kingdom,Europe/London,2024-01-31,6.219201,3.343583,82.089745,6.219201,4.4969573,5.0624,18.570469,0.0,0.0,0.0,0.0,0.0,0.0450063546498616
2024-02-01,751560.0,United Kingdom,Europe/London,2024-02-01,5.986533,3.0804567,81.91072,5.986533,4.245206,4.7063947,17.985973,0.0,0.0,0.0,0.0,0.0,0.0
2024-02-02,692297.0,United Kingdom,Europe/London,2024-02-02,9.650384,7.7359486,88.093376,9.650384,8.379443,9.980889,26.234558,0.0,0.0,0.0,0.0,0.0,0.0
2024-02-03,620178.5,United Kingdom,Europe/London,2024-02-03,8.971871,6.520348,84.943245,8.971871,7.443881,8.910209,24.443993,0.0,0.0,0.0,0.0,0.0,0.1355856259663899
2024-02-04,605914.5,United Kingdom,Europe/London,2024-02-04,9.230181,7.0595655,86.4945,9.230181,7.819194,9.325456,25.146955,0.0,0.0,0.0,0.0,0.0,0.0
2024-02-05,687173.0,United Kingdom,Europe/London,2024-02-05,8.943767,6.536479,85.18951,8.943767,7.3957443,8.807366,24.20268,0.0,0.0,0.0,0.0,0.0,0.0
2024-02-06,706353.5,United Kingdom,Europe/London,2024-02-06,7.592796,4.797867,82.86043,7.592796,5.9075775,7.0007315,21.556204,0.0,0.0,0.0,0.0,0.0,0.0251049995422363
2024-02-07,794791.5,United Kingdom,Europe/London,2024-02-07,2.9705882,0.746708,85.72377,2.9705882,1.6561755,1.0894183,13.2447605,0.0,0.0,0.0,0.0,0.0,0.1185557842254638
2024-02-08,787805.5,United Kingdom,Europe/London,2024-02-08,2.8654222,1.3888583,90.27805,2.8654222,1.9566822,1.2755771,13.960689,0.0,0.0,0.0,0.0,0.0,6.200555165608724
2024-02-09,745015.0,United Kingdom,Europe/London,2024-02-09,6.1982837,4.7486305,90.61391,6.1982837,5.2611365,5.57201,20.042532,0.0,0.0,0.0,0.0,0.0,0.0
2024-02-10,686267.0,United Kingdom,Europe/London,2024-02-10,6.110805,4.811889,91.625305,6.110805,5.2325516,5.391763,19.68783,0.0,0.0,0.0,0.0,0.0,0.0
2024-02-11,671907.0,United Kingdom,Europe/London,2024-02-11,5.5434117,4.1083846,90.78378,5.5434117,4.5884104,4.573932,18.407932,0.0,0.0,0.0,0.0,0.0,0.0
2024-02-12,703700.0,United Kingdom,Europe/London,2024-02-12,4.793116,1.959349,82.69057,4.793116,3.1270773,3.15528,15.770515,0.0,0.0,0.0,0.0,0.0,0.0
2024-02-13,763866.5,United Kingdom,Europe/London,2024-02-13,6.191681,4.3153424,87.996254,6.191681,5.0064354,5.356304,19.445314,0.0,0.0,0.0,0.0,0.0,7.217175165812175
2024-02-14,741833.0,United Kingdom,Europe/London,2024-02-14,8.643862,7.7036,93.91911,8.643861,7.9697046,9.123027,25.637772,0.0,0.0,0.0,0.0,0.0,126.58325584729512
2024-02-15,705605.0,United Kingdom,Europe/London,2024-02-15,10.448836,9.383022,93.405334,10.448836,9.6860285,11.519363,29.134153,0.0,0.0,0.0,0.0,0.0,193.5087732474009
2024-02-16,692263.5,United Kingdom,Europe/London,2024-02-16,8.898264,7.3550196,90.422775,8.898264,7.863285,9.081171,25.054176,0.0,0.0,0.0,0.0,0.0,3.0214339097340903
2024-02-17,640462.5,United Kingdom,Europe/London,2024-02-17,9.403796,8.395768,93.502304,9.403796,8.680722,10.033565,26.827091,0.0,0.0,0.0,0.0,0.0,29.234897295633957
2024-02-18,613751.0,United Kingdom,Europe/London,2024-02-18,10.113094,8.603661,90.61009,10.113094,9.090677,10.806594,27.72697,0.0,0.0,0.0,0.0,0.0,29.55076026916504
2024-02-19,674495.5,United Kingdom,Europe/London,2024-02-19,8.775248,6.3226542,85.03672,8.775248,7.2260556,8.553164,23.789131,0.0,0.0,0.0,0.0,0.0,0.0
2024-02-20,685952.5,United Kingdom,Europe/London,2024-02-20,8.5464525,6.365064,86.44591,8.5464525,7.142719,8.359008,23.655256,0.0,0.0,0.0,0.0,0.0,0.0
2024-02-21,708090.0,United Kingdom,Europe/London,2024-02-21,8.144655,6.351718,88.654274,8.144655,6.9825296,8.019334,23.424356,0.0,0.0,0.0,0.0,0.0,3.5229458014170327
2024-02-22,734259.0,United Kingdom,Europe/London,2024-02-22,5.550579,3.332472,85.93542,5.550579,4.1928015,4.382848,17.860373,0.0,0.0,0.0,0.0,0.0,0.0
2024-02-23,743101.5,United Kingdom,Europe/London,2024-02-23,3.979701,1.7527021,85.85988,3.979701,2.6186233,2.2867575,14.79148,0.0,0.0,0.0,0.0,0.0,0.0
2024-02-24,696686.0,United Kingdom,Europe/London,2024-02-24,3.2863238,1.2842702,87.40404,3.2863238,2.0526578,1.4776415,13.765407,0.0,0.0,0.0,0.0,0.0,0.0
2024-02-25,686356.5,United Kingdom,Europe/London,2024-02-25,3.373763,1.6022507,88.73867,3.373763,2.2575529,1.6796707,14.176587,0.0,0.0,0.0,0.0,0.0,0.0
2024-02-26,751552.0,United Kingdom,Europe/London,2024-02-26,4.5663123,1.1767502,79.34194,4.5663123,2.6339242,2.722197,14.962493,0.0,0.0,0.0,0.0,0.0,0.0
2024-02-27,766545.0,United Kingdom,Europe/London,2024-02-27,5.1955667,2.8665404,85.33691,5.1955667,3.760343,3.8501303,17.00072,0.0,0.0,0.0,0.0,0.0,0.0
2024-02-28,755333.0,United Kingdom,Europe/London,2024-02-28,7.4347925,5.896388,90.17265,7.4347925,6.416603,7.113926,22.152033,0.0,0.0,0.0,0.0,0.0,1.1077536741892495
2024-02-29,737038.0,United Kingdom,Europe/London,2024-02-29,6.816398,4.1601043,83.61808,6.816398,5.218185,5.920816,19.90958,0.0,0.0,0.0,0.0,0.0,0.0
2024-03-01,750267.5,United Kingdom,Europe/London,2024-03-01,3.4688277,1.1348472,85.33056,3.4688277,2.0780993,1.6189206,13.833993,0.0,0.0,0.0,0.0,0.0,0.0
2024-03-02,710472.0,United Kingdom,Europe/London,2024-03-02,3.6127121,1.7829332,88.23206,3.6127121,2.465548,1.9342448,14.460205,0.0,0.0,0.0,0.0,0.0,0.0
2024-03-03,687815.5,United Kingdom,Europe/London,2024-03-03,4.0558376,1.6600392,85.15003,4.0558376,2.6180263,2.3428802,14.813085,0.0,0.0,0.0,0.0,0.0,0.0
2024-03-04,741983.5,United Kingdom,Europe/London,2024-03-04,4.604195,1.7716463,82.9227,4.604195,2.9434006,2.949376,15.533843,0.0,0.0,0.0,0.0,0.0,0.0
2024-03-05,752697.0,United Kingdom,Europe/London,2024-03-05,6.538912,3.958444,84.203156,6.538912,4.962963,5.503633,19.232618,0.0,0.0,0.0,0.0,0.0,0.0
2024-03-06,746924.5,United Kingdom,Europe/London,2024-03-06,5.8150992,3.6443462,86.60679,5.8150992,4.462486,4.688163,18.24155,0.0,0.0,0.0,0.0,0.0,0.0
2024-03-07,742394.5,United Kingdom,Europe/London,2024-03-07,5.9683185,3.3787746,84.04782,5.9683185,4.3955717,4.752878,18.147911,0.0,0.0,0.0,0.0,0.0,0.0
2024-03-08,685804.0,United Kingdom,Europe/London,2024-03-08,5.4741774,1.8258566,77.78443,5.4741774,3.3853755,3.80622,16.37679,0.0,0.0,0.0,0.0,0.0,0.0
2024-03-09,629832.5,United Kingdom,Europe/London,2024-03-09,6.384117,3.2343578,80.60742,6.384117,4.5059433,5.1550775,18.533443,0.0,0.0,0.0,0.0,0.0,0.0
2024-03-10,656155.5,United Kingdom,Europe/London,2024-03-10,6.5270915,4.897524,89.53723,6.5270915,5.460443,5.817989,20.137045,0.0,0.0,0.0,0.0,0.0,0.0
2024-03-11,775298.5,United Kingdom,Europe/London,2024-03-11,6.222641,4.444894,88.59629,6.222641,5.0711284,5.3517694,19.373285,0.0,0.0,0.0,0.0,0.0,0.0
2024-03-12,747540.5,United Kingdom,Europe/London,2024-03-12,8.289285,6.913175,91.18122,8.289285,7.350135,8.361833,24.128078,0.0,0.0,0.0,0.0,0.0,20.678223927815758
2024-03-13,676095.5,United Kingdom,Europe/London,2024-03-13,10.057289,7.6143627,85.27633,10.057289,8.522208,10.397029,26.676247,0.0,0.0,0.0,0.0,0.0,0.0910689036051432
2024-03-14,693772.5,United Kingdom,Europe/London,2024-03-14,9.480024,7.5766473,88.23903,9.480024,8.228071,9.795398,26.021399,0.0,0.0,0.0,0.0,0.0,5.248625199000041
2024-03-15,655397.0,United Kingdom,Europe/London,2024-03-15,8.593669,6.4687195,86.85632,8.593669,7.2222176,8.50127,23.974243,0.0,0.0,0.0,0.0,0.0,0.207042376200358
2024-03-16,635555.5,United Kingdom,Europe/London,2024-03-16,6.415717,4.003046,85.36809,6.415717,4.941955,5.473394,19.373106,0.0,0.0,0.0,0.0,0.0,0.2655872503916422
2024-03-17,614164.0,United Kingdom,Europe/London,2024-03-17,10.097997,8.349984,89.277336,10.097997,8.930595,10.69684,27.4464,0.0,0.0,0.0,0.0,0.0,22.010619084040325
2024-03-18,653553.0,United Kingdom,Europe/London,2024-03-18,9.625174,6.7604713,83.120155,9.625174,7.8451533,9.583135,25.161049,0.0,0.0,0.0,0.0,0.0,0.0359477996826171
2024-03-19,661639.5,United Kingdom,Europe/London,2024-03-19,10.106518,7.4393167,83.94094,10.106518,8.417803,10.348168,26.449879,0.0,0.0,0.0,0.0,0.0,9.343750874201456
2024-03-20,695782.0,United Kingdom,Europe/London,2024-03-20,8.828037,6.8472514,87.9437,8.828037,7.562757,8.88756,24.63945,0.0,0.0,0.0,0.0,0.0,9.695715506871542
2024-03-21,649048.5,United Kingdom,Europe/London,2024-03-21,8.70993,6.280089,85.22927,8.70993,7.176035,8.496771,23.74957,0.0,0.0,0.0,0.0,0.0,0.0276872316996256
2024-03-22,622786.0,United Kingdom,Europe/London,2024-03-22,7.5361857,3.600552,76.97125,7.5361857,5.2882957,6.4427886,20.083376,0.0,0.0,0.0,0.0,0.0,0.0
2024-03-23,548369.0,United Kingdom,Europe/London,2024-03-23,6.0049715,2.2201624,77.20392,6.0049715,3.8365207,4.44355,17.21378,0.0,0.0,0.0,0.0,0.0,0.0
2024-03-24,574154.0,United Kingdom,Europe/London,2024-03-24,6.949368,2.4584289,74.053215,6.949368,4.4304943,5.4581194,18.368725,0.0,0.0,0.0,0.0,0.0,0.0
2024-03-25,704221.5,United Kingdom,Europe/London,2024-03-25,6.280282,3.9017863,85.251305,6.280282,4.808709,5.258634,19.01027,0.0,0.0,0.0,0.0,0.0,0.0
2024-03-26,692349.5,United Kingdom,Europe/London,2024-03-26,6.385404,3.4914486,82.47028,6.385404,4.6541576,5.2542267,18.810564,0.0,0.0,0.0,0.0,0.0,0.0
2024-03-27,673302.5,United Kingdom,Europe/London,2024-03-27,5.4933276,2.99989,84.49783,5.4933276,3.981406,4.180426,17.39323,0.0,0.0,0.0,0.0,0.0,0.0
2024-03-28,669530.0,United Kingdom,Europe/London,2024-03-28,6.2495027,3.8902452,85.323784,6.2495027,4.7816,5.207403,18.920874,0.0,0.0,0.0,0.0,0.0,0.0
2024-03-29,590332.0,United Kingdom,Europe/London,2024-03-29,7.51062,4.5899014,82.44983,7.51062,5.725002,6.690997,20.826345,0.0,0.0,0.0,0.0,0.0,0.0
2024-03-30,555049.0,United Kingdom,Europe/London,2024-03-30,7.6045146,4.135353,80.0546,7.6045146,5.561201,6.6365848,20.504736,0.0,0.0,0.0,0.0,0.0,0.0
2024-04-01,572963.0,United Kingdom,Europe/London,2024-04-01,7.510003,5.243374,86.111084,7.510003,6.082695,6.9200745,21.47084,0.0,0.0,0.0,0.0,0.0,0.0
2024-04-02,660220.5,United Kingdom,Europe/London,2024-04-02,8.000379,5.901268,87.255844,8.000379,6.659304,7.637084,22.60595,0.0,0.0,0.0,0.0,0.0,1.057935396830241
2024-04-03,652566.0,United Kingdom,Europe/London,2024-04-03,8.296964,6.3834977,88.16378,8.296964,7.061736,8.154191,23.529224,0.0,0.0,0.0,0.0,0.0,0.0648013750712076
2024-04-04,667412.0,United Kingdom,Europe/London,2024-04-04,7.8924913,5.541965,85.530716,7.8924913,6.4334836,7.5100403,22.447691,0.0,0.0,0.0,0.0,0.0,12.63174319267273
2024-04-05,586762.0,United Kingdom,Europe/London,2024-04-05,9.93536,7.43762,85.16172,9.93536,8.327875,10.269021,26.542187,0.0,0.0,0.0,0.0,0.0,22.36491688092549
2024-04-06,502637.0,United Kingdom,Europe/London,2024-04-06,12.72126,8.812848,77.96769,12.72126,10.272314,13.507387,30.64655,0.0,0.0,0.0,0.0,0.0,26.950117588043213
2024-04-07,487380.5,United Kingdom,Europe/London,2024-04-07,10.582729,6.1512403,74.62992,10.582729,7.936811,10.319067,25.51172,0.0,0.0,0.0,0.0,0.0,0.0
2024-04-08,624406.0,United Kingdom,Europe/London,2024-04-08,10.019403,6.756438,80.870605,10.019403,8.019697,10.008375,25.650679,0.0,0.0,0.0,0.0,0.0,7.321282545725505
2024-04-09,628981.0,United Kingdom,Europe/London,2024-04-09,7.9604964,4.844607,81.432045,7.9604964,6.0919485,7.229705,21.531523,0.0,0.0,0.0,0.0,0.0,0.0778865814208984
2024-04-10,658643.0,United Kingdom,Europe/London,2024-04-10,8.559857,6.540923,87.3606,8.559857,7.257618,8.53714,24.137667,0.0,0.0,0.0,0.0,0.0,67.295228322347
2024-04-11,612682.0,United Kingdom,Europe/London,2024-04-11,12.978765,10.306911,84.51204,12.978765,11.24384,14.439444,32.809868,0.0,0.0,0.0,0.0,0.0,321.8311121463776
2024-04-12,566765.0,United Kingdom,Europe/London,2024-04-12,12.416993,9.245246,81.878555,12.416993,10.399826,13.384555,30.846668,0.0,0.0,0.0,0.0,0.0,88.4071711699168
2024-04-13,505350.0,United Kingdom,Europe/London,2024-04-13,10.614804,7.4615064,81.55036,10.614804,8.650916,10.8817425,27.039862,0.0,0.0,0.0,0.0,0.0,8.49059017499288
2024-04-14,507205.0,United Kingdom,Europe/London,2024-04-14,8.340312,3.8650517,74.56035,8.340312,5.784813,7.28269,20.998562,0.0,0.0,0.0,0.0,0.0,0.0
2024-04-15,574967.5,United Kingdom,Europe/London,2024-04-15,7.3064923,3.5688405,77.93339,7.3064923,5.141337,6.1581454,19.694128,0.0,0.0,0.0,0.0,0.0,0.0
2024-04-16,612912.5,United Kingdom,Europe/London,2024-04-16,7.7974763,2.952195,72.364235,7.7974753,5.0928664,6.4651313,19.675692,0.0,0.0,0.0,0.0,0.0,0.0
2024-04-17,632166.5,United Kingdom,Europe/London,2024-04-17,6.4149194,1.7898575,73.33132,6.4149194,3.8680162,4.741294,17.314674,0.0,0.0,0.0,0.0,0.0,0.0
2024-04-18,629057.5,United Kingdom,Europe/London,2024-04-18,6.8655124,3.6970744,81.432945,6.8655124,5.002391,5.8008146,19.484299,0.0,0.0,0.0,0.0,0.0,0.0
2024-04-19,608557.5,United Kingdom,Europe/London,2024-04-19,8.823779,4.2539,74.10256,8.823779,6.252127,7.961001,22.039072,0.0,0.0,0.0,0.0,0.0,0.0
2024-04-20,570580.5,United Kingdom,Europe/London,2024-04-20,6.810659,1.67401,71.218575,6.810659,4.0144625,5.1199,17.669516,0.0,0.0,0.0,0.0,0.0,0.0
2024-04-21,569890.5,United Kingdom,Europe/London,2024-04-21,7.8237233,3.5853162,75.81742,7.8237233,5.4223604,6.7035503,20.299335,0.0,0.0,0.0,0.0,0.0,0.0
2024-04-22,691942.5,United Kingdom,Europe/London,2024-04-22,7.9600134,5.1757174,83.02342,7.9600134,6.2437067,7.3569818,21.891596,0.0,0.0,0.0,0.0,0.0,0.0
2024-04-23,662041.5,United Kingdom,Europe/London,2024-04-23,7.6592693,3.4881668,75.80988,7.6592693,5.2790165,6.5018744,20.027674,0.0,0.0,0.0,0.0,0.0,0.0
2024-04-24,655287.5,United Kingdom,Europe/London,2024-04-24,6.6472044,1.1713774,69.15431,6.647205,3.730418,4.81161,17.095411,0.0,0.0,0.0,0.0,0.0,0.0
2024-04-25,685738.0,United Kingdom,Europe/London,2024-04-25,6.1723356,1.87944,74.80169,6.1723356,3.781075,4.5405664,17.187183,0.0,0.0,0.0,0.0,0.0,0.0
2024-04-26,659816.0,United Kingdom,Europe/London,2024-04-26,5.916579,1.8156375,76.275856,5.916579,3.6376772,4.2659206,16.874851,0.0,0.0,0.0,0.0,0.0,0.0
2024-04-27,614628.0,United Kingdom,Europe/London,2024-04-27,6.4058065,3.248548,81.131874,6.4058065,4.546409,5.179017,18.561525,0.0,0.0,0.0,0.0,0.0,0.0
2024-04-28,578620.0,United Kingdom,Europe/London,2024-04-28,7.045026,3.5346808,79.581436,7.045026,5.013579,5.902016,19.444832,0.0,0.0,0.0,0.0,0.0,0.0
2024-04-29,590359.5,United Kingdom,Europe/London,2024-04-29,9.243111,5.8027415,79.97432,9.243111,7.1479855,8.850883,23.788473,0.0,0.0,0.0,0.0,0.0,0.0157593091328938
2024-04-30,581352.0,United Kingdom,Europe/London,2024-04-30,11.31925,7.2179346,77.23695,11.31925,8.835302,11.44359,27.352493,0.0,0.0,0.0,0.0,0.0,1.4295849005381267
2024-05-01,625397.5,United Kingdom,Europe/London,2024-05-01,11.550031,8.839862,84.187485,11.550031,9.799816,12.366931,29.54138,0.0,0.0,0.10520315,1.3346877,2.8316994,167.77687875429788
2024-05-02,604258.0,United Kingdom,Europe/London,2024-05-02,11.859297,9.117913,84.171326,11.859297,10.091449,12.782355,30.15454,0.38315582,0.3831563,0.3754797,2.2259107,5.496319,168.1716090043386
2024-05-03,628763.5,United Kingdom,Europe/London,2024-05-03,11.01099,8.333773,84.24059,11.01099,9.29187,11.587894,28.31394,0.07965851,0.07965851,0.0,0.0,0.0,28.418299118677776
2024-05-04,533318.0,United Kingdom,Europe/London,2024-05-04,10.927081,8.38178,85.46728,10.927081,9.319132,11.521232,28.275686,0.0,0.0,0.0,0.0,0.0,10.30956451098124
2024-05-05,526202.0,United Kingdom,Europe/London,2024-05-05,11.593229,8.963208,85.091095,11.593229,9.915885,12.442598,29.674223,0.0,0.0,0.0,0.0,0.0,36.29513923327128
2024-05-06,553329.0,United Kingdom,Europe/London,2024-05-06,11.839258,9.6553545,87.10061,11.839258,10.393467,12.983901,30.75698,0.0,0.0,0.0,0.0,0.0,100.01114789644878
2024-05-07,588722.0,United Kingdom,Europe/London,2024-05-07,12.018231,8.897139,82.03352,12.018231,10.030556,12.8476305,30.052351,0.0,0.0,0.0,0.0,0.0,34.401636600494385
2024-05-08,575018.5,United Kingdom,Europe/London,2024-05-08,12.430443,9.149055,81.58922,12.430443,10.340689,13.359591,30.754068,0.0,0.0,0.0,0.0,0.0,74.43505024909973
2024-05-09,559924.0,United Kingdom,Europe/London,2024-05-09,13.956921,10.166809,79.49605,13.956921,11.544049,15.330042,33.562,38.636696,38.636696,0.2504592,0.47428036,0.30108356,159.77679133415222
2024-05-10,551924.5,United Kingdom,Europe/London,2024-05-10,15.238842,10.375551,74.61642,15.238842,12.187724,16.720282,35.17735,94.61527,94.615265,41.129814,23.073757,41.14534,325.27553963661194
2024-05-11,475450.0,United Kingdom,Europe/London,2024-05-11,15.621904,10.592459,73.591034,15.621904,12.447821,17.218033,35.893658,118.370186,118.37018,48.88001,28.3056,50.47694,464.4044357935588
2024-05-12,474493.5,United Kingdom,Europe/London,2024-05-12,15.621513,11.479019,77.549286,15.621513,12.934322,17.647924,37.108612,144.42615,144.42615,135.97891,83.306786,202.41548,839.9818438688914
2024-05-13,559443.5,United Kingdom,Europe/London,2024-05-13,14.006536,11.345899,84.720024,14.006536,12.243047,15.950058,35.221294,1.4805527,1.4805546,0.0076885223,0.7897687,1.2315445,641.682400226593
2024-05-14,588414.0,United Kingdom,Europe/London,2024-05-14,14.118141,11.847814,86.640175,14.118141,12.586604,16.317783,36.057888,0.12709808,0.1270976,0.0,0.80755424,1.5801,946.9062604904176
2024-05-15,581395.0,United Kingdom,Europe/London,2024-05-15,14.358114,11.138012,81.984314,14.358114,12.274295,16.203024,35.30134,1.6291275,1.6291285,0.49184656,1.0681124,2.0839672,562.51149725914
2024-05-16,610063.5,United Kingdom,Europe/London,2024-05-16,13.377432,11.0834675,86.637924,13.377432,11.838409,15.201761,34.24391,1.1383133,1.1383152,0.90049934,3.0886326,6.726967,597.7711727619171
2024-05-17,564737.0,United Kingdom,Europe/London,2024-05-17,14.227208,10.921966,81.82368,14.227208,12.091695,15.968619,34.877197,0.7525406,0.75254154,0.2748127,0.65055513,1.1169977,489.6418435573578
2024-05-18,516061.5,United Kingdom,Europe/London,2024-05-18,14.105441,11.312229,84.23038,14.105441,12.261119,16.04813,35.32212,3.9097366,3.9097376,3.4147973,8.487135,19.274456,753.0294662316641
2024-05-19,467975.5,United Kingdom,Europe/London,2024-05-19,13.975974,10.088066,78.941284,13.975974,11.516101,15.327459,33.520653,12.582062,12.582057,0.63893366,1.3475809,2.928461,257.3396703402201
2024-05-20,549607.0,United Kingdom,Europe/London,2024-05-20,13.371307,9.450462,78.2869,13.371307,10.902475,14.426982,32.068832,0.2632904,0.26329088,0.3814683,0.9728255,2.3124504,115.16991861661276
2024-05-21,602119.0,United Kingdom,Europe/London,2024-05-21,12.736719,9.737779,82.83964,12.736719,10.805512,13.975516,31.941135,0.0,0.0,0.0,0.47111607,1.2154245,375.6750918229421
2024-05-22,609597.0,United Kingdom,Europe/London,2024-05-22,12.833192,11.610805,92.41943,12.833192,11.962576,14.90711,34.390247,0.0,0.0,0.0,0.0,0.0,765.8965714772543
2024-05-23,572306.5,United Kingdom,Europe/London,2024-05-23,11.573583,8.978803,84.67081,11.573583,9.903333,12.429901,29.673306,0.0,0.0,0.0,0.0,0.0,70.64134955406189
2024-05-24,590051.5,United Kingdom,Europe/London,2024-05-24,11.918385,8.975701,83.006294,11.918385,10.049294,12.765491,29.998217,0.0,0.0,0.0,0.0,0.0,56.05514613787333
2024-05-25,496969.5,United Kingdom,Europe/London,2024-05-25,12.98654,8.957075,77.97931,12.98654,10.495591,13.823974,31.059874,0.0057144165,0.0057148933,0.0,0.0,0.0,32.5542995929718
2024-05-26,483960.5,United Kingdom,Europe/London,2024-05-26,12.832835,10.644175,86.96188,12.832835,11.365679,14.43636,33.063744,0.0,0.0,0.0,0.0,0.0,340.2756197452545
2024-05-27,478410.0,United Kingdom,Europe/London,2024-05-27,12.322224,9.065708,81.37523,12.322224,10.265459,13.2021055,30.501791,0.0,0.0,0.0,0.0,0.0,42.61866060892741
2024-05-28,582296.0,United Kingdom,Europe/London,2024-05-28,12.645431,10.844296,89.09141,12.645431,11.422888,14.409976,33.330513,0.0,0.0,0.0,2.1583166,4.2171793,886.4868142604828
2024-05-29,555267.0,United Kingdom,Europe/London,2024-05-29,13.476841,10.579397,83.32884,13.476841,11.58606,15.039214,33.603992,0.0,0.0,0.0,0.0,0.0,226.62134671211243
2024-05-30,552247.5,United Kingdom,Europe/London,2024-05-30,12.78769,9.301583,79.96712,12.78769,10.570401,13.766128,31.25435,0.0,0.0,0.0,0.0,0.0,32.40882515907288
2024-05-31,544183.0,United Kingdom,Europe/London,2024-05-31,12.5781355,8.4257145,76.569954,12.5781355,10.002577,13.188346,30.003475,0.0,0.0,0.0,0.0,0.0,30.16301107406616
2024-06-01,491798.5,United Kingdom,Europe/London,2024-06-01,12.883769,8.520917,75.8495,12.883769,10.183697,13.531211,30.42049,2.2341537,2.2341514,0.0,0.0,0.0,19.28148078918457
2024-06-02,450455.0,United Kingdom,Europe/London,2024-06-02,13.601929,9.438619,77.35268,13.601929,10.975773,14.675507,32.35766,33.998505,33.9985,1.2141118,0.0,0.0,159.9611185391744
2024-06-03,563257.0,United Kingdom,Europe/London,2024-06-03,14.353247,10.512366,78.69583,14.353247,11.916706,15.928792,34.53771,0.23101807,0.23101854,0.0,0.32416964,0.517334,495.88452355066937
2024-06-04,561570.0,United Kingdom,Europe/London,2024-06-04,12.29853,9.021019,80.97574,12.29853,10.257023,13.287745,30.79205,0.0,0.0,0.0,0.20515919,0.42333412,406.61385170618695
2024-06-05,524958.0,United Kingdom,Europe/London,2024-06-05,9.841627,4.6347785,71.72133,9.841627,6.8830934,9.031943,23.220446,0.0,0.0,0.0,0.0,0.0,0.8301486968994141
2024-06-06,550768.0,United Kingdom,Europe/London,2024-06-06,10.843756,5.474422,70.76729,10.843756,7.7315545,10.31936,25.042677,0.0,0.0,0.0,0.0,0.0,0.0
2024-06-07,528613.5,United Kingdom,Europe/London,2024-06-07,11.419785,6.902104,74.699585,11.419785,8.684648,11.434296,27.147905,0.0,0.0,0.0,0.0,0.0,0.98617951075236
2024-06-08,460883.5,United Kingdom,Europe/London,2024-06-08,11.511362,6.3461027,72.05278,11.511362,8.502539,11.335224,26.702412,0.0,0.0,0.0,0.0,0.0,1.5482101440429688
2024-06-09,472605.5,United Kingdom,Europe/London,2024-06-09,10.958861,6.3662734,74.17472,10.958861,8.218387,10.768946,26.10199,0.0,0.0,0.0,0.0,0.0,0.8216462930043539
2024-06-10,540705.0,United Kingdom,Europe/London,2024-06-10,10.63137,6.2396655,75.47526,10.63137,8.03383,10.393966,25.634003,0.0,0.0,0.0,0.0,0.0,1.4387000401814778
2024-06-11,585930.5,United Kingdom,Europe/London,2024-06-11,10.102033,5.26619,72.850235,10.102033,7.277747,9.49978,24.069145,0.0,0.0,0.0,0.0,0.0,0.0
2024-06-12,600764.0,United Kingdom,Europe/London,2024-06-12,10.647326,5.3738446,71.078705,10.647326,7.599323,10.087462,24.742586,0.0,0.0,0.0,0.0,0.0,0.0
2024-06-13,588733.0,United Kingdom,Europe/London,2024-06-13,10.739046,7.4343977,80.93474,10.739046,8.68444,10.989292,27.119493,0.0,0.0,0.0,0.0,0.0,56.84187261263529
2024-06-14,552833.5,United Kingdom,Europe/London,2024-06-14,12.663819,9.806921,83.469246,12.663819,10.818827,13.87551,31.785875,0.0,0.0,0.0,0.0,0.0,97.58846688270567
2024-06-15,512509.5,United Kingdom,Europe/London,2024-06-15,11.505456,8.580116,83.05321,11.505456,9.646394,12.181784,29.096992,0.0,0.0,0.0,0.0,0.0,37.36904191970825
2024-06-16,477822.0,United Kingdom,Europe/London,2024-06-16,12.656151,9.299806,81.40283,12.656151,10.544595,13.637772,31.129377,0.0,0.0,0.0,0.0,0.0,43.454112927118935
2024-06-17,552465.5,United Kingdom,Europe/London,2024-06-17,13.393945,9.692264,79.39336,13.393945,11.041363,14.551278,32.378338,0.78302,0.7830205,0.0,0.0,0.0,100.88404885927837
2024-06-18,570703.0,United Kingdom,Europe/London,2024-06-18,12.86217,9.145141,78.92436,12.86217,10.508117,13.791309,31.19367,1.3794937,1.3794942,0.0,0.012433529,0.0,118.08946323394775
2024-06-19,553048.0,United Kingdom,Europe/London,2024-06-19,13.315246,8.648126,74.67179,13.315246,10.44351,14.028456,31.0465,1.3987198,1.3987212,0.0,0.0,0.0,50.509411017100014
2024-06-20,550868.0,United Kingdom,Europe/London,2024-06-20,14.699521,9.682324,73.59273,14.699521,11.594373,15.858487,33.71451,31.955727,31.955727,0.0,0.024990559,0.0,134.16252072652182
2024-06-21,521406.5,United Kingdom,Europe/London,2024-06-21,15.245892,10.801731,76.16707,15.245892,12.428617,16.920305,35.72683,52.056282,52.056282,10.374138,2.8959432,3.4093351,366.3942391872406
2024-06-22,478393.5,United Kingdom,Europe/London,2024-06-22,15.046412,10.61899,76.202805,15.046412,12.267959,16.641985,35.299637,14.0974655,14.097464,0.4345374,1.0087638,1.858839,393.03333655993146
2024-06-23,493266.5,United Kingdom,Europe/London,2024-06-23,15.9780035,11.706265,76.79466,15.9780035,13.2214985,18.154083,37.896996,99.926254,99.926254,117.2897,92.32633,235.2638,1189.896009206772
2024-06-24,579522.0,United Kingdom,Europe/London,2024-06-24,17.697641,13.616672,78.08509,17.697641,14.98249,20.898802,42.557674,219.44089,219.44087,323.25183,279.65308,754.6736,2521.050512313843
2024-06-25,581361.5,United Kingdom,Europe/London,2024-06-25,17.344955,13.478004,79.69103,17.34502,14.787558,20.465101,41.966404,284.30667,284.68893,369.37292,298.82346,799.06024,2370.5015251636505
2024-06-26,574780.5,United Kingdom,Europe/London,2024-06-26,17.459538,13.715727,80.344444,17.459969,14.965819,20.725718,42.499184,332.21704,332.87677,467.25586,395.45547,1082.915,2604.094049612681
2024-06-27,513123.5,United Kingdom,Europe/London,2024-06-27,15.959321,11.402321,75.55806,15.959321,13.071993,17.969751,37.405964,53.148956,53.148956,43.41867,53.003983,143.80411,895.5440194606781
2024-06-28,496253.0,United Kingdom,Europe/London,2024-06-28,13.738681,8.851237,73.4515,13.738681,10.745351,14.521737,31.67231,0.0,0.0,0.0,0.0,0.0,8.827354431152344
2024-06-29,482758.5,United Kingdom,Europe/London,2024-06-29,13.721135,9.023474,74.60815,13.721135,10.819589,14.617935,31.979141,41.44078,41.44078,2.5107565,0.29209757,0.12765408,202.79588254292807
2024-06-30,502057.5,United Kingdom,Europe/London,2024-06-30,13.416039,9.427871,77.509865,13.416039,10.903431,14.471405,32.11347,0.0,0.0,0.36679602,1.471695,3.8278465,233.84422421455383
2024-07-01,567414.5,United Kingdom,Europe/London,2024-07-01,13.435093,10.087455,80.93014,13.435093,11.28412,14.78971,32.97697,0.006515503,0.006515503,0.0,0.0,0.0,293.1363482475281
2024-07-02,568699.5,United Kingdom,Europe/London,2024-07-02,13.186296,9.025492,76.69413,13.186296,10.589301,14.055576,31.353674,0.0,0.0,0.0,0.0,0.0,89.94663429260254
2024-07-03,571422.0,United Kingdom,Europe/London,2024-07-03,12.917889,10.177176,83.81271,12.917889,11.103419,14.343514,32.653046,0.0,0.0,0.0,1.7809491,3.474844,487.4396578470866
2024-07-04,495433.0,United Kingdom,Europe/London,2024-07-04,12.772221,7.382475,71.244125,12.772221,9.577484,12.968649,29.034239,0.4085312,0.40853024,0.0,0.0,0.0,32.462024211883545
2024-07-05,552473.0,United Kingdom,Europe/London,2024-07-05,13.438773,9.467698,77.890236,13.438773,10.975051,14.576036,32.370087,0.0,0.0,8.489357,24.285006,66.563446,561.4982453187307
2024-07-06,486909.5,United Kingdom,Europe/London,2024-07-06,12.035343,8.748848,81.30725,12.035343,9.97275,12.796772,29.87703,0.0,0.0,0.0,0.21645784,0.34506226,132.53299895922342
2024-07-07,489034.5,United Kingdom,Europe/London,2024-07-07,12.611578,9.120605,79.978836,12.611578,10.392675,13.517157,30.8705,0.0,0.0,0.0,0.0,0.0,41.363908529281616
2024-07-08,573737.5,United Kingdom,Europe/London,2024-07-08,13.232859,9.493739,79.47245,13.232859,10.881368,14.335522,32.06195,0.0,0.0,0.0,0.01305151,0.0,297.37010860443115
2024-07-09,596965.0,United Kingdom,Europe/London,2024-07-09,14.643469,12.7446575,88.777794,14.643469,13.349341,17.433437,38.27074,1.5900955,1.590096,64.9427,138.4427,385.18506,2105.0876474380493
2024-07-10,568758.0,United Kingdom,Europe/London,2024-07-10,14.702965,12.081635,84.95451,14.702965,12.953916,17.049894,37.073643,2.7393417,2.7393427,0.9932761,14.6962595,32.32607,1258.6027762889862
2024-07-11,577670.0,United Kingdom,Europe/London,2024-07-11,13.682231,10.163585,80.09866,13.682231,11.432994,15.082894,33.359417,3.7919464,3.7919474,0.005616665,0.22228956,0.42632198,382.2488145828247
2024-07-12,578603.0,United Kingdom,Europe/London,2024-07-12,13.354387,9.861163,80.16302,13.354387,11.12741,14.597664,32.579693,0.0,0.0,0.0,0.07254696,0.108343124,183.1893833478292
2024-07-13,515836.5,United Kingdom,Europe/London,2024-07-13,13.4064455,10.477065,83.04313,13.4064455,11.486429,14.921273,33.398743,0.0,0.0,0.0,0.0,0.0,213.8711300690969
2024-07-14,501783.5,United Kingdom,Europe/London,2024-07-14,14.181144,11.095776,82.724335,14.181144,12.165963,16.002365,35.055027,0.71229553,0.71229553,0.0,0.04650116,0.0,526.4592805703481
2024-07-15,598718.5,United Kingdom,Europe/London,2024-07-15,14.783193,12.239421,85.44923,14.783193,13.074044,17.217417,37.403545,2.1613922,2.1613922,1.4403806,26.244831,64.40699,1402.8943661053977
2024-07-16,590200.0,United Kingdom,Europe/London,2024-07-16,15.206228,12.81703,86.17911,15.206228,13.589725,17.940784,38.683037,1.807785,1.8077855,5.3921456,35.375072,89.2374,1784.0233229001362
2024-07-17,564859.5,United Kingdom,Europe/London,2024-07-17,16.027796,11.985898,78.26415,16.027796,13.40861,18.304256,38.228443,79.80338,79.80338,49.907093,33.873928,64.30798,1098.7079867521925
2024-07-18,557771.5,United Kingdom,Europe/London,2024-07-18,17.272768,13.281182,78.85958,17.272844,14.640001,20.24928,41.48314,245.43486,245.66321,285.91498,190.9833,508.4369,2075.4038881460824
2024-07-19,549865.0,United Kingdom,Europe/London,2024-07-19,19.042177,14.629513,77.44415,19.06223,16.105808,22.815784,45.556004,544.57355,560.93713,763.7641,552.544,1519.0839,3300.0763080914817
2024-07-20,541876.0,United Kingdom,Europe/London,2024-07-20,17.361444,14.89137,85.997856,17.361444,15.65442,21.319994,44.35656,112.3497,112.3497,294.58536,442.74207,1221.7466,3592.893253405889
2024-07-21,485521.5,United Kingdom,Europe/London,2024-07-21,15.124246,11.219356,78.60437,15.124246,12.62476,17.05468,36.32883,22.904938,22.90494,18.175762,61.973778,168.20781,851.0702997048696
2024-07-22,565119.5,United Kingdom,Europe/London,2024-07-22,15.880344,12.966162,83.51743,15.880344,13.921448,18.719606,39.671715,64.14276,64.14276,104.07651,92.47295,248.41252,1964.0303150812783
2024-07-23,574187.0,United Kingdom,Europe/London,2024-07-23,16.276205,12.601125,79.957375,16.276205,13.877423,18.904272,39.476974,53.449913,53.449913,59.93981,66.36702,165.03769,1650.2757238547008
2024-07-24,579233.5,United Kingdom,Europe/London,2024-07-24,15.801819,12.72255,82.72961,15.801819,13.746996,18.488686,39.159,55.510483,55.510483,85.75426,87.76941,233.05438,1701.21000123024
2024-07-25,591416.0,United Kingdom,Europe/London,2024-07-25,16.232283,13.957727,86.7832,16.232283,14.673069,19.629625,41.608727,18.070572,18.07057,75.34266,161.15683,441.9474,2734.4881933530173
2024-07-26,529491.5,United Kingdom,Europe/London,2024-07-26,15.2231245,10.993466,77.38174,15.2231245,12.551832,17.010906,36.02378,24.23249,24.232489,1.0972872,16.126621,41.29962,619.6631993452708
2024-07-27,490549.5,United Kingdom,Europe/London,2024-07-27,14.93424,10.847636,77.95873,14.93424,12.331876,16.639336,35.49606,24.213547,24.213545,1.5041223,0.7749448,1.594862,455.7272583643596
2024-07-28,461757.0,United Kingdom,Europe/London,2024-07-28,16.115953,11.387455,75.61149,16.115953,13.112889,18.09697,37.484707,169.01868,169.01868,108.79783,57.83891,110.469406,798.4190924962362
2024-07-29,532011.5,United Kingdom,Europe/London,2024-07-29,17.621557,12.261422,72.91972,17.621138,14.193906,20.05331,40.298668,336.78317,336.18552,336.24664,183.3147,468.8166,1313.9555774529774
2024-07-30,552935.0,United Kingdom,Europe/London,2024-07-30,17.524084,12.1730795,72.64753,17.527075,14.1095085,19.974884,40.257957,422.16208,423.7781,495.80353,317.55325,835.4744,1636.2174706459043
2024-07-31,570051.5,United Kingdom,Europe/London,2024-07-31,17.349253,12.173269,73.52844,17.354887,14.023722,19.86865,40.280518,495.432,502.15073,643.991,433.4461,1188.2029,1953.4994430541992
2024-08-01,579370.0,United Kingdom,Europe/London,2024-08-01,17.978943,13.954153,78.429504,17.985662,15.299165,21.39331,43.45058,356.49582,373.03534,551.5852,441.66953,1224.4568,2800.600322564443
2024-08-02,550015.0,United Kingdom,Europe/London,2024-08-02,17.51269,14.099549,81.58781,17.512896,15.225723,20.991638,43.15299,243.9044,244.44415,379.49323,353.13565,963.56793,2874.6806585788727
2024-08-03,490528.0,United Kingdom,Europe/London,2024-08-03,15.64418,11.191672,76.21478,15.64418,12.842097,17.604197,36.945354,37.819878,37.819878,48.8234,71.72096,194.83514,1117.7042889595032
2024-08-04,476064.0,United Kingdom,Europe/London,2024-08-04,15.138202,11.267235,78.77381,15.138202,12.644207,17.057608,36.310287,16.401802,16.401802,2.4955444,13.711098,35.39241,705.7448025544485
2024-08-05,542182.0,United Kingdom,Europe/London,2024-08-05,18.08811,15.259939,84.22915,18.08811,16.146782,22.277351,45.75539,168.46295,168.46295,382.02005,488.7232,1401.9177,3933.244475603104
2024-08-06,551719.0,United Kingdom,Europe/London,2024-08-06,16.43892,12.321211,77.847115,16.43892,13.807397,18.966991,39.361927,27.327995,27.328003,67.20411,151.65863,424.50754,1615.947469552358
2024-08-07,534375.0,United Kingdom,Europe/London,2024-08-07,15.091661,11.167321,78.22432,15.091661,12.557919,16.945925,36.07766,7.3532715,7.3532743,0.3477373,0.525084,0.98453236,528.5041291713715
2024-08-08,562499.5,United Kingdom,Europe/London,2024-08-08,15.801454,13.24932,85.355606,15.801454,14.098548,18.871597,40.246666,14.850578,14.850578,110.58386,227.2293,643.70715,2392.275165001551
2024-08-09,482248.0,United Kingdom,Europe/London,2024-08-09,16.71164,12.275852,76.55299,16.71164,13.884325,19.194544,39.51176,96.68984,96.68984,47.80902,155.3944,429.01553,1452.997950553894
2024-08-10,482167.0,United Kingdom,Europe/London,2024-08-10,16.447527,12.659389,79.10596,16.447527,13.965298,19.150206,39.867115,116.78746,116.78747,217.23705,214.38005,612.77356,1807.5489938259125
2024-08-11,466145.0,United Kingdom,Europe/London,2024-08-11,17.519716,12.791309,75.53424,17.532383,14.458756,20.339012,41.30078,398.424,418.94037,612.1291,452.80344,1276.4205,2064.740636269252
2024-08-12,556899.5,United Kingdom,Europe/London,2024-08-12,18.93227,14.75407,77.56324,19.029305,16.123974,22.899462,46.002365,556.7091,656.9173,1035.7347,782.1607,2362.3835,3658.564918041229
2024-08-13,551380.5,United Kingdom,Europe/London,2024-08-13,16.340422,12.346239,78.95094,16.340424,13.755004,18.848862,39.205917,190.05902,190.05902,153.00597,140.97891,362.15918,1523.1555825869243
2024-08-14,574966.5,United Kingdom,Europe/London,2024-08-14,15.782509,11.723345,77.86084,15.782509,13.176126,18.006992,37.835342,43.63292,43.63292,86.29541,110.80727,300.4041,1351.6117534637451
2024-08-15,549215.0,United Kingdom,Europe/London,2024-08-15,15.797458,13.037073,84.35882,15.797458,13.958197,18.735014,39.867683,90.537766,90.537766,191.0763,193.14749,552.29663,2226.088683684667
2024-08-16,523194.5,United Kingdom,Europe/London,2024-08-16,14.780455,10.162424,75.539536,14.780455,11.913505,16.217936,34.58614,67.228676,67.228676,38.21586,88.72322,241.66536,601.8616693814596
2024-08-17,483390.0,United Kingdom,Europe/London,2024-08-17,14.422377,9.889379,75.57225,14.422377,11.59137,15.67912,33.707344,26.065231,26.065231,3.911469,5.2683663,12.877905,205.37621784210205
2024-08-18,456126.5,United Kingdom,Europe/London,2024-08-18,15.015879,9.940357,72.98944,15.015879,11.8742485,16.30302,34.398407,50.331215,50.331207,6.0309734,0.502337,0.8101587,247.87240616480508
2024-08-19,552433.0,United Kingdom,Europe/London,2024-08-19,14.5691395,11.7255945,83.77224,14.5691395,12.683192,16.750952,36.472473,11.700005,11.7000065,5.7840705,31.344322,73.08285,1177.8935519059498
2024-08-20,512906.5,United Kingdom,Europe/London,2024-08-20,14.979859,10.703431,77.12651,14.979859,12.3259945,16.6982,35.58175,10.891716,10.891714,13.87797,49.674683,129.65192,943.248158454895
2024-08-21,528665.5,United Kingdom,Europe/London,2024-08-21,14.089341,10.056834,77.78053,14.089341,11.548058,15.438249,33.628216,0.10901642,0.10901499,0.0,0.0,0.0,381.9518246650696
2024-08-22,534465.0,United Kingdom,Europe/London,2024-08-22,15.425879,11.722723,79.13843,15.425879,13.031949,17.646387,37.458042,12.108978,12.108974,43.338566,100.33647,272.98135,1367.2671054999034
2024-08-23,490126.0,United Kingdom,Europe/London,2024-08-23,14.482894,10.090877,76.72785,14.482894,11.774501,15.88646,34.185017,18.0531,18.053097,1.6730709,39.175045,101.22893,575.0481630166372
2024-08-24,489993.0,United Kingdom,Europe/London,2024-08-24,13.266762,9.957027,81.15029,13.266762,11.161214,14.586972,32.708794,0.0,0.0,3.464345,7.395947,20.382198,457.86807187398273
2024-08-25,434749.5,United Kingdom,Europe/London,2024-08-25,13.118323,9.737735,80.87674,13.118323,10.959476,14.31985,32.222622,0.0,0.0,0.0,0.0,0.0,267.368332306544
2024-08-26,484036.0,United Kingdom,Europe/London,2024-08-26,14.979718,11.212802,79.25761,14.979718,12.556961,16.885468,36.109974,19.233788,19.233788,1.000031,5.2401285,11.409072,779.934135278066
2024-08-27,537586.0,United Kingdom,Europe/London,2024-08-27,16.5776,13.216527,81.63421,16.5776,14.355925,19.519882,40.672035,102.07024,102.07024,89.7541,73.8664,173.92902,2027.845899740855
2024-08-28,578589.5,United Kingdom,Europe/London,2024-08-28,16.524431,13.226468,82.00436,16.52433,14.323484,19.485569,40.674274,176.02654,175.8817,221.41545,178.14839,481.98053,2084.660464604696
2024-08-29,546468.0,United Kingdom,Europe/London,2024-08-29,14.238741,10.209452,78.34515,14.238741,11.709591,15.646115,33.944805,18.593407,18.593407,0.7922535,5.63792,14.15912,292.1265052954356
2024-08-30,545508.0,United Kingdom,Europe/London,2024-08-30,13.774922,9.068041,75.103745,13.774922,10.881147,14.67047,32.02916,26.928535,26.92853,0.30509424,1.4965777,3.3342896,129.73074714342752
2024-08-31,496202.5,United Kingdom,Europe/London,2024-08-31,13.881008,9.85416,77.93533,13.881008,11.313135,15.176479,33.271515,1.6886902,1.6886888,1.9197435,11.39151,28.591816,432.13319206237793
2024-09-01,517428.5,United Kingdom,Europe/London,2024-09-01,16.020258,13.42896,85.11144,16.023746,14.248837,19.215801,40.831398,158.93286,170.42041,406.8147,386.87064,1130.7611,2670.757705370585
2024-09-02,625996.5,United Kingdom,Europe/London,2024-09-02,16.249638,15.071875,92.98277,16.249638,15.403248,20.351896,43.625435,31.26934,31.269344,237.58594,498.58182,1379.8792,3837.121873060862
2024-09-03,605307.5,United Kingdom,Europe/London,2024-09-03,14.2176285,11.65577,85.127716,14.2176285,12.512675,16.419252,36.172947,10.49778,10.497781,40.458706,85.27481,237.03896,1373.0883582433064
2024-09-04,600681.0,United Kingdom,Europe/London,2024-09-04,12.745698,9.442718,81.35803,12.745698,10.652336,13.815444,31.470848,0.0,0.0,0.0,0.19709969,0.33715057,204.381577650706
2024-09-05,604997.5,United Kingdom,Europe/London,2024-09-05,14.164842,12.370931,89.2569,14.164842,12.926536,16.711878,37.092747,0.16677856,0.16677809,22.594246,84.64554,229.7871,1644.2406171162922
2024-09-06,590831.0,United Kingdom,Europe/London,2024-09-06,16.98002,14.74774,87.46898,16.98002,15.435557,20.843105,43.695087,165.5276,165.5276,395.50775,455.2256,1261.4631,3431.5743004481
2024-09-07,565580.5,United Kingdom,Europe/London,2024-09-07,16.251133,14.483419,89.814865,16.251133,15.015825,19.951483,42.48605,32.22339,32.22339,104.797966,258.92847,689.41125,3201.7812515099845
2024-09-08,548358.5,United Kingdom,Europe/London,2024-09-08,15.078459,13.705797,91.81944,15.078459,14.1155615,18.329206,40.012253,1.4519424,1.4519415,9.450521,63.309006,157.52846,2593.3472596009574
2024-09-09,568353.0,United Kingdom,Europe/London,2024-09-09,12.846821,9.15636,79.048096,12.846821,10.552924,13.826834,31.32134,0.0,0.0,0.0,0.12146664,0.12819672,370.5616269111633
2024-09-10,562182.5,United Kingdom,Europe/London,2024-09-10,12.058934,8.815987,81.130684,12.058934,10.017741,12.914873,30.170956,0.0,0.0,0.0,0.0,0.0,313.1262039343516
2024-09-11,558596.0,United Kingdom,Europe/London,2024-09-11,9.632929,5.5490503,76.546074,9.632929,7.1975417,9.1318655,23.877214,0.0,0.0,0.0,0.0,0.0,0.0
2024-09-12,598173.5,United Kingdom,Europe/London,2024-09-12,8.877875,4.757514,76.373886,8.877875,6.455482,8.107169,22.351856,0.0,0.0,0.0,0.0,0.0,0.0
2024-09-13,591910.5,United Kingdom,Europe/London,2024-09-13,9.236904,4.569816,74.49478,9.236904,6.53676,8.414096,22.571726,0.0,0.0,0.0,0.0,0.0,0.0
2024-09-14,481733.0,United Kingdom,Europe/London,2024-09-14,13.089959,9.352468,79.250694,13.089959,10.747054,14.1620245,31.830921,0.0,0.0,0.0,0.0,0.0,389.6431766351064
2024-09-15,527542.0,United Kingdom,Europe/London,2024-09-15,13.187693,10.647846,85.12769,13.187693,11.504718,14.820309,33.51008,0.0,0.0,0.0,0.0,0.0,568.6948083241781
2024-09-16,577966.5,United Kingdom,Europe/London,2024-09-16,12.923502,9.460066,81.03747,12.923502,10.741025,14.017546,31.722725,0.0,0.0,0.0,1.6607933,4.115593,302.3854619661967
2024-09-17,579778.0,United Kingdom,Europe/London,2024-09-17,14.234999,10.505246,79.56113,14.234999,11.837953,15.820862,34.450638,18.891212,18.891214,28.449488,32.853733,84.20528,636.3413636684418
2024-09-18,581373.0,United Kingdom,Europe/London,2024-09-18,14.658229,11.482814,82.29996,14.658229,12.56885,16.716116,36.215076,37.75843,37.75843,61.671116,69.492386,177.92746,1024.1219489574432
2024-09-19,584259.0,United Kingdom,Europe/London,2024-09-19,14.38087,11.329461,83.03371,14.38087,12.384064,16.41033,35.85403,46.41429,46.414288,70.87585,83.20231,216.75974,1200.755682865779
2024-09-20,591683.0,United Kingdom,Europe/London,2024-09-20,14.083144,11.780753,86.49045,14.083144,12.516083,16.294523,36.060497,9.107033,9.107035,15.800799,39.00013,99.583664,1207.2366836071014
2024-09-21,529656.5,United Kingdom,Europe/London,2024-09-21,14.782618,12.588596,87.21619,14.782618,13.278301,17.40815,37.94436,29.737534,29.73753,55.804905,84.46488,217.46109,1653.2839529514313
2024-09-22,561338.0,United Kingdom,Europe/London,2024-09-22,13.851492,12.261442,90.31706,13.851492,12.753101,16.368605,36.68884,0.16763306,0.16763258,18.816593,102.82334,272.1406,1778.1519581476848
2024-09-23,649275.5,United Kingdom,Europe/London,2024-09-23,12.792432,11.526745,92.18787,12.792432,11.907936,14.9117985,34.48257,0.0,0.0,0.0,13.205254,30.417788,1318.2965830167134
2024-09-24,638380.0,United Kingdom,Europe/London,2024-09-24,11.497482,8.924901,84.82314,11.497482,9.842461,12.365694,29.63183,0.0,0.0,0.0,0.0,0.0,246.43894998232523
2024-09-25,649544.0,United Kingdom,Europe/London,2024-09-25,9.923077,7.539021,85.75702,9.923077,8.408393,10.278081,26.587149,0.0,0.0,0.0,0.0,0.0,193.58709255854288
2024-09-26,610708.0,United Kingdom,Europe/London,2024-09-26,11.17287,8.73996,85.54441,11.17287,9.638001,12.040154,29.301447,0.0,0.0,0.0,0.025924206,0.03241539,405.01830832163495
2024-09-27,593575.5,United Kingdom,Europe/London,2024-09-27,9.208724,5.2925196,77.23729,9.208724,6.8964,8.659516,23.311733,0.0,0.0,0.0,0.0,0.0,2.3019227981567383
2024-09-28,571289.0,United Kingdom,Europe/London,2024-09-28,8.645488,5.083563,79.31033,8.645488,6.5032516,8.002435,22.476147,0.0,0.0,0.0,0.0,0.0,0.0
2024-09-29,576744.0,United Kingdom,Europe/London,2024-09-29,9.896789,6.850498,82.06426,9.896789,7.99005,9.88433,25.521477,0.0,0.0,0.0,0.0,0.0,41.78019920984904
2024-09-30,658240.5,United Kingdom,Europe/London,2024-09-30,11.599169,9.862294,89.26513,11.599169,10.421244,12.881399,30.901903,0.0,0.0,0.0,0.057298183,0.0010738373,395.14108379681903
2024-10-01,654779.0,United Kingdom,Europe/London,2024-10-01,11.415699,9.27099,87.11014,11.415699,10.002912,12.402761,29.881248,0.0,0.0,0.0,0.0,0.0,119.40911332766215
2024-10-02,647636.5,United Kingdom,Europe/London,2024-10-02,11.265104,8.390173,83.07382,11.265104,9.43343,11.909884,28.76627,0.0,0.0,0.0,0.0,0.0,137.99074157079062
2024-10-03,642780.0,United Kingdom,Europe/London,2024-10-03,9.676777,6.48388,81.63529,9.676777,7.692191,9.539702,24.94903,0.0,0.0,0.0,0.0,0.0,0.3783733050028483
2024-10-04,625427.0,United Kingdom,Europe/London,2024-10-04,10.939027,7.7610893,81.57666,10.939027,8.9342165,11.290663,27.607689,0.0,0.0,0.0,0.0,0.0,46.67751391728719
2024-10-05,543717.0,United Kingdom,Europe/London,2024-10-05,11.903566,8.487791,80.36681,11.903566,9.748792,12.554237,29.431616,0.0,0.0,0.0,0.0,0.0,77.6518219312032
2024-10-06,593937.5,United Kingdom,Europe/London,2024-10-06,11.978206,9.917314,87.42669,11.978206,10.598659,13.269613,31.31327,0.0,0.0,0.0,0.0,0.0,345.0041793187459
2024-10-07,642183.0,United Kingdom,Europe/London,2024-10-07,12.76478,11.001819,89.5671,12.76478,11.564209,14.544425,33.491516,0.0,0.0,0.0,0.0,0.0,523.4374711513519
2024-10-08,660002.0,United Kingdom,Europe/London,2024-10-08,12.26399,10.8059,91.05948,12.26399,11.252932,13.96238,32.7516,0.0,0.0,0.0,0.0,0.0,558.7007989883423
2024-10-09,636866.5,United Kingdom,Europe/London,2024-10-09,10.792357,8.535882,86.31145,10.792357,9.353048,11.567168,28.652939,0.0,0.0,0.0,0.0,0.0,232.7524565855662
2024-10-10,664092.0,United Kingdom,Europe/London,2024-10-10,7.281206,3.5523796,77.89213,7.281206,5.1199517,6.1897235,19.831915,0.0,0.0,0.0,0.0,0.0,1.145109494527181
2024-10-11,648846.0,United Kingdom,Europe/London,2024-10-11,6.9635396,3.4980998,79.80226,6.9635396,4.9361076,5.8060765,19.32227,0.0,0.0,0.0,0.0,0.0,0.0
2024-10-12,585748.0,United Kingdom,Europe/London,2024-10-12,8.257238,5.3444448,82.27854,8.257238,6.4555554,7.719195,22.377228,0.0,0.0,0.0,0.0,0.0,10.202900886535645
2024-10-13,627620.0,United Kingdom,Europe/London,2024-10-13,6.3527565,2.489625,76.93921,6.3527565,4.1303864,4.8851724,17.831364,0.0,0.0,0.0,0.0,0.0,1.3913815816243489
2024-10-14,708571.0,United Kingdom,Europe/London,2024-10-14,8.137567,5.598981,84.698235,8.137567,6.5652833,7.7625785,22.717768,0.0,0.0,0.0,0.0,0.0,115.59866484006244
2024-10-15,694509.0,United Kingdom,Europe/London,2024-10-15,10.99042,9.302912,89.51785,10.99042,9.848864,12.11033,29.82986,0.0,0.0,0.0,2.2778835,3.825923,576.935853322347
2024-10-16,689506.0,United Kingdom,Europe/London,2024-10-16,14.387253,13.432661,94.1078,14.387253,13.694636,17.49312,38.896515,1.1047058,1.1047053,19.164019,81.38134,212.49127,2330.9690732955933
2024-10-17,634895.0,United Kingdom,Europe/London,2024-10-17,13.304449,11.489638,89.236305,13.304449,12.073589,15.339224,34.76239,0.0,0.0,0.0,14.593156,31.301003,810.3822393417358
2024-10-18,621704.5,United Kingdom,Europe/London,2024-10-18,11.54952,9.713314,88.89864,11.54952,10.3108835,12.737104,30.583633,0.0,0.0,0.0,0.0,0.0,240.84947085380557
2024-10-19,576792.0,United Kingdom,Europe/London,2024-10-19,11.819888,9.5761795,86.630264,11.819888,10.347771,12.969586,30.753191,0.0,0.0,0.0,0.0,0.0,331.5383828481038
2024-10-20,547591.5,United Kingdom,Europe/London,2024-10-20,12.208585,9.412199,83.5716,12.208585,10.403068,13.299367,30.984741,0.0,0.0,0.0,12.120834,24.454056,375.4326076507568
2024-10-21,645886.0,United Kingdom,Europe/London,2024-10-21,11.472215,8.341527,81.40648,11.472215,9.478318,12.050018,28.785557,0.0,0.0,0.0,0.0,0.0,19.277324676513672
2024-10-22,662201.5,United Kingdom,Europe/London,2024-10-22,10.74169,8.136515,84.45911,10.74169,9.074351,11.262796,27.883652,0.0,0.0,0.0,0.0,0.0,98.4345068136851
2024-10-23,669212.5,United Kingdom,Europe/London,2024-10-23,11.2244,9.031089,86.776184,11.2244,9.775996,12.100479,29.373983,0.0,0.0,0.0,0.0,0.0,78.41749326388042
2024-10-24,651477.5,United Kingdom,Europe/London,2024-10-24,12.329656,9.65655,84.100784,12.329656,10.58167,13.490757,31.303986,0.0,0.0,0.0,0.0,0.0,243.1805245081584
2024-10-25,676317.0,United Kingdom,Europe/London,2024-10-25,12.182748,10.822582,91.58604,12.182748,11.234871,13.922555,32.787586,0.0,0.0,0.0,0.0,0.0,786.2139596144358
2024-10-26,598401.0,United Kingdom,Europe/London,2024-10-26,10.543589,8.720217,88.93177,10.543589,9.330305,11.305279,28.359154,0.0,0.0,0.0,0.0,0.0,106.44549695650736
2024-10-27,572135.75,United Kingdom,Europe/London,2024-10-27,8.941731,6.35562,84.458435,8.941731,7.3220367,8.769889,24.102243,0.0,0.0,0.0,0.0,0.0,25.400394757588703
2024-10-28,677377.0,United Kingdom,Europe/London,2024-10-28,12.516339,11.508827,93.669464,12.516339,11.787789,14.567967,34.005634,0.0,0.0,0.0,0.0,0.0,958.8594907919564
2024-10-29,693541.0,United Kingdom,Europe/London,2024-10-29,12.030984,10.652377,91.47923,12.030984,11.069122,13.6398535,32.260323,0.0,0.0,0.0,0.0,0.0,372.4648445447286
2024-10-30,703300.5,United Kingdom,Europe/London,2024-10-30,11.148651,9.587723,90.29839,11.148651,10.078016,12.268342,29.982279,0.0,0.0,0.0,0.0,0.0,83.36056701342265
2024-10-31,671167.0,United Kingdom,Europe/London,2024-10-31,11.2768955,9.687889,90.17873,11.2768955,10.183453,12.426185,30.195826,0.0,0.0,0.0,0.0,0.0,43.346683184305824
2024-11-01,683416.5,United Kingdom,Europe/London,2024-11-01,10.726048,8.882261,88.61293,10.726048,9.495425,11.549778,28.718596,0.0,0.0,0.0,0.0,0.0,43.21283022562663
2024-11-02,640317.0,United Kingdom,Europe/London,2024-11-02,10.87818,9.289657,90.05138,10.87818,9.786209,11.861947,29.323755,0.0,0.0,0.0,0.0,0.0,31.28982186317444
2024-11-03,652402.5,United Kingdom,Europe/London,2024-11-03,10.376691,8.538338,88.51705,10.376691,9.134758,11.025248,27.868551,0.0,0.0,0.0,0.0,0.0,0.3148475488026936
2024-11-04,735104.5,United Kingdom,Europe/London,2024-11-04,9.615184,7.669222,87.80211,9.615184,8.3161745,9.907223,26.090107,0.0,0.0,0.0,0.0,0.0,4.502594153086345
2024-11-05,739856.5,United Kingdom,Europe/London,2024-11-05,9.44864,7.921356,90.313965,9.44864,8.4110365,9.870584,26.287218,0.0,0.0,0.0,0.0,0.0,71.70348699887593
2024-11-06,742109.5,United Kingdom,Europe/London,2024-11-06,11.242289,10.161379,93.14915,11.242289,10.464135,12.638375,30.857693,0.0,0.0,0.0,0.0,0.0,320.5034670829773
2024-11-07,730351.5,United Kingdom,Europe/London,2024-11-07,10.996959,9.518055,90.72776,10.996959,9.969964,12.07285,29.703848,0.0,0.0,0.0,0.0,0.0,78.02628882726033
2024-11-08,736044.5,United Kingdom,Europe/London,2024-11-08,8.952883,7.0576754,88.00865,8.952883,7.6922445,9.016274,24.773647,0.0,0.0,0.0,0.0,0.0,1.8220283190409343
2024-11-09,693048.5,United Kingdom,Europe/London,2024-11-09,7.46371,5.4942536,87.47033,7.46371,6.1803617,6.954969,21.65167,0.0,0.0,0.0,0.0,0.0,4.904747247695923
2024-11-10,659778.5,United Kingdom,Europe/London,2024-11-10,9.190893,7.680307,90.42051,9.190893,8.168196,9.562121,25.885181,0.0,0.0,0.0,0.0,0.0,120.95642916361491
2024-11-11,720649.5,United Kingdom,Europe/London,2024-11-11,8.286149,5.8775997,85.216286,8.286149,6.7577233,7.9309225,22.920158,0.0,0.0,0.0,0.0,0.0,26.842065970102947
2024-11-12,752638.0,United Kingdom,Europe/London,2024-11-12,6.5761137,4.7485867,88.61412,6.5761137,5.383906,5.819692,20.055689,0.0,0.0,0.0,0.0,0.0,0.0
2024-11-13,743789.0,United Kingdom,Europe/London,2024-11-13,8.207975,6.6825356,90.41772,8.207975,7.1829314,8.165816,23.721498,0.0,0.0,0.0,0.0,0.0,17.026841322580974
2024-11-14,753584.0,United Kingdom,Europe/London,2024-11-14,9.100983,7.578679,90.49795,9.100983,8.077319,9.396886,25.579636,0.0,0.0,0.0,0.0,0.0,32.098430713017784
2024-11-15,730441.0,United Kingdom,Europe/London,2024-11-15,8.690091,7.022089,89.50755,8.690091,7.5764527,8.773115,24.563412,0.0,0.0,0.0,0.0,0.0,0.1854209899902343
2024-11-16,661216.5,United Kingdom,Europe/London,2024-11-16,7.875819,5.4808483,85.077126,7.875819,6.3718743,7.4145823,22.206228,0.0,0.0,0.0,0.0,0.0,0.0391340255737304
2024-11-17,668209.0,United Kingdom,Europe/London,2024-11-17,5.5307255,3.1913257,85.213264,5.5307255,4.083097,4.3195796,17.719587,0.0,0.0,0.0,0.0,0.0,0.0
2024-11-18,789582.0,United Kingdom,Europe/London,2024-11-18,3.201246,1.4628365,88.6766,3.201246,2.1381664,1.6093571,14.294686,0.0,0.0,0.0,0.0,0.0,3.7769428888956704
2024-11-19,815591.5,United Kingdom,Europe/London,2024-11-19,1.6999506,-0.3793098,86.52383,1.6999506,0.48019436,-0.43970942,11.235212,0.0,0.0,0.0,0.0,0.0,0.332267681757609
2024-11-20,827079.0,United Kingdom,Europe/London,2024-11-20,0.6467922,-2.4922934,80.05931,0.6467922,-1.0554757,-2.058164,8.582281,0.0,0.0,0.0,0.0,0.0,0.0
2024-11-21,859314.0,United Kingdom,Europe/London,2024-11-21,0.72215325,-1.8859264,83.154854,0.72215325,-0.74951565,-1.8488132,9.033538,0.0,0.0,0.0,0.0,0.0,0.0
2024-11-22,822066.0,United Kingdom,Europe/London,2024-11-22,2.1157913,-0.6374051,82.60762,2.1157913,0.5369138,-0.18020551,11.214019,0.0,0.0,0.0,0.0,0.0,0.0
2024-11-23,703551.0,United Kingdom,Europe/London,2024-11-23,6.633244,5.371108,91.78588,6.633244,5.771838,6.3792343,21.541798,0.0,0.0,0.0,0.0,0.0,337.6632203261058
2024-11-24,620569.5,United Kingdom,Europe/London,2024-11-24,11.46856,8.710149,83.47425,11.46856,9.702247,12.323456,29.569773,0.0,0.0,0.0,0.0,0.0,501.9462030728658
2024-11-25,691180.0,United Kingdom,Europe/London,2024-11-25,7.881042,4.752164,80.90075,7.881042,5.971324,7.1167436,21.357473,0.0,0.0,0.0,0.0,0.0,1.383194128672282
2024-11-26,778524.5,United Kingdom,Europe/London,2024-11-26,4.78142,2.5849466,86.11178,4.78142,3.4125006,3.3366532,16.30149,0.0,0.0,0.0,0.0,0.0,0.1900622049967447
2024-11-27,824876.0,United Kingdom,Europe/London,2024-11-27,2.8626828,1.4524713,90.70041,2.8626828,1.9373676,1.1559154,13.624328,0.0,0.0,0.0,0.0,0.0,8.510006984074911
2024-11-28,826682.0,United Kingdom,Europe/London,2024-11-28,2.0173662,0.3688463,89.2213,2.0173662,0.965743,0.028422885,11.978011,0.0,0.0,0.0,0.0,0.0,1.5168692270914714
2024-11-29,756981.5,United Kingdom,Europe/London,2024-11-29,8.0230665,5.89894,86.67439,8.0230665,6.665141,7.7221036,22.807219,0.0,0.0,0.0,0.0,0.0,38.80224450429281
2024-11-30,659698.5,United Kingdom,Europe/London,2024-11-30,11.6119375,10.164194,90.92236,11.6119375,10.604152,13.000372,31.212095,0.0,0.0,0.0,0.0,0.0,228.9046472708384
2024-12-01,651048.0,United Kingdom,Europe/London,2024-12-01,11.146349,9.840891,91.75228,11.146349,10.228322,12.376561,30.291039,0.0,0.0,0.0,0.0,0.0,124.33931930859885
2024-12-02,750920.0,United Kingdom,Europe/London,2024-12-02,6.3069797,4.0787854,85.88775,6.3069797,4.923625,5.3887124,19.329403,0.0,0.0,0.0,0.0,0.0,0.016791025797526
2024-12-03,816331.0,United Kingdom,Europe/London,2024-12-03,3.2625763,1.4238397,88.09199,3.2625763,2.1122243,1.5081298,13.893609,0.0,0.0,0.0,0.0,0.0,0.0
2024-12-04,794122.5,United Kingdom,Europe/London,2024-12-04,5.975564,4.710989,91.759605,5.975564,5.1069846,5.2500567,19.53443,0.0,0.0,0.0,0.0,0.0,4.7460455894470215
2024-12-05,741538.0,United Kingdom,Europe/London,2024-12-05,9.638994,7.7984138,88.47727,9.638994,8.434774,10.074763,26.522823,0.0,0.0,0.0,0.0,0.0,150.19662817319235
2024-12-06,744430.0,United Kingdom,Europe/London,2024-12-06,6.53162,3.5605733,81.66856,6.53162,4.7534127,5.4192634,19.011257,0.0,0.0,0.0,0.0,0.0,15.061885039011637
2024-12-07,687831.5,United Kingdom,Europe/London,2024-12-07,6.736587,4.0364223,83.359924,6.736587,5.0954914,5.7535133,19.581112,0.0,0.0,0.0,0.0,0.0,0.7526581287384033
2024-12-08,674323.5,United Kingdom,Europe/London,2024-12-08,6.0452266,2.7189887,79.63371,6.0452266,4.102869,4.6471705,17.71374,0.0,0.0,0.0,0.0,0.0,0.0
2024-12-09,787835.0,United Kingdom,Europe/London,2024-12-09,5.2313557,2.5563376,83.17437,5.2313557,3.5996358,3.786717,16.758741,0.0,0.0,0.0,0.0,0.0,0.0
2024-12-10,829207.5,United Kingdom,Europe/London,2024-12-10,3.6543045,1.0860422,83.760826,3.6543045,2.11522,1.8304842,14.098079,0.0,0.0,0.0,0.0,0.0,0.0
2024-12-11,844278.5,United Kingdom,Europe/London,2024-12-11,3.3512218,0.98852265,84.86606,3.3512218,1.9160663,1.4843303,13.669187,0.0,0.0,0.0,0.0,0.0,0.0
2024-12-12,835318.5,United Kingdom,Europe/London,2024-12-12,3.9835925,2.8210368,92.33043,3.9835925,3.19115,2.645234,15.791839,0.0,0.0,0.0,0.0,0.0,0.0
2024-12-13,821225.0,United Kingdom,Europe/London,2024-12-13,4.8098764,3.7066467,92.7203,4.8098764,4.0491204,3.7009249,17.270962,0.0,0.0,0.0,0.0,0.0,0.0
2024-12-14,713918.0,United Kingdom,Europe/London,2024-12-14,5.6778145,3.8413854,88.216446,5.677815,4.498264,4.6260962,18.313574,0.0,0.0,0.0,0.0,0.0,0.0
2024-12-15,656635.5,United Kingdom,Europe/London,2024-12-15,10.2615795,8.69621,90.12994,10.2615795,9.1877365,10.980116,27.948217,0.0,0.0,0.0,0.0,0.0,0.0055455366770426
2024-12-16,724182.5,United Kingdom,Europe/London,2024-12-16,9.6703825,7.3648906,85.7237,9.6703825,8.168712,9.834001,25.784197,0.0,0.0,0.0,0.0,0.0,0.0
2024-12-17,751367.0,United Kingdom,Europe/London,2024-12-17,8.868893,7.326389,90.150925,8.868893,7.817728,9.026557,24.952572,0.0,0.0,0.0,0.0,0.0,14.308235247929892
2024-12-18,712558.5,United Kingdom,Europe/London,2024-12-18,10.158912,8.059663,87.00334,10.158912,8.782228,10.702479,27.35638,0.0,0.0,0.0,0.0,0.0,73.59023420015971
2024-12-19,749608.5,United Kingdom,Europe/London,2024-12-19,4.566627,1.5665312,81.22483,4.566627,2.8114412,2.8436346,15.303215,0.0,0.0,0.0,0.0,0.0,0.8431893984476725
2024-12-20,755363.0,United Kingdom,Europe/London,2024-12-20,5.9769125,4.0396857,87.52413,5.9769125,4.7320085,4.9982185,18.822754,0.0,0.0,0.0,0.0,0.0,0.0
2024-12-21,642028.5,United Kingdom,Europe/London,2024-12-21,7.5221972,4.8057494,83.24882,7.5221972,5.8516507,6.80474,21.125755,0.0,0.0,0.0,0.0,0.0,1.8908708890279131
2024-12-22,633035.0,United Kingdom,Europe/London,2024-12-22,4.9521213,0.935238,75.833466,4.952121,2.7252762,3.0424836,15.16924,0.0,0.0,0.0,0.0,0.0,0.0
2024-12-23,739019.0,United Kingdom,Europe/London,2024-12-23,5.6822944,2.9211783,83.04902,5.6822944,4.1002846,4.436361,17.77544,0.0,0.0,0.0,0.0,0.0,1.9396422704060872
2024-12-24,658629.5,United Kingdom,Europe/London,2024-12-24,10.519461,9.613513,94.21768,10.519461,9.858017,11.636917,29.333742,0.0,0.0,0.0,0.0,0.0,17.757696231206257
2024-12-25,589685.5,United Kingdom,Europe/London,2024-12-25,9.4647045,8.221035,92.12298,9.4647045,8.596441,9.970305,26.536697,0.0,0.0,0.0,0.0,0.0,0.0
2024-12-26,606432.5,United Kingdom,Europe/London,2024-12-26,7.0541115,6.316004,95.19456,7.0541115,6.5076785,6.82943,22.032047,0.0,0.0,0.0,0.0,0.0,0.0
2024-12-27,688605.5,United Kingdom,Europe/London,2024-12-27,5.683694,5.227272,96.94602,5.683694,5.3020453,5.080746,19.578209,0.0,0.0,0.0,0.0,0.0,0.0
2024-12-28,679906.0,United Kingdom,Europe/London,2024-12-28,5.934225,5.119384,94.66009,5.934225,5.3358736,5.296659,19.73589,0.0,0.0,0.0,0.0,0.0,0.0
2024-12-29,627206.5,United Kingdom,Europe/London,2024-12-29,7.5751696,6.0432067,90.25771,7.5751696,6.544032,7.24779,22.273674,0.0,0.0,0.0,0.0,0.0,0.0
2024-12-30,641583.5,United Kingdom,Europe/London,2024-12-30,7.649748,5.7783465,88.10768,7.649748,6.4164543,7.243535,22.129044,0.0,0.0,0.0,0.0,0.0,0.0
2024-12-31,606258.5,United Kingdom,Europe/London,2024-12-31,8.787478,6.5193477,85.94265,8.787478,7.3200493,8.647052,24.032473,0.0,0.0,0.0,0.0,0.0,0.0
